item_id,construction_type_R1,construction_type_R2,mapping_direction_R1,mapping_direction_R2,source_domain_R1,source_domain_R2,target_domain_R1,target_domain_R2,domain_pair_R1,domain_pair_R2,link_type_R1,link_type_R2,inter_construction_links_R1,inter_construction_links_R2,function_in_network_R1,function_in_network_R2,prototype_distance_R1,prototype_distance_R2,cognitive_stage_R1,cognitive_stage_R2,metaphor_type_R1,metaphor_type_R2,semantic_category_R1,semantic_category_R2,copula_type_R1,copula_type_R2,complement_type_R1,complement_type_R2,modality_marker_R1,modality_marker_R2,negation_marker_R1,negation_marker_R2,genre_R1,genre_R2,cognitive_accessibility_R1,cognitive_accessibility_R2,conceptual_complexity_R1,conceptual_complexity_R2,embodied_experience_R1,embodied_experience_R2,cultural_specificity_R1,cultural_specificity_R2,mapping_transparency_R1,mapping_transparency_R2,conventionality_R1,conventionality_R2,productivity_R1,productivity_R2,systematicity_R1,systematicity_R2,entrenchment_R1,entrenchment_R2,reference_point_salience_R1,reference_point_salience_R2,dominion_scope_R1,dominion_scope_R2,mental_contact_R1,mental_contact_R2,target_activation_R1,target_activation_R2,imageability_R1,imageability_R2,emotional_valence_R1,emotional_valence_R2,information_structure_R1,information_structure_R2
1,12,12,抽象-具体,抽象-具体,心理,心理,情感,情感,13,13,实例,实例,有,有,边缘,边缘,核心,核心,阶段3,阶段3,结构隐喻,结构隐喻,5,5,变成,变成,名词性,名词性,有,有,无,无,网络,网络,4.5,4.1,3.2,3.3,2.7,2.9,1.7,1.6,2.7,2.6,3.4,3.4,2.1,2.3,2.0,2.0,2.1,2.0,2.7,2.6,3.0,3.2,3.6,3.2,4.1,4.1,2.3,2.6,2.2,2.1,3.3,3.3
2,7,7,抽象-具体,抽象-具体,人体,运动,品质,状态,22,22,隐喻扩展,隐喻扩展,无,无,边缘,边缘,中间,中间,阶段1,阶段2,方位隐喻,方位隐喻,4,4,变成,变成,动词性,介词短语,无,无,无,无,网络,网络,1.7,2.0,1.7,1.5,1.6,1.5,2.7,2.8,3.4,3.5,3.7,3.5,1.6,1.5,2.4,2.6,4.2,4.2,1.7,1.7,3.5,3.5,2.3,2.2,3.0,3.1,4.5,4.5,3.4,3.5,4.2,4.2
3,11,11,具体-抽象,具体-抽象,社会,社会,状态,状态,6,6,子部分,子部分,有,有,桥接,边缘,核心,核心,阶段2,阶段1,结构隐喻,结构隐喻,8,8,变成,变成,动词性,动词性,无,无,无,无,网络,网络,1.9,1.7,2.1,2.2,2.3,2.3,2.3,1.8,1.5,1.7,1.6,1.5,1.7,2.0,1.9,1.8,3.4,3.5,2.7,2.7,3.5,3.7,3.0,3.0,1.6,1.8,3.5,3.8,4.0,4.2,2.1,2.1
4,7,7,抽象-抽象,抽象-抽象,人体,人体,情感,情感,6,6,隐喻扩展,隐喻扩展,有,无,核心,核心,核心,核心,阶段3,阶段2,方位隐喻,结构隐喻,6,6,像,成为,动词性,动词性,有,无,无,无,学术,新闻,3.5,3.4,1.5,1.4,3.6,3.5,2.3,2.3,3.1,3.1,3.5,3.6,3.7,3.6,1.9,2.1,2.8,2.9,2.0,1.9,3.9,4.1,1.7,1.5,2.4,2.5,3.6,3.3,1.7,1.9,2.4,2.2
5,1,1,抽象-抽象,抽象-抽象,社会,社会,时间,时间,2,12,实例,实例,有,有,核心,核心,中间,核心,阶段2,阶段2,结构隐喻,结构隐喻,5,5,变成,变成,动词性,介词短语,有,有,有,有,网络,网络,2.4,2.3,2.1,2.2,3.0,2.8,2.4,2.4,1.7,1.6,3.4,3.6,1.5,1.6,3.9,3.8,2.8,2.8,2.4,2.3,3.4,3.3,3.4,3.5,3.6,3.9,3.1,3.2,2.1,2.2,1.8,1.7
6,12,12,抽象-具体,抽象-具体,人体,人体,关系,关系,14,19,实例,实例,无,无,边缘,边缘,核心,核心,阶段3,阶段3,结构隐喻,方位隐喻,9,3,像,像,动词性,动词性,无,无,无,无,文学,文学,3.5,3.3,2.8,2.9,2.6,2.7,1.4,1.4,2.4,1.8,1.6,1.6,2.5,2.5,4.2,4.3,4.0,3.9,2.9,2.5,4.0,4.0,1.7,1.5,2.7,2.6,3.8,3.9,3.2,3.5,2.9,3.2
7,9,9,具体-具体,具体-具体,运动,社会,情感,情感,18,18,多义,多义,无,无,桥接,桥接,核心,核心,阶段2,阶段2,本体隐喻,本体隐喻,1,1,算,算,名词性,名词性,有,有,有,有,文学,文学,3.3,3.0,2.5,2.5,2.3,2.5,2.8,2.9,3.2,3.0,3.2,3.2,2.7,2.8,3.4,3.4,2.4,2.5,3.0,2.6,3.4,3.7,3.5,3.4,3.3,3.4,3.8,3.6,1.9,2.0,4.0,4.1
8,2,2,具体-具体,具体-具体,空间,空间,关系,关系,23,23,隐喻扩展,隐喻扩展,无,无,核心,核心,边缘,边缘,阶段2,阶段2,方位隐喻,方位隐喻,4,4,成为,成为,动词性,动词性,无,无,无,无,学术,学术,4.2,4.3,2.6,2.6,3.3,3.4,3.2,3.1,3.6,3.4,3.6,3.3,4.3,4.3,4.1,4.2,2.1,1.9,4.3,4.2,4.3,4.4,2.9,3.0,2.8,3.1,4.0,3.8,4.2,4.2,3.2,3.3
9,1,1,具体-具体,具体-具体,心理,心理,关系,抽象概念,17,17,多义,多义,有,有,核心,核心,边缘,边缘,阶段3,阶段1,本体隐喻,本体隐喻,3,3,变成,变成,形容词性,形容词性,有,有,无,无,学术,学术,4.1,4.3,3.9,4.1,4.5,4.3,3.3,3.1,2.8,2.8,2.7,2.8,2.3,2.5,2.4,2.3,2.3,2.1,3.5,3.4,3.5,3.8,1.8,1.8,4.3,4.3,4.4,4.5,3.4,3.3,2.5,2.3
10,4,4,具体-抽象,具体-抽象,自然,自然,时间,时间,23,23,实例,实例,无,有,边缘,边缘,核心,核心,阶段1,阶段1,方位隐喻,方位隐喻,7,8,为,算,动词性,动词性,有,有,有,有,新闻,新闻,3.6,3.6,3.4,3.6,4.2,4.4,2.9,2.8,2.8,2.8,4.4,4.2,3.9,3.9,4.0,4.0,1.7,1.8,4.5,4.5,3.7,3.6,1.7,1.7,2.5,2.4,2.7,2.8,3.3,3.1,4.2,4.2
11,4,4,抽象-具体,具体-抽象,感知,感知,事件,事件,4,4,隐喻扩展,隐喻扩展,有,有,核心,核心,核心,核心,阶段2,阶段2,本体隐喻,结构隐喻,7,7,是,是,名词性,名词性,有,有,无,无,网络,网络,2.3,2.3,4.4,4.3,1.6,1.6,4.2,4.0,3.1,3.1,2.4,2.6,2.9,2.8,2.5,2.4,2.9,3.1,3.3,3.3,4.0,4.1,1.6,1.6,2.8,3.0,2.3,2.3,1.8,1.6,2.9,3.2
12,7,7,抽象-具体,抽象-具体,社会,社会,社会角色,社会角色,12,14,子部分,子部分,无,无,核心,核心,核心,核心,阶段3,阶段3,结构隐喻,本体隐喻,8,8,为,为,名词性,形容词性,有,有,无,无,网络,网络,2.2,2.3,3.0,3.1,2.8,2.8,1.9,1.6,3.7,3.9,1.6,1.7,2.0,2.0,4.4,4.1,3.4,3.5,3.9,4.0,3.5,3.4,3.3,3.2,1.8,1.6,2.6,2.8,2.9,2.7,4.4,4.5
13,5,5,抽象-具体,抽象-具体,空间,空间,抽象概念,抽象概念,22,22,隐喻扩展,隐喻扩展,无,无,核心,核心,边缘,边缘,阶段2,阶段2,结构隐喻,结构隐喻,5,5,是,是,名词性,名词性,无,无,无,无,学术,学术,4.1,4.1,2.4,2.5,2.2,2.5,3.2,3.1,1.6,1.6,3.5,3.5,1.9,2.0,3.8,3.8,4.3,4.3,4.0,3.9,2.0,2.1,3.8,3.9,4.2,4.0,3.8,3.6,2.2,2.1,3.8,3.6
14,2,7,抽象-具体,抽象-具体,自然,自然,关系,社会角色,7,7,多义,隐喻扩展,无,无,核心,核心,边缘,边缘,阶段1,阶段1,结构隐喻,方位隐喻,9,8,为,为,动词性,动词性,有,有,有,有,文学,文学,3.3,3.1,1.7,1.9,3.1,3.2,4.2,4.0,2.9,2.9,3.5,3.3,2.9,2.9,4.6,4.4,3.6,3.8,3.7,3.6,1.8,1.7,4.2,4.1,2.5,2.5,3.1,3.1,3.8,3.8,4.2,4.4
15,8,6,抽象-抽象,具体-抽象,社会,社会,事件,事件,17,22,实例,实例,有,有,桥接,桥接,边缘,边缘,阶段4,阶段4,本体隐喻,本体隐喻,3,3,是,是,介词短语,介词短语,有,有,有,有,学术,学术,4.0,3.7,3.5,3.4,3.2,3.3,1.6,1.5,1.7,1.6,4.2,4.4,1.9,1.9,3.8,3.7,3.1,3.1,3.8,3.6,2.4,2.5,3.6,3.3,3.8,4.0,4.3,4.2,2.5,2.4,3.4,3.8
16,10,10,具体-具体,具体-具体,社会,社会,情感,情感,11,11,多义,多义,无,无,边缘,边缘,中间,中间,阶段2,阶段2,结构隐喻,结构隐喻,6,6,是,是,介词短语,介词短语,无,无,无,无,学术,学术,2.9,2.7,4.0,3.9,1.9,2.2,3.1,3.1,2.3,2.4,2.2,2.2,3.2,3.1,2.6,2.8,4.0,3.9,2.7,2.7,4.0,4.0,4.0,4.3,1.3,1.5,2.3,2.2,2.8,2.6,4.6,4.7
17,5,5,具体-具体,具体-具体,感知,感知,关系,关系,11,11,多义,多义,无,无,核心,核心,边缘,边缘,阶段2,阶段2,本体隐喻,本体隐喻,9,9,成为,成为,形容词性,形容词性,无,无,有,有,文学,文学,1.8,1.7,2.0,2.0,3.8,4.0,3.2,3.1,3.3,3.1,2.8,2.7,3.0,3.1,1.7,1.9,4.1,4.2,3.3,3.1,1.6,1.5,4.2,4.2,4.1,4.0,3.8,3.6,3.6,3.3,3.0,3.2
18,2,6,具体-具体,具体-具体,空间,空间,时间,时间,20,20,子部分,子部分,无,无,桥接,桥接,核心,核心,阶段4,阶段4,方位隐喻,方位隐喻,8,8,算,算,介词短语,介词短语,有,有,有,有,网络,网络,2.4,2.7,4.1,4.1,3.0,2.9,2.1,2.2,1.9,1.8,2.8,2.7,3.8,3.7,3.9,4.2,3.6,3.6,2.2,2.0,2.1,2.0,3.6,3.7,4.5,4.4,2.3,2.4,3.7,3.6,3.6,3.3
19,12,10,抽象-抽象,抽象-抽象,人体,运动,品质,品质,7,7,隐喻扩展,隐喻扩展,无,无,桥接,桥接,核心,核心,阶段4,阶段4,方位隐喻,方位隐喻,3,1,是,是,介词短语,介词短语,无,无,有,有,学术,学术,2.1,1.8,3.1,3.0,4.5,4.4,2.3,2.3,3.1,3.0,4.1,4.1,2.0,2.0,3.3,3.2,1.5,1.6,3.5,3.3,1.8,1.9,2.4,2.5,3.0,2.8,4.0,3.8,4.1,4.1,1.7,2.0
20,9,1,抽象-抽象,抽象-抽象,社会,社会,品质,社会角色,23,23,多义,多义,有,有,核心,核心,核心,核心,阶段3,阶段3,结构隐喻,结构隐喻,4,4,算,像,名词性,名词性,有,有,有,无,网络,网络,3.8,4.0,1.9,1.9,1.6,1.7,3.8,4.0,4.1,4.2,2.7,2.8,3.2,3.5,4.2,4.2,2.4,2.4,3.1,3.1,1.5,1.6,3.8,3.9,2.8,3.1,2.6,2.8,2.0,2.0,4.4,4.3
21,7,7,具体-具体,具体-具体,社会,运动,品质,品质,8,11,子部分,实例,无,无,桥接,桥接,中间,边缘,阶段1,阶段1,本体隐喻,本体隐喻,2,2,为,为,动词性,动词性,有,有,无,无,对话,对话,3.5,3.5,3.5,3.2,2.0,2.2,3.1,3.2,3.5,3.7,4.0,3.7,1.8,2.2,2.8,2.6,2.5,2.5,3.8,3.7,4.0,4.1,2.8,2.6,3.3,3.3,4.6,4.5,2.3,2.4,2.3,2.6
22,11,11,具体-抽象,具体-抽象,心理,社会,事件,事件,7,7,隐喻扩展,隐喻扩展,有,有,边缘,边缘,中间,中间,阶段2,阶段2,方位隐喻,方位隐喻,3,3,是,是,形容词性,形容词性,有,有,无,有,学术,学术,1.7,1.6,3.2,2.8,3.6,3.4,2.4,2.4,3.9,4.0,1.8,2.0,3.6,3.7,1.4,1.4,4.6,4.5,4.3,4.5,2.3,2.2,2.6,2.7,4.5,4.4,3.4,3.5,1.6,1.8,3.6,3.3
23,11,11,抽象-具体,抽象-具体,人体,人体,抽象概念,抽象概念,14,14,实例,实例,有,无,桥接,桥接,中间,中间,阶段4,阶段4,方位隐喻,方位隐喻,3,3,算,算,名词性,名词性,有,有,有,有,网络,网络,3.3,3.4,1.5,1.6,3.6,3.6,3.6,3.7,3.0,3.1,2.8,2.7,2.6,2.3,1.9,1.7,2.8,3.1,2.0,1.9,3.7,3.6,3.6,3.5,3.2,3.2,3.6,3.8,4.1,4.1,2.5,2.6
24,1,1,抽象-具体,抽象-具体,空间,空间,品质,品质,16,16,多义,多义,有,有,边缘,桥接,边缘,边缘,阶段4,阶段4,本体隐喻,本体隐喻,8,8,变成,变成,形容词性,形容词性,有,有,无,无,对话,对话,4.2,4.3,2.7,2.9,3.1,3.3,3.8,3.8,4.0,4.0,1.9,1.9,3.3,3.2,3.5,3.7,3.8,3.8,3.9,3.5,1.9,2.1,4.3,4.2,1.7,1.6,1.6,1.7,2.5,2.4,4.0,4.1
25,2,2,抽象-抽象,抽象-抽象,社会,社会,时间,时间,13,13,多义,多义,无,无,边缘,边缘,边缘,核心,阶段1,阶段1,方位隐喻,本体隐喻,9,9,变成,变成,形容词性,形容词性,有,无,无,无,对话,对话,3.5,3.4,3.8,3.7,4.3,4.5,2.7,2.5,2.0,1.9,4.3,4.4,4.1,4.0,2.0,2.0,4.1,4.0,4.4,4.3,2.8,2.7,3.2,2.8,3.3,3.1,3.7,3.5,2.0,1.7,1.8,1.8
26,8,8,具体-抽象,具体-抽象,自然,自然,社会角色,社会角色,9,9,隐喻扩展,隐喻扩展,有,有,桥接,桥接,中间,核心,阶段1,阶段1,方位隐喻,方位隐喻,8,8,变成,变成,动词性,动词性,无,无,有,有,文学,文学,3.0,3.0,3.2,3.1,2.8,2.7,2.8,2.9,3.0,2.8,2.0,2.2,3.0,3.2,3.7,3.8,3.3,3.4,4.3,4.1,1.9,1.8,1.9,2.0,2.7,2.6,3.1,2.7,2.1,2.6,4.1,4.2
27,3,3,具体-抽象,具体-抽象,心理,人体,状态,状态,1,1,实例,实例,无,无,边缘,核心,中间,中间,阶段2,阶段2,本体隐喻,结构隐喻,6,6,是,是,名词性,名词性,有,有,无,无,对话,对话,2.4,2.6,2.4,2.3,2.9,2.6,3.6,3.5,3.5,3.1,2.9,2.7,2.1,2.0,2.7,3.0,1.4,1.7,4.0,4.0,1.4,1.5,1.8,1.9,3.7,3.5,2.2,2.4,1.5,1.6,3.4,3.2
28,10,4,抽象-具体,抽象-具体,心理,心理,情感,情感,16,1,子部分,子部分,有,有,桥接,桥接,中间,中间,阶段3,阶段3,结构隐喻,方位隐喻,2,2,变成,变成,介词短语,介词短语,有,有,有,有,新闻,新闻,4.2,4.3,4.2,4.3,4.3,4.4,2.6,2.6,4.1,4.1,1.8,1.8,3.9,4.3,3.1,3.1,1.4,1.6,1.6,1.6,3.3,3.2,2.5,2.4,2.5,2.4,3.8,3.7,4.0,4.0,4.5,4.5
29,7,7,具体-抽象,具体-抽象,自然,自然,关系,事件,11,11,实例,实例,无,无,桥接,桥接,核心,边缘,阶段4,阶段4,方位隐喻,方位隐喻,7,7,成为,成为,形容词性,介词短语,无,无,无,无,学术,学术,2.8,2.6,2.2,2.2,3.1,3.1,3.3,3.2,2.3,2.6,4.1,4.4,2.5,2.6,4.1,3.9,4.0,4.2,2.3,2.3,3.0,3.1,2.8,2.8,4.4,4.2,2.2,2.3,2.1,2.4,3.2,3.1
30,4,4,具体-具体,具体-具体,心理,心理,事件,时间,17,17,子部分,子部分,有,有,边缘,边缘,核心,核心,阶段3,阶段3,结构隐喻,结构隐喻,1,1,变成,变成,介词短语,介词短语,无,无,有,有,学术,学术,4.0,4.0,2.1,2.1,2.6,2.5,2.5,2.1,1.4,1.6,3.4,3.1,3.5,3.5,2.4,2.2,3.8,3.7,2.0,1.9,2.7,2.8,2.5,2.4,3.9,3.8,2.0,2.3,2.6,2.3,3.2,3.0
31,8,8,具体-具体,具体-具体,感知,感知,状态,情感,3,4,子部分,多义,有,有,桥接,桥接,核心,核心,阶段2,阶段2,结构隐喻,结构隐喻,8,8,算,算,形容词性,形容词性,有,有,无,有,网络,新闻,3.9,3.7,2.4,2.6,3.9,3.6,2.5,2.5,4.5,4.5,4.4,4.6,2.6,2.4,2.7,2.5,3.2,3.1,4.2,4.3,1.7,1.7,3.8,3.7,2.7,2.5,2.9,2.7,4.5,4.2,2.6,2.4
32,4,4,具体-具体,具体-具体,心理,心理,品质,品质,16,14,实例,实例,有,有,桥接,桥接,边缘,边缘,阶段3,阶段3,方位隐喻,方位隐喻,1,1,是,是,介词短语,名词性,无,无,无,无,新闻,新闻,3.8,4.0,4.0,4.0,3.4,3.3,2.6,2.3,1.6,1.7,1.7,1.6,2.4,2.3,3.7,3.9,2.3,2.2,3.7,3.9,3.4,3.4,3.3,3.2,2.7,2.7,3.4,3.5,2.0,2.1,2.5,2.3
33,10,10,具体-抽象,具体-抽象,自然,自然,关系,品质,4,4,子部分,子部分,有,有,边缘,边缘,核心,核心,阶段4,阶段4,本体隐喻,本体隐喻,1,6,像,像,动词性,动词性,无,有,无,无,新闻,对话,4.6,4.5,3.0,3.1,2.4,2.2,4.3,4.5,1.8,2.0,2.1,2.1,3.4,3.5,4.3,4.3,2.0,1.9,3.0,3.0,3.9,4.0,2.6,2.8,3.3,3.1,2.2,2.1,2.2,2.2,1.9,2.0
34,12,12,抽象-具体,抽象-具体,感知,感知,关系,情感,2,2,多义,多义,有,有,边缘,边缘,核心,核心,阶段2,阶段2,结构隐喻,结构隐喻,8,8,像,像,介词短语,介词短语,无,无,有,有,对话,对话,3.8,3.8,3.6,3.5,2.5,2.5,3.8,3.9,2.8,2.7,2.5,2.4,1.9,2.1,2.2,2.3,2.1,2.0,4.5,4.4,1.6,1.7,2.1,2.2,1.7,1.8,3.0,3.2,3.2,3.2,2.4,2.4
35,9,9,具体-具体,具体-具体,感知,感知,情感,抽象概念,15,11,实例,实例,无,有,边缘,边缘,边缘,核心,阶段3,阶段3,结构隐喻,结构隐喻,5,4,成为,成为,名词性,名词性,有,有,无,无,文学,文学,1.7,1.5,4.3,4.5,2.8,2.7,3.2,3.0,2.9,3.1,3.5,3.2,4.0,4.1,3.1,3.3,3.4,3.2,2.2,2.2,2.8,3.0,3.1,3.3,3.6,3.8,2.6,2.8,4.3,4.5,3.1,3.2
36,2,2,抽象-抽象,具体-具体,感知,感知,关系,关系,4,4,实例,实例,无,无,桥接,桥接,核心,核心,阶段4,阶段4,本体隐喻,本体隐喻,6,6,为,为,介词短语,介词短语,无,无,有,无,新闻,学术,1.9,2.0,3.8,4.0,1.6,1.5,3.2,3.3,4.1,3.9,2.6,2.4,2.7,2.8,4.2,4.2,3.2,3.0,3.1,3.6,2.5,2.3,3.7,3.6,3.3,3.3,2.8,2.8,4.1,4.2,1.8,1.6
37,10,10,抽象-抽象,具体-抽象,空间,空间,抽象概念,社会角色,15,4,实例,实例,有,有,边缘,边缘,中间,中间,阶段4,阶段4,本体隐喻,本体隐喻,6,6,变成,变成,形容词性,形容词性,无,无,有,有,网络,网络,1.6,1.7,2.0,1.9,4.3,4.2,1.8,1.9,2.9,2.7,3.7,3.5,1.8,1.7,3.5,3.5,4.3,4.1,3.3,3.4,4.2,4.4,3.8,3.8,2.3,2.6,2.0,2.2,3.4,3.2,1.9,2.1
38,10,10,具体-具体,具体-具体,自然,空间,情感,情感,3,3,隐喻扩展,多义,有,有,边缘,边缘,中间,中间,阶段2,阶段2,方位隐喻,方位隐喻,4,4,算,算,形容词性,动词性,无,无,无,无,文学,文学,2.2,2.2,4.0,3.8,2.2,2.2,3.4,3.4,3.1,3.3,2.0,1.7,2.3,2.4,4.3,4.1,4.4,4.4,2.7,2.4,2.1,2.3,4.2,4.4,3.4,3.7,2.5,2.4,4.0,4.0,4.1,4.0
39,3,3,具体-具体,具体-具体,空间,空间,社会角色,社会角色,7,7,多义,多义,有,有,核心,核心,中间,中间,阶段2,阶段2,方位隐喻,本体隐喻,7,7,成为,像,形容词性,名词性,有,有,有,有,新闻,对话,1.7,1.9,3.8,3.7,2.3,2.1,2.6,2.6,2.1,2.3,3.3,3.2,4.0,3.9,4.2,4.3,3.4,3.2,3.1,2.8,4.4,4.4,2.3,1.9,1.7,1.9,2.4,2.3,3.0,2.8,1.7,1.7
40,7,7,抽象-抽象,抽象-抽象,空间,空间,关系,关系,24,24,隐喻扩展,实例,有,有,核心,核心,边缘,边缘,阶段3,阶段1,结构隐喻,本体隐喻,7,7,成为,成为,动词性,动词性,无,无,有,有,新闻,新闻,3.0,3.2,2.2,2.5,3.4,3.4,3.3,3.3,3.2,3.2,2.8,2.6,4.1,4.0,4.5,4.2,4.1,3.7,2.3,2.2,3.9,3.8,1.6,1.5,4.1,4.3,2.3,2.3,2.8,2.7,2.1,2.3
41,1,8,抽象-抽象,抽象-抽象,感知,感知,状态,状态,4,4,子部分,子部分,有,有,核心,核心,边缘,边缘,阶段3,阶段3,本体隐喻,本体隐喻,8,8,为,为,形容词性,形容词性,无,无,有,有,对话,对话,1.5,1.4,2.4,2.5,3.6,3.7,4.1,4.0,2.5,2.5,3.2,2.9,3.1,3.2,3.7,3.8,4.0,3.9,3.4,3.6,1.8,1.7,2.9,2.8,1.6,1.6,1.8,1.5,2.9,2.8,1.4,1.5
42,2,2,具体-抽象,具体-抽象,社会,社会,状态,事件,2,2,多义,子部分,无,无,核心,核心,中间,中间,阶段2,阶段2,方位隐喻,方位隐喻,6,6,像,像,介词短语,介词短语,无,无,无,无,网络,对话,2.8,3.1,3.8,3.6,3.7,3.7,1.6,1.7,1.6,1.9,3.3,3.4,2.5,2.5,3.2,3.1,3.9,3.6,2.9,2.8,3.1,2.9,4.3,4.4,2.5,2.4,2.9,2.7,3.0,3.0,3.5,3.5
43,12,11,抽象-具体,抽象-具体,自然,自然,事件,事件,10,10,隐喻扩展,实例,无,无,核心,桥接,核心,核心,阶段1,阶段1,方位隐喻,方位隐喻,2,2,像,算,介词短语,介词短语,有,无,有,有,文学,文学,4.2,4.2,2.3,2.2,2.6,2.6,3.3,3.3,3.9,4.2,1.8,1.8,2.9,3.1,1.7,1.9,2.8,3.0,1.6,1.6,3.4,3.5,2.3,2.3,4.6,4.5,2.2,2.0,3.5,3.7,4.1,4.0
44,6,6,抽象-抽象,抽象-抽象,社会,社会,关系,关系,7,7,实例,隐喻扩展,有,有,边缘,边缘,核心,核心,阶段1,阶段1,结构隐喻,结构隐喻,7,7,算,算,介词短语,介词短语,无,无,无,无,文学,对话,3.7,3.8,2.0,2.3,4.3,4.2,3.0,3.2,1.7,1.7,4.3,4.2,3.8,3.8,2.2,2.2,3.0,2.7,4.5,4.2,3.3,3.3,3.9,3.7,2.5,2.6,4.4,4.1,3.8,4.2,4.1,4.2
45,4,2,抽象-具体,抽象-具体,心理,心理,抽象概念,抽象概念,5,5,多义,多义,无,无,桥接,桥接,边缘,中间,阶段3,阶段3,本体隐喻,本体隐喻,4,4,是,是,介词短语,介词短语,无,无,有,有,对话,新闻,4.3,4.3,3.8,3.5,3.2,3.0,2.1,2.1,3.4,3.6,4.1,3.9,2.7,2.5,2.5,2.1,2.3,2.4,3.3,2.9,3.4,3.5,2.4,2.4,4.3,4.2,3.3,3.1,3.3,3.3,4.2,4.2
46,12,12,抽象-具体,抽象-具体,感知,心理,情感,情感,22,22,子部分,隐喻扩展,有,有,核心,核心,中间,中间,阶段2,阶段2,方位隐喻,方位隐喻,3,3,像,像,动词性,动词性,有,无,有,有,文学,文学,2.2,2.1,4.2,4.2,2.8,2.7,3.3,3.4,4.1,4.1,2.6,2.9,2.6,2.6,1.5,1.7,4.3,4.4,3.5,3.6,2.8,2.7,2.8,2.5,2.0,1.7,2.7,2.9,3.9,4.1,2.6,2.9
47,12,12,抽象-具体,抽象-具体,心理,心理,状态,状态,9,8,多义,多义,有,有,边缘,桥接,中间,中间,阶段3,阶段4,本体隐喻,本体隐喻,7,3,算,算,动词性,动词性,无,无,有,有,学术,学术,3.2,3.1,1.8,1.6,4.1,3.8,3.2,3.1,1.9,2.2,3.1,2.9,3.3,3.0,1.7,1.8,4.0,4.1,2.3,2.1,4.4,4.2,4.3,4.2,1.7,1.9,2.7,2.4,3.5,3.6,3.2,3.3
48,8,8,抽象-抽象,抽象-抽象,空间,人体,时间,时间,15,15,多义,多义,无,无,桥接,桥接,核心,核心,阶段2,阶段4,方位隐喻,方位隐喻,1,1,为,为,动词性,动词性,无,无,有,有,新闻,新闻,2.5,2.5,2.9,2.7,2.1,2.1,3.9,3.7,2.3,2.2,1.5,1.6,4.1,4.0,2.5,2.4,2.1,2.3,1.9,1.9,2.5,2.1,2.9,2.9,1.7,1.8,2.7,2.9,4.0,4.0,3.7,3.6
49,8,8,抽象-具体,抽象-具体,感知,感知,时间,时间,5,5,子部分,子部分,有,有,核心,核心,边缘,边缘,阶段4,阶段4,方位隐喻,方位隐喻,7,5,是,是,动词性,动词性,有,有,无,无,网络,网络,3.0,3.0,3.5,3.4,3.8,4.0,1.8,1.6,2.9,2.8,3.2,2.9,3.0,3.2,1.9,1.8,2.1,2.4,4.4,4.2,1.9,2.0,3.7,3.8,4.4,4.5,2.3,2.5,3.5,3.6,4.3,4.4
50,4,4,抽象-具体,抽象-抽象,空间,空间,品质,情感,7,7,子部分,子部分,有,有,边缘,边缘,边缘,边缘,阶段1,阶段1,本体隐喻,本体隐喻,3,3,是,是,名词性,介词短语,无,无,无,无,网络,网络,3.3,3.3,3.4,3.7,3.2,3.1,2.8,2.8,2.4,2.5,2.8,2.9,2.2,2.2,1.8,2.1,2.9,3.6,3.2,3.0,4.4,4.4,2.9,3.1,1.7,1.7,4.3,3.9,3.8,3.9,4.0,4.0
51,12,9,抽象-抽象,抽象-具体,心理,心理,事件,事件,23,23,子部分,子部分,有,有,桥接,桥接,核心,核心,阶段1,阶段1,结构隐喻,方位隐喻,6,6,为,为,形容词性,形容词性,无,无,有,有,学术,学术,1.7,1.5,4.4,4.4,4.3,4.1,4.5,4.4,3.7,3.8,2.4,2.5,1.8,1.7,1.7,1.5,2.7,2.8,2.9,2.8,3.5,3.4,3.7,3.8,3.5,3.4,2.4,2.1,1.6,1.6,2.9,2.6
52,1,1,具体-抽象,具体-抽象,运动,空间,状态,状态,8,8,实例,实例,有,有,边缘,边缘,边缘,边缘,阶段1,阶段1,结构隐喻,结构隐喻,5,5,是,是,动词性,动词性,有,有,有,有,文学,文学,2.2,2.1,3.5,3.5,2.1,2.1,3.7,3.4,2.6,2.4,3.9,4.0,1.7,1.8,2.8,2.7,2.2,2.3,3.2,3.1,3.4,3.4,2.3,2.5,2.8,3.0,2.3,2.2,4.0,4.1,3.0,2.9
53,9,9,抽象-具体,具体-抽象,运动,社会,事件,事件,4,4,隐喻扩展,隐喻扩展,有,有,边缘,边缘,核心,核心,阶段1,阶段3,结构隐喻,结构隐喻,3,3,算,算,介词短语,介词短语,无,无,无,无,学术,学术,3.8,3.4,3.2,3.4,4.2,4.3,3.5,3.5,4.6,4.6,2.1,2.2,4.5,4.3,4.2,3.8,4.0,3.8,2.0,2.2,4.0,3.8,4.0,4.1,4.3,4.1,3.8,3.6,4.3,4.0,2.6,2.5
54,1,1,具体-抽象,具体-抽象,感知,感知,事件,事件,2,2,实例,实例,有,有,桥接,桥接,核心,核心,阶段4,阶段4,结构隐喻,方位隐喻,8,6,是,是,介词短语,介词短语,有,无,有,有,文学,文学,3.7,3.8,4.6,4.5,3.5,3.5,2.4,2.4,4.3,4.1,2.0,2.1,4.1,4.0,3.9,4.0,1.4,1.3,4.2,4.2,2.8,2.9,3.2,3.2,2.3,2.3,4.1,4.3,4.0,4.0,1.5,1.4
55,4,4,抽象-抽象,抽象-抽象,感知,感知,时间,抽象概念,14,14,子部分,子部分,有,有,核心,核心,核心,边缘,阶段1,阶段1,方位隐喻,方位隐喻,9,1,成为,像,介词短语,介词短语,无,有,无,无,网络,网络,3.0,3.1,1.7,1.8,3.2,3.1,1.6,1.7,4.1,3.8,3.1,2.9,3.7,3.8,4.4,4.2,2.3,2.2,2.1,2.2,2.5,2.7,2.3,2.4,1.8,1.6,3.7,3.2,3.7,4.0,2.1,1.8
56,11,11,具体-抽象,具体-抽象,人体,人体,社会角色,社会角色,8,18,实例,实例,无,无,桥接,桥接,核心,核心,阶段1,阶段1,方位隐喻,方位隐喻,6,4,算,像,介词短语,介词短语,有,有,有,有,学术,学术,2.5,2.3,1.7,1.5,2.8,2.7,4.4,4.5,1.5,1.7,3.6,3.8,3.1,2.8,3.8,3.6,4.2,4.4,1.9,2.0,4.4,4.3,1.7,1.7,3.7,3.8,1.7,1.9,3.7,4.1,2.5,2.6
57,12,12,具体-具体,具体-具体,物体,物体,抽象概念,抽象概念,22,22,隐喻扩展,隐喻扩展,有,有,边缘,边缘,边缘,边缘,阶段3,阶段3,本体隐喻,本体隐喻,4,4,变成,变成,介词短语,介词短语,无,无,无,无,网络,网络,2.6,2.7,3.1,3.1,4.5,4.3,1.9,1.7,2.1,1.8,1.7,1.6,3.5,3.4,2.2,2.3,3.7,3.7,4.4,4.2,2.7,2.6,1.4,1.5,3.2,3.3,4.3,4.3,2.1,2.0,3.3,3.3
58,9,9,抽象-具体,抽象-具体,人体,人体,社会角色,社会角色,14,14,多义,多义,有,无,边缘,边缘,核心,核心,阶段1,阶段1,本体隐喻,本体隐喻,5,9,变成,变成,动词性,动词性,无,无,无,无,网络,网络,1.5,1.6,2.6,2.6,2.9,2.9,4.6,4.6,1.8,2.2,3.2,3.1,1.9,1.8,3.5,3.8,2.7,2.7,2.4,2.1,1.6,1.7,2.5,2.4,2.9,2.6,3.8,3.7,1.7,1.6,3.6,3.7
59,12,12,具体-具体,具体-具体,感知,感知,抽象概念,抽象概念,1,1,实例,实例,无,无,边缘,核心,核心,核心,阶段3,阶段3,方位隐喻,方位隐喻,7,7,成为,成为,形容词性,形容词性,无,无,无,无,新闻,新闻,4.3,4.3,1.8,1.8,3.0,3.0,1.9,1.8,3.5,3.6,2.3,2.5,3.3,3.5,3.8,3.8,4.3,4.2,4.1,4.0,2.2,2.2,2.3,2.2,2.3,2.6,2.0,2.2,2.3,2.4,4.0,4.2
60,7,7,具体-具体,具体-具体,空间,心理,时间,时间,17,17,实例,子部分,有,有,边缘,边缘,核心,核心,阶段3,阶段3,结构隐喻,结构隐喻,1,1,算,算,名词性,名词性,无,无,有,有,网络,网络,4.2,4.1,2.5,2.4,3.7,3.7,1.9,2.1,1.6,1.6,3.8,4.0,3.8,3.8,3.0,2.9,4.4,4.1,3.7,3.9,4.1,4.2,1.6,1.7,4.4,4.3,1.6,1.7,2.7,2.8,3.1,3.3
61,6,11,具体-具体,抽象-具体,感知,感知,事件,事件,20,20,子部分,子部分,无,无,核心,核心,核心,核心,阶段4,阶段4,结构隐喻,结构隐喻,3,2,成为,成为,动词性,动词性,无,无,有,有,新闻,网络,1.7,1.7,3.6,3.5,2.3,2.4,2.4,2.3,3.9,4.0,3.1,2.7,1.8,1.7,3.8,3.9,1.6,1.8,2.6,2.7,1.9,1.8,3.2,3.1,1.9,1.8,3.6,3.6,2.4,2.5,2.7,2.6
62,4,4,抽象-抽象,抽象-抽象,人体,人体,情感,情感,14,14,隐喻扩展,隐喻扩展,有,有,核心,核心,中间,中间,阶段3,阶段3,本体隐喻,本体隐喻,9,9,成为,成为,动词性,动词性,有,有,无,无,文学,文学,1.8,2.0,4.0,4.2,2.4,2.3,3.2,3.2,3.3,2.9,4.0,4.1,2.4,2.4,1.8,1.7,1.7,1.8,2.1,2.2,3.6,3.7,4.3,4.5,1.9,1.9,2.2,2.2,4.2,4.1,3.5,3.7
63,6,1,抽象-抽象,抽象-抽象,空间,空间,事件,事件,21,21,多义,多义,有,有,核心,核心,边缘,边缘,阶段2,阶段2,方位隐喻,方位隐喻,6,6,是,是,形容词性,形容词性,无,无,无,无,学术,学术,3.2,3.2,1.8,1.6,3.7,3.9,4.0,4.0,3.2,3.2,2.6,2.7,1.9,1.7,3.5,3.2,2.7,2.7,3.6,3.9,2.3,2.4,2.9,2.7,1.5,1.5,3.1,3.2,4.4,4.4,2.7,2.8
64,4,4,抽象-具体,抽象-具体,运动,社会,事件,事件,9,9,多义,多义,无,无,边缘,边缘,核心,核心,阶段3,阶段3,本体隐喻,本体隐喻,3,3,是,像,动词性,动词性,无,无,有,无,对话,文学,2.2,2.2,3.3,3.2,1.9,1.7,4.3,4.5,3.2,3.0,3.9,3.9,2.2,2.2,2.8,3.2,4.2,4.3,3.2,3.5,3.8,3.9,3.1,3.0,1.8,1.9,1.6,1.6,3.9,3.7,2.0,1.7
65,4,4,具体-具体,抽象-具体,物体,物体,品质,抽象概念,21,21,多义,多义,有,有,核心,边缘,核心,核心,阶段4,阶段4,方位隐喻,方位隐喻,9,9,是,是,介词短语,名词性,有,有,无,无,新闻,新闻,4.3,4.2,2.4,2.5,3.9,4.1,2.8,2.8,3.2,3.1,3.7,3.6,3.9,3.8,3.8,3.7,3.9,3.9,2.1,2.3,3.0,3.1,2.1,2.1,4.0,4.1,3.1,3.3,2.7,3.1,1.6,1.6
66,10,11,具体-抽象,具体-抽象,感知,感知,状态,状态,7,7,多义,多义,有,有,桥接,桥接,中间,中间,阶段3,阶段3,方位隐喻,方位隐喻,1,1,像,像,形容词性,形容词性,无,无,有,有,网络,网络,3.7,3.6,3.5,3.5,3.3,3.4,1.4,1.7,2.1,2.1,4.0,3.7,2.5,2.5,1.9,1.6,1.8,1.7,4.2,4.4,3.5,3.4,2.2,2.1,3.7,4.0,1.7,1.6,1.9,1.9,3.6,3.6
67,7,7,抽象-具体,抽象-具体,心理,心理,品质,品质,15,15,实例,实例,有,有,桥接,桥接,中间,中间,阶段4,阶段4,方位隐喻,方位隐喻,7,7,像,像,名词性,名词性,有,有,无,无,学术,学术,2.2,2.6,3.1,3.0,3.0,3.1,3.3,3.4,2.3,2.3,3.9,4.0,3.6,3.6,2.1,2.0,3.1,2.9,3.7,3.5,2.2,2.4,2.2,2.5,1.8,1.8,3.1,3.0,4.0,4.2,4.1,4.1
68,10,10,抽象-抽象,抽象-抽象,人体,人体,情感,社会角色,10,10,隐喻扩展,隐喻扩展,无,无,桥接,桥接,中间,中间,阶段1,阶段1,本体隐喻,本体隐喻,2,3,算,算,介词短语,介词短语,有,有,有,有,网络,网络,1.6,1.6,4.3,4.4,2.2,2.0,3.7,3.5,2.9,2.7,3.0,2.7,3.7,3.9,3.0,3.0,3.6,3.7,4.2,4.2,2.0,2.0,4.0,3.9,3.8,4.0,3.8,3.9,4.0,4.1,3.4,3.7
69,12,12,抽象-抽象,抽象-抽象,人体,人体,关系,关系,17,17,子部分,子部分,有,有,边缘,边缘,核心,核心,阶段1,阶段1,方位隐喻,方位隐喻,1,1,变成,变成,动词性,动词性,有,有,无,无,文学,文学,3.8,4.0,1.6,1.8,3.7,3.7,2.7,2.4,3.6,3.6,2.5,2.5,3.8,4.0,4.2,4.4,2.5,2.3,2.7,2.8,1.7,1.8,4.5,4.4,3.4,3.5,3.4,2.9,1.8,2.0,1.8,1.6
70,6,6,具体-抽象,具体-具体,人体,人体,抽象概念,情感,5,5,隐喻扩展,隐喻扩展,无,无,桥接,桥接,核心,核心,阶段4,阶段4,本体隐喻,本体隐喻,7,7,像,像,介词短语,介词短语,无,无,无,无,新闻,新闻,2.8,2.8,3.0,2.9,3.8,4.0,2.0,1.9,2.4,2.4,3.9,3.7,4.0,4.2,1.8,1.9,3.8,3.7,1.8,2.0,4.2,4.1,3.5,3.6,2.8,2.7,4.1,4.3,1.7,1.6,2.3,2.0
71,12,12,具体-抽象,具体-抽象,运动,人体,抽象概念,抽象概念,20,20,多义,多义,有,有,边缘,边缘,中间,中间,阶段1,阶段1,本体隐喻,本体隐喻,7,7,为,为,介词短语,介词短语,有,有,有,有,网络,网络,3.4,3.6,2.1,2.0,3.0,3.0,2.4,2.2,4.1,3.8,2.6,2.5,3.3,3.3,3.7,3.5,2.7,2.7,4.4,4.1,3.7,3.6,1.5,1.6,1.7,1.6,3.3,3.1,4.1,4.2,4.3,4.4
72,12,12,抽象-抽象,抽象-抽象,心理,心理,关系,关系,6,23,子部分,子部分,有,无,边缘,边缘,核心,中间,阶段3,阶段3,结构隐喻,结构隐喻,4,4,是,是,名词性,名词性,有,有,无,无,文学,文学,2.3,2.4,3.3,3.1,2.8,2.8,3.6,3.4,3.9,3.8,2.0,1.5,2.1,2.4,2.2,2.0,2.2,2.2,3.5,3.3,2.3,2.3,2.7,2.8,3.1,3.4,3.5,3.5,4.3,4.0,3.4,3.6
73,2,2,具体-具体,具体-具体,空间,空间,情感,情感,24,24,多义,多义,有,有,桥接,桥接,核心,核心,阶段3,阶段2,结构隐喻,结构隐喻,6,6,成为,为,形容词性,形容词性,无,无,有,无,网络,网络,1.8,1.7,4.1,4.0,2.3,2.4,3.2,3.1,2.3,2.3,4.2,4.2,2.0,2.0,1.7,1.7,2.4,2.6,3.2,3.2,3.9,3.9,2.7,2.8,4.4,4.0,2.5,2.5,4.3,4.4,3.7,3.6
74,11,11,具体-抽象,具体-抽象,空间,人体,事件,状态,20,20,实例,隐喻扩展,无,无,边缘,边缘,核心,核心,阶段2,阶段3,方位隐喻,方位隐喻,4,1,变成,变成,动词性,动词性,有,有,无,有,对话,对话,3.5,3.4,4.4,4.3,3.9,3.8,3.8,3.6,3.3,3.4,2.7,2.5,3.1,2.9,2.7,2.7,4.3,4.2,3.3,3.3,3.9,4.1,4.3,4.2,2.7,3.1,2.3,2.5,2.5,2.3,4.0,4.0
75,7,7,抽象-抽象,抽象-抽象,人体,人体,时间,状态,19,19,多义,实例,有,有,核心,核心,边缘,边缘,阶段1,阶段1,结构隐喻,结构隐喻,6,6,变成,变成,名词性,名词性,无,无,无,无,学术,学术,2.7,2.9,2.6,2.7,3.3,3.5,2.1,2.1,2.6,2.7,1.8,1.8,1.6,1.9,3.0,3.3,4.2,4.1,2.8,2.9,2.0,1.6,3.8,3.9,2.8,2.8,2.5,2.4,3.5,3.5,4.2,4.3
76,7,7,具体-抽象,具体-具体,物体,社会,品质,品质,4,4,多义,实例,无,无,核心,核心,核心,核心,阶段3,阶段3,本体隐喻,本体隐喻,2,1,变成,变成,动词性,动词性,有,有,无,无,网络,网络,2.4,2.2,4.1,3.8,2.1,2.4,4.0,4.0,2.1,2.2,3.5,3.4,4.2,4.2,4.1,4.2,4.1,4.3,2.4,2.1,3.6,3.3,3.7,3.9,4.0,3.9,2.0,1.8,3.9,4.1,2.7,2.6
77,8,8,具体-抽象,具体-抽象,物体,物体,关系,关系,13,13,隐喻扩展,隐喻扩展,无,无,核心,核心,中间,中间,阶段4,阶段4,本体隐喻,本体隐喻,1,1,为,为,形容词性,介词短语,有,无,有,有,对话,对话,1.8,1.9,2.3,2.4,3.9,3.8,2.2,2.0,3.9,4.2,4.2,4.1,3.0,2.8,3.6,3.5,4.3,4.2,3.5,3.4,2.4,2.4,3.3,3.2,1.8,2.2,2.2,2.0,2.5,2.7,2.9,2.8
78,1,1,具体-抽象,具体-抽象,社会,社会,状态,关系,3,3,子部分,子部分,无,无,桥接,桥接,核心,核心,阶段1,阶段2,结构隐喻,结构隐喻,5,5,算,算,介词短语,介词短语,无,无,有,有,文学,文学,3.2,3.1,1.5,1.4,4.4,4.1,2.6,2.4,4.4,4.6,4.0,4.1,4.1,4.2,2.8,2.9,1.8,2.1,3.4,3.8,3.0,2.7,3.4,3.4,1.9,2.0,2.7,2.9,3.0,3.0,1.6,1.5
79,3,3,抽象-抽象,抽象-抽象,心理,心理,关系,关系,8,11,隐喻扩展,隐喻扩展,有,有,核心,核心,边缘,边缘,阶段2,阶段2,本体隐喻,本体隐喻,4,4,变成,变成,动词性,动词性,无,无,有,有,文学,学术,3.8,3.6,4.0,3.9,1.7,1.5,3.4,3.4,3.1,3.2,3.0,3.2,3.5,3.7,2.3,2.3,4.3,4.1,4.2,4.1,2.9,2.7,3.5,3.5,3.6,3.6,2.8,2.4,3.1,3.2,4.3,4.3
80,7,5,抽象-抽象,抽象-抽象,人体,人体,状态,状态,16,16,子部分,子部分,无,无,边缘,边缘,边缘,边缘,阶段1,阶段1,方位隐喻,方位隐喻,7,7,像,变成,形容词性,形容词性,有,有,有,有,文学,文学,2.3,2.4,1.8,1.9,3.9,3.9,3.8,3.7,4.2,4.1,1.8,2.0,4.0,3.9,2.2,2.4,2.1,2.0,1.8,1.8,3.3,3.3,3.2,3.0,3.2,3.3,3.0,2.8,1.5,1.7,1.9,1.8
81,1,1,具体-抽象,具体-抽象,运动,运动,事件,事件,16,9,子部分,子部分,无,无,桥接,桥接,边缘,边缘,阶段4,阶段4,本体隐喻,本体隐喻,4,4,为,为,形容词性,形容词性,有,有,有,有,学术,学术,3.7,3.7,1.8,1.6,4.3,4.0,2.4,2.3,3.5,3.2,3.6,3.6,4.3,4.0,3.8,3.8,4.1,4.1,2.0,2.3,2.7,2.4,4.2,4.1,4.1,4.3,2.8,3.0,4.1,4.2,2.7,2.9
82,6,6,具体-具体,具体-具体,社会,社会,品质,社会角色,9,9,子部分,子部分,无,无,边缘,边缘,核心,核心,阶段4,阶段4,结构隐喻,结构隐喻,3,3,为,算,名词性,名词性,有,有,无,无,新闻,新闻,1.9,2.1,2.6,2.5,4.5,4.4,4.3,4.6,3.2,3.1,3.3,3.4,1.5,1.5,1.9,1.8,3.2,3.2,4.0,3.8,2.0,1.6,1.5,1.6,2.4,2.3,3.7,3.7,4.3,4.6,3.2,3.4
83,12,8,抽象-抽象,抽象-抽象,社会,社会,时间,时间,15,15,实例,实例,有,有,核心,核心,边缘,边缘,阶段2,阶段2,方位隐喻,本体隐喻,2,2,变成,变成,名词性,名词性,无,无,有,有,文学,文学,2.5,2.4,2.7,2.8,2.2,2.1,3.8,3.8,2.9,3.0,2.1,2.1,3.7,3.7,1.8,2.0,2.1,2.0,3.9,3.6,3.4,3.7,4.4,4.2,2.1,2.1,2.7,2.7,2.7,2.7,4.5,4.4
84,9,9,具体-具体,具体-具体,空间,空间,品质,品质,22,22,子部分,子部分,有,有,边缘,桥接,边缘,核心,阶段2,阶段2,本体隐喻,本体隐喻,6,6,变成,变成,动词性,动词性,无,无,无,无,网络,网络,3.7,3.8,1.5,1.6,2.6,2.5,1.8,2.2,2.2,2.5,4.3,4.2,2.2,2.3,3.6,3.7,2.5,2.6,2.0,2.3,4.3,4.4,3.9,3.7,2.9,2.7,3.4,3.7,3.2,3.4,2.6,2.6
85,12,12,抽象-具体,抽象-具体,社会,人体,情感,情感,6,6,子部分,实例,有,有,核心,核心,中间,核心,阶段3,阶段3,本体隐喻,本体隐喻,7,7,为,为,名词性,名词性,无,无,有,有,学术,学术,3.7,3.4,4.1,3.9,4.2,4.4,3.7,3.7,1.6,1.7,1.7,1.7,4.5,4.4,4.5,4.2,2.7,2.9,2.2,2.1,3.4,3.6,3.1,2.9,2.6,2.6,4.1,4.1,3.0,3.0,3.4,3.5
86,2,2,具体-具体,具体-具体,自然,自然,情感,情感,5,5,多义,多义,无,无,边缘,边缘,边缘,核心,阶段1,阶段3,结构隐喻,方位隐喻,2,2,是,是,形容词性,形容词性,无,无,无,无,新闻,新闻,2.3,2.3,2.6,2.8,1.7,1.6,3.6,3.5,2.9,2.8,2.8,2.6,3.8,3.7,1.9,1.9,3.7,3.7,2.7,2.6,3.3,3.1,4.1,4.2,4.2,4.4,2.8,2.8,2.7,2.7,4.5,4.4
87,8,8,抽象-具体,抽象-抽象,感知,感知,关系,关系,8,8,多义,多义,无,无,桥接,核心,中间,中间,阶段4,阶段4,结构隐喻,结构隐喻,1,1,为,为,形容词性,形容词性,有,有,有,有,网络,网络,1.6,1.9,3.0,3.1,2.9,2.9,3.7,3.5,3.0,3.2,1.6,2.1,1.6,1.4,3.4,3.2,3.3,3.5,1.8,1.7,1.9,2.2,4.1,4.1,4.4,4.1,3.4,3.1,1.7,1.7,3.2,3.2
88,12,12,具体-抽象,具体-抽象,社会,社会,时间,时间,24,24,隐喻扩展,实例,有,有,边缘,边缘,边缘,中间,阶段3,阶段1,方位隐喻,方位隐喻,4,4,为,为,介词短语,介词短语,有,有,有,有,新闻,学术,1.7,1.4,2.2,2.3,3.1,2.9,4.3,4.3,3.1,3.1,4.2,4.4,4.2,4.3,2.3,2.2,4.1,3.8,3.8,3.7,3.3,3.0,2.8,2.7,2.7,2.9,3.4,3.4,3.1,3.2,3.1,3.1
89,2,2,抽象-具体,抽象-具体,运动,运动,时间,时间,10,10,多义,多义,有,有,核心,核心,中间,中间,阶段3,阶段3,结构隐喻,结构隐喻,5,5,成为,成为,动词性,动词性,有,有,无,无,对话,对话,3.9,4.0,3.1,3.0,3.1,3.2,3.7,3.5,3.7,3.8,1.5,1.5,2.4,2.5,1.8,1.6,2.7,2.8,3.6,3.7,3.6,3.1,4.0,4.0,2.9,2.7,2.9,3.0,2.2,2.2,3.3,3.0
90,11,11,具体-具体,具体-具体,运动,运动,品质,品质,2,2,多义,多义,无,无,边缘,桥接,核心,核心,阶段3,阶段3,结构隐喻,结构隐喻,3,3,算,算,动词性,动词性,无,有,无,无,文学,文学,1.7,1.9,4.0,3.8,2.5,2.4,2.4,2.6,2.1,2.2,2.8,2.9,2.6,2.9,4.0,4.1,3.8,3.6,4.0,4.2,3.5,3.2,2.1,1.8,2.7,3.0,1.8,1.8,3.6,3.4,4.0,4.0
91,12,12,抽象-具体,抽象-具体,运动,运动,事件,事件,8,8,多义,多义,有,有,核心,边缘,中间,中间,阶段3,阶段3,本体隐喻,本体隐喻,4,4,算,算,形容词性,形容词性,有,无,无,无,对话,对话,2.0,1.7,4.1,4.1,4.4,4.0,3.9,4.1,2.6,2.6,4.1,4.1,3.4,3.3,3.1,3.0,3.8,3.9,2.8,2.7,4.1,4.1,3.0,2.7,3.6,3.6,2.3,2.4,3.2,3.0,1.6,1.6
92,1,1,抽象-具体,抽象-具体,物体,物体,关系,情感,13,13,隐喻扩展,隐喻扩展,有,有,核心,核心,核心,核心,阶段3,阶段3,本体隐喻,本体隐喻,1,1,是,是,形容词性,形容词性,无,无,无,无,文学,网络,2.2,2.4,4.3,4.4,2.4,2.3,3.7,3.4,2.6,2.7,2.5,2.2,4.3,4.1,1.5,1.5,1.7,1.8,3.3,3.7,3.6,3.8,2.2,2.1,3.1,3.2,1.6,1.6,3.1,3.4,3.7,3.8
93,9,9,抽象-抽象,抽象-具体,物体,物体,事件,事件,4,4,多义,多义,无,有,桥接,边缘,中间,中间,阶段1,阶段1,本体隐喻,本体隐喻,2,2,成为,成为,动词性,动词性,无,无,无,无,新闻,新闻,2.8,2.8,2.8,2.8,3.4,3.4,3.4,3.0,2.1,2.0,1.8,2.1,4.2,4.3,4.2,4.3,2.6,2.6,4.5,4.5,3.6,4.1,2.0,1.9,2.4,2.4,3.6,3.5,3.3,3.3,1.9,2.1
94,7,7,抽象-抽象,抽象-具体,空间,空间,社会角色,社会角色,21,21,隐喻扩展,子部分,有,有,边缘,边缘,边缘,边缘,阶段3,阶段3,方位隐喻,方位隐喻,5,5,算,算,名词性,动词性,无,无,无,无,网络,网络,4.0,3.9,4.7,4.5,3.1,3.1,2.6,2.5,4.4,4.2,2.0,1.9,3.2,3.4,3.0,3.1,4.2,4.2,4.4,4.6,2.4,2.5,4.2,4.5,3.9,3.9,2.4,2.2,4.2,4.2,3.8,3.9
95,1,1,具体-抽象,具体-抽象,心理,心理,状态,事件,18,18,隐喻扩展,隐喻扩展,无,无,桥接,桥接,核心,核心,阶段2,阶段2,本体隐喻,本体隐喻,4,7,算,算,介词短语,介词短语,无,无,无,无,网络,网络,2.4,2.1,2.3,2.3,2.3,2.2,4.3,4.4,3.5,3.5,2.6,2.9,2.5,2.5,3.5,3.9,3.7,3.7,1.5,1.7,2.3,2.4,2.7,2.7,4.2,4.4,3.9,3.9,2.0,1.8,4.1,3.9
96,9,7,抽象-抽象,抽象-抽象,空间,空间,品质,品质,23,23,子部分,子部分,无,无,边缘,边缘,边缘,边缘,阶段3,阶段3,本体隐喻,本体隐喻,8,9,成为,变成,名词性,名词性,无,无,无,有,网络,网络,3.1,3.4,1.4,1.6,2.0,2.2,3.2,3.2,1.7,1.9,2.6,2.7,2.2,2.2,2.9,2.6,2.7,2.8,1.3,1.5,2.0,1.8,3.6,3.5,3.6,3.8,3.5,3.5,3.9,3.9,3.1,3.3
97,9,9,抽象-抽象,抽象-抽象,自然,人体,关系,关系,9,21,隐喻扩展,隐喻扩展,有,有,桥接,桥接,核心,核心,阶段2,阶段2,方位隐喻,方位隐喻,8,8,变成,算,名词性,名词性,无,有,无,无,对话,对话,2.0,1.6,3.8,3.8,4.3,4.6,3.3,3.5,3.5,3.6,3.8,3.8,2.6,2.6,2.1,2.0,2.0,2.0,4.4,4.2,3.9,3.9,2.6,2.6,1.9,2.2,3.5,3.9,4.5,4.4,2.9,3.0
98,5,5,具体-具体,具体-具体,感知,感知,关系,关系,7,7,子部分,子部分,无,无,桥接,桥接,核心,核心,阶段3,阶段3,方位隐喻,方位隐喻,3,2,算,像,名词性,名词性,无,有,有,有,文学,文学,2.7,2.9,2.0,1.9,3.2,3.3,2.8,2.8,3.2,3.3,2.3,2.4,2.0,1.9,2.9,2.8,1.8,1.8,3.0,2.9,3.8,3.5,2.9,3.1,3.9,3.8,4.2,4.1,3.8,3.9,3.6,3.8
99,9,9,抽象-抽象,抽象-抽象,心理,心理,时间,时间,16,16,实例,实例,有,有,核心,核心,核心,中间,阶段3,阶段3,结构隐喻,结构隐喻,3,3,像,像,动词性,动词性,有,有,有,有,文学,文学,1.9,2.0,1.5,1.7,3.1,3.2,3.8,3.8,3.1,3.2,3.6,3.5,3.3,3.5,2.4,2.6,2.4,2.1,3.5,3.6,2.7,2.4,2.4,2.5,4.5,4.5,2.7,2.7,2.0,1.8,1.6,1.5
100,4,5,具体-具体,抽象-具体,物体,物体,抽象概念,时间,16,16,多义,多义,无,无,桥接,桥接,中间,中间,阶段2,阶段1,本体隐喻,本体隐喻,4,4,算,算,介词短语,介词短语,有,有,无,无,文学,文学,2.1,2.1,4.2,4.3,3.8,3.9,2.7,2.5,4.4,4.3,4.4,4.5,3.2,3.1,2.3,2.4,2.0,2.1,4.2,4.2,2.1,1.9,3.8,3.7,3.7,3.7,2.0,2.0,4.2,4.1,3.4,3.6
101,9,4,具体-具体,具体-具体,社会,社会,事件,事件,23,23,实例,隐喻扩展,无,无,边缘,边缘,边缘,边缘,阶段3,阶段1,本体隐喻,本体隐喻,9,9,成为,成为,介词短语,介词短语,无,无,有,有,对话,对话,2.7,2.6,3.6,3.8,1.8,1.6,3.9,4.1,3.3,3.5,4.4,4.1,4.1,3.8,3.6,3.2,2.5,2.8,2.7,2.8,4.0,4.0,3.9,3.7,2.1,2.2,4.4,4.3,3.8,3.8,2.1,2.3
102,11,11,具体-具体,具体-具体,自然,自然,社会角色,社会角色,7,7,多义,子部分,有,有,核心,核心,边缘,核心,阶段3,阶段3,方位隐喻,方位隐喻,4,4,为,是,名词性,名词性,有,有,无,无,学术,网络,3.8,3.7,1.8,2.0,3.6,3.5,2.0,1.7,4.0,4.0,3.5,3.6,2.1,1.7,1.6,1.6,1.9,2.1,2.9,2.7,2.6,2.8,2.8,2.7,1.5,1.5,4.5,4.5,4.1,4.1,3.5,3.7
103,3,3,抽象-抽象,抽象-抽象,物体,物体,关系,状态,7,7,多义,多义,无,无,桥接,桥接,核心,核心,阶段2,阶段1,方位隐喻,方位隐喻,9,9,算,算,形容词性,形容词性,无,无,有,有,对话,对话,3.7,3.7,3.7,3.8,1.8,1.9,3.8,3.6,4.3,4.4,4.2,4.5,2.5,2.7,2.9,2.8,1.8,2.1,2.1,2.1,2.1,1.9,4.1,4.0,2.5,2.4,2.2,2.1,3.1,3.0,2.0,2.0
104,3,3,具体-具体,具体-具体,自然,自然,品质,情感,15,15,多义,多义,无,无,桥接,边缘,核心,核心,阶段2,阶段3,结构隐喻,结构隐喻,1,5,变成,变成,名词性,名词性,有,有,有,无,对话,对话,2.6,2.7,4.3,4.0,3.6,3.7,3.0,2.8,1.9,1.9,4.5,4.4,2.4,2.4,3.2,3.0,3.9,4.1,4.2,4.3,1.9,1.8,2.5,2.4,2.9,2.8,3.5,3.7,4.1,4.1,2.2,2.1
105,5,5,抽象-具体,抽象-具体,心理,心理,事件,事件,8,8,多义,多义,无,无,桥接,桥接,核心,核心,阶段4,阶段2,本体隐喻,本体隐喻,3,3,像,像,形容词性,形容词性,无,无,有,有,学术,学术,1.7,1.8,4.3,4.3,1.9,1.8,3.6,3.6,1.3,1.8,3.0,3.2,3.0,3.3,3.7,3.6,2.3,2.2,3.5,3.6,4.3,4.4,3.7,3.8,4.2,4.2,1.7,1.8,2.1,1.9,2.8,2.8
106,6,6,具体-具体,具体-具体,感知,感知,关系,关系,24,24,实例,实例,有,有,桥接,桥接,中间,中间,阶段1,阶段1,本体隐喻,本体隐喻,6,6,变成,变成,动词性,动词性,有,无,无,无,新闻,文学,2.4,2.4,3.2,3.2,4.1,4.0,3.3,3.1,2.8,2.5,2.3,2.3,2.9,3.0,3.4,3.4,3.3,3.1,2.0,2.3,2.0,1.7,3.4,3.5,3.3,3.4,1.8,1.6,3.3,3.3,3.1,3.1
107,6,6,具体-具体,具体-具体,心理,心理,情感,情感,12,12,实例,实例,无,无,核心,桥接,边缘,边缘,阶段2,阶段2,结构隐喻,本体隐喻,7,7,成为,成为,形容词性,形容词性,有,有,无,无,网络,网络,3.0,3.1,3.7,3.7,3.7,3.7,2.2,2.2,4.0,3.8,4.2,4.1,2.7,3.0,4.3,4.4,2.1,2.0,3.0,3.3,2.8,2.4,3.0,3.0,2.5,2.4,3.5,3.6,3.0,3.3,2.8,2.7
108,4,4,具体-抽象,具体-抽象,社会,社会,品质,品质,18,12,子部分,子部分,有,有,边缘,边缘,核心,核心,阶段4,阶段4,本体隐喻,本体隐喻,9,9,为,为,介词短语,介词短语,有,有,无,无,网络,网络,4.2,4.2,3.7,3.7,2.7,2.5,2.9,2.8,4.0,4.0,4.3,4.2,2.5,2.3,4.4,4.4,3.0,3.1,2.7,2.7,3.2,3.7,4.3,4.1,3.7,3.3,2.1,2.4,4.2,4.1,3.4,3.4
109,1,1,具体-具体,具体-具体,社会,社会,抽象概念,抽象概念,13,13,多义,隐喻扩展,有,有,核心,核心,边缘,边缘,阶段1,阶段1,本体隐喻,本体隐喻,5,5,是,是,名词性,动词性,无,有,有,有,新闻,新闻,4.2,4.5,3.5,3.6,2.7,2.4,4.4,4.5,3.9,3.8,1.8,1.7,3.4,3.6,4.4,4.3,2.2,2.2,2.1,2.0,2.8,2.6,3.3,3.0,1.8,2.0,4.2,4.0,4.1,3.9,1.6,1.6
110,12,12,具体-具体,具体-具体,社会,社会,抽象概念,抽象概念,5,5,隐喻扩展,隐喻扩展,有,有,桥接,桥接,核心,边缘,阶段2,阶段2,方位隐喻,方位隐喻,4,4,像,像,介词短语,介词短语,无,无,有,无,文学,文学,3.5,3.4,3.5,3.3,1.7,1.9,3.9,3.7,3.0,3.0,4.0,4.3,2.8,2.8,3.7,3.9,1.5,1.9,2.1,2.1,2.9,2.9,4.0,4.2,2.1,2.1,3.1,3.0,3.8,3.5,2.1,2.2
111,1,1,具体-具体,具体-具体,感知,感知,社会角色,社会角色,20,20,实例,实例,无,无,边缘,边缘,边缘,边缘,阶段1,阶段1,方位隐喻,方位隐喻,7,7,成为,成为,动词性,动词性,无,无,有,有,学术,学术,2.5,2.5,3.0,2.9,4.3,4.4,2.1,2.5,3.8,3.7,2.8,2.8,1.8,2.1,3.6,3.7,4.5,4.4,3.0,3.1,4.1,3.9,3.7,3.6,3.8,3.7,3.9,3.9,2.0,1.9,1.7,1.5
112,10,5,具体-具体,具体-具体,心理,心理,状态,状态,24,24,多义,子部分,有,无,桥接,核心,边缘,边缘,阶段4,阶段4,结构隐喻,结构隐喻,9,2,算,算,介词短语,介词短语,有,有,有,有,学术,学术,3.5,3.4,3.0,2.9,1.8,1.9,4.0,4.4,3.6,3.8,2.5,2.5,3.1,3.0,1.4,1.6,3.0,2.7,3.0,3.2,4.5,4.7,3.1,3.3,2.5,2.3,1.6,1.9,3.6,3.9,3.2,3.3
113,6,6,具体-具体,具体-具体,社会,社会,品质,品质,13,13,多义,多义,无,有,桥接,桥接,边缘,边缘,阶段2,阶段2,方位隐喻,方位隐喻,9,9,是,成为,形容词性,形容词性,有,有,无,无,网络,文学,2.4,2.5,4.7,4.5,2.8,2.8,3.8,3.8,2.3,2.3,2.7,2.5,3.3,3.5,3.0,2.8,2.8,2.6,3.8,3.8,2.9,2.9,2.3,2.7,1.6,1.4,4.0,4.1,3.4,3.4,3.6,3.7
114,4,4,具体-抽象,具体-抽象,自然,自然,社会角色,社会角色,10,10,子部分,子部分,有,有,桥接,桥接,核心,核心,阶段4,阶段4,本体隐喻,本体隐喻,6,6,是,是,名词性,名词性,有,有,无,无,对话,对话,3.4,3.5,2.3,2.8,2.3,2.1,2.6,2.5,2.3,1.8,2.5,2.3,1.4,1.5,3.7,3.6,2.1,2.1,2.5,2.1,2.7,2.7,4.5,4.3,3.1,3.1,2.0,2.3,3.9,3.8,2.9,3.0
115,7,7,具体-抽象,具体-抽象,运动,空间,关系,关系,1,1,子部分,子部分,无,无,核心,核心,中间,中间,阶段2,阶段2,结构隐喻,结构隐喻,2,2,算,成为,形容词性,形容词性,有,有,无,无,新闻,新闻,2.2,2.1,1.8,1.9,4.5,4.5,3.2,3.2,3.4,3.3,3.1,3.0,2.2,2.1,2.9,2.6,3.0,3.2,4.3,4.1,2.8,2.8,1.7,1.6,3.5,3.5,3.2,3.1,4.3,4.5,2.9,2.9
116,10,10,具体-抽象,具体-抽象,自然,自然,时间,时间,17,17,隐喻扩展,隐喻扩展,无,无,边缘,核心,核心,核心,阶段4,阶段1,结构隐喻,结构隐喻,8,8,是,是,名词性,名词性,有,有,无,无,文学,文学,2.2,2.2,3.7,3.7,3.4,3.3,2.6,2.8,3.6,3.6,3.1,3.2,2.3,2.0,2.8,2.5,3.6,3.4,3.1,3.1,2.6,2.7,4.2,4.0,3.8,3.9,3.2,3.2,2.9,3.0,2.8,2.8
117,5,5,抽象-抽象,抽象-抽象,感知,空间,抽象概念,抽象概念,24,24,子部分,子部分,有,无,边缘,边缘,核心,核心,阶段2,阶段2,本体隐喻,结构隐喻,3,5,算,算,形容词性,形容词性,无,无,有,有,文学,文学,1.8,1.9,2.2,2.2,1.9,2.0,1.7,1.7,3.3,3.3,2.9,3.1,2.3,2.0,3.3,3.1,2.3,2.3,2.1,2.0,2.9,3.0,3.1,2.8,2.5,2.4,1.8,1.5,3.9,3.7,2.7,2.4
118,3,3,抽象-具体,抽象-具体,自然,自然,社会角色,事件,19,19,子部分,子部分,无,无,边缘,边缘,核心,核心,阶段2,阶段2,结构隐喻,结构隐喻,4,4,变成,成为,动词性,动词性,有,有,有,有,网络,网络,2.9,2.9,3.1,2.9,3.5,3.4,4.1,3.9,2.3,2.0,2.9,2.6,2.4,2.4,4.1,4.2,2.9,3.1,2.7,2.7,2.4,2.7,3.9,3.8,2.6,2.8,4.5,4.5,4.7,4.3,3.1,3.4
119,11,11,具体-具体,具体-具体,物体,物体,关系,关系,12,12,多义,多义,有,有,边缘,边缘,边缘,边缘,阶段3,阶段3,方位隐喻,方位隐喻,2,2,为,为,动词性,形容词性,无,无,无,无,文学,文学,3.3,3.3,2.0,2.0,4.3,4.5,2.0,1.9,2.4,2.4,3.5,3.7,2.3,2.3,2.2,2.5,2.0,2.3,4.3,4.4,2.9,2.8,2.4,2.5,3.1,3.2,2.6,2.3,2.1,2.2,1.7,1.6
120,3,3,具体-具体,抽象-抽象,运动,感知,关系,关系,22,22,多义,多义,无,无,边缘,边缘,中间,中间,阶段4,阶段4,本体隐喻,结构隐喻,8,8,成为,成为,介词短语,介词短语,有,有,有,有,文学,文学,3.9,4.2,3.6,3.3,3.5,3.4,3.0,2.9,3.6,3.7,1.4,1.4,2.3,2.6,2.8,2.5,3.1,3.1,2.9,2.8,4.4,4.2,2.7,2.8,1.5,1.7,3.7,3.6,3.9,4.1,3.2,3.2
121,11,11,具体-抽象,具体-具体,自然,自然,关系,关系,9,23,子部分,子部分,有,有,桥接,桥接,核心,核心,阶段4,阶段4,本体隐喻,本体隐喻,3,3,算,算,动词性,动词性,无,无,有,有,学术,学术,3.9,4.0,4.2,4.3,2.7,3.0,3.6,3.5,4.4,4.4,4.2,4.3,4.0,4.1,3.6,3.5,3.8,3.7,4.1,4.0,2.5,2.3,1.9,2.2,2.3,2.2,3.3,3.3,1.7,1.8,3.0,3.1
122,2,2,具体-具体,具体-具体,感知,感知,状态,状态,8,20,子部分,子部分,有,有,核心,核心,中间,中间,阶段3,阶段3,结构隐喻,结构隐喻,3,3,像,像,形容词性,形容词性,有,有,无,无,对话,对话,4.8,4.6,3.8,3.8,2.3,2.2,4.5,4.2,4.4,4.5,3.8,3.7,2.5,2.3,2.2,2.2,1.6,1.6,1.8,1.8,3.2,3.4,4.6,4.2,2.5,2.6,1.5,1.6,1.8,1.7,3.4,3.2
123,2,2,抽象-抽象,抽象-抽象,物体,物体,事件,事件,3,3,隐喻扩展,隐喻扩展,有,有,核心,核心,核心,核心,阶段4,阶段4,结构隐喻,结构隐喻,2,2,成为,成为,形容词性,形容词性,无,无,无,无,文学,文学,1.8,1.7,2.2,2.1,1.7,1.8,1.7,1.8,3.1,3.0,3.8,3.5,2.6,2.6,4.0,4.0,3.1,3.1,4.3,4.2,3.1,3.1,1.6,1.6,2.5,2.2,4.2,4.2,4.3,4.0,4.0,4.1
124,8,9,抽象-具体,抽象-具体,社会,人体,状态,状态,8,8,子部分,子部分,无,无,桥接,桥接,边缘,边缘,阶段3,阶段3,本体隐喻,本体隐喻,6,6,变成,变成,动词性,动词性,有,有,无,无,网络,网络,3.1,3.0,4.5,4.6,2.2,2.2,2.7,2.7,4.2,4.1,2.7,2.8,2.5,2.3,3.5,3.6,2.6,2.8,2.7,2.7,3.8,3.5,2.4,2.9,2.7,3.0,2.2,2.4,4.2,4.5,3.9,3.9
125,1,1,抽象-抽象,抽象-抽象,自然,自然,抽象概念,品质,1,1,实例,实例,有,有,核心,核心,核心,核心,阶段2,阶段2,结构隐喻,结构隐喻,9,9,为,为,动词性,动词性,无,无,有,有,文学,对话,3.2,3.1,2.5,2.4,3.1,3.1,3.4,3.4,1.7,1.6,4.5,4.3,4.5,4.4,2.7,2.6,1.8,1.7,4.4,4.2,2.8,3.1,2.5,2.4,3.7,3.3,2.1,2.2,1.6,1.5,3.8,3.9
126,8,8,抽象-具体,抽象-具体,心理,物体,情感,情感,16,16,实例,实例,有,有,边缘,边缘,核心,核心,阶段2,阶段2,本体隐喻,本体隐喻,5,6,变成,变成,动词性,动词性,有,有,有,有,网络,网络,3.8,3.8,2.9,2.9,3.9,3.7,3.8,3.7,4.3,4.1,1.3,1.6,3.2,3.1,3.5,3.6,4.4,4.3,4.2,4.2,1.8,2.0,4.1,4.1,3.1,3.0,1.7,1.6,4.0,4.1,2.7,2.8
127,2,2,抽象-具体,抽象-具体,心理,社会,时间,品质,9,9,子部分,子部分,有,有,核心,核心,核心,核心,阶段2,阶段2,结构隐喻,结构隐喻,9,9,变成,变成,名词性,名词性,无,无,有,无,学术,学术,2.4,2.5,2.9,3.0,4.2,4.2,4.4,4.3,2.8,3.0,1.8,1.7,3.3,3.2,2.3,2.4,2.2,2.2,3.5,3.5,4.1,3.9,3.1,3.0,3.9,3.9,2.3,2.4,3.4,3.5,2.7,2.8
128,8,8,抽象-抽象,抽象-抽象,自然,自然,状态,状态,7,7,多义,实例,无,无,核心,核心,边缘,边缘,阶段3,阶段3,结构隐喻,结构隐喻,4,4,算,算,介词短语,介词短语,有,有,无,无,新闻,新闻,1.8,1.7,4.5,4.6,3.7,3.8,1.6,1.6,3.9,3.8,4.0,3.9,3.3,3.5,3.8,3.8,3.3,3.3,3.4,3.3,3.5,3.5,2.2,2.0,3.2,3.3,3.4,3.4,3.6,3.7,2.4,2.1
129,2,3,抽象-具体,抽象-具体,心理,心理,品质,品质,23,23,实例,实例,无,无,边缘,边缘,核心,核心,阶段4,阶段4,本体隐喻,本体隐喻,8,8,是,是,介词短语,介词短语,无,无,有,有,新闻,新闻,2.5,2.4,1.7,1.6,2.0,1.9,3.4,3.3,1.4,1.5,3.7,3.9,2.5,2.6,1.7,1.7,2.6,2.5,2.2,2.0,3.1,3.1,3.0,3.0,2.4,2.3,2.1,1.9,3.0,2.8,1.7,1.6
130,7,7,抽象-抽象,抽象-抽象,自然,物体,状态,状态,11,11,隐喻扩展,隐喻扩展,无,无,边缘,核心,边缘,边缘,阶段4,阶段4,方位隐喻,方位隐喻,7,6,是,是,介词短语,名词性,无,无,无,无,文学,文学,4.5,4.3,3.7,3.4,3.9,3.9,1.3,1.5,4.1,4.1,2.3,2.3,4.4,4.6,2.9,3.0,2.4,2.3,3.4,3.4,4.2,4.1,2.3,2.1,1.8,1.8,2.8,2.8,2.7,2.9,3.1,2.9
131,8,8,具体-抽象,具体-抽象,心理,心理,关系,关系,21,21,实例,隐喻扩展,无,无,桥接,桥接,核心,核心,阶段4,阶段4,方位隐喻,本体隐喻,3,3,像,像,名词性,名词性,有,有,无,无,对话,对话,4.1,4.3,2.6,2.5,3.2,3.4,3.7,3.8,3.1,3.0,3.3,3.3,1.8,1.9,2.4,2.3,3.0,3.2,3.1,3.0,4.3,4.4,1.6,1.4,3.3,3.3,3.8,4.0,2.6,2.6,4.3,4.4
132,2,2,抽象-抽象,抽象-抽象,自然,心理,事件,事件,11,11,实例,实例,无,有,边缘,边缘,核心,核心,阶段2,阶段2,本体隐喻,本体隐喻,6,6,是,变成,介词短语,介词短语,有,有,无,无,对话,对话,2.9,2.7,1.8,1.7,2.8,2.9,1.8,2.0,2.1,2.2,3.2,3.2,3.0,2.7,4.0,4.1,3.6,3.7,2.5,2.4,2.6,2.7,3.2,3.1,2.1,2.4,4.3,4.3,2.7,2.5,3.6,3.6
133,5,5,具体-抽象,具体-抽象,感知,感知,关系,关系,22,2,多义,多义,有,有,核心,核心,中间,中间,阶段1,阶段1,结构隐喻,结构隐喻,2,2,是,是,形容词性,形容词性,有,有,有,有,新闻,新闻,3.9,4.0,4.4,4.3,3.3,3.3,4.2,4.0,2.5,2.7,2.9,3.2,2.0,2.1,3.6,3.7,3.8,4.0,2.9,3.0,2.4,2.5,2.5,2.4,2.3,2.5,3.8,3.6,4.3,4.3,3.2,3.2
134,7,7,抽象-具体,抽象-具体,社会,社会,事件,事件,4,4,隐喻扩展,隐喻扩展,无,无,边缘,边缘,核心,核心,阶段1,阶段1,方位隐喻,方位隐喻,5,5,像,像,名词性,名词性,无,无,无,无,学术,文学,1.5,1.6,3.3,3.2,1.6,1.6,2.0,1.8,2.2,2.2,3.3,3.3,3.8,3.8,3.9,4.0,3.4,3.3,4.3,4.2,3.9,3.9,1.9,2.3,4.1,4.0,1.8,2.1,3.9,3.9,2.2,2.4
135,12,12,抽象-抽象,抽象-抽象,空间,人体,品质,品质,15,15,多义,多义,有,有,核心,核心,中间,中间,阶段4,阶段4,本体隐喻,本体隐喻,3,3,为,为,介词短语,介词短语,有,有,有,有,新闻,新闻,2.3,2.5,3.7,3.5,1.6,1.7,3.7,3.6,2.6,2.6,4.4,4.4,1.8,1.9,3.5,3.4,3.1,2.9,1.4,1.8,2.9,3.1,2.0,2.3,2.1,2.3,2.5,2.6,2.4,2.3,1.9,1.9
136,6,6,抽象-具体,抽象-具体,运动,运动,社会角色,社会角色,14,22,多义,多义,无,无,桥接,桥接,核心,核心,阶段1,阶段1,方位隐喻,方位隐喻,5,5,像,像,介词短语,介词短语,有,无,有,有,对话,新闻,3.9,3.6,2.5,2.1,3.2,3.1,2.3,2.2,2.5,2.5,4.5,4.4,3.1,3.1,3.9,4.0,3.8,4.0,2.7,2.8,1.8,1.8,2.6,3.0,3.2,3.1,3.4,3.2,3.8,3.8,2.4,2.4
137,3,6,抽象-具体,抽象-具体,运动,运动,抽象概念,事件,16,16,子部分,子部分,无,无,核心,核心,中间,中间,阶段4,阶段4,结构隐喻,结构隐喻,4,1,像,算,名词性,名词性,有,有,有,无,新闻,新闻,2.1,2.2,3.8,3.8,2.0,2.0,3.3,3.1,3.1,3.1,4.4,4.5,1.9,1.8,3.0,2.7,3.0,3.1,2.6,2.5,2.5,2.5,4.2,4.0,2.1,1.9,4.2,4.1,3.5,3.5,3.1,3.2
138,1,1,抽象-具体,抽象-具体,社会,感知,社会角色,社会角色,23,23,隐喻扩展,隐喻扩展,有,有,桥接,桥接,边缘,边缘,阶段1,阶段1,方位隐喻,方位隐喻,7,7,像,像,动词性,动词性,无,无,有,无,网络,网络,2.0,2.1,4.1,4.0,3.3,2.9,3.2,3.4,4.1,4.0,3.2,3.1,2.9,2.8,3.5,3.6,4.4,4.5,4.5,4.4,3.9,4.0,3.7,3.9,2.7,2.8,3.0,3.2,4.2,3.9,3.3,3.5
139,7,7,抽象-具体,抽象-具体,空间,空间,抽象概念,抽象概念,2,2,实例,多义,无,无,边缘,边缘,边缘,边缘,阶段3,阶段3,结构隐喻,结构隐喻,8,8,算,算,介词短语,介词短语,无,无,无,无,学术,学术,4.0,4.1,2.8,2.7,2.4,2.5,1.8,2.1,4.4,4.5,2.3,2.5,2.4,2.5,1.6,1.6,3.1,3.2,4.3,4.5,3.6,3.8,1.4,1.6,4.5,4.5,3.0,2.9,1.8,1.8,2.7,2.5
140,9,9,具体-抽象,具体-抽象,空间,运动,时间,关系,4,4,隐喻扩展,隐喻扩展,无,无,桥接,桥接,中间,中间,阶段3,阶段3,结构隐喻,结构隐喻,1,1,像,像,动词性,动词性,有,有,有,有,学术,学术,3.2,3.2,3.1,3.2,4.1,4.3,2.4,2.4,2.3,1.9,3.1,3.2,4.2,4.3,4.1,4.2,2.5,2.7,3.2,3.3,4.2,4.1,3.6,3.7,4.4,4.4,2.4,2.0,3.7,3.5,1.8,1.8
141,5,5,具体-具体,抽象-具体,自然,自然,社会角色,抽象概念,7,7,子部分,子部分,无,无,核心,核心,边缘,边缘,阶段3,阶段3,方位隐喻,方位隐喻,9,9,像,像,动词性,动词性,无,无,有,有,网络,网络,4.5,4.5,4.5,4.4,4.3,4.3,1.8,1.7,1.8,1.7,3.6,3.2,1.7,1.7,3.7,3.8,2.9,2.9,3.2,3.1,2.2,1.9,1.7,1.9,4.2,4.5,3.1,2.9,2.4,2.2,2.4,2.2
142,10,10,抽象-抽象,抽象-抽象,运动,空间,时间,时间,23,13,隐喻扩展,实例,有,有,核心,核心,核心,中间,阶段1,阶段1,方位隐喻,方位隐喻,5,5,为,为,介词短语,介词短语,无,无,无,有,学术,学术,2.0,1.7,4.1,3.9,4.3,4.6,1.6,1.5,2.6,2.6,2.4,2.3,3.5,3.5,4.3,4.1,2.6,3.0,4.1,4.0,2.1,2.4,3.3,2.9,3.4,3.0,2.3,2.4,2.1,2.2,2.2,2.1
143,3,3,抽象-抽象,抽象-抽象,社会,社会,时间,时间,16,16,实例,实例,无,无,核心,核心,边缘,边缘,阶段3,阶段3,本体隐喻,本体隐喻,9,9,像,像,动词性,动词性,有,有,有,有,文学,文学,2.6,2.7,2.9,2.8,4.2,4.2,2.1,2.4,1.9,1.9,3.5,3.4,3.9,3.6,3.7,4.1,2.4,2.4,1.5,1.4,2.1,2.2,3.8,3.8,2.5,2.4,3.1,3.2,3.7,3.6,3.2,3.0
144,10,10,具体-抽象,具体-抽象,感知,感知,事件,事件,14,16,隐喻扩展,多义,无,无,边缘,边缘,核心,核心,阶段3,阶段3,方位隐喻,方位隐喻,2,8,为,为,形容词性,形容词性,有,有,无,无,网络,网络,2.4,2.6,3.4,3.4,4.4,4.4,3.0,3.1,3.9,4.0,3.2,3.3,4.1,4.0,2.1,2.5,2.0,2.0,3.2,3.1,4.4,4.4,2.8,2.9,2.5,2.5,3.8,4.0,4.2,4.1,1.8,1.8
145,12,12,具体-具体,具体-具体,自然,自然,事件,情感,5,5,子部分,隐喻扩展,无,无,桥接,桥接,中间,中间,阶段4,阶段4,结构隐喻,结构隐喻,4,4,成为,成为,动词性,动词性,无,无,有,有,学术,网络,4.3,4.0,3.8,3.7,3.6,3.7,3.7,3.7,2.8,2.9,4.0,4.3,4.1,4.2,2.4,2.2,2.9,3.0,1.5,1.6,1.7,1.8,2.5,2.7,2.2,2.1,4.3,4.4,3.0,3.2,2.2,2.4
146,3,3,具体-具体,具体-具体,人体,人体,情感,情感,14,14,实例,实例,有,有,桥接,桥接,核心,核心,阶段2,阶段1,本体隐喻,本体隐喻,7,7,变成,变成,动词性,动词性,无,无,无,无,新闻,新闻,2.4,2.1,1.6,1.6,4.3,4.4,3.6,3.8,3.5,3.3,2.4,2.1,4.3,4.6,3.9,3.8,4.3,4.3,4.3,4.5,3.4,3.3,4.5,4.2,1.8,1.9,4.0,4.0,3.0,3.0,2.6,2.5
147,6,8,抽象-具体,抽象-具体,自然,自然,时间,时间,1,1,子部分,子部分,有,有,桥接,边缘,边缘,边缘,阶段4,阶段4,本体隐喻,本体隐喻,5,5,成为,成为,形容词性,形容词性,无,无,无,无,对话,对话,2.4,2.7,3.3,3.0,3.3,3.6,1.6,1.7,1.9,2.0,3.7,3.7,2.2,2.3,1.8,2.2,2.2,2.4,2.4,2.5,3.4,3.5,1.6,1.4,2.0,2.0,4.1,3.9,3.9,4.0,2.9,3.2
148,12,12,抽象-抽象,抽象-抽象,人体,人体,情感,情感,15,15,子部分,子部分,无,无,桥接,桥接,中间,中间,阶段1,阶段1,结构隐喻,结构隐喻,5,5,是,为,介词短语,介词短语,有,有,无,无,学术,学术,1.9,1.9,4.4,4.4,3.9,4.1,2.2,2.4,3.8,3.9,2.8,2.9,2.5,2.4,1.7,1.7,2.5,2.4,3.0,3.1,3.4,3.3,1.5,1.6,3.0,2.8,2.4,2.5,1.6,1.5,2.4,2.6
149,8,8,抽象-具体,抽象-具体,人体,人体,品质,时间,5,5,多义,多义,有,有,边缘,边缘,核心,核心,阶段3,阶段4,结构隐喻,结构隐喻,4,4,为,为,形容词性,形容词性,无,无,有,有,新闻,新闻,3.7,3.8,4.4,4.4,1.9,2.1,3.8,3.7,4.3,4.4,2.1,1.8,2.6,2.6,1.5,1.6,4.0,3.7,2.9,2.6,3.5,3.5,4.1,4.1,1.5,1.3,3.7,3.6,3.4,3.7,1.8,1.8
150,6,9,具体-抽象,具体-具体,空间,空间,事件,事件,13,13,子部分,子部分,无,无,桥接,桥接,核心,核心,阶段2,阶段2,结构隐喻,结构隐喻,4,4,像,像,形容词性,形容词性,有,有,无,无,文学,文学,2.4,2.2,4.2,4.0,3.4,3.6,2.9,2.9,3.0,3.0,2.4,2.4,3.2,3.2,2.5,2.3,1.9,1.6,4.5,4.1,3.0,3.0,4.0,4.2,4.3,4.3,2.7,2.9,1.7,1.7,1.4,1.6
151,10,3,抽象-抽象,具体-具体,社会,社会,抽象概念,抽象概念,21,21,实例,实例,无,无,核心,核心,中间,中间,阶段3,阶段3,结构隐喻,结构隐喻,3,3,成为,是,名词性,名词性,有,无,有,有,对话,对话,1.7,1.6,1.9,1.8,4.4,4.2,2.1,2.1,4.4,4.4,1.6,1.8,2.7,2.6,1.7,1.7,4.1,4.2,4.5,4.3,1.7,1.8,2.5,2.8,3.0,3.3,1.5,1.9,2.2,2.2,1.8,1.9
152,7,7,具体-具体,具体-具体,空间,空间,事件,事件,17,17,子部分,子部分,有,有,桥接,桥接,中间,中间,阶段3,阶段3,结构隐喻,结构隐喻,1,1,为,为,介词短语,名词性,有,有,有,无,文学,文学,2.6,2.9,4.6,4.5,3.2,3.1,2.7,2.6,1.6,1.8,2.5,2.5,3.9,3.5,3.9,3.9,3.6,3.6,1.7,1.6,3.6,3.6,3.0,3.0,2.0,2.0,4.4,4.1,3.6,3.6,4.1,4.1
153,11,10,具体-具体,具体-具体,感知,感知,情感,时间,13,13,多义,子部分,无,无,桥接,桥接,核心,核心,阶段3,阶段3,结构隐喻,结构隐喻,6,9,是,是,形容词性,形容词性,无,无,无,无,网络,网络,2.7,2.7,3.3,3.4,2.1,2.2,2.4,2.2,1.5,1.7,1.7,1.7,1.7,1.5,2.7,3.1,3.0,3.2,3.6,3.7,2.5,2.5,2.2,2.0,2.9,2.8,1.9,1.5,2.8,2.7,2.4,2.6
154,10,10,具体-具体,抽象-抽象,物体,物体,关系,社会角色,10,17,隐喻扩展,多义,有,有,核心,核心,边缘,边缘,阶段4,阶段4,结构隐喻,本体隐喻,5,5,变成,变成,动词性,动词性,有,有,有,无,对话,对话,2.2,2.0,2.2,2.2,3.0,3.1,1.7,1.6,4.5,4.6,4.1,4.4,1.6,1.7,2.3,2.2,2.1,2.4,2.4,2.7,1.8,1.7,4.2,4.0,2.6,2.6,1.6,1.7,2.4,2.5,3.2,2.9
155,10,10,抽象-具体,抽象-具体,自然,自然,抽象概念,抽象概念,20,20,多义,多义,无,无,桥接,桥接,边缘,边缘,阶段2,阶段2,方位隐喻,方位隐喻,6,6,算,算,动词性,动词性,有,无,无,无,文学,文学,2.0,1.6,3.6,3.7,3.4,3.6,3.9,3.6,3.4,3.7,1.8,1.7,3.7,3.5,3.2,3.5,1.9,1.8,2.1,1.8,1.8,1.9,3.0,3.0,3.9,4.1,1.8,1.4,3.1,3.1,3.0,2.9
156,3,3,抽象-具体,抽象-具体,自然,自然,社会角色,社会角色,15,7,隐喻扩展,多义,无,无,核心,核心,核心,核心,阶段2,阶段2,本体隐喻,方位隐喻,1,1,算,算,介词短语,介词短语,有,有,无,无,学术,对话,4.1,4.2,4.0,3.8,4.0,3.7,2.5,2.4,1.9,1.9,4.0,3.9,4.1,4.3,2.0,1.6,1.9,2.2,2.5,2.8,2.4,2.3,3.4,3.3,1.6,1.9,1.7,1.8,4.2,4.2,2.5,2.6
157,2,2,具体-抽象,具体-抽象,感知,感知,事件,事件,8,6,多义,多义,有,无,桥接,桥接,核心,核心,阶段3,阶段3,方位隐喻,结构隐喻,4,4,像,像,介词短语,介词短语,无,无,有,有,文学,文学,1.7,1.7,1.9,1.9,3.1,2.9,4.5,4.4,2.6,2.7,4.3,4.2,3.6,3.8,3.6,3.8,3.7,3.8,4.6,4.7,2.9,2.8,1.9,1.8,2.6,2.8,1.5,1.8,2.7,2.7,4.1,3.9
158,10,10,抽象-具体,抽象-具体,运动,运动,时间,时间,5,5,隐喻扩展,隐喻扩展,有,有,桥接,桥接,边缘,边缘,阶段2,阶段2,方位隐喻,方位隐喻,4,4,为,为,介词短语,介词短语,无,无,无,无,新闻,学术,1.9,1.8,4.4,4.0,2.2,2.3,4.3,4.1,2.7,3.1,3.2,3.1,1.8,1.9,3.1,3.0,4.6,4.1,2.8,2.7,4.1,4.0,3.6,3.2,3.5,3.5,3.7,3.3,3.0,3.3,4.1,4.2
159,1,1,具体-具体,具体-具体,运动,运动,时间,时间,15,15,多义,多义,无,无,桥接,桥接,边缘,边缘,阶段4,阶段4,方位隐喻,本体隐喻,1,1,为,为,名词性,名词性,有,有,有,有,文学,文学,2.4,2.3,4.5,4.2,4.3,4.2,3.6,4.0,3.5,3.7,1.8,1.6,4.3,4.5,1.6,1.4,3.7,3.5,2.2,2.5,3.2,3.1,3.4,3.8,2.6,2.5,4.2,3.9,1.9,2.0,2.2,2.2
160,12,12,具体-具体,具体-具体,人体,人体,时间,事件,1,1,实例,实例,有,有,桥接,桥接,中间,中间,阶段3,阶段3,结构隐喻,结构隐喻,7,7,像,像,介词短语,介词短语,无,无,有,有,对话,对话,4.2,4.5,1.7,1.6,3.9,3.7,2.4,2.4,4.0,3.9,3.2,3.3,3.2,3.3,2.4,2.4,3.1,3.1,3.8,3.9,3.1,3.0,2.5,2.4,2.8,2.6,3.9,4.0,2.9,3.0,3.9,3.9
161,5,3,抽象-抽象,抽象-抽象,空间,人体,状态,社会角色,11,11,隐喻扩展,隐喻扩展,有,有,桥接,边缘,边缘,边缘,阶段1,阶段1,本体隐喻,本体隐喻,3,4,为,为,形容词性,形容词性,无,有,无,无,对话,网络,1.8,1.8,4.2,4.3,2.2,2.2,2.3,2.3,1.9,1.9,2.5,2.2,3.9,3.9,3.9,3.7,4.3,4.1,4.2,3.9,2.2,2.2,4.2,4.2,2.6,2.7,3.4,3.6,1.5,1.6,3.9,3.6
162,9,1,具体-抽象,具体-抽象,人体,人体,社会角色,社会角色,20,20,多义,多义,有,有,边缘,边缘,核心,中间,阶段3,阶段4,结构隐喻,结构隐喻,5,5,成为,成为,名词性,名词性,无,无,有,有,网络,网络,3.9,3.8,4.3,4.2,3.8,3.6,3.1,3.0,3.4,3.6,2.0,2.2,2.1,2.0,1.8,2.2,4.2,4.0,2.7,2.6,4.4,4.3,2.2,2.0,3.8,3.8,3.9,4.0,4.0,4.1,4.0,4.1
163,12,12,抽象-抽象,抽象-抽象,社会,社会,时间,时间,3,3,多义,多义,无,无,核心,核心,中间,中间,阶段4,阶段4,本体隐喻,本体隐喻,8,8,算,算,形容词性,形容词性,有,有,有,有,学术,学术,4.1,4.0,1.9,1.6,2.4,2.6,2.5,2.6,2.9,2.8,3.2,3.3,3.3,3.3,4.4,4.4,3.4,3.5,2.3,2.6,4.3,4.2,4.2,4.2,1.9,1.9,2.9,2.8,2.0,2.1,2.8,2.8
164,9,9,具体-抽象,具体-抽象,人体,人体,品质,品质,11,11,隐喻扩展,隐喻扩展,有,无,桥接,核心,中间,中间,阶段4,阶段4,结构隐喻,结构隐喻,4,8,成为,成为,名词性,名词性,有,有,有,有,文学,文学,2.8,2.6,2.3,2.3,2.5,2.4,4.3,4.3,3.1,3.4,2.5,2.6,2.5,2.4,4.3,4.4,1.4,1.8,3.6,3.6,3.9,4.0,3.7,3.5,4.0,4.0,4.4,4.1,4.4,4.5,3.7,3.4
165,5,5,具体-抽象,具体-抽象,社会,社会,抽象概念,抽象概念,6,6,实例,实例,无,无,边缘,边缘,核心,核心,阶段1,阶段1,结构隐喻,结构隐喻,4,4,是,变成,介词短语,形容词性,无,无,无,无,文学,文学,2.2,2.4,2.8,2.7,4.0,3.9,1.7,2.0,3.0,3.1,3.7,3.8,4.4,4.3,3.8,3.8,2.5,2.4,2.3,1.9,2.5,2.4,4.0,3.9,1.4,1.7,2.9,2.9,2.6,2.8,2.0,2.3
166,7,5,具体-具体,具体-具体,运动,运动,品质,品质,24,16,隐喻扩展,隐喻扩展,有,无,桥接,桥接,边缘,边缘,阶段2,阶段2,方位隐喻,方位隐喻,3,3,为,为,动词性,动词性,有,无,有,有,学术,学术,3.6,3.6,2.6,2.5,3.9,4.3,3.4,3.6,2.9,2.9,3.3,3.2,2.9,2.9,1.6,1.7,2.3,2.4,3.0,3.0,3.3,3.3,3.6,3.5,2.5,2.5,1.7,1.7,3.9,4.0,4.5,4.5
167,1,1,具体-抽象,具体-抽象,社会,感知,时间,时间,18,18,实例,实例,有,有,边缘,边缘,中间,中间,阶段3,阶段3,结构隐喻,本体隐喻,8,8,变成,变成,动词性,动词性,无,无,无,无,学术,学术,3.3,3.6,3.7,3.7,2.6,2.7,3.5,3.4,2.0,2.1,4.1,3.9,3.7,3.9,2.7,2.7,2.4,2.7,1.9,1.8,2.7,2.6,2.8,2.9,2.8,2.8,3.7,3.7,2.8,2.7,3.7,3.7
168,10,10,具体-抽象,具体-抽象,物体,空间,时间,时间,1,1,实例,实例,无,无,核心,核心,中间,中间,阶段3,阶段3,方位隐喻,方位隐喻,7,7,算,算,名词性,名词性,有,有,有,有,对话,对话,3.8,3.8,2.4,2.6,1.5,1.3,4.0,3.8,3.0,2.7,1.8,2.0,3.2,3.3,2.4,2.3,2.8,2.7,2.5,2.4,2.7,2.5,2.7,2.4,2.5,2.5,3.9,3.8,2.0,1.9,1.8,1.6
169,12,9,具体-抽象,具体-抽象,空间,空间,事件,事件,6,23,多义,多义,无,无,桥接,桥接,核心,边缘,阶段3,阶段3,本体隐喻,本体隐喻,1,1,为,为,名词性,名词性,有,有,无,无,学术,新闻,4.0,4.1,4.5,4.4,2.1,2.1,3.3,3.2,2.2,2.1,2.2,2.2,1.7,1.7,1.8,2.1,4.4,4.2,2.3,2.5,1.7,1.8,3.6,3.8,2.1,2.0,2.2,2.2,2.8,2.9,4.2,4.1
170,6,6,抽象-具体,抽象-具体,空间,空间,社会角色,社会角色,1,1,子部分,子部分,有,有,核心,核心,核心,中间,阶段4,阶段4,本体隐喻,本体隐喻,1,1,成为,成为,介词短语,介词短语,有,有,无,无,学术,学术,2.2,2.2,4.4,4.5,4.2,4.1,3.2,3.5,1.6,1.7,3.3,3.2,3.1,3.3,4.4,4.4,3.7,3.8,3.6,3.6,1.9,2.0,2.6,2.3,3.4,3.3,2.4,2.5,2.3,2.2,4.3,4.3
171,8,2,抽象-抽象,抽象-抽象,自然,社会,社会角色,社会角色,9,9,子部分,子部分,无,无,边缘,边缘,中间,中间,阶段3,阶段2,方位隐喻,方位隐喻,7,7,是,是,介词短语,介词短语,有,有,有,有,新闻,新闻,3.8,3.6,2.3,2.5,4.3,4.3,4.4,4.5,2.4,2.5,4.1,4.1,3.2,3.1,2.0,1.9,3.7,3.6,2.3,2.2,4.4,4.3,1.6,1.8,2.7,2.9,3.5,3.7,2.6,2.5,2.4,2.3
172,11,6,抽象-抽象,抽象-抽象,空间,空间,抽象概念,时间,22,22,子部分,子部分,无,有,核心,边缘,核心,核心,阶段4,阶段4,结构隐喻,结构隐喻,6,6,是,是,形容词性,形容词性,无,无,有,有,对话,对话,1.8,1.9,3.0,3.2,3.0,2.9,1.6,1.8,1.5,1.6,4.1,3.8,3.8,3.7,2.4,2.5,2.9,2.8,4.2,4.2,3.3,3.3,2.3,2.3,3.3,3.1,3.2,3.2,2.3,2.5,3.1,3.1
173,6,6,具体-抽象,具体-抽象,空间,运动,社会角色,社会角色,17,4,子部分,子部分,无,无,桥接,桥接,核心,核心,阶段3,阶段3,方位隐喻,方位隐喻,2,1,算,算,形容词性,形容词性,有,有,有,无,新闻,新闻,2.9,3.1,3.2,2.9,2.4,2.4,1.9,1.9,3.4,3.1,3.5,3.4,2.4,2.4,4.1,4.0,2.4,2.6,4.5,4.4,1.4,1.4,3.8,3.8,3.4,3.1,4.2,4.4,2.4,2.8,4.6,4.5
174,1,1,抽象-抽象,具体-具体,空间,空间,品质,品质,18,18,隐喻扩展,隐喻扩展,无,无,核心,桥接,核心,核心,阶段1,阶段4,方位隐喻,本体隐喻,1,1,为,为,动词性,动词性,有,有,无,无,学术,学术,3.3,3.4,3.3,3.4,2.5,2.3,2.7,2.7,1.7,1.7,3.1,3.3,4.0,4.0,2.1,2.2,1.9,2.0,1.7,1.8,4.0,4.0,4.0,3.7,2.2,2.2,3.0,3.0,3.0,2.8,2.8,3.0
175,2,2,具体-具体,具体-具体,运动,运动,品质,社会角色,15,15,实例,实例,无,无,边缘,边缘,核心,核心,阶段1,阶段1,结构隐喻,方位隐喻,5,2,是,是,动词性,动词性,有,有,无,无,对话,对话,2.1,2.0,2.7,2.8,4.3,4.1,2.9,3.1,2.7,2.6,3.4,3.2,3.3,3.3,3.1,2.9,2.8,2.9,2.7,2.6,1.7,1.7,2.4,2.4,4.5,4.3,3.6,3.4,2.0,1.7,3.6,3.6
176,7,7,抽象-抽象,具体-抽象,社会,社会,事件,时间,12,12,多义,多义,有,有,桥接,桥接,边缘,核心,阶段3,阶段3,本体隐喻,本体隐喻,7,7,像,像,介词短语,介词短语,有,有,无,无,对话,对话,1.8,1.5,1.9,2.0,2.4,2.5,2.2,2.1,4.6,4.5,2.1,2.1,1.5,1.6,4.5,4.4,2.0,2.0,2.5,2.4,3.6,3.6,2.5,2.7,3.9,4.0,2.3,2.3,2.4,2.3,2.5,2.9
177,6,6,具体-抽象,抽象-抽象,心理,社会,事件,关系,9,9,多义,多义,有,有,边缘,边缘,核心,核心,阶段2,阶段2,方位隐喻,方位隐喻,6,6,为,为,名词性,名词性,有,有,有,有,学术,学术,2.0,2.0,1.7,1.6,2.9,2.9,1.7,1.7,1.5,1.5,3.2,3.4,3.5,3.6,2.3,2.2,2.7,2.5,2.5,2.5,3.3,3.2,3.2,3.2,4.1,4.0,4.2,4.3,3.4,3.2,1.8,1.7
178,8,8,抽象-抽象,抽象-抽象,空间,空间,抽象概念,抽象概念,18,2,多义,多义,无,无,桥接,桥接,核心,核心,阶段2,阶段2,方位隐喻,方位隐喻,6,6,像,像,名词性,名词性,无,无,无,无,新闻,新闻,2.8,2.9,2.0,1.6,3.6,3.8,1.6,1.6,2.6,2.5,2.9,3.0,4.2,4.1,3.4,3.5,2.1,1.9,2.2,2.5,1.6,1.7,2.3,2.6,3.0,2.9,2.6,2.4,3.7,3.9,3.1,2.9
179,7,7,抽象-具体,抽象-具体,空间,自然,品质,品质,17,24,实例,实例,无,无,桥接,桥接,核心,核心,阶段1,阶段1,本体隐喻,本体隐喻,7,7,算,算,名词性,名词性,有,无,无,无,文学,文学,4.2,4.1,4.1,4.2,2.1,2.1,3.6,3.6,3.8,3.7,2.6,2.6,3.6,3.5,1.8,1.9,2.4,2.5,2.8,2.7,3.2,3.1,3.5,3.1,3.9,4.1,3.1,3.0,2.2,2.3,4.0,4.1
180,12,12,抽象-具体,具体-抽象,空间,社会,时间,时间,1,1,隐喻扩展,隐喻扩展,有,有,桥接,桥接,边缘,边缘,阶段4,阶段4,本体隐喻,本体隐喻,9,9,变成,变成,动词性,动词性,有,有,有,有,学术,学术,2.9,3.0,2.4,2.3,2.2,2.1,3.1,2.9,2.1,2.1,4.2,4.1,2.7,2.8,3.3,3.3,1.7,1.7,2.0,1.9,1.8,1.6,2.4,2.2,3.6,3.5,3.4,3.5,2.2,2.4,1.8,1.7
181,6,6,具体-抽象,具体-抽象,物体,物体,关系,关系,16,16,多义,多义,无,无,核心,核心,核心,核心,阶段1,阶段1,结构隐喻,结构隐喻,6,6,成为,成为,动词性,动词性,有,有,有,有,对话,对话,3.7,3.8,1.6,1.6,2.6,2.7,4.1,4.0,3.1,3.2,4.1,3.9,3.2,3.1,2.5,2.6,1.3,1.7,2.3,2.3,1.8,1.5,2.1,1.9,2.9,2.9,2.5,2.2,3.0,2.8,2.8,2.8
182,4,4,具体-抽象,具体-抽象,心理,心理,状态,状态,3,15,隐喻扩展,隐喻扩展,有,有,桥接,桥接,中间,中间,阶段4,阶段4,结构隐喻,结构隐喻,6,6,算,算,介词短语,动词性,无,无,无,无,网络,网络,2.0,2.1,3.3,3.3,3.4,3.2,2.7,2.4,2.3,2.4,1.7,2.0,2.0,2.0,3.5,3.5,4.1,4.3,3.7,3.7,1.7,1.9,1.9,1.9,3.7,3.6,2.5,2.7,4.4,4.3,4.1,3.9
183,11,11,具体-具体,具体-具体,运动,运动,时间,时间,9,9,隐喻扩展,隐喻扩展,无,无,核心,核心,边缘,边缘,阶段1,阶段1,结构隐喻,结构隐喻,4,3,为,为,介词短语,介词短语,无,无,有,有,学术,学术,1.6,1.9,1.9,1.7,4.0,3.9,3.5,3.6,2.2,2.3,4.4,4.3,3.4,3.2,2.7,2.9,3.3,3.4,2.5,2.8,2.1,2.3,2.2,2.5,3.2,3.2,3.1,3.0,3.0,3.3,2.6,2.5
184,5,5,抽象-抽象,抽象-抽象,运动,运动,事件,社会角色,13,10,多义,多义,有,有,边缘,边缘,中间,中间,阶段2,阶段2,本体隐喻,本体隐喻,9,1,变成,变成,名词性,名词性,有,有,有,有,文学,文学,2.2,2.4,1.5,1.7,3.0,3.2,3.1,3.0,4.3,4.1,2.1,2.3,3.0,2.9,2.4,2.4,3.4,3.1,1.9,2.2,4.0,3.8,2.1,1.9,1.5,1.3,2.1,2.4,4.0,3.7,4.4,4.3
185,8,6,具体-抽象,具体-抽象,空间,感知,社会角色,事件,17,17,子部分,子部分,无,无,桥接,桥接,核心,核心,阶段3,阶段3,结构隐喻,结构隐喻,4,4,是,是,介词短语,介词短语,无,无,有,有,学术,学术,2.6,2.5,3.6,3.2,1.9,1.8,3.4,3.4,2.0,2.0,2.3,1.9,1.6,1.8,3.3,2.9,2.9,3.0,1.9,1.9,2.8,2.6,4.3,4.5,4.4,4.6,1.7,2.0,4.2,4.3,2.7,2.8
186,2,2,具体-具体,抽象-具体,心理,心理,关系,关系,2,2,实例,实例,有,有,边缘,桥接,核心,核心,阶段2,阶段2,方位隐喻,方位隐喻,4,4,算,变成,形容词性,名词性,无,有,无,无,学术,学术,3.1,3.2,3.1,3.0,2.8,2.8,2.8,2.4,2.8,2.4,4.3,4.4,2.4,2.6,2.1,1.9,3.7,3.8,2.6,2.6,3.4,3.5,3.6,3.4,2.6,3.0,3.9,4.1,3.3,3.3,3.7,3.7
187,12,12,具体-具体,具体-具体,社会,社会,社会角色,社会角色,10,10,多义,多义,无,无,边缘,边缘,核心,核心,阶段1,阶段1,本体隐喻,本体隐喻,6,6,是,是,名词性,介词短语,有,无,有,有,新闻,新闻,3.8,4.1,1.4,1.6,1.8,1.8,1.9,1.9,2.2,1.9,2.7,2.9,2.2,2.0,3.9,4.0,3.6,3.7,3.3,3.5,1.7,1.9,2.0,1.8,3.2,3.1,2.5,2.4,3.1,2.9,2.4,2.3
188,6,6,具体-抽象,具体-抽象,空间,空间,抽象概念,抽象概念,16,16,隐喻扩展,隐喻扩展,无,无,边缘,边缘,中间,中间,阶段4,阶段4,结构隐喻,结构隐喻,1,2,是,是,名词性,名词性,有,有,有,有,学术,学术,2.7,2.6,2.9,2.8,1.7,1.6,4.1,4.1,2.2,2.3,3.7,3.8,2.5,2.5,3.9,3.8,4.2,4.3,2.3,2.3,4.4,4.4,2.9,2.8,2.6,2.9,2.7,2.9,3.6,3.8,2.6,2.5
189,3,3,抽象-抽象,抽象-抽象,自然,自然,品质,品质,19,19,实例,实例,有,有,边缘,桥接,核心,核心,阶段1,阶段1,本体隐喻,本体隐喻,4,4,算,算,形容词性,形容词性,有,有,有,无,对话,对话,3.0,3.1,2.8,2.8,3.4,3.3,4.1,3.9,2.4,2.2,2.3,2.3,2.2,2.4,3.0,3.2,2.1,2.2,2.9,2.8,2.8,3.1,2.3,2.3,1.7,1.8,2.9,3.0,2.3,2.8,3.9,3.7
190,9,9,抽象-抽象,抽象-抽象,心理,心理,情感,情感,17,17,隐喻扩展,隐喻扩展,有,有,核心,核心,核心,核心,阶段4,阶段4,结构隐喻,结构隐喻,3,3,像,像,动词性,动词性,有,有,无,有,网络,网络,1.7,1.5,3.1,2.9,4.2,4.5,2.5,2.7,2.5,2.4,4.2,4.2,3.9,4.0,2.7,2.6,3.9,4.0,4.4,4.2,1.5,1.5,3.5,3.6,4.2,3.9,4.0,4.1,4.3,4.5,1.7,1.6
191,8,8,具体-具体,具体-具体,运动,运动,时间,状态,11,11,隐喻扩展,隐喻扩展,有,有,边缘,边缘,核心,核心,阶段3,阶段3,方位隐喻,方位隐喻,5,5,是,是,形容词性,形容词性,有,无,无,无,对话,对话,1.6,1.7,3.8,3.7,4.1,4.2,4.5,4.4,3.4,3.5,3.9,3.9,3.6,3.5,4.2,4.3,4.5,4.7,3.2,3.0,3.1,3.1,4.1,4.2,3.5,3.4,2.1,2.1,3.1,3.0,1.8,1.8
192,12,12,抽象-具体,抽象-具体,自然,自然,抽象概念,抽象概念,21,21,隐喻扩展,隐喻扩展,无,无,核心,核心,中间,中间,阶段4,阶段4,结构隐喻,结构隐喻,1,5,是,是,名词性,名词性,无,有,无,无,网络,网络,1.6,1.8,2.2,2.4,3.8,3.9,2.4,2.3,3.8,3.8,3.1,3.1,3.6,3.6,3.3,3.3,1.4,1.7,3.1,3.2,2.2,2.1,2.5,2.6,3.8,3.9,3.5,3.5,4.2,4.3,2.3,2.4
193,11,11,抽象-抽象,抽象-抽象,心理,心理,社会角色,关系,21,21,实例,实例,有,有,边缘,边缘,核心,边缘,阶段1,阶段1,结构隐喻,结构隐喻,1,1,变成,变成,形容词性,名词性,无,无,无,无,对话,对话,3.6,3.6,2.9,2.7,3.5,3.7,2.8,2.7,3.0,2.9,3.6,3.5,2.6,2.6,2.6,2.5,2.7,2.7,2.7,2.8,2.1,2.1,2.7,2.9,3.0,2.9,2.4,2.5,3.8,3.9,2.2,2.2
194,11,11,具体-抽象,具体-抽象,空间,运动,抽象概念,抽象概念,22,22,实例,实例,有,有,边缘,边缘,边缘,边缘,阶段2,阶段2,本体隐喻,本体隐喻,7,7,为,算,名词性,名词性,有,有,有,有,新闻,新闻,3.0,3.1,4.0,3.9,4.2,4.3,3.8,3.6,3.4,3.5,4.3,4.5,1.6,1.7,3.9,3.9,2.6,2.6,3.2,3.1,3.2,3.3,2.8,2.7,3.9,3.8,4.1,4.0,2.2,2.3,1.7,1.8
195,1,1,具体-抽象,具体-抽象,物体,物体,状态,状态,6,6,隐喻扩展,隐喻扩展,无,无,桥接,桥接,边缘,边缘,阶段2,阶段1,本体隐喻,方位隐喻,3,9,变成,变成,介词短语,介词短语,无,无,有,有,新闻,新闻,2.1,2.0,4.1,4.2,3.5,3.6,2.6,2.3,4.0,3.8,3.0,3.1,2.3,2.1,3.4,3.3,4.0,3.9,4.5,4.4,2.1,1.9,2.7,2.8,4.0,3.7,3.4,3.6,2.1,2.2,4.5,4.4
196,9,9,抽象-具体,具体-抽象,人体,人体,事件,事件,13,13,隐喻扩展,隐喻扩展,无,无,核心,核心,中间,中间,阶段1,阶段1,结构隐喻,本体隐喻,8,8,像,像,形容词性,形容词性,有,有,有,有,新闻,新闻,3.2,3.4,4.3,3.9,3.6,3.3,2.6,2.6,4.6,4.6,3.0,2.9,3.8,3.8,1.8,2.1,1.7,1.6,2.3,2.3,2.0,2.5,1.7,1.5,2.5,2.6,1.9,2.1,2.6,2.5,2.1,2.4
197,4,4,抽象-抽象,抽象-抽象,空间,空间,关系,关系,18,18,实例,实例,无,无,桥接,桥接,中间,中间,阶段1,阶段4,结构隐喻,结构隐喻,6,9,为,为,形容词性,形容词性,有,有,有,有,网络,网络,3.1,3.3,3.0,2.9,2.6,2.7,2.7,2.8,2.9,2.8,3.5,3.7,3.3,3.2,1.9,2.0,3.2,3.3,4.3,4.4,3.1,3.3,3.4,3.3,1.5,1.7,2.4,2.3,2.7,2.7,3.6,3.5
198,3,3,抽象-抽象,抽象-抽象,心理,心理,时间,时间,7,7,实例,实例,无,无,边缘,边缘,核心,核心,阶段3,阶段3,本体隐喻,本体隐喻,6,6,成为,成为,动词性,动词性,无,无,无,无,新闻,新闻,1.9,1.7,3.2,3.0,1.9,1.7,2.8,3.0,4.4,4.3,2.5,2.8,3.2,3.2,4.5,4.3,4.1,4.2,1.9,1.8,2.2,2.1,4.3,4.4,4.1,3.9,1.6,1.6,1.6,1.6,2.8,2.8
199,9,9,具体-具体,具体-具体,感知,感知,情感,情感,18,18,多义,多义,有,无,核心,核心,边缘,边缘,阶段2,阶段1,结构隐喻,结构隐喻,9,9,变成,变成,形容词性,介词短语,无,无,有,有,学术,学术,3.4,3.4,3.1,2.9,3.0,2.9,2.0,1.7,3.0,3.0,4.3,4.2,2.1,2.2,2.2,2.3,1.9,1.7,2.0,1.8,1.8,1.9,4.0,3.8,2.2,2.1,4.0,3.9,4.0,4.1,4.5,4.7
200,3,2,具体-抽象,抽象-具体,物体,物体,情感,情感,15,15,子部分,子部分,无,无,核心,核心,中间,中间,阶段3,阶段3,结构隐喻,结构隐喻,2,1,变成,变成,形容词性,形容词性,无,无,有,有,新闻,新闻,4.0,3.7,4.0,4.2,4.2,4.2,1.7,1.3,3.6,4.0,1.5,1.7,1.7,1.8,3.5,3.5,1.8,1.6,3.4,3.4,2.8,2.6,4.2,4.1,4.0,4.2,2.6,2.7,2.2,2.2,1.7,1.8
201,10,10,抽象-抽象,抽象-抽象,物体,物体,关系,关系,4,4,隐喻扩展,隐喻扩展,有,有,桥接,桥接,边缘,边缘,阶段3,阶段2,结构隐喻,结构隐喻,4,4,成为,变成,形容词性,形容词性,无,无,无,无,网络,网络,2.4,2.2,4.2,4.1,3.3,3.2,4.3,4.3,3.1,3.3,2.8,2.8,3.7,3.9,1.6,1.5,4.5,4.7,2.1,2.2,1.7,1.5,2.3,2.1,3.5,3.5,1.7,1.7,3.9,4.1,2.5,2.6
202,10,10,抽象-具体,抽象-具体,物体,物体,状态,状态,19,20,子部分,子部分,无,无,边缘,边缘,中间,中间,阶段4,阶段4,本体隐喻,本体隐喻,8,8,算,算,形容词性,介词短语,有,有,有,有,新闻,新闻,3.4,3.8,2.4,2.4,2.1,2.0,2.5,2.6,4.0,4.3,3.6,3.7,1.5,1.5,3.0,3.3,4.2,4.0,3.0,2.7,4.1,4.1,3.4,3.3,3.4,3.2,1.7,1.6,2.9,2.9,2.8,2.9
203,4,4,具体-具体,具体-具体,物体,人体,事件,事件,19,19,实例,实例,无,无,桥接,边缘,边缘,边缘,阶段1,阶段1,结构隐喻,结构隐喻,1,8,成为,成为,形容词性,介词短语,有,有,无,无,对话,对话,2.1,2.5,2.2,2.0,3.7,3.5,1.6,1.7,2.7,2.7,2.8,2.6,1.7,1.3,2.3,2.4,3.6,3.4,3.7,3.6,2.6,2.8,4.1,4.2,2.3,2.2,4.3,4.3,3.2,3.4,3.6,3.5
204,6,6,抽象-抽象,抽象-抽象,物体,物体,情感,情感,9,9,子部分,子部分,有,有,边缘,边缘,边缘,边缘,阶段1,阶段4,方位隐喻,结构隐喻,1,1,算,算,形容词性,形容词性,无,无,有,有,对话,对话,3.7,3.8,2.7,2.7,2.9,2.9,3.9,3.9,3.5,3.6,2.2,2.4,2.5,2.6,1.9,2.0,2.8,2.7,3.1,3.1,1.5,1.6,1.8,1.9,2.6,2.6,4.1,4.1,3.1,3.1,3.1,3.1
205,11,10,具体-具体,具体-具体,自然,自然,时间,时间,5,5,多义,多义,无,无,核心,核心,边缘,边缘,阶段3,阶段3,本体隐喻,本体隐喻,9,9,是,是,名词性,名词性,有,有,有,有,新闻,新闻,4.1,4.2,2.4,2.2,4.3,4.4,2.3,2.5,3.0,2.8,2.7,2.7,3.0,3.0,3.9,4.0,4.0,3.9,1.5,1.3,2.4,2.2,4.1,4.0,2.3,2.4,2.8,2.5,4.4,4.2,3.8,3.6
206,3,10,抽象-具体,抽象-具体,运动,运动,社会角色,社会角色,16,16,子部分,子部分,无,无,边缘,边缘,边缘,边缘,阶段2,阶段2,方位隐喻,方位隐喻,6,6,算,算,名词性,名词性,无,无,无,无,文学,文学,2.8,3.0,4.3,4.2,1.8,2.0,2.0,2.2,4.2,3.9,4.3,4.0,4.5,4.6,3.7,4.0,4.4,4.1,2.6,2.5,4.3,4.3,1.8,1.8,1.9,2.0,3.1,3.1,2.6,2.8,4.1,3.9
207,3,3,具体-具体,具体-具体,心理,心理,关系,关系,16,16,子部分,子部分,无,无,边缘,边缘,中间,中间,阶段3,阶段3,结构隐喻,结构隐喻,9,5,成为,算,形容词性,形容词性,有,有,无,无,对话,对话,2.2,2.3,2.3,2.2,3.5,3.6,4.4,4.3,4.6,4.6,3.3,3.2,1.8,1.7,3.8,3.5,3.9,3.6,1.6,1.7,3.0,2.8,4.4,4.5,3.6,3.6,3.3,3.4,2.7,2.7,2.4,2.4
208,7,7,抽象-抽象,抽象-抽象,人体,人体,状态,状态,18,24,子部分,子部分,有,有,桥接,桥接,边缘,边缘,阶段3,阶段3,方位隐喻,方位隐喻,6,6,成为,成为,介词短语,名词性,无,无,有,有,学术,学术,2.7,2.6,2.2,2.1,3.5,3.5,4.2,4.4,2.1,2.0,2.7,2.6,3.0,3.0,1.8,1.7,2.8,2.5,4.4,4.2,2.4,2.6,1.7,1.7,1.8,2.2,3.2,3.2,3.6,3.3,3.9,4.1
209,10,10,抽象-抽象,抽象-抽象,心理,心理,状态,状态,16,16,实例,实例,无,无,核心,核心,核心,核心,阶段1,阶段1,本体隐喻,本体隐喻,9,9,为,像,动词性,动词性,无,无,有,有,文学,文学,2.5,2.1,4.0,4.4,4.6,4.3,1.8,1.9,2.8,2.9,3.4,3.5,3.6,3.4,2.3,2.3,3.3,2.9,3.9,3.8,2.4,2.6,2.5,2.8,2.9,2.9,2.3,2.4,2.7,2.6,3.2,3.1
210,6,11,具体-抽象,具体-抽象,空间,空间,关系,社会角色,17,17,隐喻扩展,隐喻扩展,有,有,核心,核心,中间,中间,阶段3,阶段3,本体隐喻,本体隐喻,1,1,变成,为,形容词性,名词性,有,有,无,无,新闻,新闻,1.5,1.6,1.7,1.8,3.4,2.9,4.1,4.1,1.7,1.7,3.3,3.4,4.1,4.2,2.5,2.6,1.9,1.9,4.6,4.5,2.8,2.7,1.8,1.7,3.0,3.0,3.0,2.7,3.3,3.2,1.6,1.8
211,6,6,具体-抽象,具体-抽象,自然,自然,情感,情感,21,21,子部分,隐喻扩展,无,有,核心,核心,中间,中间,阶段4,阶段4,方位隐喻,方位隐喻,2,2,像,像,介词短语,介词短语,无,有,有,有,网络,网络,3.6,3.5,2.1,2.3,4.2,4.1,4.3,4.3,1.8,1.9,3.2,3.2,3.6,3.4,3.3,3.5,1.9,1.9,4.1,4.0,2.2,2.1,1.7,1.7,4.4,4.5,2.0,2.2,3.1,3.1,2.1,2.3
212,12,12,具体-抽象,具体-抽象,自然,人体,品质,品质,7,7,子部分,子部分,无,无,边缘,边缘,边缘,边缘,阶段4,阶段4,方位隐喻,方位隐喻,2,2,像,像,介词短语,介词短语,无,无,无,有,网络,网络,1.6,1.8,2.7,2.7,1.6,1.4,3.3,3.3,4.4,4.2,2.9,2.5,4.0,3.9,3.6,3.6,3.7,4.0,3.2,3.0,3.7,4.0,3.9,4.1,4.2,4.1,1.6,1.5,3.6,3.8,3.7,3.9
213,1,1,抽象-具体,具体-具体,自然,自然,关系,关系,3,3,多义,多义,有,有,桥接,桥接,边缘,边缘,阶段4,阶段4,结构隐喻,结构隐喻,5,5,变成,变成,介词短语,介词短语,有,有,无,有,学术,文学,2.2,2.2,3.2,3.4,1.9,1.8,2.9,3.0,3.0,3.0,1.6,1.7,3.1,3.0,3.5,3.3,1.7,1.6,4.1,4.2,3.1,3.1,1.7,1.8,3.0,3.0,2.0,1.9,4.4,4.6,2.6,2.6
214,12,12,具体-具体,具体-具体,社会,运动,关系,关系,23,23,实例,实例,无,无,边缘,桥接,核心,核心,阶段1,阶段1,方位隐喻,方位隐喻,4,4,变成,为,介词短语,动词性,无,无,无,无,学术,学术,3.7,3.5,2.5,2.4,2.5,2.5,2.0,2.3,2.7,2.9,3.5,3.5,2.9,2.7,3.9,3.9,1.6,1.4,3.5,3.4,3.9,3.6,3.9,3.9,4.0,4.1,1.6,1.7,4.4,4.5,2.0,1.8
215,9,9,具体-抽象,具体-抽象,自然,运动,抽象概念,抽象概念,20,20,隐喻扩展,隐喻扩展,无,无,桥接,桥接,边缘,边缘,阶段3,阶段3,结构隐喻,结构隐喻,4,4,像,像,动词性,动词性,无,无,有,有,对话,对话,3.5,3.4,3.0,2.9,3.5,3.3,2.0,1.8,3.4,3.5,2.7,2.9,3.4,3.4,2.6,2.8,2.9,3.0,3.0,2.8,2.3,2.1,4.4,4.1,3.8,4.0,2.8,2.8,1.7,1.7,3.5,3.4
216,7,7,具体-具体,具体-具体,自然,自然,时间,时间,18,18,实例,实例,有,有,桥接,桥接,边缘,边缘,阶段2,阶段2,方位隐喻,方位隐喻,1,1,变成,变成,形容词性,形容词性,无,无,无,无,对话,对话,1.7,1.6,2.2,2.2,2.7,2.9,3.3,3.4,3.2,3.1,2.9,2.7,4.3,4.3,3.3,3.2,1.8,2.2,2.6,2.5,1.7,1.4,4.3,4.4,1.5,1.6,3.6,3.3,2.8,2.8,3.9,4.0
217,8,8,具体-具体,具体-具体,运动,运动,品质,品质,12,12,实例,多义,无,无,边缘,边缘,边缘,边缘,阶段1,阶段1,本体隐喻,方位隐喻,1,1,为,为,名词性,名词性,有,有,有,有,文学,文学,3.6,3.5,3.4,3.4,2.1,2.1,4.0,3.9,2.3,2.4,2.2,2.2,3.1,3.4,1.6,1.7,2.3,2.4,3.4,3.5,4.4,4.4,4.2,4.3,4.2,4.1,1.9,2.1,2.7,2.8,1.8,2.0
218,11,8,具体-抽象,具体-抽象,感知,感知,时间,状态,2,5,隐喻扩展,隐喻扩展,无,无,桥接,核心,核心,核心,阶段3,阶段2,本体隐喻,本体隐喻,2,2,变成,变成,名词性,名词性,有,有,有,有,对话,对话,4.4,4.3,2.9,2.8,3.3,3.5,3.5,3.6,2.1,2.2,2.1,2.3,3.3,3.3,2.6,2.8,2.8,2.6,3.5,3.3,3.0,3.2,4.6,4.3,3.5,3.5,3.3,3.1,2.2,2.2,3.2,3.1
219,12,11,抽象-抽象,抽象-抽象,感知,感知,状态,状态,5,5,子部分,子部分,无,无,桥接,边缘,中间,中间,阶段1,阶段3,方位隐喻,方位隐喻,5,5,为,为,名词性,名词性,无,无,无,无,网络,网络,1.7,1.7,4.2,4.3,3.1,3.5,2.0,2.1,3.2,3.5,3.8,3.9,2.7,2.5,2.8,2.7,3.2,2.9,3.1,3.5,1.6,1.8,1.5,1.8,3.6,3.6,2.5,2.6,3.8,3.4,2.1,2.0
220,10,5,具体-抽象,具体-抽象,物体,心理,事件,事件,24,24,多义,多义,有,有,核心,核心,核心,核心,阶段3,阶段3,方位隐喻,方位隐喻,1,1,成为,成为,动词性,动词性,无,无,无,无,对话,对话,2.9,2.7,2.7,2.7,3.4,3.0,2.5,2.3,2.1,2.0,3.0,2.9,3.4,3.3,3.4,3.6,2.2,2.3,2.4,2.7,1.8,1.7,4.5,4.4,3.7,3.6,1.9,1.9,4.4,4.2,2.4,2.5
221,9,9,抽象-抽象,抽象-抽象,运动,运动,社会角色,社会角色,23,23,多义,多义,有,无,边缘,桥接,核心,核心,阶段4,阶段4,方位隐喻,本体隐喻,1,1,是,是,名词性,名词性,无,无,有,有,新闻,新闻,3.7,3.8,2.9,2.8,1.8,1.7,3.2,3.2,1.7,2.0,1.5,1.9,3.4,3.4,2.5,2.9,2.8,2.8,3.7,3.9,2.8,2.9,1.5,1.6,2.2,2.2,1.8,2.0,2.0,1.9,2.6,2.7
222,5,5,具体-具体,具体-具体,物体,物体,社会角色,社会角色,21,21,多义,多义,无,无,核心,核心,中间,中间,阶段4,阶段4,结构隐喻,结构隐喻,5,5,为,为,介词短语,介词短语,无,无,无,无,新闻,新闻,3.6,3.5,3.2,3.2,4.4,4.1,3.6,3.3,2.4,2.3,1.7,1.6,3.4,3.8,2.2,2.2,2.4,2.6,1.8,1.8,3.7,3.5,2.2,2.1,1.5,1.6,3.3,3.3,2.3,2.0,1.4,1.4
223,1,5,抽象-具体,抽象-具体,人体,人体,时间,时间,1,1,隐喻扩展,隐喻扩展,无,无,桥接,核心,中间,中间,阶段3,阶段3,本体隐喻,本体隐喻,5,5,像,是,名词性,形容词性,有,无,无,无,新闻,新闻,2.0,2.1,1.9,1.8,3.2,3.5,1.9,1.6,4.1,4.0,2.0,2.3,3.3,3.1,2.4,2.1,1.8,1.5,3.8,3.7,2.8,3.0,1.8,1.9,1.9,2.1,1.7,2.0,4.2,4.2,2.4,2.7
224,2,2,抽象-具体,抽象-具体,空间,运动,时间,时间,18,18,多义,多义,有,有,桥接,桥接,边缘,边缘,阶段4,阶段4,方位隐喻,方位隐喻,7,7,是,是,动词性,动词性,有,有,有,有,文学,文学,2.2,1.8,2.0,2.1,2.4,2.2,3.5,3.2,1.5,1.5,2.9,2.9,2.1,1.8,1.7,1.9,4.1,4.0,3.7,3.7,3.9,3.9,3.7,3.6,3.8,3.9,3.2,3.4,2.4,2.4,2.3,2.3
225,3,3,抽象-具体,抽象-具体,心理,心理,抽象概念,抽象概念,9,19,隐喻扩展,隐喻扩展,有,有,边缘,边缘,核心,核心,阶段2,阶段2,本体隐喻,本体隐喻,8,8,是,是,动词性,动词性,有,有,有,有,对话,对话,3.9,3.7,3.7,3.7,3.7,3.5,3.6,3.6,3.9,3.8,3.3,3.4,3.1,3.2,3.6,3.5,2.4,2.4,3.0,2.8,2.5,2.4,1.6,1.7,3.3,3.3,1.9,2.0,2.8,2.9,3.5,3.7
226,12,12,具体-具体,具体-抽象,感知,感知,事件,事件,14,14,子部分,子部分,有,有,边缘,边缘,边缘,边缘,阶段4,阶段4,结构隐喻,方位隐喻,6,7,为,为,形容词性,形容词性,无,无,有,有,网络,网络,4.2,4.5,2.5,2.3,2.6,2.4,2.1,2.0,3.5,3.4,1.6,2.0,2.4,2.6,3.3,3.2,3.3,3.3,2.3,2.1,1.7,1.7,2.3,2.3,2.5,2.4,4.1,4.0,3.6,3.7,4.2,4.3
227,7,7,具体-具体,具体-具体,物体,物体,关系,关系,4,4,实例,实例,有,有,核心,核心,中间,中间,阶段3,阶段3,结构隐喻,结构隐喻,5,5,变成,算,形容词性,形容词性,有,有,有,有,学术,学术,3.9,3.7,3.8,3.7,2.8,3.0,2.4,2.3,1.5,1.6,2.7,2.8,1.8,1.8,3.3,3.4,3.3,3.2,3.1,3.1,1.5,1.6,3.3,3.5,2.2,2.1,1.6,1.8,2.0,1.9,1.6,1.7
228,12,12,具体-具体,具体-具体,社会,社会,社会角色,抽象概念,14,10,多义,多义,无,有,边缘,边缘,边缘,边缘,阶段2,阶段2,方位隐喻,方位隐喻,9,9,为,为,名词性,名词性,无,无,有,有,新闻,新闻,4.5,4.6,1.7,1.8,2.4,2.5,2.4,2.1,3.2,3.3,1.8,1.4,4.0,4.0,3.0,3.0,2.1,2.0,1.7,1.9,4.1,4.1,2.9,3.1,3.7,3.9,2.7,2.7,2.8,3.1,2.9,3.0
229,9,9,具体-抽象,具体-抽象,空间,物体,品质,品质,20,20,多义,多义,无,无,边缘,边缘,中间,中间,阶段4,阶段4,结构隐喻,结构隐喻,1,3,成为,成为,形容词性,形容词性,无,无,有,有,网络,网络,3.2,3.4,4.0,3.8,4.2,4.2,4.5,4.3,2.8,2.6,1.8,1.6,1.8,1.7,2.6,2.5,1.7,1.8,2.5,2.5,4.5,4.5,1.8,1.9,2.8,2.8,3.7,3.7,1.7,1.8,2.3,2.4
230,2,2,具体-抽象,具体-抽象,感知,感知,关系,关系,1,1,隐喻扩展,隐喻扩展,有,有,核心,边缘,中间,中间,阶段2,阶段2,结构隐喻,结构隐喻,2,2,为,为,介词短语,介词短语,有,有,有,有,对话,对话,4.2,4.2,4.4,4.5,4.5,4.2,2.9,2.8,4.0,3.9,4.2,4.2,3.4,3.3,3.7,3.9,3.9,4.3,2.6,2.6,2.1,2.0,3.1,3.1,3.4,3.4,3.9,3.6,2.6,2.5,4.5,4.5
231,4,4,具体-具体,具体-具体,物体,物体,抽象概念,状态,18,6,子部分,子部分,无,无,桥接,桥接,核心,核心,阶段3,阶段2,结构隐喻,结构隐喻,5,5,为,为,名词性,名词性,无,无,无,无,网络,网络,3.7,3.5,2.6,2.4,2.0,2.0,3.2,3.2,4.2,4.2,3.6,3.5,4.4,4.5,4.0,4.3,3.1,2.9,3.5,3.6,1.9,1.7,2.4,2.6,1.3,1.5,1.8,2.3,2.0,2.3,3.9,3.8
232,10,10,抽象-抽象,抽象-抽象,物体,物体,社会角色,时间,1,1,子部分,多义,有,有,边缘,边缘,核心,核心,阶段2,阶段2,方位隐喻,方位隐喻,7,7,为,为,介词短语,介词短语,无,无,无,无,对话,对话,4.3,4.0,3.0,3.0,1.4,1.7,3.6,3.6,2.4,2.2,3.6,4.0,1.7,1.8,2.7,2.9,2.8,2.8,2.1,2.1,4.4,4.3,3.3,3.1,2.4,3.0,1.8,1.9,3.6,3.7,1.9,1.8
233,8,8,具体-具体,具体-具体,自然,自然,抽象概念,抽象概念,21,21,多义,多义,有,有,边缘,边缘,边缘,边缘,阶段4,阶段3,本体隐喻,本体隐喻,7,7,成为,成为,动词性,动词性,有,无,无,无,文学,文学,1.9,1.9,2.8,2.8,2.2,2.1,2.6,2.6,3.6,3.6,2.0,2.2,2.2,2.2,2.7,2.9,3.9,3.7,1.8,1.9,1.8,1.9,3.0,3.1,1.4,1.5,3.1,3.0,2.0,1.9,2.5,2.5
234,8,8,具体-抽象,具体-抽象,感知,感知,抽象概念,抽象概念,16,16,子部分,子部分,无,无,桥接,桥接,核心,核心,阶段2,阶段2,结构隐喻,结构隐喻,5,6,为,为,介词短语,介词短语,有,有,无,无,对话,对话,3.9,4.2,4.2,4.2,3.3,3.3,1.7,1.7,2.5,2.5,2.7,2.4,3.8,3.8,2.0,1.9,1.6,1.7,3.3,3.2,2.1,2.0,4.3,4.6,3.9,4.0,3.4,3.6,3.5,3.4,1.8,1.8
235,7,7,抽象-具体,抽象-具体,感知,感知,事件,事件,2,4,实例,实例,无,无,核心,核心,核心,核心,阶段4,阶段4,结构隐喻,本体隐喻,9,9,是,算,介词短语,介词短语,无,无,无,无,网络,网络,1.9,2.3,1.3,1.7,2.0,2.0,3.5,3.3,2.3,2.6,2.9,2.6,1.9,1.8,3.7,3.6,4.0,3.5,3.5,3.4,4.0,3.9,4.1,3.9,2.1,2.2,3.7,3.6,3.2,3.2,4.0,4.0
236,4,4,抽象-抽象,抽象-抽象,心理,运动,事件,事件,20,20,实例,隐喻扩展,有,有,核心,核心,核心,核心,阶段3,阶段3,本体隐喻,本体隐喻,2,2,成为,成为,动词性,动词性,无,无,有,有,网络,学术,1.5,1.8,3.4,3.5,3.9,3.9,3.5,3.5,1.8,2.2,3.4,3.3,4.1,4.0,3.2,3.3,2.6,2.7,1.8,1.7,4.3,4.6,1.4,1.5,2.1,2.1,3.3,3.4,3.5,3.6,2.9,3.1
237,2,2,具体-抽象,具体-抽象,运动,运动,情感,情感,4,4,实例,子部分,无,无,边缘,边缘,边缘,边缘,阶段4,阶段2,本体隐喻,本体隐喻,6,6,变成,是,介词短语,介词短语,有,有,无,无,文学,新闻,2.9,3.1,3.9,3.3,2.8,2.5,2.3,2.5,3.8,3.6,3.1,3.1,1.6,1.6,4.6,4.4,3.4,3.2,1.6,1.5,2.9,2.8,1.9,2.0,4.4,4.2,3.9,3.7,4.0,4.1,3.1,3.2
238,10,10,具体-具体,抽象-具体,人体,人体,情感,关系,2,20,隐喻扩展,隐喻扩展,有,有,核心,核心,核心,核心,阶段2,阶段2,方位隐喻,方位隐喻,9,9,算,算,名词性,名词性,无,无,有,有,对话,对话,2.4,2.4,2.5,2.7,3.3,3.4,1.5,1.7,2.3,2.2,3.3,3.2,4.3,4.4,3.2,3.2,3.8,3.8,2.0,1.9,2.2,2.2,4.2,4.2,1.4,1.9,2.7,2.8,3.1,3.3,3.3,3.2
239,11,11,具体-抽象,抽象-具体,自然,自然,抽象概念,抽象概念,14,14,多义,多义,无,无,桥接,桥接,边缘,边缘,阶段2,阶段2,本体隐喻,本体隐喻,2,2,为,为,形容词性,形容词性,无,无,无,无,对话,对话,1.7,1.6,2.1,2.2,2.7,2.9,3.4,3.4,3.0,3.1,2.1,2.0,1.7,1.5,2.4,2.5,3.3,3.0,4.1,4.2,3.9,4.0,3.3,3.3,2.2,2.0,3.2,3.2,3.6,3.6,1.9,2.1
240,4,4,具体-抽象,具体-抽象,自然,社会,抽象概念,抽象概念,9,9,隐喻扩展,隐喻扩展,无,无,桥接,桥接,边缘,边缘,阶段2,阶段2,本体隐喻,本体隐喻,6,6,像,为,形容词性,形容词性,有,有,有,有,网络,网络,4.4,4.5,2.3,2.4,4.4,4.1,3.4,3.5,4.1,4.1,2.9,2.8,4.2,4.2,3.1,3.0,1.9,1.8,3.5,3.5,2.7,2.7,3.7,3.5,2.3,2.2,2.8,2.7,3.6,4.0,1.7,1.6
241,9,9,抽象-具体,抽象-具体,物体,物体,事件,事件,7,7,子部分,子部分,无,无,桥接,核心,边缘,边缘,阶段4,阶段4,结构隐喻,结构隐喻,8,8,变成,变成,形容词性,形容词性,有,有,无,无,文学,文学,3.6,3.5,3.9,3.9,1.8,1.7,1.8,1.6,3.8,3.8,3.9,4.0,4.1,3.8,4.5,4.5,3.8,3.7,4.4,4.1,2.4,2.3,3.0,3.0,4.0,4.1,3.7,3.8,3.4,3.4,4.1,4.1
242,4,9,具体-具体,具体-具体,社会,心理,状态,状态,22,22,多义,多义,无,无,桥接,桥接,核心,核心,阶段1,阶段1,本体隐喻,本体隐喻,4,4,算,算,名词性,形容词性,无,无,有,有,新闻,学术,4.1,4.1,1.6,1.7,3.7,3.6,3.7,3.7,4.0,4.2,3.1,3.0,3.3,3.2,3.6,3.6,4.1,3.7,3.6,3.6,3.0,2.8,3.8,3.9,3.6,3.5,1.9,2.0,2.5,2.4,1.9,1.9
243,1,1,具体-具体,具体-具体,自然,自然,时间,时间,8,8,多义,多义,无,无,边缘,边缘,中间,中间,阶段3,阶段3,本体隐喻,本体隐喻,5,5,像,像,名词性,名词性,无,无,无,无,网络,对话,4.3,4.5,3.3,3.2,3.6,3.6,4.4,4.3,2.0,2.0,2.2,2.1,4.0,4.0,1.8,1.8,3.0,2.8,4.4,4.3,4.1,4.0,2.0,2.0,4.5,4.5,2.4,2.3,4.5,4.2,3.8,4.0
244,9,9,具体-具体,具体-具体,感知,自然,事件,事件,6,6,子部分,子部分,有,有,边缘,边缘,边缘,中间,阶段1,阶段1,方位隐喻,方位隐喻,9,9,变成,变成,名词性,名词性,无,无,有,有,学术,学术,2.8,2.5,2.4,2.3,3.3,3.5,1.7,2.0,3.2,3.4,2.7,2.9,1.9,1.7,2.5,2.7,2.9,3.0,2.7,2.8,2.3,2.3,3.6,3.8,3.8,3.9,3.9,3.9,1.7,1.6,2.0,2.2
245,6,6,具体-具体,具体-具体,空间,空间,抽象概念,抽象概念,7,8,实例,实例,无,无,桥接,桥接,核心,核心,阶段3,阶段3,方位隐喻,方位隐喻,4,5,算,是,介词短语,介词短语,无,无,无,无,对话,对话,2.3,2.3,2.2,2.1,2.7,2.9,3.0,3.1,4.4,4.4,3.6,3.9,1.7,1.9,2.2,2.5,2.3,2.3,3.0,3.2,3.0,2.5,4.2,3.9,2.2,2.1,3.6,3.7,2.5,2.8,4.1,3.8
246,3,9,抽象-具体,抽象-具体,运动,运动,事件,事件,1,18,子部分,子部分,有,有,桥接,桥接,核心,核心,阶段2,阶段2,本体隐喻,本体隐喻,4,4,算,算,形容词性,形容词性,无,无,有,有,新闻,新闻,2.2,1.9,3.1,3.0,1.4,1.6,3.6,3.5,1.8,1.6,1.9,1.9,2.4,2.5,4.1,4.1,3.5,3.4,3.1,3.2,2.9,3.0,2.4,2.4,2.0,2.0,3.8,3.8,4.0,3.8,3.4,3.3
247,8,8,具体-具体,具体-具体,心理,心理,品质,品质,21,21,多义,多义,有,有,核心,桥接,中间,中间,阶段2,阶段2,方位隐喻,方位隐喻,1,1,为,为,形容词性,形容词性,有,有,有,有,文学,文学,3.0,3.1,4.1,4.3,3.7,3.6,2.3,2.3,3.9,3.9,3.1,3.1,3.1,3.1,3.4,3.4,4.3,4.0,1.6,1.5,4.1,3.9,2.6,2.7,3.8,3.8,1.8,1.9,2.5,2.7,2.7,2.7
248,4,4,抽象-具体,抽象-具体,运动,物体,情感,情感,18,18,隐喻扩展,隐喻扩展,有,有,桥接,桥接,边缘,边缘,阶段1,阶段1,方位隐喻,方位隐喻,4,1,像,是,形容词性,形容词性,有,有,无,无,学术,学术,3.5,3.2,3.3,3.2,3.8,3.8,3.7,3.8,2.3,2.3,4.6,4.6,4.2,4.1,3.8,3.9,3.4,3.4,1.5,1.5,3.5,3.5,3.5,3.2,4.4,4.1,3.0,3.1,3.2,3.1,3.5,3.4
249,7,9,抽象-具体,抽象-具体,自然,自然,情感,品质,14,14,实例,实例,无,无,核心,核心,中间,中间,阶段2,阶段4,结构隐喻,结构隐喻,1,1,算,算,名词性,名词性,有,有,有,无,网络,网络,2.8,2.9,3.9,3.9,1.7,1.8,4.2,4.0,3.6,3.5,2.5,2.4,3.1,3.3,2.0,2.0,3.8,3.8,1.8,1.9,3.9,3.9,4.2,4.0,4.4,4.1,3.1,3.0,2.1,1.8,2.4,2.3
250,1,1,具体-具体,具体-具体,物体,物体,时间,时间,9,8,多义,多义,有,有,边缘,边缘,核心,核心,阶段3,阶段3,结构隐喻,结构隐喻,5,5,为,成为,介词短语,介词短语,有,有,无,无,学术,学术,2.6,2.7,3.2,3.2,2.8,2.8,3.9,3.9,3.7,3.5,1.6,1.6,3.5,3.7,4.4,4.1,4.1,4.1,3.0,3.0,3.7,3.7,4.5,4.1,3.8,3.5,3.8,3.7,4.0,4.1,2.6,2.6
251,6,6,具体-具体,具体-具体,物体,物体,时间,时间,21,21,多义,多义,有,有,桥接,边缘,核心,核心,阶段4,阶段4,本体隐喻,本体隐喻,6,6,变成,变成,形容词性,形容词性,无,无,有,有,新闻,新闻,2.1,2.0,3.8,3.4,2.1,2.2,2.4,2.7,4.2,4.3,3.3,3.3,3.4,3.7,1.8,1.8,2.1,2.2,2.8,2.9,3.3,3.1,3.2,2.8,4.0,3.9,3.0,2.6,4.6,4.3,4.1,4.2
252,5,5,抽象-具体,抽象-具体,心理,物体,时间,品质,5,5,实例,实例,有,有,桥接,桥接,中间,中间,阶段4,阶段4,方位隐喻,方位隐喻,2,2,像,算,介词短语,介词短语,无,无,无,无,对话,网络,2.8,2.9,3.0,2.8,3.4,3.4,3.9,3.9,2.7,3.0,1.6,1.6,4.1,4.4,2.6,2.5,2.8,2.6,3.1,3.0,2.1,1.8,3.3,3.7,3.2,3.5,3.2,3.2,4.3,4.5,1.3,1.8
253,1,5,具体-具体,具体-具体,感知,感知,社会角色,社会角色,24,24,实例,实例,有,有,边缘,边缘,中间,中间,阶段1,阶段1,结构隐喻,结构隐喻,1,1,成为,成为,形容词性,形容词性,有,有,无,无,网络,网络,1.8,1.8,4.3,4.3,4.0,3.9,2.7,2.8,4.1,4.0,2.2,2.1,3.7,3.9,1.6,1.5,2.8,2.6,3.8,3.6,4.0,4.1,4.0,4.1,3.8,3.7,2.1,2.1,1.5,1.6,2.3,2.3
254,3,1,抽象-具体,抽象-抽象,社会,社会,关系,关系,2,2,实例,实例,有,有,边缘,边缘,中间,中间,阶段1,阶段1,方位隐喻,方位隐喻,8,8,为,算,动词性,动词性,有,有,无,无,文学,文学,4.2,4.0,2.9,3.1,3.6,3.7,2.2,2.4,1.7,1.5,1.8,1.5,4.3,4.5,2.2,1.9,3.0,3.2,4.1,3.8,3.3,3.4,2.3,2.0,2.2,1.9,4.0,3.9,2.1,2.1,3.5,3.7
255,2,2,具体-具体,具体-具体,自然,自然,时间,时间,12,11,多义,多义,无,无,边缘,边缘,边缘,边缘,阶段3,阶段3,本体隐喻,本体隐喻,6,5,成为,成为,形容词性,动词性,无,无,无,无,对话,对话,1.7,1.6,3.0,3.2,2.6,2.6,2.1,2.0,2.7,2.7,2.1,1.7,1.5,1.6,4.4,4.4,1.6,1.6,4.4,4.6,3.8,3.8,3.8,3.7,2.3,2.6,3.9,4.3,2.8,2.8,3.7,3.8
256,10,10,抽象-抽象,抽象-抽象,心理,心理,关系,关系,14,14,多义,多义,有,有,边缘,边缘,边缘,边缘,阶段2,阶段2,结构隐喻,结构隐喻,8,8,成为,成为,介词短语,介词短语,无,有,有,无,文学,文学,2.6,2.6,2.8,3.1,1.7,1.9,4.3,4.2,2.8,3.1,4.2,4.0,2.0,2.2,1.8,1.7,3.4,3.2,3.1,3.2,3.8,3.7,2.3,2.2,2.9,2.9,3.0,3.0,2.3,2.3,1.9,1.9
257,5,5,抽象-具体,抽象-具体,自然,自然,情感,情感,11,11,实例,实例,有,有,边缘,边缘,中间,中间,阶段2,阶段2,结构隐喻,结构隐喻,3,3,算,算,动词性,动词性,有,有,有,有,文学,文学,1.9,1.7,2.6,2.5,3.8,4.1,2.6,2.7,3.2,3.2,3.6,3.5,4.0,4.3,2.0,2.0,1.6,1.7,2.4,2.4,2.5,2.3,2.9,3.2,3.4,3.5,2.7,2.5,3.3,3.3,4.4,4.6
258,9,9,具体-具体,具体-具体,空间,空间,状态,状态,11,11,子部分,子部分,无,无,核心,核心,中间,中间,阶段2,阶段2,本体隐喻,本体隐喻,2,9,变成,变成,介词短语,介词短语,无,无,有,有,文学,新闻,3.9,4.1,2.1,2.2,2.5,2.4,4.1,4.1,3.0,2.9,2.4,2.4,4.0,4.0,4.3,4.2,3.8,3.9,2.6,2.4,3.0,2.9,4.4,4.4,2.7,2.8,2.5,2.5,4.0,3.9,3.6,3.8
259,6,6,具体-抽象,具体-抽象,空间,空间,时间,时间,2,2,子部分,隐喻扩展,有,有,边缘,核心,边缘,边缘,阶段2,阶段3,结构隐喻,结构隐喻,3,3,成为,成为,形容词性,形容词性,无,无,无,无,文学,文学,2.4,2.4,1.8,1.4,1.7,1.7,2.0,2.0,4.4,4.5,4.1,4.2,2.3,2.3,3.8,3.5,4.4,4.4,2.5,2.3,3.2,3.0,3.0,3.2,2.7,2.9,2.3,2.2,1.9,2.0,2.6,2.6
260,2,2,具体-具体,具体-具体,感知,物体,事件,事件,22,22,子部分,子部分,无,无,桥接,桥接,中间,中间,阶段1,阶段1,本体隐喻,本体隐喻,8,8,为,为,形容词性,形容词性,无,无,无,无,对话,对话,1.8,2.0,3.7,3.5,3.2,3.1,3.9,3.9,1.6,1.9,3.5,3.7,4.3,4.3,2.6,2.8,2.2,2.5,2.5,2.4,2.6,2.6,1.7,1.8,3.3,3.0,3.1,3.2,1.5,1.7,2.6,2.6
261,8,8,抽象-抽象,具体-具体,空间,心理,事件,事件,22,22,多义,多义,无,无,核心,核心,中间,中间,阶段4,阶段4,结构隐喻,结构隐喻,7,6,成为,成为,介词短语,介词短语,无,无,无,无,新闻,新闻,3.1,3.1,2.2,2.3,2.5,2.3,1.8,2.0,2.4,2.2,3.0,2.8,4.1,4.1,1.8,1.7,3.1,2.7,2.7,2.6,2.3,2.4,4.2,4.2,2.8,2.5,2.0,2.0,4.5,4.5,3.1,3.2
262,11,11,抽象-抽象,抽象-抽象,人体,人体,事件,事件,5,5,实例,实例,有,有,桥接,桥接,中间,中间,阶段1,阶段1,结构隐喻,结构隐喻,8,8,成为,变成,动词性,动词性,有,有,有,有,网络,网络,4.3,4.2,2.6,2.7,4.1,3.9,1.4,1.8,4.4,4.6,1.6,1.6,1.7,1.6,3.8,4.2,3.7,4.0,1.9,1.8,4.0,3.6,3.2,3.3,1.7,1.6,3.2,3.2,2.8,2.7,1.3,1.6
263,2,2,抽象-具体,抽象-具体,人体,人体,品质,品质,1,1,多义,多义,有,有,边缘,边缘,边缘,边缘,阶段4,阶段4,本体隐喻,本体隐喻,8,8,成为,成为,动词性,动词性,无,无,无,无,新闻,学术,4.3,4.2,4.1,4.3,1.8,2.0,4.4,4.4,2.8,2.7,3.7,3.7,3.9,3.9,3.1,3.1,2.5,2.3,3.3,3.4,3.6,4.0,1.6,1.9,4.5,4.3,3.1,3.4,1.6,1.7,3.8,3.6
264,6,6,抽象-具体,抽象-具体,自然,人体,时间,时间,4,4,多义,多义,有,有,边缘,边缘,核心,核心,阶段3,阶段3,方位隐喻,方位隐喻,9,9,算,算,动词性,形容词性,有,有,有,有,对话,对话,2.4,2.3,3.3,3.3,2.7,2.7,1.9,1.8,3.0,3.2,2.6,2.7,3.8,3.7,2.5,2.5,2.0,1.9,3.3,3.1,3.8,4.0,1.5,1.5,4.2,4.1,3.7,3.6,3.2,3.4,1.6,1.7
265,8,8,抽象-抽象,抽象-抽象,物体,物体,事件,时间,19,19,实例,实例,无,无,桥接,桥接,边缘,边缘,阶段4,阶段4,结构隐喻,结构隐喻,9,9,为,为,动词性,动词性,无,无,有,有,网络,网络,3.7,3.5,1.9,1.9,2.3,2.1,2.9,2.9,1.8,1.7,2.3,2.5,2.3,2.2,2.7,2.7,3.9,3.8,2.8,2.7,3.5,3.5,2.2,2.3,1.7,1.6,2.2,2.1,3.6,3.8,3.5,3.5
266,11,8,具体-抽象,具体-抽象,空间,空间,时间,抽象概念,2,2,多义,多义,有,有,边缘,边缘,中间,中间,阶段2,阶段2,结构隐喻,结构隐喻,8,8,像,成为,介词短语,介词短语,无,无,有,有,新闻,新闻,1.5,1.6,3.9,3.9,3.5,3.5,4.3,4.0,2.6,2.5,2.4,2.1,3.4,3.4,3.1,3.1,3.4,3.5,1.8,1.8,2.4,2.4,1.7,1.7,3.1,2.9,3.7,3.6,3.9,4.2,4.0,3.9
267,4,4,抽象-具体,抽象-具体,自然,自然,抽象概念,抽象概念,9,9,隐喻扩展,子部分,无,有,桥接,桥接,核心,核心,阶段3,阶段3,结构隐喻,结构隐喻,8,5,为,为,动词性,动词性,有,有,无,无,学术,学术,1.9,1.9,2.2,2.3,3.1,3.2,3.8,3.8,1.6,1.5,1.6,1.4,4.4,4.5,3.1,3.2,3.1,3.3,1.7,1.8,2.3,2.5,3.6,3.4,3.6,3.7,1.4,1.3,3.2,3.1,4.3,4.2
268,5,6,具体-具体,具体-具体,心理,心理,抽象概念,抽象概念,9,9,多义,多义,无,无,边缘,边缘,中间,中间,阶段3,阶段1,结构隐喻,结构隐喻,2,2,算,算,名词性,名词性,无,无,无,无,对话,对话,2.9,3.0,3.2,3.3,3.9,3.9,3.0,2.9,1.9,2.0,4.0,3.9,3.7,3.5,4.0,4.3,4.4,4.3,3.4,3.0,3.3,3.1,3.3,3.2,3.3,3.5,3.2,2.9,3.6,3.4,2.1,2.2
269,2,2,具体-具体,具体-具体,自然,自然,情感,情感,4,4,多义,多义,无,无,核心,核心,中间,中间,阶段3,阶段3,方位隐喻,方位隐喻,9,9,变成,变成,介词短语,介词短语,有,有,无,无,网络,网络,2.2,1.9,3.2,3.1,2.9,2.9,3.2,3.3,3.4,3.4,2.2,1.9,4.2,3.7,3.9,3.9,4.4,4.5,1.6,1.7,3.9,4.1,4.0,4.1,2.6,2.4,4.0,4.0,2.8,3.0,3.6,3.7
270,5,5,具体-具体,具体-具体,空间,空间,状态,状态,18,8,实例,实例,有,有,桥接,桥接,核心,中间,阶段4,阶段4,方位隐喻,方位隐喻,5,5,为,为,形容词性,形容词性,无,无,无,无,学术,网络,4.1,3.9,2.0,2.2,1.7,1.5,3.4,3.3,3.8,3.8,3.2,3.2,1.9,1.8,3.8,3.7,4.0,3.9,3.5,3.8,2.6,2.5,3.0,3.0,3.9,3.9,3.6,3.7,3.4,3.4,4.4,4.4
271,7,7,抽象-抽象,抽象-具体,人体,人体,关系,品质,7,7,隐喻扩展,子部分,有,有,核心,核心,中间,中间,阶段3,阶段3,方位隐喻,方位隐喻,9,9,为,为,名词性,名词性,无,无,无,无,对话,对话,4.4,4.5,2.1,1.9,2.2,2.1,1.7,2.0,4.1,4.2,1.5,1.6,3.6,3.7,3.8,3.6,2.2,2.4,4.5,4.4,3.7,3.8,2.2,2.3,3.3,3.3,4.2,4.2,4.3,4.2,1.8,1.9
272,8,8,抽象-具体,抽象-具体,空间,物体,时间,时间,3,10,多义,多义,有,有,核心,核心,边缘,边缘,阶段4,阶段4,本体隐喻,本体隐喻,3,3,是,是,形容词性,形容词性,无,无,有,有,新闻,新闻,1.6,1.6,2.1,2.2,4.4,4.4,2.2,2.5,2.5,2.3,3.5,3.1,2.1,2.2,3.8,3.6,2.2,1.9,3.3,3.2,2.4,2.4,1.6,1.6,2.1,2.4,2.1,1.8,4.5,4.4,1.5,1.5
273,1,1,具体-抽象,具体-抽象,物体,物体,关系,关系,3,3,隐喻扩展,隐喻扩展,有,有,核心,核心,边缘,边缘,阶段1,阶段4,结构隐喻,结构隐喻,3,3,算,算,形容词性,形容词性,无,无,有,有,新闻,新闻,2.2,2.1,1.8,2.0,2.6,2.6,2.3,2.4,2.5,2.6,2.4,2.4,1.6,1.8,3.4,3.4,4.3,4.0,3.7,3.8,2.5,2.6,1.4,1.4,3.2,3.3,3.8,3.7,3.4,3.4,2.2,2.2
274,10,10,抽象-抽象,抽象-抽象,物体,人体,情感,状态,10,10,隐喻扩展,多义,无,无,桥接,核心,核心,核心,阶段1,阶段1,本体隐喻,本体隐喻,2,2,算,算,动词性,动词性,无,无,有,有,文学,文学,2.9,2.9,2.5,2.2,3.6,3.2,2.6,2.8,3.1,3.3,3.5,3.4,3.1,3.1,4.1,4.4,3.4,3.3,2.7,2.9,3.6,3.8,4.4,4.2,2.3,2.2,2.9,3.1,3.4,3.3,2.2,2.1
275,1,1,抽象-具体,抽象-具体,心理,心理,社会角色,社会角色,9,9,隐喻扩展,隐喻扩展,有,有,核心,核心,核心,核心,阶段2,阶段2,方位隐喻,方位隐喻,3,3,像,是,介词短语,形容词性,无,无,有,有,学术,学术,3.1,3.1,4.5,4.3,4.2,4.4,2.1,2.4,1.6,2.1,1.8,1.8,3.8,3.7,3.2,3.3,2.7,2.7,3.4,3.5,3.5,3.3,1.8,1.8,3.3,3.4,2.4,2.6,2.5,2.6,2.5,2.5
276,2,1,抽象-抽象,具体-具体,物体,物体,品质,品质,1,11,子部分,子部分,有,有,边缘,边缘,核心,核心,阶段1,阶段1,结构隐喻,本体隐喻,5,9,是,是,名词性,名词性,无,无,无,无,网络,网络,4.1,4.3,2.7,2.7,1.6,1.4,2.1,2.0,4.1,4.1,2.3,2.3,2.9,3.1,2.7,2.9,2.8,2.6,3.7,3.3,2.3,2.0,3.2,3.0,4.0,3.7,2.7,2.6,2.2,2.7,4.4,4.0
277,5,5,抽象-具体,抽象-具体,感知,社会,关系,关系,21,21,隐喻扩展,隐喻扩展,无,无,核心,核心,边缘,边缘,阶段4,阶段4,结构隐喻,结构隐喻,3,3,算,算,形容词性,形容词性,有,有,无,无,对话,对话,4.2,4.2,4.0,3.9,3.5,3.4,2.6,2.3,3.0,3.0,1.7,1.8,4.2,4.3,3.9,3.6,4.0,4.3,3.9,4.0,4.0,3.8,3.7,4.0,2.2,2.3,1.9,1.6,4.3,4.5,3.3,3.6
278,10,10,具体-具体,具体-具体,空间,空间,品质,品质,22,22,隐喻扩展,隐喻扩展,有,有,核心,核心,边缘,边缘,阶段3,阶段3,方位隐喻,方位隐喻,1,1,为,为,形容词性,形容词性,无,无,有,有,网络,网络,3.4,3.4,3.1,3.1,2.4,2.3,2.4,2.7,4.4,4.4,3.5,3.4,3.6,3.6,2.3,2.0,2.0,1.9,3.6,3.5,3.9,4.1,4.4,4.3,2.4,2.4,3.6,3.5,3.3,3.4,1.3,1.6
279,6,6,抽象-具体,抽象-具体,自然,自然,情感,情感,12,12,实例,实例,有,有,核心,核心,核心,核心,阶段4,阶段4,结构隐喻,结构隐喻,4,4,变成,变成,介词短语,介词短语,无,无,有,有,对话,对话,2.5,2.4,3.4,3.7,2.5,2.2,2.8,2.9,1.8,2.1,1.7,1.8,1.8,2.0,3.7,4.1,4.2,4.5,4.0,3.8,3.9,4.0,2.2,2.1,3.9,3.7,3.2,3.5,3.0,2.9,3.1,3.1
280,11,11,具体-具体,具体-具体,社会,社会,品质,品质,16,16,实例,实例,无,无,桥接,桥接,核心,核心,阶段1,阶段1,本体隐喻,本体隐喻,4,4,成为,成为,动词性,动词性,无,无,有,有,学术,学术,4.0,3.9,1.8,2.0,2.2,2.2,2.2,1.9,2.0,1.9,3.5,3.3,4.3,4.1,4.4,4.0,3.2,3.3,3.3,3.2,3.0,2.8,2.2,2.2,2.8,2.9,1.9,2.0,3.4,3.4,4.1,4.4
281,7,7,具体-抽象,具体-抽象,物体,物体,抽象概念,抽象概念,2,2,子部分,子部分,有,无,边缘,边缘,边缘,边缘,阶段1,阶段1,方位隐喻,方位隐喻,2,2,为,为,名词性,名词性,无,无,无,无,网络,网络,2.0,2.0,2.1,2.3,4.1,3.9,4.0,3.9,2.5,2.6,2.0,1.6,1.8,2.1,2.3,2.3,4.0,3.5,2.9,2.9,2.3,2.6,1.8,2.2,2.1,2.0,3.1,3.2,1.9,2.0,3.1,3.0
282,12,12,具体-具体,具体-具体,心理,心理,时间,时间,13,13,多义,多义,无,无,边缘,边缘,边缘,边缘,阶段1,阶段1,结构隐喻,结构隐喻,5,5,变成,变成,形容词性,形容词性,有,有,有,有,学术,学术,4.5,4.4,3.0,3.0,2.7,2.6,4.0,4.3,2.1,2.3,4.4,4.3,3.7,3.9,3.1,3.3,2.6,2.7,2.9,2.9,4.1,4.0,2.0,1.9,3.3,3.0,1.9,2.0,4.5,4.3,2.1,2.0
283,4,4,具体-具体,抽象-具体,自然,自然,关系,关系,9,2,实例,子部分,无,无,边缘,边缘,中间,中间,阶段2,阶段2,结构隐喻,结构隐喻,8,8,变成,变成,名词性,形容词性,有,有,有,有,网络,网络,1.3,1.4,4.0,4.3,1.6,1.7,2.3,2.3,3.7,3.6,2.6,2.7,1.9,2.0,1.5,1.5,3.3,3.1,2.9,2.6,3.3,3.3,3.0,2.9,3.5,3.4,2.3,2.4,3.1,2.9,4.5,4.5
284,3,3,抽象-具体,抽象-具体,空间,空间,时间,品质,22,22,子部分,子部分,无,无,边缘,边缘,边缘,边缘,阶段4,阶段4,本体隐喻,本体隐喻,8,6,成为,成为,介词短语,介词短语,无,无,无,无,新闻,新闻,3.2,3.1,1.7,1.7,1.8,1.8,1.8,1.8,4.3,4.2,1.8,1.8,4.3,4.5,3.6,3.8,3.8,3.9,2.2,2.4,4.3,4.1,3.2,3.4,2.9,2.9,1.6,1.6,2.5,2.6,2.4,2.3
285,8,8,抽象-抽象,抽象-抽象,物体,物体,关系,关系,2,2,隐喻扩展,隐喻扩展,无,无,核心,桥接,边缘,中间,阶段1,阶段1,方位隐喻,方位隐喻,2,8,算,算,名词性,名词性,无,无,无,无,新闻,网络,1.8,1.8,3.0,3.0,1.9,2.0,3.6,3.6,1.9,1.8,1.5,1.5,2.4,2.5,3.2,3.3,2.7,2.8,1.7,1.5,2.4,2.3,3.6,3.7,3.3,3.4,3.5,3.8,1.6,1.7,2.6,2.7
286,11,11,抽象-具体,抽象-具体,自然,自然,抽象概念,品质,5,5,子部分,多义,无,无,边缘,边缘,边缘,中间,阶段3,阶段3,结构隐喻,结构隐喻,9,9,算,算,名词性,名词性,无,无,无,无,学术,学术,2.6,2.7,1.5,1.8,4.1,4.3,3.9,4.1,2.0,2.2,2.6,2.3,3.0,3.0,3.6,3.5,2.8,3.0,3.6,3.6,4.6,4.5,2.4,2.4,2.6,2.6,1.6,1.6,3.4,3.4,2.6,2.6
287,8,8,具体-抽象,具体-抽象,心理,心理,事件,事件,4,4,隐喻扩展,隐喻扩展,有,无,边缘,边缘,核心,核心,阶段1,阶段1,结构隐喻,结构隐喻,7,7,为,为,名词性,名词性,有,无,有,有,学术,学术,3.4,3.5,3.0,2.9,2.8,2.7,1.8,1.7,2.2,2.4,4.2,4.2,3.0,2.9,2.1,1.9,3.2,3.3,4.2,4.5,2.7,2.4,3.4,3.6,4.1,4.1,2.3,2.4,4.5,4.5,2.8,2.8
288,6,6,具体-抽象,具体-抽象,社会,社会,情感,情感,15,15,多义,隐喻扩展,有,无,核心,核心,中间,边缘,阶段4,阶段4,方位隐喻,方位隐喻,5,5,像,像,形容词性,形容词性,无,无,无,无,网络,新闻,3.5,3.4,3.3,3.3,4.3,4.2,1.6,1.5,3.0,2.8,1.9,1.8,1.9,1.9,3.9,3.8,1.7,1.9,4.2,4.2,2.6,2.8,1.7,1.5,2.2,2.3,2.3,2.3,3.1,3.1,3.7,3.7
289,5,10,具体-抽象,具体-抽象,人体,人体,情感,情感,24,15,多义,多义,无,有,桥接,桥接,边缘,边缘,阶段3,阶段3,结构隐喻,结构隐喻,3,2,算,算,动词性,动词性,无,无,无,无,新闻,新闻,4.0,3.9,3.8,3.5,4.0,3.9,2.1,2.0,2.6,2.8,3.9,3.9,2.9,2.8,2.4,2.2,4.0,4.2,3.3,3.1,2.2,2.3,4.2,4.0,2.3,2.4,3.6,3.8,2.5,2.4,2.5,2.4
290,4,4,具体-抽象,具体-抽象,心理,心理,状态,状态,10,10,隐喻扩展,隐喻扩展,有,有,核心,核心,中间,中间,阶段2,阶段2,结构隐喻,结构隐喻,1,2,成为,成为,形容词性,形容词性,有,有,无,无,学术,学术,3.3,3.4,2.1,1.9,4.0,4.0,3.6,3.5,3.6,3.7,2.9,2.7,1.9,2.0,3.6,3.6,4.0,4.1,1.8,1.8,4.4,4.4,4.0,4.0,4.1,3.8,2.9,2.8,2.7,2.5,2.8,3.0
291,2,2,抽象-抽象,抽象-抽象,心理,心理,社会角色,社会角色,20,20,子部分,子部分,无,无,边缘,边缘,边缘,边缘,阶段4,阶段4,方位隐喻,方位隐喻,5,5,为,为,名词性,名词性,有,有,无,无,网络,网络,2.4,2.3,2.0,1.9,2.4,2.2,4.4,4.6,3.8,3.6,3.8,3.9,3.9,4.0,3.3,3.3,2.1,2.4,4.2,4.2,1.7,1.6,3.3,3.2,1.7,1.7,3.3,3.2,3.0,3.3,2.2,2.4
292,9,9,具体-具体,具体-具体,人体,物体,抽象概念,抽象概念,23,23,实例,实例,无,有,核心,核心,边缘,边缘,阶段4,阶段4,结构隐喻,方位隐喻,9,9,成为,成为,名词性,名词性,有,有,有,有,文学,文学,4.0,4.0,2.9,2.9,2.2,2.1,3.7,3.6,3.1,3.4,4.1,4.2,4.4,4.5,3.3,3.2,4.1,4.2,3.6,3.6,2.9,2.9,2.3,2.2,4.4,4.6,2.2,2.1,3.3,3.6,2.9,3.1
293,2,2,抽象-具体,抽象-具体,运动,运动,抽象概念,抽象概念,18,18,隐喻扩展,隐喻扩展,无,无,边缘,边缘,边缘,边缘,阶段2,阶段2,方位隐喻,本体隐喻,8,8,算,算,形容词性,形容词性,无,无,有,有,学术,学术,3.8,3.8,4.7,4.5,3.0,3.2,3.2,3.3,3.2,3.3,4.3,4.4,3.9,4.1,1.6,1.6,3.7,3.8,2.6,2.2,2.6,2.8,4.4,4.3,3.4,3.4,3.0,3.2,2.0,2.0,4.3,4.3
294,4,4,抽象-抽象,具体-具体,自然,自然,情感,情感,2,20,隐喻扩展,隐喻扩展,无,无,边缘,边缘,中间,中间,阶段1,阶段1,方位隐喻,方位隐喻,7,7,像,为,形容词性,形容词性,有,有,有,有,新闻,学术,1.9,2.1,2.5,2.4,2.9,2.9,3.8,3.7,4.0,4.0,1.6,1.7,2.7,2.8,3.7,3.7,2.9,3.2,4.0,3.8,1.8,2.2,3.9,4.1,4.1,4.1,2.1,2.3,4.4,4.3,2.3,2.2
295,7,7,具体-抽象,具体-抽象,心理,心理,抽象概念,抽象概念,7,7,实例,实例,有,有,边缘,边缘,边缘,边缘,阶段3,阶段3,结构隐喻,结构隐喻,8,8,像,像,形容词性,形容词性,无,无,无,无,文学,文学,4.0,3.9,2.9,3.1,3.1,3.2,2.2,2.1,2.8,2.7,3.9,4.0,1.6,1.7,4.0,3.8,2.4,2.5,3.0,2.7,3.7,3.6,1.4,1.6,3.2,3.3,4.5,4.5,2.8,2.8,3.9,3.9
296,1,11,抽象-抽象,抽象-抽象,运动,运动,关系,关系,17,17,多义,多义,无,无,桥接,边缘,边缘,边缘,阶段1,阶段1,结构隐喻,方位隐喻,4,4,像,算,介词短语,介词短语,有,有,无,有,网络,网络,4.4,4.3,2.8,2.7,1.6,1.5,3.8,3.6,1.6,1.4,1.8,1.7,1.6,1.6,2.7,2.9,2.6,2.7,4.4,4.2,4.3,4.0,3.0,2.9,4.0,3.8,3.1,2.8,3.5,3.4,2.1,2.1
297,12,2,抽象-抽象,抽象-抽象,运动,运动,时间,时间,4,4,隐喻扩展,隐喻扩展,有,有,边缘,边缘,边缘,边缘,阶段2,阶段3,本体隐喻,本体隐喻,5,5,成为,成为,形容词性,形容词性,有,无,有,有,对话,对话,3.5,3.4,1.8,1.8,4.6,4.4,2.4,2.4,2.1,2.2,2.5,2.4,3.0,3.0,2.8,2.4,3.0,3.0,2.2,2.2,2.2,2.2,1.9,1.8,2.8,2.8,4.2,4.0,4.5,4.3,1.7,2.0
298,11,6,具体-具体,具体-具体,社会,社会,关系,关系,6,6,实例,实例,有,有,核心,边缘,核心,核心,阶段1,阶段1,本体隐喻,本体隐喻,3,3,变成,变成,动词性,动词性,有,无,无,无,新闻,新闻,2.3,2.3,3.8,3.8,1.7,1.7,2.0,2.3,1.5,1.8,3.6,3.3,3.5,3.6,2.5,2.7,2.7,3.1,3.8,3.8,2.9,3.1,1.9,2.0,3.2,3.4,1.6,2.0,3.2,3.1,1.7,2.0
299,8,8,具体-具体,抽象-具体,运动,运动,状态,状态,24,24,实例,实例,无,无,边缘,边缘,核心,核心,阶段4,阶段3,方位隐喻,方位隐喻,6,6,像,是,名词性,名词性,无,有,无,无,对话,对话,3.1,3.5,2.2,1.9,2.1,2.1,2.1,2.1,2.8,2.7,2.9,2.7,3.9,3.8,4.2,4.3,2.7,2.7,3.6,3.5,3.2,3.2,1.6,1.6,3.6,3.6,3.4,3.1,3.5,3.6,4.4,4.3
300,4,2,具体-具体,具体-具体,人体,人体,状态,状态,3,3,隐喻扩展,隐喻扩展,有,有,桥接,桥接,边缘,边缘,阶段3,阶段3,结构隐喻,结构隐喻,4,4,成为,成为,动词性,名词性,有,有,有,有,学术,网络,2.4,2.3,3.5,3.6,3.8,3.4,3.5,3.5,2.6,2.6,3.1,3.2,3.4,3.4,3.8,4.1,2.3,2.1,1.8,1.5,2.9,2.6,3.3,3.5,4.4,4.1,3.4,3.6,3.4,3.4,3.3,3.2
301,3,3,具体-具体,具体-具体,感知,感知,抽象概念,抽象概念,8,6,隐喻扩展,隐喻扩展,有,有,核心,核心,核心,核心,阶段1,阶段1,结构隐喻,结构隐喻,7,7,算,算,介词短语,介词短语,无,无,有,有,新闻,新闻,3.7,3.6,2.9,2.9,1.8,2.2,4.0,3.8,1.9,1.7,4.6,4.4,4.4,4.3,3.6,3.7,3.8,3.5,3.2,3.2,4.4,4.5,2.2,2.3,1.6,1.5,3.9,4.0,2.2,2.1,3.1,3.0
302,4,4,具体-抽象,具体-抽象,运动,运动,关系,关系,15,15,多义,多义,无,无,核心,核心,中间,中间,阶段2,阶段2,本体隐喻,本体隐喻,8,8,像,像,动词性,名词性,有,有,无,无,文学,文学,3.1,3.3,3.2,3.3,1.8,1.8,3.2,3.3,3.8,3.7,4.0,4.0,3.0,3.0,4.3,4.3,3.4,3.3,4.0,3.5,2.9,2.7,2.3,2.6,1.9,1.8,3.1,3.0,4.4,4.6,1.6,1.4
303,9,9,具体-具体,具体-具体,感知,感知,社会角色,社会角色,23,23,子部分,子部分,有,有,边缘,边缘,核心,核心,阶段4,阶段4,方位隐喻,方位隐喻,6,6,像,变成,形容词性,形容词性,有,有,无,无,对话,对话,4.3,4.4,1.6,1.8,1.9,2.0,1.5,1.4,2.8,3.3,2.8,2.6,3.3,3.0,2.7,2.4,4.5,4.6,1.9,1.9,4.4,4.6,1.7,1.6,3.6,3.7,1.5,1.4,2.8,2.8,3.1,3.0
304,11,11,抽象-具体,抽象-具体,人体,人体,品质,品质,4,4,子部分,子部分,无,有,核心,核心,核心,核心,阶段3,阶段3,本体隐喻,本体隐喻,5,5,像,像,形容词性,形容词性,无,有,有,有,新闻,新闻,3.4,3.6,4.1,4.4,1.6,1.6,1.6,1.5,2.3,2.2,3.5,3.2,2.2,2.2,3.2,3.3,1.9,1.9,2.8,3.2,2.3,2.4,1.4,1.6,2.9,2.4,2.2,2.2,1.7,1.7,3.8,3.6
305,7,5,抽象-抽象,抽象-抽象,心理,心理,社会角色,社会角色,16,16,实例,实例,无,无,桥接,桥接,边缘,边缘,阶段3,阶段3,结构隐喻,结构隐喻,5,5,成为,成为,名词性,名词性,有,有,无,无,对话,网络,2.2,2.1,2.3,2.3,2.2,2.2,2.3,2.2,3.8,4.0,1.6,1.5,2.6,2.5,3.4,3.7,1.7,2.0,2.2,2.5,1.8,1.7,3.7,3.9,3.6,3.4,2.4,2.5,4.5,4.4,2.6,2.7
306,10,10,具体-抽象,具体-抽象,空间,物体,状态,状态,23,12,子部分,子部分,有,有,边缘,边缘,边缘,边缘,阶段1,阶段1,方位隐喻,方位隐喻,2,2,是,成为,动词性,动词性,有,有,有,有,学术,学术,3.5,3.8,3.5,3.6,2.3,2.4,2.4,2.6,3.5,3.6,2.8,2.7,3.5,3.6,4.4,4.5,3.1,3.1,3.7,3.5,3.2,3.3,3.5,3.5,2.5,2.2,2.6,2.3,3.6,3.4,2.0,2.0
307,8,8,抽象-具体,抽象-具体,感知,感知,关系,抽象概念,23,23,多义,多义,无,无,核心,核心,边缘,边缘,阶段1,阶段1,本体隐喻,本体隐喻,9,9,像,是,动词性,动词性,有,有,有,有,对话,对话,2.5,2.4,4.0,3.8,2.9,3.1,2.7,2.8,1.8,2.0,3.1,3.2,3.3,3.5,2.9,2.7,1.9,1.9,3.2,3.2,4.0,4.0,2.6,2.5,3.6,3.4,1.6,1.8,3.3,3.2,2.3,2.6
308,11,11,抽象-抽象,抽象-抽象,自然,自然,时间,时间,11,11,多义,多义,有,有,边缘,边缘,边缘,中间,阶段1,阶段1,本体隐喻,本体隐喻,6,6,像,像,动词性,动词性,有,无,有,有,文学,文学,2.3,2.3,3.2,3.0,2.8,2.9,1.7,1.8,4.4,4.7,3.7,3.8,2.6,2.6,2.8,2.9,3.2,3.2,3.4,3.3,2.8,2.7,1.8,1.6,3.0,2.6,1.4,1.4,4.4,4.2,3.6,3.7
309,4,4,抽象-抽象,抽象-抽象,人体,自然,时间,时间,6,6,隐喻扩展,隐喻扩展,无,无,边缘,边缘,边缘,边缘,阶段4,阶段3,方位隐喻,方位隐喻,5,6,是,是,介词短语,名词性,无,无,无,无,文学,文学,2.9,2.4,2.7,2.4,2.8,2.8,3.7,3.6,2.0,1.9,4.2,4.1,1.8,1.7,1.7,1.8,2.0,2.1,1.6,1.7,1.9,2.0,3.9,3.8,1.8,1.8,3.0,3.1,3.2,3.2,2.8,2.7
310,10,10,抽象-抽象,具体-具体,社会,社会,状态,状态,8,8,多义,多义,有,无,核心,核心,核心,核心,阶段4,阶段2,本体隐喻,方位隐喻,8,8,是,是,介词短语,介词短语,有,有,有,有,新闻,文学,1.5,1.5,4.4,4.7,3.5,3.2,3.9,3.7,3.7,3.8,2.3,2.2,2.6,2.5,1.9,1.9,2.7,3.0,1.8,1.9,3.6,3.7,4.4,4.2,4.3,4.2,3.8,3.7,2.6,2.6,2.8,3.0
311,10,10,抽象-具体,抽象-具体,自然,感知,抽象概念,抽象概念,11,11,隐喻扩展,隐喻扩展,无,无,核心,核心,核心,核心,阶段2,阶段2,本体隐喻,本体隐喻,6,8,算,是,名词性,动词性,有,有,无,无,新闻,新闻,4.5,4.5,2.3,2.3,2.3,2.5,2.7,2.6,4.6,4.4,4.1,4.1,1.5,1.7,3.1,3.0,3.2,3.3,3.0,3.2,2.4,2.4,2.9,2.9,4.0,3.8,2.2,2.2,2.1,1.9,1.8,1.7
312,9,9,具体-抽象,具体-抽象,自然,自然,抽象概念,抽象概念,24,24,多义,隐喻扩展,无,无,桥接,桥接,核心,核心,阶段4,阶段4,结构隐喻,结构隐喻,9,9,像,像,形容词性,形容词性,有,有,无,无,网络,网络,3.1,2.9,4.2,4.5,1.9,1.9,3.4,3.4,3.8,3.7,3.5,3.6,3.4,3.3,2.1,2.2,2.9,2.9,2.0,2.2,3.8,3.7,2.0,1.8,3.9,3.9,3.6,3.5,3.9,4.0,3.1,3.0
313,12,12,抽象-具体,抽象-具体,社会,社会,品质,品质,10,10,隐喻扩展,隐喻扩展,有,有,边缘,边缘,核心,核心,阶段3,阶段3,方位隐喻,方位隐喻,8,8,为,像,形容词性,形容词性,无,无,无,无,对话,对话,4.0,4.1,2.1,1.9,4.1,4.0,2.1,1.7,3.5,3.4,1.5,1.8,2.6,2.3,1.8,1.7,2.6,2.4,3.0,2.9,2.3,2.4,3.6,3.4,3.5,3.4,3.7,3.6,2.5,2.6,2.6,2.8
314,8,8,抽象-抽象,抽象-抽象,人体,人体,社会角色,社会角色,12,11,子部分,子部分,有,有,边缘,边缘,中间,中间,阶段2,阶段2,本体隐喻,本体隐喻,2,2,为,像,介词短语,介词短语,有,有,有,有,对话,对话,2.4,2.3,2.5,2.6,3.4,3.5,2.9,2.7,4.4,4.2,2.8,2.6,2.6,2.6,4.4,4.5,3.9,3.9,3.7,3.6,3.3,3.2,1.8,1.7,1.6,1.6,2.7,2.5,3.2,3.0,4.1,4.2
315,11,11,抽象-具体,抽象-具体,感知,感知,时间,关系,4,19,多义,多义,无,有,桥接,桥接,中间,中间,阶段1,阶段1,方位隐喻,方位隐喻,7,7,成为,成为,介词短语,介词短语,有,有,无,无,网络,文学,3.6,3.6,1.8,1.9,1.8,1.6,4.0,4.3,2.3,2.5,3.0,2.7,3.2,3.2,4.4,4.3,4.0,4.1,4.0,3.9,4.2,4.0,1.7,1.9,2.9,2.8,3.1,3.0,3.1,3.0,2.6,2.7
316,8,9,具体-抽象,具体-抽象,感知,感知,情感,情感,8,8,实例,子部分,无,无,边缘,边缘,边缘,核心,阶段1,阶段1,方位隐喻,方位隐喻,1,8,算,算,动词性,动词性,有,有,无,有,文学,文学,3.4,3.2,1.5,1.4,4.3,4.6,3.6,3.5,2.5,2.5,2.5,2.5,3.0,3.2,2.5,2.7,2.1,2.2,1.9,1.8,2.1,2.1,2.9,2.8,3.9,3.7,2.5,2.4,3.7,3.7,3.2,3.5
317,4,11,抽象-具体,抽象-具体,运动,运动,状态,状态,15,1,多义,多义,有,有,边缘,边缘,核心,核心,阶段3,阶段3,结构隐喻,结构隐喻,6,7,变成,变成,名词性,名词性,无,无,有,有,网络,网络,2.9,2.9,2.2,2.2,3.4,3.5,2.0,1.9,3.3,3.6,1.8,1.9,3.2,3.3,3.8,4.0,3.8,3.9,4.0,3.8,3.9,4.0,2.2,2.4,2.0,2.0,2.8,2.7,3.5,3.4,4.4,4.3
318,12,12,具体-具体,具体-具体,空间,空间,时间,时间,19,9,多义,多义,有,有,核心,核心,核心,核心,阶段2,阶段1,结构隐喻,结构隐喻,1,9,是,是,动词性,动词性,无,无,无,无,网络,网络,4.4,4.4,1.9,1.9,2.0,2.1,4.1,3.9,4.2,4.1,3.2,3.3,3.2,2.9,4.1,4.1,2.7,2.7,2.6,2.5,2.3,2.2,4.2,4.2,3.2,3.3,3.3,3.1,2.9,2.5,3.2,3.2
319,2,8,具体-抽象,具体-抽象,空间,社会,事件,事件,1,1,隐喻扩展,隐喻扩展,无,有,桥接,桥接,边缘,边缘,阶段4,阶段4,本体隐喻,本体隐喻,3,3,是,是,动词性,形容词性,有,有,有,有,文学,文学,2.8,2.9,4.4,4.5,4.5,4.4,3.5,3.5,3.5,3.4,2.0,1.6,3.0,3.1,3.0,3.2,3.0,2.9,3.3,3.7,3.6,3.6,3.8,3.9,4.3,4.3,2.7,2.8,2.8,2.7,1.6,1.4
320,10,10,具体-具体,具体-具体,物体,物体,时间,时间,5,5,实例,实例,无,无,桥接,桥接,核心,边缘,阶段2,阶段3,本体隐喻,本体隐喻,7,7,成为,成为,名词性,动词性,有,有,无,无,文学,文学,3.6,3.7,3.8,3.8,2.6,2.4,3.0,2.9,4.6,4.5,4.5,4.1,4.0,4.0,2.1,2.2,2.1,2.1,1.8,1.8,2.0,2.3,2.4,2.5,3.7,3.8,3.1,2.9,2.4,2.6,1.6,1.6
321,9,9,抽象-抽象,抽象-抽象,空间,空间,情感,情感,8,8,隐喻扩展,隐喻扩展,无,无,桥接,桥接,核心,核心,阶段4,阶段4,本体隐喻,方位隐喻,4,4,为,为,动词性,动词性,有,有,无,无,对话,对话,1.7,1.5,1.3,1.5,4.4,4.3,3.4,3.5,2.3,2.0,4.0,4.1,2.8,2.7,1.8,2.1,3.3,3.5,3.1,3.0,1.8,1.9,4.3,4.4,3.2,3.1,3.8,3.7,2.6,2.5,4.3,4.3
322,10,10,具体-抽象,具体-抽象,人体,人体,抽象概念,状态,2,2,子部分,子部分,有,有,边缘,边缘,核心,核心,阶段4,阶段4,本体隐喻,方位隐喻,7,7,像,像,介词短语,介词短语,无,无,无,无,文学,网络,2.5,2.4,2.3,2.3,1.9,1.7,2.0,2.0,4.1,4.0,3.1,3.0,3.1,3.1,1.9,1.8,2.0,1.9,3.9,4.0,3.6,3.5,2.6,2.9,2.6,2.5,4.4,4.5,3.8,3.5,3.0,3.2
323,4,4,抽象-抽象,抽象-抽象,运动,运动,品质,品质,12,12,多义,多义,无,无,边缘,边缘,中间,中间,阶段3,阶段3,结构隐喻,结构隐喻,7,7,成为,成为,形容词性,形容词性,有,有,无,无,新闻,新闻,4.3,4.3,3.3,3.5,2.1,1.9,3.2,3.2,4.5,4.4,1.7,1.5,4.5,4.5,3.9,4.0,3.1,3.3,2.0,1.6,3.2,3.4,3.4,3.3,3.6,3.5,4.4,4.1,3.3,3.3,2.2,2.0
324,11,11,抽象-抽象,具体-具体,感知,感知,事件,关系,1,1,多义,多义,无,无,核心,核心,核心,中间,阶段3,阶段3,本体隐喻,本体隐喻,4,4,为,为,动词性,动词性,有,有,无,无,网络,网络,3.8,3.8,3.0,2.7,3.5,3.5,3.3,3.4,2.5,2.8,3.1,3.0,1.9,2.2,2.7,2.7,4.5,4.3,4.0,4.1,2.5,2.8,3.1,3.2,3.5,3.5,4.0,4.3,1.6,1.6,3.2,3.1
325,12,8,抽象-具体,抽象-抽象,自然,运动,关系,关系,13,13,实例,实例,有,有,边缘,边缘,边缘,边缘,阶段4,阶段2,本体隐喻,本体隐喻,7,7,为,为,名词性,名词性,有,有,有,有,文学,文学,3.2,3.2,4.0,4.1,1.5,1.3,4.4,4.2,4.3,4.3,3.2,3.2,3.7,3.5,3.6,3.5,3.6,4.0,3.0,3.0,1.5,1.5,3.4,3.4,3.4,3.4,4.2,4.1,3.2,3.1,4.4,4.4
326,3,3,抽象-抽象,抽象-抽象,物体,物体,品质,品质,23,23,子部分,子部分,有,有,桥接,桥接,核心,核心,阶段3,阶段3,方位隐喻,方位隐喻,8,8,像,像,介词短语,介词短语,无,无,有,有,学术,网络,4.2,4.1,3.0,2.9,1.5,1.6,1.8,1.8,1.9,2.2,4.3,4.0,3.0,2.7,3.1,3.2,4.1,4.2,4.0,4.0,3.0,2.9,2.1,2.3,3.9,3.6,2.3,2.1,4.5,4.4,1.9,1.6
327,8,8,抽象-抽象,抽象-抽象,物体,社会,事件,事件,20,13,隐喻扩展,隐喻扩展,有,无,核心,核心,边缘,边缘,阶段4,阶段4,本体隐喻,本体隐喻,4,4,是,是,动词性,动词性,无,有,无,无,文学,文学,2.8,2.9,3.5,3.4,3.8,3.6,2.7,2.6,4.2,4.5,1.6,1.5,4.2,4.0,2.7,2.8,2.9,2.9,4.1,4.4,1.9,1.9,4.4,4.3,2.5,2.4,4.3,4.3,1.8,1.8,3.0,3.0
328,8,8,抽象-具体,抽象-具体,社会,社会,关系,状态,5,5,实例,实例,有,有,核心,核心,核心,中间,阶段4,阶段4,方位隐喻,本体隐喻,5,5,成为,成为,动词性,动词性,无,无,有,有,新闻,新闻,3.3,3.2,3.2,3.3,2.0,2.0,4.3,4.2,4.1,4.2,3.6,3.8,2.7,2.6,1.8,1.9,2.1,2.0,2.2,2.0,2.4,2.6,2.2,2.4,2.8,2.8,2.3,2.1,1.9,1.8,1.9,1.9
329,3,3,抽象-具体,抽象-具体,社会,社会,品质,品质,1,1,隐喻扩展,隐喻扩展,有,有,边缘,边缘,核心,核心,阶段3,阶段3,方位隐喻,方位隐喻,6,6,算,算,介词短语,介词短语,有,有,有,有,新闻,新闻,2.7,2.5,3.5,3.3,4.2,4.2,2.1,2.1,1.6,1.5,3.1,3.1,2.4,2.4,2.5,2.5,2.4,2.4,3.5,3.6,3.2,3.4,3.4,3.4,3.1,3.0,3.9,4.1,3.6,3.7,2.8,3.0
330,6,7,抽象-抽象,抽象-抽象,社会,社会,状态,品质,13,17,多义,多义,有,无,核心,桥接,中间,核心,阶段2,阶段2,方位隐喻,方位隐喻,9,9,是,是,形容词性,形容词性,有,有,无,无,学术,学术,3.2,3.4,2.1,2.2,2.8,2.8,3.9,3.8,3.2,3.2,2.0,1.9,2.1,2.0,4.1,4.1,1.8,1.3,2.2,2.3,4.5,4.5,3.9,3.8,2.0,1.8,3.2,3.4,4.3,4.4,3.3,3.3
331,2,2,具体-抽象,具体-抽象,空间,空间,抽象概念,事件,20,20,隐喻扩展,隐喻扩展,无,无,边缘,边缘,核心,核心,阶段3,阶段3,结构隐喻,本体隐喻,5,5,为,是,介词短语,介词短语,无,有,有,有,网络,网络,2.2,2.4,2.6,2.5,4.2,4.0,1.3,1.6,2.9,3.0,2.0,1.7,4.2,4.2,4.0,4.0,2.8,3.0,2.0,2.1,3.0,3.2,4.2,4.0,2.0,2.0,3.8,3.7,1.6,1.7,2.9,2.9
332,8,1,抽象-抽象,抽象-抽象,社会,社会,时间,时间,19,19,隐喻扩展,隐喻扩展,无,无,核心,核心,核心,核心,阶段1,阶段1,本体隐喻,本体隐喻,5,5,变成,变成,介词短语,介词短语,无,无,无,无,新闻,新闻,2.7,2.7,1.8,1.6,2.9,2.7,1.7,1.5,1.7,1.5,3.6,3.6,3.7,3.7,1.4,1.7,3.5,3.6,3.4,3.4,2.2,2.2,2.7,2.9,2.5,2.6,4.4,4.6,2.7,2.6,4.3,4.3
333,12,12,具体-抽象,具体-抽象,心理,心理,关系,情感,10,10,多义,多义,无,无,边缘,边缘,中间,中间,阶段2,阶段3,本体隐喻,本体隐喻,7,7,像,像,形容词性,形容词性,有,有,无,有,学术,学术,4.4,4.5,3.1,3.4,3.0,2.9,2.5,2.4,1.8,1.7,2.4,2.4,1.9,1.7,1.8,2.0,2.9,2.8,1.9,1.8,4.3,4.3,3.7,3.7,1.8,1.8,4.0,4.2,1.6,1.8,3.1,3.4
334,3,3,抽象-抽象,抽象-抽象,运动,运动,状态,情感,20,20,多义,多义,有,有,边缘,边缘,边缘,边缘,阶段4,阶段4,结构隐喻,结构隐喻,7,3,为,为,介词短语,介词短语,无,无,有,有,学术,学术,1.8,1.6,2.9,2.8,2.4,2.3,3.8,3.7,1.5,1.6,4.5,4.6,3.4,3.8,3.9,3.8,3.2,3.0,2.9,2.9,1.7,1.6,1.7,1.7,2.3,2.2,4.0,4.1,2.4,2.4,3.9,4.3
335,3,3,抽象-具体,抽象-抽象,自然,自然,关系,关系,10,9,子部分,子部分,有,有,桥接,桥接,边缘,边缘,阶段4,阶段4,方位隐喻,方位隐喻,6,6,成为,成为,名词性,动词性,有,有,有,有,新闻,新闻,1.9,1.8,3.8,3.7,3.6,3.6,1.7,1.6,3.3,3.0,4.2,4.0,1.7,1.6,2.5,2.5,2.6,2.6,3.4,3.3,3.5,3.5,3.8,3.8,3.1,3.1,2.4,2.2,3.0,3.1,2.4,2.2
336,7,7,抽象-具体,抽象-具体,人体,人体,时间,时间,21,21,实例,多义,有,有,桥接,桥接,核心,边缘,阶段3,阶段2,结构隐喻,结构隐喻,2,2,像,像,介词短语,介词短语,有,有,无,无,对话,对话,1.5,1.4,2.1,2.0,2.3,2.6,2.7,2.9,2.7,3.0,3.2,3.2,1.9,2.1,3.2,3.5,2.1,1.8,2.8,3.0,2.3,2.1,3.9,3.7,3.3,2.9,4.2,4.1,2.7,3.0,1.6,1.6
337,8,9,抽象-抽象,抽象-抽象,社会,心理,关系,关系,11,11,多义,多义,有,有,桥接,桥接,中间,中间,阶段2,阶段2,方位隐喻,方位隐喻,2,2,为,为,形容词性,形容词性,有,无,有,有,文学,文学,2.5,2.4,2.7,2.7,2.0,2.0,1.9,1.9,4.2,4.3,3.4,3.4,3.2,3.2,3.3,3.3,2.8,2.8,3.6,3.4,3.7,3.9,2.8,2.8,2.2,2.3,1.8,1.9,2.6,2.6,2.0,1.9
338,9,9,抽象-抽象,抽象-抽象,物体,物体,情感,情感,12,13,隐喻扩展,隐喻扩展,有,有,桥接,桥接,中间,中间,阶段1,阶段1,结构隐喻,结构隐喻,9,9,像,像,名词性,名词性,无,无,有,有,文学,文学,2.8,2.7,2.0,1.9,1.6,1.7,2.1,2.1,2.7,2.4,1.9,2.0,2.9,2.8,3.6,3.5,3.1,3.0,3.9,4.0,2.5,2.6,2.6,2.3,4.1,4.2,3.1,3.2,2.1,2.1,1.9,2.0
339,4,4,具体-抽象,具体-抽象,感知,感知,抽象概念,抽象概念,12,12,实例,实例,无,无,桥接,桥接,边缘,中间,阶段4,阶段4,方位隐喻,方位隐喻,1,1,是,是,形容词性,形容词性,无,无,有,有,对话,网络,1.5,1.7,3.6,3.2,1.7,1.7,3.1,3.0,3.4,3.4,4.3,4.1,4.1,4.2,1.5,1.6,4.6,4.4,4.2,4.3,2.6,2.7,2.5,2.6,2.6,3.0,2.9,2.9,3.6,3.2,3.7,3.6
340,3,3,抽象-具体,抽象-具体,空间,空间,时间,时间,9,9,多义,多义,有,有,边缘,边缘,中间,中间,阶段2,阶段2,结构隐喻,结构隐喻,9,3,变成,变成,介词短语,介词短语,无,无,无,无,文学,文学,3.1,2.9,4.1,4.0,2.6,2.4,2.3,2.3,1.5,1.5,2.9,2.9,3.2,3.3,4.2,4.4,2.7,2.4,3.3,3.1,3.9,3.7,1.9,1.6,3.4,3.3,3.2,3.0,3.1,3.3,2.1,1.9
341,4,4,具体-抽象,具体-抽象,感知,人体,关系,关系,4,4,多义,多义,有,有,桥接,桥接,核心,核心,阶段2,阶段2,方位隐喻,方位隐喻,2,2,像,像,名词性,名词性,无,无,有,有,学术,学术,3.3,3.4,3.7,3.8,3.7,3.6,2.0,2.2,3.7,3.5,3.0,3.1,4.3,4.4,1.9,1.3,3.5,3.6,2.3,2.2,4.3,4.3,3.3,3.4,1.6,1.7,3.8,3.9,3.5,3.3,3.6,3.8
342,9,7,抽象-抽象,抽象-抽象,社会,社会,关系,关系,4,11,多义,实例,有,有,边缘,边缘,中间,中间,阶段4,阶段4,结构隐喻,结构隐喻,5,1,算,算,动词性,介词短语,有,有,无,无,对话,对话,3.8,3.6,4.4,4.4,2.1,1.9,2.8,2.7,4.3,4.2,4.1,4.2,4.1,4.0,1.4,1.5,3.9,4.0,3.0,3.1,2.0,1.9,4.2,4.3,2.6,2.8,2.8,2.8,3.8,3.8,3.3,2.9
343,10,10,抽象-具体,抽象-具体,运动,运动,状态,抽象概念,19,19,隐喻扩展,隐喻扩展,无,有,桥接,桥接,边缘,边缘,阶段1,阶段1,结构隐喻,本体隐喻,6,6,为,成为,动词性,动词性,有,无,无,无,新闻,新闻,4.5,4.5,4.4,4.4,2.3,2.5,3.8,3.7,2.4,2.4,1.4,1.6,2.6,2.6,2.3,2.1,2.6,2.4,2.8,2.5,2.3,2.4,3.5,3.6,3.2,3.1,3.1,2.8,3.7,3.5,1.8,2.0
344,5,1,具体-抽象,具体-抽象,物体,物体,情感,情感,17,2,子部分,子部分,无,无,核心,核心,边缘,边缘,阶段3,阶段3,方位隐喻,方位隐喻,8,8,算,算,形容词性,形容词性,有,有,无,无,对话,文学,3.2,3.3,3.9,3.7,4.3,4.2,1.9,1.8,2.5,2.4,3.0,2.9,4.1,4.0,4.7,4.4,4.2,4.2,2.3,2.1,1.6,1.4,3.3,3.3,2.3,2.3,3.6,3.5,4.6,4.5,3.3,3.2
345,5,1,具体-具体,具体-具体,空间,空间,抽象概念,抽象概念,16,16,实例,实例,无,无,边缘,核心,边缘,边缘,阶段3,阶段3,本体隐喻,本体隐喻,3,3,为,为,形容词性,形容词性,无,无,有,有,新闻,新闻,1.8,1.7,2.3,2.3,3.5,3.2,2.8,3.0,3.3,3.5,3.3,3.5,4.2,4.1,1.6,1.7,2.5,2.5,3.0,3.0,4.1,3.9,4.6,4.4,2.1,1.9,3.5,3.6,1.9,2.1,1.7,1.4
346,11,11,具体-抽象,具体-抽象,心理,心理,品质,品质,21,1,隐喻扩展,隐喻扩展,无,无,核心,核心,中间,中间,阶段3,阶段2,结构隐喻,结构隐喻,6,6,变成,变成,介词短语,介词短语,无,无,无,无,对话,对话,1.7,1.8,2.1,2.1,4.2,4.3,2.5,2.3,2.4,2.5,2.0,1.9,4.5,4.6,4.0,4.0,4.4,4.4,1.4,1.6,4.3,4.4,3.1,3.2,2.3,2.2,2.8,2.9,4.3,4.4,2.4,2.4
347,1,1,抽象-抽象,抽象-抽象,心理,心理,抽象概念,抽象概念,10,10,实例,实例,有,有,边缘,核心,边缘,中间,阶段3,阶段3,结构隐喻,方位隐喻,4,4,为,为,动词性,动词性,无,有,无,无,学术,学术,4.0,4.0,2.7,2.8,4.2,4.2,2.7,2.5,2.7,2.8,1.7,1.9,1.6,1.6,2.1,1.9,1.5,1.6,3.5,3.4,2.4,2.5,2.7,2.7,3.0,3.0,1.5,1.5,2.1,2.0,3.7,3.8
348,7,1,具体-具体,具体-具体,自然,自然,时间,时间,11,11,子部分,子部分,有,有,桥接,桥接,边缘,中间,阶段4,阶段4,结构隐喻,结构隐喻,4,4,像,像,名词性,名词性,无,无,有,有,文学,文学,3.3,3.7,4.6,4.4,1.8,1.6,4.0,4.0,2.3,2.4,3.1,3.2,4.1,4.0,1.7,1.7,3.4,3.3,4.1,4.0,2.6,2.6,3.9,3.6,1.6,1.6,2.3,2.4,3.8,4.0,3.8,3.6
349,5,5,抽象-抽象,抽象-抽象,运动,运动,情感,品质,23,23,多义,多义,无,无,边缘,边缘,边缘,边缘,阶段4,阶段4,结构隐喻,方位隐喻,5,5,变成,变成,动词性,动词性,有,有,无,无,学术,学术,2.0,1.9,2.8,2.8,4.3,4.4,4.5,4.3,2.6,2.3,3.2,3.2,1.6,1.8,3.7,3.9,3.8,3.9,4.6,4.5,2.6,2.9,2.9,3.1,2.1,2.1,4.4,4.3,3.9,4.1,4.1,4.0
350,6,6,具体-具体,具体-具体,社会,社会,时间,时间,1,20,子部分,子部分,无,无,边缘,边缘,核心,核心,阶段2,阶段2,结构隐喻,结构隐喻,6,6,算,算,名词性,名词性,有,有,无,无,对话,对话,2.4,2.1,2.1,2.2,1.6,1.6,2.3,2.3,3.4,3.5,2.5,2.5,3.0,3.0,4.0,4.1,2.4,2.3,4.1,4.3,2.7,2.6,4.6,4.4,3.6,3.6,4.1,4.2,3.3,3.3,3.5,3.2
351,6,6,具体-抽象,具体-抽象,感知,人体,时间,关系,8,8,多义,隐喻扩展,无,无,桥接,桥接,边缘,核心,阶段4,阶段4,本体隐喻,本体隐喻,9,9,变成,变成,动词性,动词性,无,无,有,有,学术,学术,3.8,3.8,4.4,4.5,4.2,4.4,3.3,3.4,4.3,4.4,4.3,4.1,2.6,2.6,3.9,4.0,1.8,1.5,1.9,1.8,2.7,2.8,4.2,4.2,2.2,2.4,3.6,3.5,3.4,3.8,3.1,3.2
352,3,3,具体-抽象,具体-抽象,社会,社会,抽象概念,时间,17,17,实例,实例,无,无,桥接,桥接,边缘,边缘,阶段3,阶段1,本体隐喻,本体隐喻,8,7,像,像,形容词性,形容词性,有,有,无,无,对话,学术,3.2,3.0,2.8,2.6,3.2,3.0,3.3,3.5,3.3,3.3,2.5,2.4,4.4,4.2,2.3,2.3,1.7,1.5,1.9,2.2,2.9,2.9,4.5,4.3,1.9,2.0,2.0,2.0,3.5,3.6,2.8,2.7
353,10,10,抽象-具体,抽象-具体,社会,社会,社会角色,社会角色,14,14,子部分,子部分,无,无,桥接,边缘,边缘,边缘,阶段4,阶段4,结构隐喻,结构隐喻,5,3,算,为,介词短语,介词短语,无,无,无,无,文学,文学,3.4,3.3,3.4,3.4,3.2,3.0,4.0,4.1,1.5,1.6,3.2,3.1,2.7,2.8,4.2,4.1,1.7,1.8,2.0,2.0,1.8,2.1,1.4,1.6,1.6,1.8,1.7,1.7,2.9,3.3,4.5,4.3
354,6,6,抽象-抽象,抽象-抽象,心理,心理,时间,事件,5,5,多义,多义,无,无,核心,核心,中间,中间,阶段3,阶段3,方位隐喻,方位隐喻,3,3,为,为,介词短语,介词短语,有,有,无,无,学术,新闻,2.0,2.2,3.9,3.8,3.7,3.7,4.3,4.2,2.3,2.4,2.0,2.0,3.4,3.2,1.7,1.6,3.2,3.0,3.2,3.1,1.6,1.4,2.6,2.6,4.6,4.4,4.4,4.4,1.5,1.7,4.4,4.4
355,5,5,抽象-具体,具体-抽象,运动,运动,情感,情感,13,9,隐喻扩展,隐喻扩展,无,无,桥接,桥接,核心,核心,阶段1,阶段1,结构隐喻,结构隐喻,9,9,变成,像,动词性,动词性,无,无,有,有,学术,学术,3.5,3.5,3.8,4.2,4.2,4.4,3.0,2.8,4.4,4.5,1.6,1.6,3.9,3.5,2.5,2.5,4.1,4.1,1.5,1.6,3.9,3.6,3.3,3.2,1.9,1.9,4.0,4.1,3.2,3.3,1.6,1.6
356,2,2,具体-具体,具体-具体,自然,自然,社会角色,社会角色,14,21,子部分,子部分,无,无,核心,核心,核心,核心,阶段4,阶段4,方位隐喻,方位隐喻,5,5,是,是,介词短语,介词短语,有,有,有,有,网络,网络,3.9,3.9,3.9,3.7,3.3,3.6,4.3,4.6,4.2,4.0,3.0,2.9,1.8,1.6,2.8,2.9,1.8,1.8,4.3,4.3,4.0,4.0,2.6,2.5,2.9,2.8,2.6,2.7,2.8,2.7,4.3,4.5
357,6,6,抽象-抽象,抽象-抽象,自然,运动,社会角色,社会角色,1,9,子部分,子部分,有,有,边缘,边缘,边缘,边缘,阶段2,阶段2,本体隐喻,本体隐喻,1,1,是,是,动词性,动词性,有,有,无,无,对话,新闻,4.0,4.2,4.0,4.0,2.8,2.9,4.3,4.5,1.8,1.8,3.1,3.0,3.4,3.2,1.8,1.6,1.8,2.0,1.7,1.6,4.0,3.8,3.5,3.4,3.0,2.8,3.3,3.2,2.3,2.2,4.1,4.2
358,11,11,抽象-具体,抽象-具体,感知,感知,时间,时间,7,7,子部分,子部分,无,无,桥接,桥接,边缘,边缘,阶段1,阶段1,方位隐喻,方位隐喻,9,9,像,像,名词性,名词性,有,有,有,无,网络,网络,3.9,3.7,3.5,3.5,1.8,1.8,2.7,2.9,4.2,4.3,3.8,3.7,3.0,2.9,3.3,3.5,1.4,1.4,2.7,2.8,3.4,3.5,3.6,3.7,4.3,4.1,4.1,4.4,2.9,3.0,3.3,3.6
359,1,1,抽象-具体,抽象-具体,社会,社会,抽象概念,抽象概念,7,7,子部分,子部分,无,无,边缘,桥接,核心,中间,阶段3,阶段3,结构隐喻,结构隐喻,2,2,像,像,名词性,名词性,无,有,无,无,学术,对话,3.0,3.1,2.9,2.8,3.8,3.8,3.2,3.0,4.4,4.5,2.9,2.7,3.4,3.4,3.3,3.3,2.2,2.5,4.2,4.3,4.3,4.4,3.4,3.4,3.9,4.3,1.8,2.0,4.2,4.1,2.3,2.4
360,6,6,抽象-抽象,抽象-抽象,物体,社会,品质,品质,22,3,实例,实例,有,无,核心,核心,中间,中间,阶段1,阶段1,本体隐喻,本体隐喻,5,5,算,算,动词性,动词性,有,有,无,无,文学,文学,3.6,3.4,3.5,3.6,2.0,1.8,3.3,3.5,2.5,2.7,2.3,2.4,1.7,1.7,4.5,4.5,4.2,4.3,4.1,4.3,1.4,1.6,3.0,2.9,2.2,2.1,3.4,3.5,2.9,3.3,2.6,2.7
361,5,5,抽象-抽象,抽象-抽象,人体,人体,情感,情感,16,16,实例,实例,有,有,边缘,桥接,中间,中间,阶段1,阶段1,方位隐喻,本体隐喻,9,7,算,算,名词性,名词性,无,无,无,无,学术,新闻,2.9,3.0,3.9,4.1,3.7,3.5,2.6,2.6,3.6,3.8,3.5,3.5,1.6,1.5,3.4,3.4,2.2,2.1,3.1,2.9,2.5,2.4,3.6,3.6,1.8,1.6,4.4,4.2,4.2,4.5,3.9,4.1
362,10,10,具体-抽象,具体-抽象,物体,物体,社会角色,社会角色,3,3,实例,实例,有,无,核心,核心,核心,核心,阶段2,阶段2,本体隐喻,本体隐喻,9,9,像,像,名词性,名词性,有,无,无,无,新闻,新闻,2.3,2.1,2.6,2.6,3.0,3.2,3.4,3.4,3.2,3.3,2.6,2.5,1.9,2.1,2.7,2.6,2.7,2.8,3.0,2.9,2.4,2.3,3.9,3.8,3.0,3.0,3.9,4.0,2.6,2.9,2.0,1.8
363,5,5,具体-具体,具体-抽象,感知,感知,情感,情感,18,18,实例,实例,无,无,桥接,桥接,边缘,边缘,阶段1,阶段1,本体隐喻,本体隐喻,1,1,变成,变成,形容词性,形容词性,有,有,有,有,网络,网络,4.2,4.1,2.3,2.7,2.6,2.8,3.1,3.0,2.6,2.5,2.3,2.1,4.2,4.2,3.9,3.9,2.0,2.0,3.4,3.5,2.7,2.5,3.6,3.6,1.9,2.0,2.3,2.2,2.1,2.1,3.4,3.4
364,6,6,具体-抽象,具体-抽象,运动,运动,品质,品质,8,15,隐喻扩展,隐喻扩展,无,无,桥接,桥接,中间,中间,阶段2,阶段2,本体隐喻,方位隐喻,7,7,算,算,名词性,名词性,无,无,有,有,网络,网络,3.3,3.0,2.4,2.7,3.1,3.3,1.7,1.6,2.2,2.1,4.3,4.1,2.7,2.6,2.5,2.6,1.9,1.8,2.9,2.7,3.9,3.8,3.8,4.1,4.3,4.2,4.2,4.3,2.5,2.4,2.2,2.5
365,5,5,抽象-抽象,抽象-抽象,感知,感知,状态,状态,20,20,实例,实例,无,无,核心,核心,边缘,中间,阶段2,阶段2,方位隐喻,方位隐喻,3,3,变成,变成,介词短语,介词短语,有,有,有,有,新闻,新闻,3.4,3.4,3.3,3.2,4.1,4.1,4.0,4.1,2.9,2.8,3.1,3.0,2.9,2.9,3.0,3.2,1.9,1.9,2.3,2.2,2.6,2.5,4.4,4.4,3.7,3.3,2.2,2.0,1.9,1.8,2.6,2.8
366,10,10,具体-抽象,具体-具体,社会,社会,状态,关系,12,12,多义,多义,有,有,桥接,桥接,核心,边缘,阶段3,阶段3,本体隐喻,本体隐喻,1,1,算,算,动词性,动词性,无,无,无,无,学术,文学,4.5,4.5,1.8,1.6,4.6,4.6,4.3,4.2,4.3,4.5,2.1,1.9,2.6,2.7,1.7,1.7,2.1,2.2,3.7,3.6,3.1,3.2,1.9,1.9,4.5,4.2,2.1,2.0,3.7,3.6,1.2,1.4
367,10,10,抽象-具体,抽象-具体,心理,心理,情感,情感,8,8,实例,实例,有,有,核心,核心,核心,核心,阶段4,阶段4,方位隐喻,方位隐喻,8,8,变成,变成,形容词性,形容词性,无,无,无,无,新闻,新闻,4.6,4.6,3.9,3.8,2.4,2.4,1.7,1.5,3.8,4.0,3.5,3.6,3.6,3.6,2.6,2.6,2.0,1.9,3.4,3.4,3.4,3.4,4.1,4.2,3.1,3.1,1.8,2.1,2.1,1.8,4.4,4.3
368,11,11,抽象-抽象,抽象-抽象,人体,感知,情感,情感,6,6,子部分,子部分,无,有,桥接,桥接,中间,中间,阶段3,阶段3,结构隐喻,结构隐喻,9,9,是,是,介词短语,动词性,有,有,有,无,文学,文学,3.2,3.2,2.0,2.0,4.2,4.3,3.9,3.8,2.5,2.7,4.0,4.0,2.2,2.2,3.1,3.0,3.7,3.8,3.2,2.9,4.0,4.1,2.3,2.3,2.7,2.8,1.8,2.2,3.1,3.1,1.8,1.6
369,8,8,抽象-抽象,抽象-具体,感知,感知,抽象概念,抽象概念,23,23,多义,多义,无,无,桥接,核心,中间,中间,阶段2,阶段1,结构隐喻,方位隐喻,9,9,成为,成为,形容词性,形容词性,有,有,有,有,学术,学术,1.5,1.5,2.1,2.0,4.7,4.3,2.3,2.7,3.2,3.2,3.9,3.8,1.5,1.6,3.8,3.4,2.9,2.8,1.7,1.8,3.5,3.3,3.3,3.3,3.0,3.1,4.0,3.8,4.2,4.4,4.0,3.8
370,11,11,具体-具体,具体-具体,空间,心理,品质,品质,18,18,隐喻扩展,隐喻扩展,无,无,边缘,边缘,中间,中间,阶段1,阶段1,本体隐喻,结构隐喻,9,8,算,算,动词性,形容词性,有,有,无,无,网络,网络,2.6,2.8,2.1,2.0,3.8,4.0,3.5,3.3,2.8,2.8,3.4,3.4,2.5,2.6,1.7,1.9,3.2,2.9,1.5,1.7,2.9,2.5,4.3,4.2,2.0,1.9,2.3,2.3,2.9,2.9,3.3,3.1
371,12,12,抽象-具体,抽象-具体,心理,心理,社会角色,社会角色,16,20,子部分,子部分,无,无,边缘,边缘,核心,核心,阶段2,阶段2,结构隐喻,结构隐喻,4,4,成为,算,名词性,名词性,无,无,有,有,文学,文学,4.3,4.3,3.1,3.0,4.2,4.3,3.1,3.1,2.8,2.9,3.0,3.2,3.6,3.5,4.1,3.8,2.9,2.8,3.1,2.9,3.5,3.6,3.4,3.4,3.0,3.0,4.2,4.2,2.8,2.6,4.0,4.0
372,8,8,具体-抽象,具体-抽象,心理,心理,品质,品质,21,21,实例,隐喻扩展,有,有,桥接,桥接,边缘,中间,阶段4,阶段4,本体隐喻,本体隐喻,2,7,变成,成为,动词性,动词性,无,无,无,有,对话,网络,2.0,2.3,2.4,2.1,3.4,3.5,3.3,3.1,3.8,3.6,3.8,3.8,4.1,4.1,4.3,4.1,1.9,2.1,3.5,3.2,3.2,3.1,1.7,1.7,4.5,4.5,4.2,4.0,2.3,2.1,3.0,3.0
373,10,10,具体-抽象,具体-具体,人体,人体,状态,状态,3,3,子部分,子部分,有,有,边缘,边缘,核心,核心,阶段3,阶段3,结构隐喻,结构隐喻,4,4,算,算,动词性,名词性,无,无,有,有,对话,对话,4.7,4.4,2.7,2.7,1.4,1.5,2.9,3.0,3.0,3.2,3.7,3.5,1.6,1.8,2.0,2.2,1.6,1.9,3.3,3.6,3.1,3.2,2.9,3.1,3.4,3.4,1.8,2.0,3.8,3.8,4.3,4.4
374,4,4,抽象-具体,抽象-具体,感知,感知,品质,品质,9,9,多义,多义,无,无,核心,核心,边缘,核心,阶段3,阶段3,本体隐喻,本体隐喻,4,4,变成,变成,名词性,名词性,无,无,无,无,学术,文学,1.7,1.8,4.4,4.5,3.3,3.0,4.0,3.9,2.2,2.0,3.2,3.1,4.1,4.0,4.0,3.8,1.8,1.9,4.2,4.3,2.4,2.7,4.2,4.4,1.7,1.7,3.0,3.1,2.3,2.4,3.3,3.3
375,2,2,抽象-具体,抽象-具体,空间,空间,抽象概念,抽象概念,19,19,隐喻扩展,隐喻扩展,无,无,桥接,桥接,边缘,边缘,阶段3,阶段3,本体隐喻,本体隐喻,3,3,像,像,动词性,介词短语,无,无,有,无,新闻,新闻,3.3,3.2,4.2,4.0,3.8,3.6,3.5,3.7,2.4,2.3,3.6,3.5,1.6,1.7,1.9,2.0,2.0,2.2,4.1,3.8,1.4,1.6,2.4,2.8,3.6,3.8,3.7,3.9,4.4,4.5,3.4,3.4
376,8,5,具体-抽象,具体-抽象,社会,社会,抽象概念,抽象概念,15,15,隐喻扩展,隐喻扩展,有,有,核心,核心,边缘,边缘,阶段3,阶段3,方位隐喻,方位隐喻,7,3,成为,成为,动词性,动词性,无,无,无,无,新闻,新闻,3.1,3.1,4.2,4.1,4.3,4.3,3.0,2.7,3.2,3.3,2.0,1.9,2.3,2.7,3.1,3.2,3.7,4.1,2.1,2.1,2.5,2.8,4.1,4.2,1.9,1.7,3.5,3.7,2.1,2.1,4.3,4.4
377,7,7,抽象-具体,抽象-具体,心理,心理,情感,情感,14,14,实例,实例,有,有,核心,核心,中间,中间,阶段4,阶段4,本体隐喻,本体隐喻,4,4,成为,成为,介词短语,介词短语,无,无,无,无,学术,学术,2.1,2.4,3.3,3.4,3.4,3.3,3.5,3.4,3.6,3.5,1.7,1.8,1.6,1.6,4.0,4.1,2.1,2.2,3.7,3.8,2.3,2.4,4.0,3.8,2.8,2.6,2.0,1.7,1.5,1.5,2.2,2.0
378,11,11,具体-具体,具体-具体,心理,心理,时间,时间,2,7,隐喻扩展,隐喻扩展,无,无,边缘,边缘,核心,核心,阶段2,阶段2,本体隐喻,方位隐喻,6,6,像,像,名词性,名词性,无,无,无,无,学术,学术,4.4,4.3,4.2,4.3,3.9,3.8,4.4,4.3,2.9,3.1,4.1,4.3,4.3,4.2,2.7,2.7,2.5,2.4,3.5,3.5,1.7,1.9,4.3,3.9,3.9,3.8,2.6,2.4,3.0,3.2,2.8,2.5
379,11,11,具体-抽象,具体-抽象,空间,空间,事件,事件,2,17,实例,实例,无,无,核心,核心,中间,中间,阶段1,阶段3,本体隐喻,本体隐喻,9,9,算,算,形容词性,形容词性,有,有,无,无,对话,学术,3.3,3.6,3.9,3.9,3.7,3.3,2.0,1.9,3.4,3.4,4.2,4.3,3.5,3.5,1.6,1.5,3.0,3.4,3.9,4.0,2.2,2.2,2.3,2.3,2.0,1.8,3.4,3.4,1.7,1.8,3.7,3.4
380,7,7,具体-具体,具体-具体,自然,自然,状态,状态,9,9,子部分,子部分,无,无,桥接,核心,边缘,边缘,阶段4,阶段4,结构隐喻,结构隐喻,6,2,变成,变成,动词性,动词性,无,无,有,无,新闻,新闻,2.1,2.1,4.2,4.4,2.3,2.3,2.6,2.7,3.9,3.9,3.8,4.0,2.7,2.6,3.0,3.3,3.0,2.9,3.9,4.1,4.4,4.5,3.1,3.1,2.4,2.4,3.2,3.5,2.4,2.7,1.9,2.0
381,3,3,具体-具体,具体-具体,运动,运动,关系,关系,9,9,多义,多义,有,有,桥接,桥接,中间,中间,阶段1,阶段2,结构隐喻,结构隐喻,8,8,为,为,名词性,名词性,无,无,有,有,新闻,新闻,2.6,2.7,1.5,1.6,2.1,1.9,4.1,4.3,2.9,2.8,2.7,2.6,2.8,2.7,4.0,4.2,3.3,3.7,2.6,2.6,2.4,2.5,2.6,2.5,2.1,2.1,3.8,4.1,2.9,2.8,4.0,3.9
382,11,11,具体-具体,具体-具体,运动,运动,社会角色,社会角色,12,12,子部分,子部分,无,无,边缘,边缘,核心,核心,阶段1,阶段1,方位隐喻,方位隐喻,2,2,为,变成,形容词性,形容词性,无,无,无,无,对话,对话,3.7,3.5,1.5,1.6,3.9,3.7,3.6,3.8,4.3,4.5,1.9,1.9,3.4,3.5,2.0,1.7,2.0,2.0,2.3,2.2,2.9,3.1,2.9,3.0,4.2,4.1,1.5,1.7,2.5,2.3,3.1,3.4
383,5,5,具体-抽象,具体-抽象,物体,心理,情感,品质,11,11,子部分,子部分,有,有,核心,核心,核心,核心,阶段3,阶段3,本体隐喻,本体隐喻,5,5,为,为,形容词性,介词短语,有,有,有,有,对话,对话,2.1,2.4,2.1,1.9,2.2,1.9,4.5,4.5,2.2,2.1,2.8,2.7,1.9,2.0,1.5,1.6,3.2,3.2,3.4,3.3,3.3,3.1,1.5,1.6,2.0,1.8,2.9,2.9,4.5,4.4,3.6,3.9
384,6,6,具体-抽象,具体-抽象,物体,物体,抽象概念,抽象概念,21,21,实例,实例,无,无,核心,边缘,核心,核心,阶段4,阶段4,方位隐喻,本体隐喻,5,5,为,为,形容词性,形容词性,有,有,无,无,新闻,网络,4.2,4.1,4.2,4.4,2.3,2.2,1.5,1.6,4.2,4.2,3.5,3.7,2.0,1.9,3.9,4.0,4.0,3.9,2.1,2.5,3.1,3.1,2.2,2.4,3.0,3.2,4.0,4.1,2.5,2.5,4.5,4.4
385,12,12,抽象-抽象,抽象-抽象,心理,心理,关系,关系,23,18,子部分,子部分,有,有,桥接,桥接,核心,核心,阶段1,阶段1,方位隐喻,方位隐喻,9,9,像,成为,形容词性,介词短语,有,有,有,有,新闻,新闻,2.1,2.0,3.3,3.3,3.4,3.6,4.1,3.9,2.2,2.2,2.6,2.4,4.1,3.7,2.4,2.4,2.6,2.7,2.6,2.6,1.8,1.6,4.4,4.5,2.4,2.1,4.6,4.5,2.3,1.9,4.5,4.5
386,10,10,具体-具体,抽象-抽象,物体,物体,关系,关系,22,22,实例,实例,无,无,核心,核心,边缘,边缘,阶段1,阶段2,方位隐喻,方位隐喻,9,9,像,像,形容词性,介词短语,有,有,无,无,网络,网络,2.4,2.4,3.0,2.7,3.8,3.8,3.5,3.9,3.1,3.0,4.0,3.9,2.2,2.2,2.5,2.6,4.4,4.5,1.6,1.6,3.9,3.8,3.4,3.4,2.7,2.9,1.9,1.9,1.5,1.5,2.9,3.0
387,2,2,具体-具体,具体-具体,人体,人体,状态,状态,1,1,多义,子部分,无,有,核心,核心,中间,中间,阶段4,阶段3,结构隐喻,结构隐喻,8,8,成为,算,介词短语,介词短语,有,有,有,有,文学,文学,1.9,2.1,3.2,3.2,3.3,3.2,3.9,4.0,3.0,2.9,3.6,3.5,3.7,3.4,1.8,1.8,3.3,3.2,4.3,4.5,3.6,3.6,2.1,2.1,2.2,1.9,3.4,3.5,2.3,2.6,2.3,2.3
388,8,8,具体-具体,具体-具体,空间,运动,社会角色,事件,12,12,多义,多义,无,无,边缘,边缘,边缘,边缘,阶段2,阶段2,本体隐喻,本体隐喻,5,2,变成,变成,介词短语,名词性,无,无,无,无,学术,学术,2.0,1.9,3.7,4.1,4.2,4.1,3.3,3.3,2.7,2.7,3.4,3.3,2.1,2.1,1.9,2.1,3.4,3.5,2.4,2.4,4.5,4.3,3.0,3.1,3.9,3.7,1.6,1.2,3.9,4.0,3.5,3.4
389,8,8,具体-抽象,具体-抽象,心理,心理,情感,情感,2,2,实例,实例,有,有,核心,核心,边缘,边缘,阶段2,阶段2,方位隐喻,方位隐喻,8,6,为,是,介词短语,介词短语,无,无,有,有,对话,对话,2.5,2.4,4.4,4.3,1.9,2.2,1.6,1.8,4.5,4.6,4.3,4.4,1.5,1.9,3.4,3.4,2.8,2.9,3.9,3.8,2.1,1.9,3.7,3.7,3.3,3.4,2.7,2.6,2.2,2.1,3.5,3.6
390,12,12,具体-抽象,具体-具体,物体,物体,事件,事件,18,18,子部分,子部分,有,有,边缘,边缘,核心,核心,阶段2,阶段2,方位隐喻,本体隐喻,5,5,变成,变成,介词短语,介词短语,无,无,无,无,学术,新闻,4.4,4.5,3.7,3.7,2.1,2.1,2.9,3.2,2.4,2.3,4.3,4.1,4.2,4.4,3.3,3.1,4.1,4.1,4.4,4.4,3.1,3.3,3.3,3.2,1.7,1.7,2.8,2.8,3.5,3.3,2.3,2.4
391,11,11,抽象-抽象,抽象-抽象,感知,感知,事件,关系,5,5,隐喻扩展,多义,有,有,核心,桥接,核心,核心,阶段3,阶段3,结构隐喻,结构隐喻,7,7,是,是,介词短语,介词短语,无,无,无,无,新闻,新闻,1.6,2.0,3.7,3.8,3.3,3.3,2.8,2.7,3.5,3.5,3.5,3.5,4.2,4.1,2.4,2.3,2.8,2.8,4.4,4.6,3.8,3.9,3.2,2.9,4.4,4.3,2.5,2.5,4.5,4.4,2.6,2.4
392,5,5,具体-具体,具体-具体,空间,空间,状态,状态,13,22,实例,实例,无,无,桥接,桥接,核心,边缘,阶段1,阶段4,本体隐喻,本体隐喻,6,1,像,像,名词性,形容词性,无,无,无,无,文学,文学,2.0,2.0,2.4,2.4,4.0,4.1,2.9,3.1,3.9,3.9,2.0,2.1,3.1,3.4,2.8,3.1,4.3,4.2,3.4,3.4,2.0,1.9,3.7,3.5,4.2,4.1,3.2,3.4,2.4,2.5,2.1,2.2
393,10,10,抽象-抽象,具体-具体,人体,人体,状态,状态,16,16,实例,实例,有,有,边缘,核心,边缘,边缘,阶段2,阶段2,方位隐喻,方位隐喻,9,9,算,变成,形容词性,形容词性,有,有,无,无,新闻,新闻,2.4,2.4,2.9,3.2,3.0,3.2,3.5,3.8,2.2,2.2,4.3,4.4,2.9,3.1,2.6,2.6,2.3,2.4,3.2,3.3,4.0,3.9,2.1,2.0,2.4,2.3,1.7,1.4,3.2,3.3,4.4,4.3
394,5,5,具体-抽象,具体-抽象,运动,运动,情感,情感,4,4,隐喻扩展,实例,无,无,桥接,桥接,核心,核心,阶段1,阶段1,本体隐喻,本体隐喻,3,3,算,算,名词性,名词性,有,有,有,无,文学,文学,3.4,3.3,4.0,4.4,1.4,1.5,3.3,3.1,4.5,4.5,2.2,1.9,3.1,3.2,3.4,3.5,4.0,4.1,2.6,2.5,2.2,2.5,2.9,3.0,2.2,2.5,4.3,4.3,3.4,3.3,1.8,1.8
395,3,3,抽象-具体,抽象-具体,自然,自然,情感,情感,5,11,实例,实例,有,无,边缘,边缘,中间,中间,阶段2,阶段2,本体隐喻,本体隐喻,4,4,为,为,介词短语,介词短语,有,有,无,无,新闻,新闻,3.8,3.9,3.9,3.8,3.2,3.6,2.5,2.3,3.3,3.0,2.7,2.5,2.8,2.7,4.4,4.1,3.4,3.4,4.1,4.0,2.4,2.2,3.8,3.8,3.1,3.0,2.4,2.4,3.2,3.1,2.3,2.1
396,9,10,抽象-具体,抽象-具体,自然,自然,时间,时间,24,24,实例,实例,无,无,边缘,边缘,中间,中间,阶段2,阶段2,本体隐喻,方位隐喻,5,5,像,像,介词短语,动词性,有,有,有,有,对话,对话,3.7,3.7,3.8,3.5,4.2,3.8,3.3,3.5,4.2,4.2,4.2,3.7,3.9,4.0,3.8,3.8,3.8,3.9,2.5,2.4,4.2,4.3,3.2,2.9,3.2,3.2,2.1,1.8,4.3,4.2,3.5,3.3
397,3,3,抽象-抽象,抽象-抽象,物体,物体,状态,状态,3,24,多义,多义,无,有,桥接,桥接,核心,核心,阶段2,阶段2,方位隐喻,方位隐喻,5,5,像,像,名词性,名词性,无,无,有,有,新闻,新闻,1.5,1.4,1.8,1.6,2.4,2.2,1.8,1.7,3.3,3.5,1.9,1.7,3.7,3.9,1.3,1.7,1.6,1.5,1.8,1.8,2.5,2.4,4.3,4.6,2.3,2.3,2.5,2.9,3.8,3.8,2.8,3.0
398,4,4,具体-抽象,具体-抽象,人体,人体,社会角色,事件,7,7,子部分,子部分,无,无,边缘,边缘,核心,核心,阶段3,阶段3,结构隐喻,结构隐喻,2,2,算,算,名词性,形容词性,有,有,无,无,学术,学术,3.5,3.4,1.4,1.4,1.5,1.6,1.4,1.6,3.4,3.4,3.3,3.4,3.7,4.0,1.7,2.0,2.4,2.4,2.6,2.4,3.3,3.3,2.9,2.9,3.7,3.8,3.0,3.1,1.5,1.6,2.0,2.0
399,10,10,抽象-具体,具体-抽象,自然,自然,时间,时间,24,24,隐喻扩展,隐喻扩展,无,有,边缘,边缘,中间,中间,阶段1,阶段1,结构隐喻,结构隐喻,8,9,为,为,形容词性,介词短语,无,无,无,有,网络,网络,3.3,3.3,1.9,2.1,3.2,2.9,2.6,2.7,2.4,2.5,2.8,2.7,3.0,2.9,2.8,2.8,4.1,4.1,2.5,2.4,2.7,2.9,2.0,2.0,1.8,1.7,1.7,1.5,1.5,1.6,2.3,2.4
400,6,6,抽象-具体,抽象-具体,空间,空间,品质,品质,1,1,多义,多义,有,有,桥接,桥接,中间,中间,阶段2,阶段3,结构隐喻,结构隐喻,9,9,算,算,介词短语,介词短语,有,有,有,有,对话,对话,3.1,3.2,3.3,3.2,1.8,1.6,3.9,3.7,3.8,3.8,3.4,3.5,4.0,3.9,3.9,4.2,2.4,2.2,3.7,3.8,1.7,1.7,1.6,1.7,2.7,2.8,3.9,3.7,1.6,1.5,2.8,2.8
401,4,4,具体-抽象,具体-抽象,物体,物体,社会角色,社会角色,24,24,实例,实例,有,有,桥接,桥接,边缘,边缘,阶段2,阶段4,本体隐喻,本体隐喻,9,9,是,是,介词短语,介词短语,无,无,无,无,网络,网络,2.6,2.8,3.0,3.0,2.8,3.0,4.1,3.7,1.5,1.6,4.5,4.2,2.1,1.9,2.1,2.2,3.7,3.5,2.0,2.0,4.3,4.3,3.1,2.8,3.0,3.3,3.8,3.6,2.5,2.5,4.3,4.4
402,7,7,具体-具体,具体-具体,自然,自然,社会角色,社会角色,14,14,隐喻扩展,隐喻扩展,有,有,边缘,边缘,核心,核心,阶段4,阶段4,方位隐喻,方位隐喻,1,1,算,算,介词短语,名词性,有,有,无,无,文学,文学,4.0,3.8,4.2,4.1,1.6,1.3,3.3,3.2,3.2,3.2,3.8,4.0,1.5,1.4,4.1,4.1,4.5,4.5,2.5,2.5,2.0,2.1,2.9,2.9,4.1,3.9,2.9,2.9,2.8,3.0,2.6,2.7
403,5,5,抽象-抽象,抽象-抽象,感知,感知,情感,情感,23,23,子部分,实例,无,无,桥接,桥接,核心,核心,阶段3,阶段1,方位隐喻,方位隐喻,8,8,成为,成为,介词短语,动词性,有,有,有,有,网络,网络,2.4,2.4,3.7,3.6,2.3,2.4,4.2,4.0,1.6,1.6,2.4,2.4,3.5,3.6,1.9,2.0,2.2,2.1,1.5,1.6,2.4,2.3,2.3,2.1,4.0,4.0,2.1,2.0,4.0,3.8,1.7,1.6
404,12,1,抽象-抽象,抽象-抽象,社会,社会,情感,情感,22,22,多义,多义,无,无,边缘,边缘,边缘,边缘,阶段3,阶段3,方位隐喻,方位隐喻,2,2,变成,变成,动词性,动词性,无,无,无,无,文学,文学,2.1,2.4,2.4,2.4,2.7,2.4,1.9,1.6,2.4,2.5,1.4,1.6,1.7,1.9,1.8,2.0,2.7,2.8,4.0,3.8,2.5,2.7,3.2,3.3,2.2,2.2,4.4,4.4,3.3,3.4,4.3,4.3
405,10,10,抽象-抽象,抽象-抽象,空间,空间,事件,事件,14,14,子部分,子部分,有,有,边缘,边缘,核心,核心,阶段4,阶段4,方位隐喻,方位隐喻,7,7,变成,变成,形容词性,形容词性,有,有,无,无,对话,新闻,2.4,2.5,1.9,2.0,1.9,1.9,4.2,4.2,1.8,1.8,4.4,4.3,3.2,3.1,4.4,4.3,2.0,2.0,3.7,3.8,3.2,2.7,2.2,2.3,2.2,2.3,3.9,4.0,4.6,4.4,2.8,2.9
406,3,3,抽象-抽象,抽象-抽象,人体,人体,情感,情感,24,24,实例,实例,有,无,核心,核心,中间,中间,阶段4,阶段4,方位隐喻,方位隐喻,7,7,为,为,动词性,动词性,无,有,有,有,网络,文学,2.8,2.7,4.1,4.2,1.7,1.6,4.2,4.3,4.2,4.1,3.3,3.3,3.3,3.6,1.9,1.9,1.9,2.1,2.8,2.7,2.0,1.9,2.2,2.3,2.5,2.6,2.1,2.1,3.7,3.9,1.9,1.9
407,1,1,抽象-抽象,抽象-抽象,自然,自然,状态,状态,21,21,隐喻扩展,多义,无,无,核心,核心,核心,核心,阶段2,阶段2,方位隐喻,方位隐喻,3,3,为,为,动词性,动词性,无,无,有,有,对话,文学,2.1,2.2,3.1,3.0,3.7,4.0,3.2,3.2,3.5,3.3,2.0,2.1,2.7,2.7,2.6,2.8,3.4,3.5,2.8,2.8,3.4,3.4,3.5,3.3,2.8,2.9,3.6,3.5,4.2,4.2,3.4,3.4
408,11,11,具体-具体,具体-具体,心理,心理,时间,状态,19,19,隐喻扩展,隐喻扩展,有,有,桥接,桥接,边缘,边缘,阶段4,阶段1,方位隐喻,方位隐喻,1,1,算,算,名词性,名词性,有,有,有,有,对话,对话,3.0,3.3,3.5,3.3,1.7,1.5,1.7,1.6,3.5,3.5,3.3,3.5,1.7,1.5,2.7,2.6,2.1,2.1,2.2,2.0,3.3,3.1,4.1,4.1,4.1,4.1,1.7,1.8,2.0,1.9,3.9,3.9
409,4,4,具体-抽象,具体-抽象,空间,空间,时间,关系,18,18,多义,多义,有,有,桥接,桥接,边缘,中间,阶段1,阶段3,方位隐喻,方位隐喻,1,8,像,像,介词短语,动词性,有,有,无,无,新闻,新闻,4.2,4.0,3.2,3.1,3.5,3.6,3.0,2.8,3.9,4.0,1.6,1.7,4.1,4.5,1.9,2.1,2.9,2.9,2.7,2.7,2.4,2.5,2.1,2.1,1.5,1.3,1.6,1.9,3.5,3.3,3.8,3.5
410,12,12,具体-抽象,具体-抽象,感知,感知,抽象概念,抽象概念,15,15,多义,隐喻扩展,无,无,桥接,桥接,中间,中间,阶段2,阶段2,本体隐喻,本体隐喻,9,9,算,算,形容词性,形容词性,有,有,无,无,对话,对话,3.6,3.3,1.8,1.9,3.9,3.9,2.0,1.7,3.7,3.6,2.1,2.1,1.5,1.5,3.3,3.4,4.5,4.3,4.1,4.2,3.4,3.5,1.9,2.1,3.4,3.6,2.8,2.8,2.0,2.1,2.6,2.4
411,5,5,抽象-具体,抽象-具体,空间,空间,抽象概念,抽象概念,3,3,子部分,子部分,有,有,核心,核心,核心,核心,阶段4,阶段4,结构隐喻,结构隐喻,3,3,变成,成为,形容词性,名词性,有,有,无,无,学术,学术,2.9,2.7,1.6,1.6,2.0,1.9,3.1,3.2,2.0,1.8,3.6,3.4,4.2,4.2,4.5,4.5,2.5,2.5,1.7,1.8,3.2,3.0,3.0,3.1,2.1,2.3,3.6,3.5,3.7,3.7,2.1,2.3
412,8,8,抽象-具体,抽象-具体,感知,运动,品质,品质,11,11,子部分,子部分,有,无,桥接,桥接,核心,核心,阶段3,阶段4,结构隐喻,结构隐喻,1,7,成为,成为,名词性,名词性,无,无,无,无,学术,文学,3.7,3.8,2.7,2.5,2.0,2.1,2.2,2.1,3.3,3.5,2.6,2.7,1.9,1.6,3.4,3.5,4.4,4.2,3.9,3.7,3.9,3.8,1.9,1.9,4.2,4.3,4.2,4.3,3.9,4.1,3.7,4.2
413,9,9,抽象-具体,抽象-具体,人体,物体,品质,品质,24,24,隐喻扩展,子部分,有,有,桥接,桥接,边缘,边缘,阶段2,阶段2,本体隐喻,方位隐喻,5,5,是,是,介词短语,介词短语,有,有,无,无,新闻,文学,3.7,3.7,2.6,2.4,3.4,3.6,2.8,3.0,4.4,4.3,2.4,2.4,3.6,3.5,2.6,2.5,3.0,2.6,1.5,1.4,4.2,4.1,2.5,2.3,2.4,2.5,4.4,4.3,2.6,2.4,2.1,1.9
414,4,4,抽象-具体,抽象-具体,感知,社会,关系,关系,3,3,实例,实例,有,有,桥接,桥接,中间,中间,阶段2,阶段2,结构隐喻,结构隐喻,8,8,像,算,动词性,动词性,有,有,无,无,文学,文学,2.6,2.5,3.6,3.6,2.5,2.4,2.0,2.2,2.2,2.1,3.5,3.4,4.2,4.1,3.7,3.7,2.2,2.3,2.5,2.5,4.3,4.7,4.6,4.6,3.1,3.4,3.6,3.3,2.1,1.8,3.8,3.7
415,10,10,抽象-抽象,抽象-抽象,空间,空间,关系,状态,7,7,子部分,子部分,无,无,桥接,桥接,中间,中间,阶段3,阶段3,本体隐喻,本体隐喻,9,9,变成,变成,名词性,名词性,无,无,无,无,新闻,学术,3.3,3.4,3.6,3.5,3.0,3.0,2.1,2.1,3.3,3.5,4.1,4.1,4.2,4.3,1.8,1.7,2.4,2.5,4.1,4.1,1.6,1.7,4.0,4.2,2.4,2.4,3.9,3.7,2.1,2.1,1.4,1.5
416,12,11,具体-具体,具体-具体,空间,心理,事件,事件,8,3,隐喻扩展,隐喻扩展,无,无,边缘,边缘,中间,中间,阶段4,阶段4,结构隐喻,结构隐喻,4,4,像,像,名词性,名词性,有,有,有,有,学术,学术,3.5,3.7,4.5,4.4,4.0,4.0,2.2,2.3,3.1,3.2,3.6,3.4,4.4,4.1,3.1,3.2,1.7,2.0,2.9,2.9,2.7,2.6,3.4,3.6,2.8,2.6,3.1,2.9,4.1,4.0,2.9,2.6
417,7,7,具体-具体,具体-具体,人体,人体,社会角色,社会角色,12,12,多义,多义,有,有,核心,核心,核心,核心,阶段1,阶段1,方位隐喻,方位隐喻,9,9,是,是,形容词性,介词短语,有,有,无,有,文学,文学,2.1,2.2,3.9,4.0,2.0,2.0,1.6,1.8,2.5,3.0,2.8,2.9,4.0,4.2,2.9,3.0,3.7,3.5,3.8,3.6,3.1,3.0,1.6,1.7,3.2,2.9,1.5,1.8,3.2,3.0,4.4,4.4
418,1,1,具体-抽象,具体-抽象,空间,空间,社会角色,社会角色,14,14,隐喻扩展,隐喻扩展,无,无,桥接,桥接,核心,核心,阶段2,阶段2,本体隐喻,结构隐喻,3,3,算,算,形容词性,形容词性,有,有,无,无,学术,学术,2.7,2.6,2.8,3.0,3.3,3.5,3.7,3.7,4.4,4.6,3.6,3.5,2.9,3.1,2.6,2.3,3.0,2.9,1.8,1.9,2.1,2.0,2.4,2.4,3.8,3.7,1.8,1.8,3.1,3.0,3.3,3.5
419,5,5,抽象-具体,抽象-具体,自然,自然,时间,时间,8,8,实例,实例,无,无,边缘,边缘,核心,核心,阶段2,阶段2,本体隐喻,本体隐喻,4,4,成为,成为,动词性,动词性,有,有,有,有,文学,文学,1.9,2.0,3.1,3.0,4.3,4.3,2.4,2.4,2.7,2.3,3.3,3.7,3.3,3.2,3.6,3.6,3.4,3.3,3.6,3.7,4.2,4.4,3.3,3.1,1.9,1.9,4.2,4.3,3.3,3.4,2.7,2.3
420,11,11,具体-具体,抽象-抽象,社会,社会,事件,事件,1,1,多义,多义,无,无,边缘,边缘,中间,中间,阶段3,阶段3,方位隐喻,方位隐喻,5,5,像,像,介词短语,介词短语,有,有,无,无,新闻,新闻,4.5,4.4,3.5,3.5,1.7,1.5,3.6,3.8,1.7,1.7,3.7,3.9,3.2,3.3,1.8,1.9,2.3,2.4,3.9,4.1,1.8,1.9,3.7,3.5,2.7,2.5,2.6,2.7,2.9,2.9,3.6,3.7
421,1,6,具体-具体,具体-具体,运动,运动,状态,状态,2,23,隐喻扩展,隐喻扩展,无,无,边缘,边缘,核心,核心,阶段3,阶段3,结构隐喻,结构隐喻,3,3,是,是,形容词性,形容词性,有,有,有,有,学术,学术,1.9,1.6,1.9,1.9,1.6,1.6,3.5,3.5,4.3,4.4,2.6,2.3,4.1,4.4,3.1,3.0,3.5,3.5,3.9,3.9,2.9,2.8,3.5,3.6,3.5,3.7,3.9,3.8,4.4,4.3,2.6,2.6
422,3,3,抽象-抽象,抽象-抽象,自然,自然,抽象概念,抽象概念,2,2,子部分,子部分,有,有,边缘,边缘,中间,中间,阶段2,阶段2,本体隐喻,本体隐喻,3,3,成为,成为,介词短语,介词短语,有,有,无,无,学术,学术,1.9,1.9,4.4,4.4,3.1,3.3,2.0,1.8,3.8,3.7,1.7,1.7,4.2,4.1,4.0,4.0,1.8,1.8,2.9,2.8,2.0,2.0,2.2,2.0,3.2,3.1,2.2,2.0,3.0,3.1,4.4,4.3
423,5,5,抽象-具体,抽象-具体,人体,人体,关系,关系,8,8,子部分,子部分,无,无,边缘,边缘,中间,中间,阶段4,阶段1,方位隐喻,方位隐喻,5,5,是,为,形容词性,动词性,有,有,无,无,文学,新闻,2.9,3.0,3.1,3.1,4.5,4.2,2.6,2.4,2.5,2.6,3.4,3.7,4.0,3.9,2.2,1.9,3.6,3.4,4.3,4.2,3.4,3.5,2.9,2.9,3.8,3.4,3.1,3.1,3.2,3.4,2.1,2.2
424,8,8,具体-抽象,具体-抽象,社会,社会,关系,关系,1,1,实例,实例,无,无,桥接,边缘,核心,核心,阶段2,阶段2,方位隐喻,方位隐喻,8,8,成为,成为,形容词性,形容词性,无,无,无,有,网络,网络,4.1,4.3,4.4,4.3,2.1,2.1,3.3,3.2,2.1,2.4,1.8,1.8,3.6,3.6,2.3,2.4,2.0,1.6,3.0,3.1,3.8,3.6,1.9,2.1,4.2,4.4,1.9,2.1,4.2,4.4,2.4,2.4
425,9,4,抽象-抽象,具体-具体,社会,社会,时间,时间,20,20,子部分,子部分,无,无,核心,核心,中间,中间,阶段2,阶段2,本体隐喻,本体隐喻,8,7,为,是,动词性,动词性,无,无,无,无,网络,网络,2.4,2.7,4.4,4.2,2.4,2.4,4.3,4.1,4.3,4.1,2.8,3.0,3.4,3.2,3.4,3.6,2.8,2.7,3.9,4.0,4.1,4.2,4.2,4.2,2.0,1.6,3.9,4.0,3.0,3.1,3.5,3.6
426,3,3,抽象-具体,抽象-抽象,社会,社会,品质,社会角色,15,15,隐喻扩展,隐喻扩展,有,有,核心,核心,中间,中间,阶段3,阶段1,方位隐喻,方位隐喻,9,2,成为,成为,介词短语,介词短语,无,无,无,无,网络,网络,3.8,4.0,3.3,3.5,1.9,1.8,2.9,2.5,2.4,2.5,2.2,1.9,4.2,4.4,3.9,3.7,3.2,3.4,2.2,2.1,2.8,2.8,3.2,3.2,3.5,3.5,1.9,2.1,2.1,2.1,4.1,4.1
427,9,9,抽象-抽象,抽象-抽象,自然,自然,时间,时间,22,6,实例,实例,有,无,桥接,桥接,边缘,核心,阶段4,阶段4,方位隐喻,结构隐喻,7,7,算,算,形容词性,形容词性,有,有,无,无,新闻,新闻,3.7,3.3,2.0,1.9,2.5,2.5,3.1,2.8,3.3,3.3,2.6,2.5,2.1,2.1,2.5,2.4,4.1,4.2,2.2,2.2,3.8,3.8,2.5,2.7,2.3,2.4,3.7,3.7,3.2,3.2,3.1,3.5
428,12,12,抽象-具体,抽象-具体,社会,物体,情感,事件,8,16,多义,多义,有,有,桥接,桥接,边缘,边缘,阶段1,阶段1,结构隐喻,结构隐喻,1,1,为,为,形容词性,形容词性,无,无,有,有,新闻,新闻,3.6,3.3,3.4,3.0,1.7,1.6,3.9,3.7,2.2,2.0,3.0,3.0,2.0,2.0,2.6,2.6,4.0,4.1,3.6,3.9,3.1,3.1,4.2,4.0,2.9,2.9,1.8,1.8,3.7,3.6,2.5,2.1
429,9,9,抽象-抽象,抽象-具体,空间,运动,情感,情感,5,5,多义,多义,有,有,核心,核心,中间,中间,阶段4,阶段1,本体隐喻,本体隐喻,3,3,变成,变成,介词短语,介词短语,无,无,无,无,学术,学术,4.0,3.9,3.2,3.1,2.7,2.5,4.1,4.1,4.6,4.4,4.2,4.2,4.6,4.3,3.6,3.8,3.2,3.1,3.4,3.5,3.9,3.9,4.1,4.2,3.3,3.4,3.9,4.1,2.0,1.9,3.3,3.2
430,7,7,抽象-抽象,抽象-抽象,自然,自然,品质,情感,17,17,子部分,子部分,无,无,桥接,桥接,边缘,边缘,阶段4,阶段4,方位隐喻,方位隐喻,2,2,是,是,介词短语,介词短语,无,无,无,无,学术,学术,1.5,1.6,3.9,4.0,3.2,3.1,4.4,4.3,3.7,3.8,3.7,3.6,3.2,3.3,2.5,2.5,4.2,4.1,3.6,3.6,1.9,1.8,3.1,2.9,1.9,1.9,2.9,2.9,2.1,2.0,2.1,2.1
431,7,7,抽象-具体,具体-抽象,物体,空间,状态,状态,13,13,子部分,多义,有,有,核心,核心,核心,核心,阶段2,阶段2,方位隐喻,方位隐喻,4,4,像,像,动词性,动词性,有,有,有,无,文学,文学,4.5,4.3,1.8,1.7,4.4,4.6,3.1,3.1,3.0,3.3,2.0,2.1,2.9,2.8,3.7,3.4,2.9,3.0,2.3,2.2,3.0,2.9,3.5,3.5,2.5,2.4,2.6,2.7,1.5,1.6,1.6,1.7
432,12,4,抽象-抽象,抽象-抽象,自然,自然,抽象概念,抽象概念,21,21,隐喻扩展,隐喻扩展,有,有,桥接,桥接,核心,核心,阶段4,阶段1,结构隐喻,结构隐喻,9,9,为,为,形容词性,形容词性,无,无,有,有,对话,学术,4.0,3.6,3.1,3.0,3.8,4.1,2.1,2.0,3.8,3.9,4.1,4.2,4.1,4.0,2.1,2.1,3.2,3.1,2.7,2.8,1.9,1.8,2.5,2.4,4.6,4.5,2.3,2.5,3.5,3.8,4.1,4.4
433,3,3,抽象-抽象,抽象-抽象,心理,心理,事件,事件,21,21,隐喻扩展,隐喻扩展,无,无,桥接,桥接,中间,中间,阶段3,阶段3,方位隐喻,方位隐喻,7,7,像,像,名词性,名词性,无,无,有,有,新闻,新闻,4.3,4.4,4.2,4.3,4.0,4.0,4.0,3.8,4.3,4.2,3.0,3.1,4.0,4.1,2.8,2.9,3.7,3.7,2.3,2.4,3.8,4.0,2.4,2.2,1.9,1.9,3.6,3.7,2.0,2.2,3.3,3.0
434,3,3,抽象-抽象,抽象-抽象,自然,自然,事件,事件,2,2,隐喻扩展,隐喻扩展,有,有,桥接,桥接,核心,核心,阶段4,阶段4,本体隐喻,本体隐喻,4,4,算,算,动词性,名词性,无,无,有,有,新闻,网络,4.0,4.0,4.4,4.6,2.3,2.3,1.9,2.1,4.5,4.3,2.2,2.3,2.1,2.0,3.6,3.4,4.3,4.0,1.6,1.9,2.1,1.9,2.9,3.1,1.6,1.9,1.6,1.9,4.2,4.0,3.1,3.0
435,12,2,抽象-具体,抽象-具体,物体,物体,时间,时间,16,16,实例,实例,无,无,边缘,边缘,边缘,边缘,阶段1,阶段1,本体隐喻,本体隐喻,7,9,为,为,名词性,名词性,有,有,有,有,对话,对话,3.9,4.4,2.1,2.2,1.9,1.8,2.6,2.8,3.9,4.0,3.0,3.0,2.0,2.1,2.9,3.0,3.1,3.6,2.1,1.9,1.7,1.5,4.0,3.9,3.8,4.0,4.1,3.9,3.0,3.1,3.7,3.6
436,3,3,具体-抽象,具体-抽象,空间,空间,时间,状态,11,11,子部分,子部分,有,有,桥接,边缘,中间,中间,阶段3,阶段3,方位隐喻,方位隐喻,5,5,是,是,形容词性,形容词性,无,无,无,无,文学,文学,2.1,2.1,4.1,4.0,3.4,3.3,3.4,3.3,4.2,4.0,2.0,2.3,4.2,4.0,1.6,1.5,4.4,4.4,4.6,4.6,4.4,4.5,3.2,3.1,2.7,2.7,3.9,3.8,4.5,4.5,3.2,3.3
437,7,3,抽象-抽象,抽象-抽象,物体,物体,品质,品质,13,13,实例,实例,无,无,边缘,边缘,中间,核心,阶段3,阶段3,结构隐喻,结构隐喻,7,7,成为,成为,形容词性,形容词性,无,无,有,有,新闻,学术,2.5,2.5,1.9,2.0,2.8,3.0,3.6,3.4,2.6,2.7,2.7,2.5,3.8,3.9,2.6,2.8,2.2,2.3,2.3,2.2,3.0,3.0,2.9,2.9,3.7,3.5,2.6,2.3,2.8,2.7,2.8,2.8
438,11,7,抽象-抽象,抽象-抽象,空间,空间,时间,时间,23,3,实例,实例,无,无,核心,核心,核心,核心,阶段3,阶段3,结构隐喻,方位隐喻,5,5,算,算,介词短语,动词性,无,无,有,有,网络,网络,2.5,2.3,4.1,3.9,3.1,3.2,3.6,3.5,2.7,2.8,4.1,4.0,2.3,2.2,2.2,2.3,4.3,4.3,1.9,2.0,4.7,4.5,3.4,3.6,2.3,2.4,4.4,4.5,4.4,4.4,3.7,3.7
439,3,3,具体-抽象,具体-抽象,物体,运动,状态,状态,2,2,实例,实例,无,无,核心,核心,边缘,边缘,阶段4,阶段4,结构隐喻,结构隐喻,3,3,成为,是,形容词性,形容词性,无,无,无,无,对话,对话,1.8,1.6,2.3,2.2,1.8,2.0,2.0,2.2,3.9,4.0,3.4,3.5,4.2,4.0,1.7,1.8,2.1,2.0,3.8,3.6,2.9,2.8,4.0,4.0,2.0,2.0,3.8,3.9,4.3,4.4,2.9,2.7
440,3,3,具体-具体,具体-抽象,运动,物体,状态,状态,23,23,多义,实例,无,有,核心,核心,边缘,边缘,阶段2,阶段2,本体隐喻,结构隐喻,2,3,是,是,动词性,名词性,无,无,有,有,新闻,新闻,3.7,3.8,4.6,4.3,2.9,2.9,4.5,4.5,3.7,3.8,2.8,3.2,2.6,2.8,1.3,1.5,3.1,3.0,3.2,3.2,3.3,3.2,4.0,3.8,2.2,2.2,2.2,2.4,1.8,1.9,4.2,4.2
441,9,12,抽象-具体,抽象-具体,空间,空间,抽象概念,抽象概念,14,14,隐喻扩展,隐喻扩展,无,无,核心,核心,中间,中间,阶段1,阶段1,结构隐喻,结构隐喻,2,9,算,算,动词性,介词短语,无,无,有,有,网络,网络,1.9,2.0,3.5,3.4,2.0,2.1,2.1,2.2,4.4,4.1,2.0,2.2,2.9,2.9,1.5,1.5,3.8,3.8,3.8,3.5,3.7,3.9,2.5,2.5,2.1,2.1,4.1,4.2,1.9,1.9,2.6,2.5
442,6,7,抽象-抽象,抽象-具体,感知,感知,事件,事件,10,10,子部分,子部分,无,无,核心,核心,中间,边缘,阶段3,阶段3,方位隐喻,方位隐喻,5,5,成为,成为,动词性,动词性,无,无,有,有,文学,文学,1.6,1.8,2.6,2.6,2.8,2.7,1.6,1.8,1.9,2.0,2.5,2.4,4.6,4.4,4.3,4.4,3.7,3.7,3.3,3.5,2.4,2.6,4.4,4.3,2.3,2.1,1.7,1.7,2.8,2.8,1.6,1.5
443,2,2,具体-具体,具体-具体,感知,社会,状态,状态,9,9,子部分,子部分,有,无,核心,核心,核心,核心,阶段3,阶段3,结构隐喻,本体隐喻,1,9,算,算,形容词性,形容词性,有,有,无,无,学术,学术,3.8,3.8,2.2,2.1,1.8,1.6,3.5,3.3,3.9,3.7,4.2,4.2,2.8,3.1,3.5,3.8,2.2,2.2,2.4,2.1,1.8,2.0,1.4,1.6,2.4,2.2,3.6,3.7,2.9,2.7,1.9,2.0
444,6,6,抽象-具体,抽象-具体,感知,感知,关系,关系,14,14,子部分,子部分,有,有,边缘,边缘,边缘,边缘,阶段2,阶段1,本体隐喻,本体隐喻,5,6,像,像,形容词性,形容词性,有,有,无,无,新闻,新闻,4.3,4.5,2.3,2.2,4.1,4.0,4.3,4.2,3.3,3.5,2.5,2.6,2.0,1.9,4.2,4.4,4.4,4.7,3.1,3.1,3.4,3.2,2.8,2.9,4.1,4.0,2.0,1.8,3.5,3.4,4.2,3.9
445,3,3,具体-具体,具体-具体,人体,人体,事件,事件,18,13,子部分,子部分,无,无,边缘,边缘,中间,中间,阶段3,阶段3,结构隐喻,结构隐喻,2,7,变成,变成,名词性,名词性,有,有,有,有,学术,学术,3.9,3.8,3.4,3.7,1.5,1.5,2.9,3.2,3.9,3.7,3.3,3.4,2.4,2.5,1.8,1.8,1.7,1.7,2.1,2.0,3.0,2.9,4.2,4.1,3.0,3.1,4.2,4.2,1.9,1.7,4.2,4.2
446,7,9,抽象-具体,具体-抽象,社会,社会,情感,情感,5,5,子部分,子部分,有,无,边缘,边缘,核心,核心,阶段4,阶段4,结构隐喻,本体隐喻,5,5,变成,变成,名词性,名词性,有,有,有,无,对话,对话,4.0,3.9,4.2,4.2,4.3,4.4,3.3,3.2,1.6,1.7,2.9,3.1,2.7,2.5,3.1,3.2,1.7,1.7,2.2,2.3,4.0,4.0,3.5,3.5,2.3,2.3,1.8,1.7,3.6,3.6,1.7,1.6
447,10,8,抽象-具体,具体-抽象,社会,社会,事件,事件,1,1,实例,实例,有,有,边缘,桥接,核心,核心,阶段1,阶段1,本体隐喻,本体隐喻,2,2,为,为,介词短语,介词短语,有,有,有,有,网络,网络,3.1,3.3,3.8,3.8,4.2,4.0,3.1,3.1,4.1,3.9,1.5,1.5,4.3,4.3,1.7,1.8,3.9,4.0,4.7,4.5,1.6,1.6,3.7,3.5,2.3,2.6,2.1,2.2,2.3,2.1,4.4,4.3
448,4,4,抽象-抽象,抽象-抽象,自然,自然,抽象概念,事件,13,18,隐喻扩展,隐喻扩展,无,无,边缘,边缘,中间,中间,阶段2,阶段2,方位隐喻,方位隐喻,2,2,像,像,介词短语,介词短语,有,有,有,有,对话,文学,4.2,4.0,3.7,4.0,3.6,3.9,1.7,1.7,2.4,2.2,4.4,4.3,2.3,2.3,1.6,1.5,4.0,3.9,3.7,3.5,3.2,3.1,2.1,1.7,4.4,4.3,3.3,3.2,1.9,1.9,4.2,4.3
449,10,10,具体-抽象,具体-抽象,感知,运动,社会角色,社会角色,19,19,实例,实例,有,有,核心,核心,中间,中间,阶段2,阶段2,本体隐喻,本体隐喻,2,2,像,像,形容词性,形容词性,有,有,无,无,对话,对话,2.9,2.9,3.7,4.0,4.4,4.4,3.5,3.3,3.5,3.5,1.9,1.8,2.7,2.8,3.0,2.9,3.7,3.8,4.1,3.8,1.9,1.9,3.3,3.4,2.2,1.8,3.2,3.1,3.7,4.1,3.7,3.8
450,10,10,抽象-抽象,抽象-抽象,运动,运动,社会角色,社会角色,21,21,子部分,子部分,有,有,核心,核心,核心,核心,阶段3,阶段3,结构隐喻,结构隐喻,7,7,成为,成为,介词短语,介词短语,无,无,无,无,学术,学术,4.7,4.4,4.4,4.4,1.4,1.7,2.5,2.5,3.2,3.2,3.6,3.5,3.7,3.8,3.4,3.6,4.2,4.0,1.6,1.6,3.3,3.6,4.4,4.5,4.0,4.1,3.1,2.8,1.5,1.8,3.7,3.8
451,6,6,具体-抽象,具体-抽象,社会,自然,社会角色,社会角色,7,7,多义,多义,无,无,桥接,桥接,边缘,边缘,阶段1,阶段4,方位隐喻,方位隐喻,3,3,为,为,形容词性,形容词性,无,无,有,有,新闻,新闻,1.8,2.0,4.0,3.6,3.5,3.3,4.4,4.5,3.0,2.8,4.0,4.0,2.2,2.3,1.7,1.8,1.9,1.9,2.7,2.6,3.8,3.8,2.0,2.3,3.8,3.8,3.7,3.7,3.6,3.6,1.5,1.5
452,2,2,抽象-具体,抽象-具体,心理,心理,情感,情感,24,24,实例,实例,有,有,桥接,核心,核心,核心,阶段1,阶段1,方位隐喻,方位隐喻,6,6,为,为,形容词性,形容词性,无,无,无,无,文学,网络,3.9,3.9,2.1,2.2,4.1,3.9,2.1,2.2,3.5,3.6,3.7,3.8,3.5,3.6,2.3,2.7,2.0,1.8,3.3,3.2,2.3,2.2,2.2,2.6,3.4,3.2,1.5,1.5,1.9,1.9,2.0,2.2
453,4,4,抽象-具体,抽象-具体,运动,社会,状态,状态,1,1,实例,实例,有,有,边缘,边缘,边缘,边缘,阶段2,阶段2,方位隐喻,方位隐喻,4,4,是,是,动词性,动词性,有,有,无,无,文学,文学,3.6,3.5,3.8,4.1,1.8,1.9,2.6,2.3,4.4,4.4,3.9,3.9,2.1,2.1,1.8,1.5,4.4,4.5,2.0,1.8,3.0,2.9,2.6,2.7,3.4,3.2,3.3,3.1,3.6,3.7,2.1,2.2
454,10,10,具体-具体,具体-具体,空间,空间,状态,关系,17,17,多义,多义,无,无,边缘,边缘,边缘,边缘,阶段1,阶段1,结构隐喻,结构隐喻,9,9,变成,是,形容词性,形容词性,无,无,无,无,对话,对话,3.4,3.2,2.4,2.3,3.1,3.3,3.1,2.9,2.8,2.3,3.8,3.7,2.1,2.2,2.5,2.8,3.5,3.3,4.1,4.2,2.7,2.8,2.4,2.7,2.7,2.7,3.5,3.2,3.9,4.0,3.1,3.4
455,5,5,具体-抽象,具体-抽象,心理,心理,情感,品质,21,10,实例,实例,无,无,桥接,桥接,边缘,边缘,阶段1,阶段1,结构隐喻,结构隐喻,2,2,像,变成,介词短语,动词性,无,无,有,有,学术,学术,3.7,3.6,4.4,4.4,2.8,2.6,3.0,3.0,3.9,3.7,2.6,2.8,4.2,4.6,3.0,3.0,4.5,4.0,2.0,1.8,3.8,3.7,3.3,3.4,2.8,2.8,2.1,2.1,3.1,3.2,3.4,3.4
456,2,2,具体-抽象,具体-抽象,空间,空间,事件,事件,3,3,子部分,子部分,有,有,核心,核心,核心,边缘,阶段3,阶段3,方位隐喻,方位隐喻,3,3,是,是,动词性,动词性,有,有,无,有,新闻,新闻,3.9,4.1,2.6,2.6,2.7,2.7,2.7,2.9,2.6,2.5,4.2,4.5,2.6,2.5,2.5,2.6,4.4,4.4,3.5,3.2,3.2,3.3,2.2,2.2,4.0,4.0,3.4,3.2,2.5,2.6,4.3,4.1
457,12,9,抽象-抽象,抽象-抽象,人体,感知,社会角色,社会角色,16,16,子部分,子部分,有,有,桥接,桥接,中间,边缘,阶段2,阶段2,本体隐喻,本体隐喻,8,8,变成,变成,形容词性,形容词性,有,有,有,有,对话,对话,3.9,4.0,2.3,2.3,4.3,4.1,2.7,2.5,4.2,4.2,4.2,4.3,3.7,3.6,3.5,3.1,3.4,3.5,3.1,3.2,1.9,1.9,2.9,3.0,4.0,4.1,3.3,3.4,2.1,2.1,2.8,3.2
458,5,5,抽象-具体,抽象-具体,人体,人体,抽象概念,事件,7,7,隐喻扩展,子部分,无,无,桥接,桥接,边缘,边缘,阶段1,阶段1,本体隐喻,本体隐喻,7,7,像,变成,名词性,名词性,无,无,无,无,学术,学术,1.9,2.0,2.1,2.3,3.1,3.2,1.9,2.0,2.8,2.8,2.9,3.0,4.1,4.1,3.5,3.2,3.3,3.3,4.1,4.3,4.4,4.4,2.6,2.7,3.2,3.1,3.2,3.2,3.8,3.9,2.9,3.0
459,3,3,具体-具体,具体-具体,感知,感知,品质,品质,14,14,子部分,子部分,有,有,核心,核心,中间,中间,阶段2,阶段2,本体隐喻,本体隐喻,4,4,像,像,动词性,动词性,无,无,有,有,新闻,新闻,2.1,2.3,3.4,3.4,1.7,1.7,3.8,3.9,2.9,2.8,2.8,2.8,2.5,2.5,2.6,2.5,2.5,2.6,2.4,2.4,4.3,4.4,3.5,3.5,3.8,3.8,2.1,2.4,1.9,1.7,1.6,1.7
460,4,10,抽象-具体,抽象-具体,空间,人体,抽象概念,抽象概念,7,15,子部分,子部分,无,无,桥接,桥接,核心,中间,阶段4,阶段4,结构隐喻,结构隐喻,4,4,为,是,介词短语,形容词性,无,无,无,无,学术,学术,1.5,1.6,1.8,1.8,4.4,4.5,2.8,3.0,3.8,3.9,3.1,2.9,2.4,2.7,2.7,2.7,1.8,2.1,2.4,2.4,3.2,3.0,2.3,2.3,4.1,3.9,2.8,2.6,4.4,4.3,4.4,4.4
461,9,9,具体-抽象,具体-抽象,运动,运动,状态,抽象概念,16,16,实例,实例,有,有,核心,核心,核心,核心,阶段2,阶段2,结构隐喻,结构隐喻,5,7,变成,变成,介词短语,介词短语,有,有,有,有,学术,学术,1.8,1.8,4.5,4.4,2.1,2.1,3.2,3.2,3.0,3.0,2.4,2.3,4.0,3.9,2.9,3.0,3.5,3.7,4.0,4.2,3.8,3.7,3.1,2.9,2.4,2.5,2.4,2.3,3.9,4.1,4.4,4.2
462,6,6,抽象-具体,抽象-具体,人体,人体,情感,情感,12,12,隐喻扩展,隐喻扩展,有,有,核心,核心,边缘,边缘,阶段1,阶段1,结构隐喻,结构隐喻,4,4,算,算,介词短语,介词短语,有,有,无,无,新闻,新闻,2.2,2.4,2.3,2.4,4.3,4.2,3.1,3.3,2.2,2.4,1.8,1.9,3.3,3.4,2.6,2.7,3.9,3.9,2.1,2.1,1.9,1.7,3.5,3.8,3.4,3.2,3.7,4.0,3.6,3.6,1.5,1.6
463,11,11,抽象-抽象,抽象-抽象,心理,社会,抽象概念,抽象概念,2,2,实例,实例,有,有,边缘,边缘,中间,中间,阶段2,阶段2,本体隐喻,本体隐喻,3,3,算,算,形容词性,形容词性,无,无,无,无,新闻,新闻,3.9,3.6,2.3,2.7,4.3,4.6,3.5,3.3,4.6,4.6,2.2,2.3,2.5,2.7,3.7,3.9,3.2,3.3,3.9,3.7,2.2,2.0,3.5,3.4,3.0,2.8,3.4,3.4,4.5,4.5,3.2,3.1
464,10,10,抽象-具体,抽象-具体,人体,人体,情感,情感,6,6,多义,多义,有,有,桥接,桥接,边缘,边缘,阶段1,阶段4,方位隐喻,方位隐喻,9,9,为,为,动词性,动词性,无,无,有,有,新闻,新闻,3.1,2.7,1.6,1.7,4.0,4.0,3.5,3.6,3.3,3.3,4.0,3.9,3.9,3.7,1.8,2.1,1.7,1.7,2.2,2.2,3.9,3.8,4.0,3.9,1.7,2.0,1.9,2.0,3.5,3.5,2.4,2.6
465,8,8,具体-具体,抽象-抽象,人体,人体,社会角色,社会角色,10,10,多义,多义,有,有,桥接,桥接,中间,核心,阶段1,阶段1,结构隐喻,结构隐喻,6,6,是,是,形容词性,形容词性,无,无,有,有,新闻,新闻,4.0,3.9,2.2,2.1,3.5,3.6,3.4,3.3,3.4,3.3,3.1,3.2,4.3,4.1,4.0,4.2,2.0,1.9,4.3,4.2,1.8,2.0,4.4,4.2,3.4,3.4,3.2,3.1,1.8,1.9,2.6,3.0
466,5,2,抽象-具体,抽象-具体,空间,社会,事件,事件,13,13,子部分,子部分,无,无,桥接,桥接,核心,核心,阶段2,阶段2,结构隐喻,结构隐喻,6,6,像,像,形容词性,形容词性,无,无,无,无,网络,网络,2.9,3.0,2.7,2.6,3.8,3.8,2.1,2.2,3.3,3.5,4.3,4.1,1.9,2.3,2.5,2.5,1.9,1.7,4.2,4.1,1.6,1.7,4.2,4.0,3.1,3.2,4.0,4.4,2.5,2.5,3.3,3.5
467,5,5,抽象-抽象,抽象-抽象,物体,运动,社会角色,社会角色,3,3,子部分,子部分,无,无,核心,桥接,核心,边缘,阶段2,阶段2,结构隐喻,结构隐喻,5,3,变成,变成,动词性,动词性,有,有,有,有,新闻,新闻,3.3,3.1,2.8,2.5,3.6,3.5,3.4,3.1,4.2,3.9,3.5,3.8,1.5,1.6,3.6,3.8,3.5,3.7,3.9,3.7,3.3,3.4,4.3,4.5,1.8,2.1,3.9,3.9,3.2,3.2,2.7,2.7
468,3,3,抽象-抽象,抽象-抽象,空间,空间,状态,状态,8,8,实例,实例,有,无,核心,核心,边缘,边缘,阶段2,阶段2,结构隐喻,结构隐喻,3,3,变成,变成,形容词性,形容词性,有,有,无,无,新闻,新闻,1.9,1.6,2.4,2.5,3.1,2.7,2.0,2.2,2.2,1.8,2.6,2.7,2.3,2.2,3.9,4.0,3.3,3.3,3.1,3.0,1.8,1.7,1.4,1.6,1.8,1.8,4.1,4.1,3.5,3.1,2.8,3.0
469,10,10,抽象-具体,抽象-具体,社会,社会,社会角色,事件,24,24,多义,多义,有,无,桥接,桥接,边缘,边缘,阶段4,阶段4,结构隐喻,结构隐喻,4,4,为,为,介词短语,介词短语,无,无,无,无,文学,文学,4.0,3.8,1.7,1.5,2.5,2.1,3.3,3.4,1.4,1.8,2.1,2.2,3.6,3.6,4.5,4.2,2.9,2.8,1.6,1.7,2.0,2.0,3.4,3.4,2.3,2.2,4.3,4.3,1.5,1.7,2.2,2.2
470,6,6,抽象-抽象,抽象-抽象,人体,人体,时间,情感,17,17,隐喻扩展,隐喻扩展,有,有,边缘,边缘,边缘,边缘,阶段1,阶段1,方位隐喻,方位隐喻,5,5,是,变成,形容词性,形容词性,有,有,无,无,文学,文学,3.8,3.8,2.4,2.5,2.3,2.2,2.6,2.9,2.8,2.8,3.1,3.4,4.3,4.2,2.8,3.0,3.2,3.2,2.1,2.0,1.8,1.8,2.3,2.5,3.9,3.9,2.1,2.0,2.4,2.3,1.7,1.5
471,7,7,抽象-具体,抽象-具体,感知,感知,事件,事件,22,22,子部分,子部分,有,有,核心,核心,边缘,边缘,阶段4,阶段4,方位隐喻,方位隐喻,5,5,为,为,名词性,介词短语,有,有,有,无,学术,学术,2.3,2.3,4.0,3.9,3.7,3.8,1.5,1.6,3.3,3.1,4.1,4.3,4.4,4.1,2.5,2.3,2.3,2.5,2.9,2.9,3.0,3.2,3.9,3.8,1.6,1.6,3.6,3.7,3.7,3.6,3.6,3.8
472,5,5,抽象-具体,抽象-具体,运动,心理,关系,关系,13,13,多义,多义,无,无,核心,核心,边缘,边缘,阶段2,阶段2,结构隐喻,本体隐喻,4,4,成为,成为,名词性,名词性,无,无,无,无,学术,文学,2.4,2.5,2.7,2.6,3.2,3.3,3.6,3.5,2.5,2.2,4.0,4.1,2.0,2.2,3.3,3.4,3.9,3.9,1.6,1.8,3.4,3.4,4.1,4.0,2.8,2.7,3.2,3.5,3.7,3.5,2.6,2.5
473,6,1,具体-抽象,具体-抽象,感知,感知,关系,关系,1,1,多义,多义,有,有,核心,核心,边缘,边缘,阶段1,阶段1,本体隐喻,结构隐喻,9,9,变成,变成,形容词性,形容词性,无,无,有,有,学术,学术,2.2,2.3,2.3,2.3,3.4,3.4,2.2,2.2,3.6,3.6,3.7,3.8,4.2,4.3,2.0,2.2,2.4,2.5,1.7,1.8,2.0,2.0,1.5,1.8,2.1,2.0,1.7,1.7,4.1,4.4,4.2,4.2
474,10,10,具体-抽象,具体-抽象,人体,人体,情感,情感,10,10,多义,多义,无,无,桥接,桥接,中间,中间,阶段3,阶段3,方位隐喻,本体隐喻,4,6,算,算,动词性,动词性,无,无,无,无,对话,对话,4.0,4.0,2.3,2.4,3.4,3.4,4.3,4.3,1.8,1.8,3.9,3.8,3.8,4.0,4.0,3.8,3.2,3.6,1.8,2.0,3.0,2.7,3.3,3.4,2.0,2.4,3.9,3.8,4.5,4.5,4.4,4.3
475,4,4,抽象-具体,抽象-具体,自然,运动,时间,时间,8,8,子部分,子部分,有,无,核心,核心,边缘,中间,阶段1,阶段1,结构隐喻,结构隐喻,9,9,变成,变成,动词性,动词性,无,无,无,无,网络,网络,3.8,3.8,3.1,3.0,3.8,3.8,2.2,2.4,3.9,3.8,2.9,3.1,3.7,3.5,3.6,4.0,2.6,2.5,2.4,2.4,1.7,1.6,4.1,4.1,3.7,3.9,2.2,2.3,3.9,4.1,1.7,1.8
476,3,3,具体-抽象,具体-抽象,感知,物体,状态,状态,17,17,子部分,子部分,有,有,边缘,边缘,中间,中间,阶段1,阶段1,结构隐喻,结构隐喻,7,7,是,是,形容词性,形容词性,无,无,有,有,对话,对话,3.2,3.3,2.6,2.6,3.7,3.8,4.6,4.7,3.5,3.6,2.0,2.0,3.8,3.6,3.9,3.8,1.8,1.5,3.8,3.7,2.3,2.4,3.2,3.4,4.1,4.0,4.3,4.7,3.0,3.5,3.6,3.5
477,1,1,抽象-抽象,抽象-抽象,空间,空间,关系,关系,16,16,多义,多义,无,无,桥接,桥接,核心,中间,阶段2,阶段2,方位隐喻,方位隐喻,2,6,成为,成为,形容词性,形容词性,无,无,有,有,新闻,新闻,2.4,2.1,3.6,3.4,1.6,1.9,3.0,3.1,2.1,1.9,2.3,2.4,3.6,4.0,2.8,2.6,2.4,2.2,1.7,1.7,2.0,1.9,2.8,2.9,3.2,3.3,3.9,4.0,3.2,3.2,3.8,4.0
478,10,10,具体-具体,具体-具体,运动,人体,时间,事件,24,24,隐喻扩展,隐喻扩展,有,有,核心,核心,核心,核心,阶段4,阶段4,方位隐喻,方位隐喻,2,2,是,是,介词短语,介词短语,无,无,无,无,新闻,新闻,1.9,2.0,4.6,4.7,2.7,2.5,1.8,1.7,2.3,2.3,3.4,3.1,3.9,3.9,3.1,3.3,4.5,4.2,4.3,4.5,2.1,1.7,1.7,1.8,3.9,4.2,3.7,4.0,2.7,2.4,3.3,3.6
479,7,9,具体-抽象,具体-抽象,社会,社会,事件,事件,3,3,实例,实例,无,无,边缘,边缘,核心,核心,阶段1,阶段1,本体隐喻,本体隐喻,3,3,变成,变成,名词性,名词性,无,无,有,有,文学,文学,1.8,1.8,1.6,1.9,2.2,2.2,1.6,1.7,4.0,3.9,2.6,2.6,4.0,4.1,2.0,1.7,2.0,1.9,2.1,2.1,2.2,2.2,3.7,3.6,4.2,4.1,3.3,3.6,4.1,4.2,2.5,2.4
480,11,11,具体-抽象,具体-抽象,感知,感知,关系,关系,2,2,子部分,子部分,无,无,边缘,核心,中间,中间,阶段3,阶段3,方位隐喻,方位隐喻,9,9,像,算,介词短语,介词短语,无,无,无,有,新闻,新闻,1.6,1.6,2.1,2.0,3.1,2.9,1.7,1.8,3.8,3.8,3.8,4.0,2.0,1.6,3.4,3.6,1.8,1.9,2.5,2.5,3.9,4.1,2.0,1.7,2.1,2.2,2.9,2.9,3.9,3.9,2.3,2.4
481,5,5,具体-具体,具体-具体,人体,人体,状态,抽象概念,23,23,实例,实例,有,有,边缘,边缘,中间,核心,阶段2,阶段2,结构隐喻,结构隐喻,4,4,算,算,名词性,名词性,有,有,无,无,学术,学术,2.3,2.0,2.2,2.1,1.8,1.6,1.6,1.7,4.0,4.2,2.5,2.5,3.6,3.7,2.9,3.0,2.2,2.3,2.3,2.4,4.3,4.3,3.4,3.4,3.3,3.3,4.0,3.9,4.0,3.9,2.9,3.0
482,12,12,具体-抽象,抽象-具体,物体,运动,关系,关系,6,6,隐喻扩展,隐喻扩展,无,无,边缘,边缘,核心,核心,阶段3,阶段3,本体隐喻,方位隐喻,1,8,为,算,动词性,动词性,有,有,无,无,对话,网络,1.6,1.7,3.0,2.8,3.7,4.2,2.2,2.5,2.3,2.3,2.0,2.0,4.1,3.8,3.2,3.1,4.2,4.1,3.5,3.2,3.7,3.7,4.1,4.2,3.8,3.9,3.9,3.9,4.0,3.8,2.2,2.5
483,5,5,具体-抽象,具体-抽象,自然,心理,抽象概念,抽象概念,19,19,子部分,子部分,有,有,边缘,桥接,核心,核心,阶段2,阶段2,本体隐喻,本体隐喻,9,9,算,成为,动词性,介词短语,有,无,无,无,网络,文学,3.3,3.0,1.6,1.8,2.0,1.8,2.6,2.4,4.6,4.6,3.8,4.0,2.2,2.2,4.0,3.9,2.3,2.5,1.5,1.4,1.7,1.5,2.8,2.7,3.2,3.1,1.7,1.7,4.1,4.0,4.3,4.3
484,4,4,抽象-具体,具体-具体,社会,社会,关系,品质,18,18,实例,实例,有,有,边缘,边缘,中间,中间,阶段1,阶段1,方位隐喻,方位隐喻,9,9,像,像,动词性,动词性,有,有,有,有,网络,网络,2.5,2.7,2.9,2.9,2.2,2.1,1.9,1.9,3.7,3.6,3.6,3.6,2.2,2.2,3.6,3.7,2.8,2.9,1.7,1.8,3.3,3.4,4.1,3.8,4.0,3.9,2.2,2.4,4.2,4.3,1.8,1.7
485,5,5,具体-具体,具体-具体,感知,感知,社会角色,社会角色,3,3,子部分,子部分,有,有,核心,核心,边缘,边缘,阶段1,阶段1,结构隐喻,本体隐喻,4,4,算,算,名词性,名词性,无,无,有,无,网络,网络,2.7,2.8,4.2,4.2,3.7,3.8,2.7,2.9,1.5,1.6,2.2,2.3,4.0,4.0,3.2,3.2,2.5,2.5,1.7,1.7,3.7,3.9,3.9,4.0,3.5,3.5,2.5,2.5,4.1,3.8,1.8,1.9
486,8,8,具体-抽象,具体-抽象,物体,物体,状态,状态,8,8,实例,实例,有,无,边缘,边缘,中间,中间,阶段4,阶段4,结构隐喻,结构隐喻,7,7,是,是,名词性,名词性,有,有,有,有,新闻,新闻,3.5,3.2,1.5,1.4,1.7,1.7,2.6,2.5,3.0,3.1,4.4,4.5,2.6,2.6,2.6,2.5,4.4,4.2,3.4,3.6,1.9,2.0,1.2,1.4,2.5,2.5,2.0,2.0,3.9,4.0,3.3,3.2
487,2,12,抽象-抽象,抽象-抽象,物体,物体,品质,品质,23,23,多义,多义,无,无,核心,核心,边缘,边缘,阶段4,阶段4,方位隐喻,方位隐喻,9,9,变成,变成,介词短语,介词短语,有,有,有,有,网络,网络,3.6,3.5,2.5,2.6,3.7,3.4,3.4,3.6,3.5,3.4,2.7,2.6,2.7,2.7,2.9,2.8,4.5,4.5,2.4,2.4,2.5,2.5,4.2,4.2,3.4,3.5,4.4,4.4,3.4,3.8,3.6,3.3
488,3,3,具体-具体,具体-具体,自然,自然,事件,事件,14,21,多义,隐喻扩展,无,有,核心,核心,核心,核心,阶段3,阶段3,结构隐喻,结构隐喻,8,8,算,是,名词性,动词性,无,无,无,无,对话,文学,3.3,3.4,3.8,3.9,4.3,4.1,2.1,1.9,2.1,1.9,3.3,3.8,2.7,2.6,2.6,2.5,3.2,3.0,2.7,2.9,2.8,3.1,2.0,1.9,3.3,3.3,3.2,3.2,2.8,3.0,3.8,3.7
489,10,8,抽象-具体,抽象-具体,感知,运动,抽象概念,抽象概念,19,19,子部分,实例,有,无,核心,桥接,边缘,边缘,阶段3,阶段3,结构隐喻,方位隐喻,9,9,成为,算,动词性,动词性,无,无,有,有,新闻,新闻,2.3,2.3,2.0,2.0,3.5,3.6,4.2,4.5,4.6,4.3,4.4,4.0,2.2,1.9,1.8,2.0,3.8,3.9,4.4,4.2,2.4,2.5,2.3,2.3,3.3,3.3,3.2,3.4,3.0,3.0,2.2,2.3
490,2,2,具体-具体,具体-具体,心理,心理,社会角色,社会角色,16,16,多义,多义,无,无,桥接,桥接,边缘,核心,阶段1,阶段1,结构隐喻,结构隐喻,8,8,变成,变成,动词性,动词性,无,无,有,有,文学,文学,4.1,3.9,1.6,1.8,3.5,3.7,2.9,3.2,3.9,3.8,2.0,1.8,4.1,4.6,3.5,3.4,2.3,2.2,2.1,2.3,3.3,3.0,4.3,4.2,1.8,1.6,2.6,2.5,3.2,3.3,2.2,2.4
491,3,3,抽象-抽象,抽象-抽象,自然,空间,社会角色,社会角色,20,20,子部分,子部分,有,无,边缘,边缘,核心,核心,阶段1,阶段1,本体隐喻,本体隐喻,6,6,像,像,动词性,动词性,有,无,有,有,文学,文学,4.3,4.3,3.7,3.4,3.8,4.1,3.5,3.3,1.9,1.7,4.1,4.3,3.9,3.9,3.7,3.8,2.7,2.5,1.6,2.0,1.8,1.8,3.6,3.5,2.0,2.0,3.9,3.7,4.0,4.0,2.9,2.8
492,9,7,抽象-抽象,抽象-抽象,人体,人体,事件,事件,24,24,实例,实例,有,有,桥接,核心,核心,核心,阶段3,阶段3,结构隐喻,方位隐喻,6,6,算,算,介词短语,介词短语,无,无,无,有,对话,网络,2.5,2.4,1.6,1.6,2.1,2.1,1.5,1.6,4.2,4.4,3.7,3.7,2.2,2.3,4.4,4.3,3.6,3.5,2.7,3.0,2.8,2.6,2.6,2.5,3.9,4.0,2.9,2.9,2.4,2.2,2.1,2.2
493,11,11,抽象-具体,抽象-具体,空间,空间,时间,时间,14,14,实例,实例,有,有,桥接,桥接,核心,核心,阶段1,阶段4,本体隐喻,本体隐喻,2,2,是,是,介词短语,介词短语,有,有,无,无,网络,网络,1.7,1.8,4.1,4.0,3.1,3.4,3.3,3.2,2.7,2.7,1.9,2.2,1.8,1.7,2.8,2.7,2.3,2.4,1.9,1.9,3.6,3.6,1.8,1.7,2.8,2.7,3.6,3.6,2.6,2.6,2.8,2.8
494,4,4,具体-抽象,具体-抽象,空间,空间,时间,时间,3,3,子部分,子部分,无,无,桥接,桥接,中间,中间,阶段3,阶段3,方位隐喻,方位隐喻,6,6,为,为,名词性,名词性,无,无,有,有,网络,网络,4.2,4.4,1.8,1.8,2.2,2.5,2.6,2.5,2.8,2.7,3.5,3.5,2.5,2.5,4.5,4.4,2.3,2.3,1.7,1.9,3.0,2.8,2.6,2.6,2.1,2.2,4.4,4.3,3.4,3.3,3.8,3.7
495,4,4,抽象-抽象,抽象-抽象,社会,社会,事件,事件,12,6,隐喻扩展,子部分,有,有,边缘,边缘,核心,核心,阶段1,阶段1,结构隐喻,结构隐喻,7,7,算,算,名词性,名词性,有,有,有,有,新闻,新闻,4.1,4.4,3.3,3.2,2.2,2.3,4.2,4.2,3.7,3.7,4.0,4.0,2.5,2.8,2.0,2.2,4.2,4.2,2.7,2.5,2.2,2.2,4.4,4.5,1.6,1.9,3.3,3.3,4.6,4.4,3.1,2.8
496,12,1,抽象-具体,抽象-具体,空间,社会,关系,关系,15,15,隐喻扩展,隐喻扩展,有,有,桥接,桥接,中间,核心,阶段3,阶段3,结构隐喻,结构隐喻,5,9,变成,成为,动词性,动词性,无,有,无,无,网络,网络,1.7,1.6,3.6,3.7,2.3,1.9,4.2,4.3,3.4,3.3,3.9,3.9,1.5,1.6,3.4,3.3,2.3,2.2,3.5,3.7,3.8,3.8,2.0,1.7,2.1,2.2,3.2,3.3,2.9,2.8,4.5,4.3
497,3,10,抽象-抽象,抽象-抽象,感知,感知,抽象概念,情感,15,15,隐喻扩展,隐喻扩展,有,有,核心,核心,边缘,中间,阶段4,阶段4,方位隐喻,方位隐喻,9,2,算,算,形容词性,形容词性,有,有,无,无,文学,文学,1.6,1.6,2.2,2.3,3.3,3.2,3.3,3.3,2.9,2.8,3.8,3.9,4.1,4.4,4.6,4.3,1.8,1.9,2.0,2.2,2.7,2.6,4.2,3.9,2.5,2.4,3.8,3.8,1.9,1.8,3.2,3.2
498,10,10,具体-抽象,具体-抽象,人体,人体,抽象概念,抽象概念,12,12,子部分,实例,有,有,核心,核心,核心,核心,阶段4,阶段2,本体隐喻,结构隐喻,6,9,变成,变成,介词短语,介词短语,有,有,无,无,网络,网络,4.0,4.0,1.6,1.7,3.8,3.9,3.9,3.9,2.3,2.4,2.0,1.9,4.2,4.2,3.4,3.5,3.9,3.7,4.3,4.1,2.5,2.9,2.5,2.6,4.7,4.5,3.0,3.1,3.5,3.5,2.5,2.7
499,10,10,抽象-具体,抽象-具体,运动,运动,抽象概念,抽象概念,19,19,子部分,子部分,无,无,桥接,桥接,边缘,边缘,阶段2,阶段2,方位隐喻,方位隐喻,2,2,成为,成为,形容词性,形容词性,无,无,无,无,对话,对话,2.4,2.4,1.8,2.2,3.9,4.1,3.3,3.4,2.9,2.8,2.0,1.9,4.2,4.1,3.0,3.1,2.3,2.3,2.7,2.5,2.6,2.5,3.4,3.5,3.9,3.9,3.9,3.9,3.3,3.2,1.9,2.0
500,11,11,抽象-抽象,抽象-抽象,心理,心理,社会角色,社会角色,2,16,实例,实例,有,有,边缘,边缘,中间,中间,阶段3,阶段3,本体隐喻,本体隐喻,9,9,为,成为,形容词性,形容词性,有,无,无,无,网络,网络,4.3,4.1,3.9,4.0,2.7,2.8,1.6,1.7,3.2,3.4,3.2,3.1,3.8,3.9,3.1,3.3,2.9,2.9,4.3,4.4,2.1,2.5,3.6,3.3,1.8,1.7,1.7,1.6,4.1,4.1,2.3,2.2
501,6,6,具体-抽象,具体-抽象,人体,人体,社会角色,社会角色,1,1,隐喻扩展,隐喻扩展,有,有,核心,核心,核心,核心,阶段4,阶段4,方位隐喻,方位隐喻,7,7,成为,成为,名词性,名词性,无,无,无,无,学术,文学,2.2,1.9,3.6,3.6,2.6,2.6,3.6,3.8,3.3,3.3,3.2,3.2,3.6,3.7,4.1,4.0,1.8,1.8,2.7,3.0,3.3,3.5,2.5,2.6,3.7,3.8,2.2,2.3,4.1,4.0,1.8,1.4
502,10,5,具体-抽象,具体-抽象,感知,感知,品质,品质,24,4,多义,多义,无,无,边缘,边缘,中间,中间,阶段3,阶段3,结构隐喻,结构隐喻,6,6,为,为,形容词性,形容词性,有,有,无,无,对话,对话,3.9,4.1,2.1,2.0,3.6,3.6,2.0,1.9,3.4,3.2,4.2,4.3,3.3,3.4,4.6,4.0,1.7,1.9,3.8,3.7,2.0,2.0,1.7,1.4,3.0,3.2,4.1,4.3,2.4,2.1,3.0,2.8
503,7,7,抽象-抽象,抽象-抽象,心理,心理,情感,情感,19,19,隐喻扩展,子部分,有,有,边缘,边缘,中间,中间,阶段2,阶段2,方位隐喻,方位隐喻,2,2,算,算,形容词性,形容词性,有,有,有,有,学术,学术,1.6,1.6,4.0,3.5,3.8,3.8,3.5,3.3,3.3,3.3,2.9,2.8,4.5,4.4,2.9,2.8,2.9,2.9,4.0,4.1,3.7,3.8,1.9,2.1,2.3,2.2,2.0,2.0,1.8,1.7,4.3,4.5
504,1,1,具体-具体,抽象-具体,感知,感知,时间,社会角色,4,4,子部分,子部分,有,有,桥接,边缘,核心,核心,阶段1,阶段1,结构隐喻,结构隐喻,7,1,是,是,动词性,动词性,有,有,无,无,网络,网络,2.3,2.2,3.7,3.5,2.3,2.3,1.5,1.6,2.9,2.9,2.4,2.5,3.6,3.5,3.8,4.0,2.6,2.6,2.9,3.3,3.0,3.3,3.2,3.3,3.7,3.9,3.0,2.9,3.9,3.9,3.7,3.9
505,5,5,抽象-抽象,抽象-抽象,人体,人体,抽象概念,抽象概念,6,6,实例,实例,无,无,边缘,核心,边缘,边缘,阶段2,阶段2,方位隐喻,方位隐喻,6,6,是,是,名词性,形容词性,有,有,无,无,网络,网络,4.5,4.3,4.6,4.4,2.5,2.3,2.6,2.5,3.0,3.2,2.0,2.0,3.6,3.3,4.2,4.2,3.1,3.0,3.9,3.9,4.2,4.2,4.6,4.5,1.4,1.7,2.9,3.1,3.4,3.5,2.6,2.6
506,5,8,抽象-抽象,抽象-抽象,空间,空间,状态,状态,1,1,实例,实例,无,无,桥接,桥接,核心,核心,阶段3,阶段3,本体隐喻,本体隐喻,5,5,变成,变成,动词性,动词性,无,无,无,无,文学,新闻,2.1,2.1,2.7,2.6,3.1,3.1,3.0,2.9,2.6,2.3,1.6,1.6,3.9,3.9,2.2,2.3,4.5,4.6,2.6,2.5,4.2,4.4,4.1,4.1,3.8,3.7,2.8,2.8,2.0,1.7,3.8,4.0
507,6,6,具体-具体,具体-具体,心理,物体,状态,状态,12,12,多义,多义,有,有,桥接,桥接,中间,中间,阶段3,阶段4,结构隐喻,结构隐喻,1,1,变成,变成,介词短语,介词短语,无,无,有,有,学术,学术,2.0,2.0,3.9,4.2,2.8,2.8,2.5,2.7,2.0,2.0,1.8,1.8,2.3,2.3,2.9,3.0,2.7,2.6,2.5,2.5,2.7,2.6,2.2,1.8,4.4,4.1,4.1,4.1,4.4,4.3,4.3,4.4
508,2,2,具体-抽象,具体-抽象,感知,感知,事件,事件,9,13,多义,多义,有,有,核心,核心,中间,中间,阶段4,阶段4,方位隐喻,本体隐喻,2,2,变成,变成,介词短语,介词短语,有,有,无,无,新闻,新闻,4.1,3.7,2.9,2.8,3.6,3.5,3.3,3.5,3.3,3.1,3.4,3.1,4.3,4.4,4.5,4.6,3.2,3.4,3.8,4.0,2.0,2.0,4.3,4.0,4.0,4.2,3.8,3.8,4.4,4.4,3.6,3.5
509,12,12,具体-具体,具体-具体,社会,社会,状态,状态,14,14,子部分,子部分,有,有,桥接,桥接,中间,中间,阶段4,阶段4,方位隐喻,方位隐喻,6,6,像,像,介词短语,介词短语,有,有,有,有,网络,网络,1.8,1.9,4.0,4.3,2.8,2.9,3.0,3.1,1.7,1.6,2.0,1.9,1.7,1.6,2.3,2.5,1.6,1.5,2.0,2.3,3.1,3.1,2.4,2.4,3.7,3.7,3.9,3.8,3.8,3.6,3.2,3.1
510,3,3,具体-具体,具体-具体,物体,物体,抽象概念,抽象概念,18,18,子部分,子部分,无,无,核心,核心,中间,中间,阶段1,阶段1,本体隐喻,本体隐喻,4,4,算,算,介词短语,介词短语,有,有,无,无,文学,新闻,1.8,1.8,1.8,1.8,1.9,1.9,4.5,4.3,1.7,1.7,4.1,4.1,3.5,3.3,3.4,3.5,4.2,4.1,3.8,3.6,2.3,2.2,4.3,4.3,4.3,4.2,4.6,4.5,1.7,1.7,2.1,2.0
511,10,10,具体-抽象,具体-抽象,心理,心理,社会角色,社会角色,1,1,多义,多义,有,有,边缘,边缘,核心,核心,阶段3,阶段3,本体隐喻,本体隐喻,7,7,变成,变成,名词性,名词性,有,有,有,有,文学,文学,2.5,2.6,2.1,2.0,2.2,2.1,2.6,2.4,2.2,2.2,3.2,3.2,1.7,1.6,3.2,3.6,4.0,4.0,1.8,1.8,2.8,2.6,3.7,3.8,3.7,3.6,4.7,4.4,2.2,2.0,1.7,1.9
512,9,1,抽象-具体,抽象-具体,物体,物体,时间,时间,2,2,子部分,子部分,无,无,桥接,桥接,核心,核心,阶段3,阶段3,本体隐喻,本体隐喻,2,2,是,是,动词性,动词性,有,有,无,无,网络,网络,3.5,3.4,4.0,4.2,4.2,4.2,3.7,3.8,2.1,2.0,4.1,4.2,3.9,4.1,2.1,1.9,3.0,2.9,3.3,3.3,2.8,2.7,4.3,4.3,3.5,3.5,4.3,4.1,2.5,2.4,2.1,2.1
513,1,1,具体-具体,抽象-具体,自然,心理,品质,品质,7,7,隐喻扩展,隐喻扩展,无,无,桥接,桥接,核心,核心,阶段3,阶段4,结构隐喻,结构隐喻,3,5,为,为,名词性,名词性,无,无,无,无,学术,学术,3.7,3.4,4.0,4.1,2.1,2.2,4.0,3.9,2.6,2.6,2.8,2.7,4.5,4.2,3.7,4.0,2.3,2.0,4.4,4.3,2.8,2.8,2.7,2.8,1.6,1.6,3.3,3.4,1.6,1.6,3.4,3.5
514,10,10,具体-具体,具体-抽象,物体,物体,情感,情感,2,2,多义,实例,无,无,桥接,桥接,边缘,边缘,阶段1,阶段1,方位隐喻,方位隐喻,7,7,算,算,名词性,名词性,无,无,无,无,网络,网络,4.0,3.9,2.3,2.5,1.6,1.7,2.3,2.4,2.7,2.7,3.2,3.3,2.7,2.8,2.8,2.9,2.8,3.1,2.8,2.9,3.0,2.8,3.7,3.7,2.1,2.1,2.3,2.3,3.9,4.0,1.7,2.0
515,2,2,具体-抽象,抽象-抽象,感知,感知,情感,情感,23,23,多义,隐喻扩展,有,有,边缘,边缘,核心,核心,阶段4,阶段4,结构隐喻,结构隐喻,6,6,变成,变成,动词性,动词性,有,有,有,有,新闻,网络,3.0,3.0,3.2,3.3,3.6,3.6,3.9,3.7,1.9,1.9,3.2,3.0,4.1,3.9,3.0,3.2,2.7,2.3,2.8,2.7,3.4,3.2,3.7,3.8,4.0,3.7,3.6,3.7,1.8,1.8,3.1,3.2
516,12,12,抽象-具体,具体-抽象,空间,空间,事件,事件,14,14,多义,多义,有,有,桥接,桥接,中间,中间,阶段3,阶段3,结构隐喻,本体隐喻,7,7,成为,成为,介词短语,介词短语,无,有,有,有,网络,学术,2.8,2.7,2.7,2.6,3.6,3.4,2.6,2.7,2.2,2.2,4.4,4.6,2.4,2.5,3.6,3.6,4.5,4.5,3.0,2.9,1.4,1.6,3.0,3.1,4.4,4.6,4.4,4.3,2.3,2.1,3.0,2.9
517,7,7,具体-抽象,具体-抽象,感知,感知,事件,事件,16,16,子部分,子部分,有,有,桥接,桥接,中间,中间,阶段2,阶段2,本体隐喻,本体隐喻,5,5,是,是,形容词性,形容词性,无,无,无,无,新闻,对话,2.7,2.4,1.7,1.5,3.3,3.2,2.0,1.9,1.5,1.6,4.0,3.8,1.9,2.0,2.7,2.6,3.2,2.8,3.7,3.7,2.3,2.3,4.3,4.4,3.7,3.7,4.3,4.3,2.4,2.5,3.3,3.3
518,10,5,抽象-抽象,抽象-抽象,人体,感知,事件,状态,19,17,隐喻扩展,隐喻扩展,无,无,边缘,边缘,中间,中间,阶段3,阶段3,方位隐喻,方位隐喻,9,9,成为,为,动词性,动词性,无,无,无,无,新闻,新闻,4.1,4.1,1.7,1.6,2.8,3.0,1.4,1.5,2.5,2.7,3.4,3.5,2.3,2.4,2.5,2.5,2.7,2.6,2.7,2.6,1.8,2.0,2.1,2.1,3.4,3.1,3.5,3.2,2.5,2.6,1.7,1.7
519,4,4,具体-具体,具体-具体,人体,人体,时间,时间,2,2,隐喻扩展,隐喻扩展,有,有,核心,核心,核心,核心,阶段1,阶段1,方位隐喻,方位隐喻,3,3,像,像,动词性,介词短语,无,无,有,有,网络,网络,3.8,3.8,1.6,1.8,4.4,4.3,3.8,3.7,3.9,3.7,3.4,3.3,2.4,2.5,3.2,3.1,2.1,2.1,1.5,1.4,3.9,3.6,4.3,4.5,2.1,2.3,3.7,3.5,2.4,2.2,4.5,4.7
520,5,5,抽象-具体,抽象-具体,社会,社会,情感,情感,15,15,子部分,子部分,无,无,边缘,边缘,边缘,边缘,阶段3,阶段3,本体隐喻,本体隐喻,5,5,算,算,名词性,名词性,有,有,无,无,文学,文学,4.3,4.2,3.0,3.4,2.1,2.0,2.0,2.1,2.3,2.4,2.4,2.2,3.3,3.4,2.5,2.6,2.3,2.2,2.9,3.0,4.2,4.0,4.0,4.0,4.6,4.3,2.3,2.4,4.4,4.6,3.5,3.4
521,4,4,抽象-具体,抽象-具体,空间,空间,社会角色,社会角色,4,4,多义,子部分,有,有,核心,桥接,边缘,边缘,阶段4,阶段1,本体隐喻,本体隐喻,6,6,为,为,介词短语,形容词性,无,无,无,无,学术,网络,4.4,4.3,2.3,2.2,2.9,3.1,1.8,1.8,3.4,3.3,3.9,3.5,3.9,4.2,2.7,2.8,3.7,3.5,2.5,2.8,3.5,3.7,3.4,3.5,3.4,3.4,2.2,1.9,4.4,4.3,3.7,3.9
522,7,9,抽象-抽象,抽象-抽象,运动,运动,事件,事件,16,5,隐喻扩展,隐喻扩展,有,有,核心,核心,核心,核心,阶段4,阶段4,本体隐喻,本体隐喻,1,1,成为,成为,名词性,名词性,有,有,有,有,学术,学术,2.4,2.2,2.1,2.0,3.3,3.2,2.8,3.1,1.6,1.9,4.5,4.6,2.0,2.0,1.8,1.9,3.1,3.1,3.2,2.8,4.6,4.2,1.9,1.6,3.0,2.9,3.7,3.3,3.3,3.2,1.9,1.5
523,5,5,抽象-抽象,抽象-抽象,人体,人体,关系,关系,6,11,子部分,子部分,有,有,边缘,边缘,中间,中间,阶段2,阶段2,方位隐喻,方位隐喻,9,8,成为,成为,形容词性,形容词性,有,有,无,无,新闻,新闻,3.2,3.3,4.2,4.0,1.6,1.6,2.4,2.5,1.5,1.4,1.7,1.9,1.8,1.8,4.0,4.0,2.7,2.7,3.6,3.7,1.7,1.8,2.2,2.2,4.0,4.0,2.2,2.1,1.9,1.9,1.7,1.6
524,3,3,抽象-抽象,抽象-抽象,感知,感知,社会角色,社会角色,23,23,实例,实例,有,有,核心,核心,核心,核心,阶段1,阶段1,结构隐喻,结构隐喻,3,3,变成,变成,形容词性,形容词性,有,有,有,有,学术,学术,3.4,3.6,2.1,1.8,2.6,3.0,3.6,3.4,3.2,3.0,3.4,3.3,2.3,2.2,2.8,2.7,2.4,2.4,2.3,2.3,2.7,2.8,4.0,4.1,4.5,4.4,2.8,2.7,3.6,3.6,3.6,3.5
525,9,9,抽象-具体,抽象-具体,自然,自然,情感,情感,24,24,隐喻扩展,隐喻扩展,有,有,桥接,核心,边缘,边缘,阶段2,阶段2,方位隐喻,方位隐喻,7,7,成为,为,介词短语,介词短语,有,有,无,无,对话,对话,2.2,2.1,3.3,3.4,3.7,3.8,1.7,1.8,2.8,2.9,3.0,3.0,2.4,2.4,1.6,1.8,2.1,2.2,2.9,3.0,4.0,4.2,3.6,3.6,2.8,2.5,3.0,3.0,4.3,4.6,1.8,1.8
526,11,11,抽象-具体,抽象-具体,心理,心理,状态,状态,21,21,隐喻扩展,隐喻扩展,无,无,边缘,边缘,核心,核心,阶段3,阶段3,方位隐喻,方位隐喻,9,2,变成,变成,形容词性,动词性,有,无,无,无,学术,学术,1.8,1.6,4.2,4.2,2.9,2.8,1.8,1.9,2.1,1.9,3.9,3.9,2.3,2.3,4.0,4.0,1.9,1.4,2.3,2.3,2.5,2.5,4.3,4.4,2.8,3.0,4.3,4.3,4.6,4.5,4.0,4.2
527,1,1,具体-具体,具体-具体,人体,人体,关系,关系,12,8,子部分,子部分,有,无,桥接,桥接,边缘,边缘,阶段3,阶段3,方位隐喻,方位隐喻,4,4,变成,变成,介词短语,介词短语,无,无,有,有,对话,对话,4.2,4.1,2.1,1.9,4.2,4.2,2.7,2.8,2.4,2.1,1.6,1.4,2.2,2.2,1.6,1.5,4.5,4.4,2.7,2.7,4.1,4.0,2.7,2.7,1.7,1.7,4.4,4.4,3.4,3.3,3.1,3.4
528,11,11,抽象-抽象,抽象-抽象,空间,空间,抽象概念,抽象概念,24,1,隐喻扩展,隐喻扩展,有,有,边缘,边缘,核心,中间,阶段1,阶段1,方位隐喻,方位隐喻,1,1,为,为,介词短语,介词短语,有,有,有,有,对话,学术,3.0,3.2,2.3,2.0,3.3,3.3,2.9,3.2,1.6,1.5,1.9,1.9,3.0,3.0,3.3,3.2,3.9,3.7,2.6,2.2,3.5,3.2,4.5,4.1,4.5,4.5,2.5,2.1,2.0,2.0,1.7,1.5
529,8,8,具体-抽象,具体-抽象,心理,心理,状态,情感,4,4,实例,实例,有,有,核心,核心,边缘,边缘,阶段4,阶段4,本体隐喻,本体隐喻,9,9,算,算,介词短语,名词性,有,有,无,无,文学,文学,3.1,3.2,3.3,3.2,3.9,3.7,4.0,4.0,3.8,4.1,1.4,1.8,4.1,4.2,3.4,3.6,4.3,4.2,2.6,2.4,4.5,4.4,4.0,4.2,2.0,1.9,1.7,1.9,4.1,4.0,3.3,3.4
530,5,5,抽象-具体,抽象-抽象,社会,社会,情感,情感,22,22,隐喻扩展,隐喻扩展,有,有,核心,核心,核心,核心,阶段3,阶段3,本体隐喻,本体隐喻,9,9,算,是,形容词性,形容词性,无,无,有,有,文学,文学,3.0,2.8,3.0,3.0,3.9,4.1,3.3,3.5,2.5,2.4,1.9,2.3,1.8,1.9,2.2,2.1,2.7,2.7,3.2,3.3,2.5,2.7,4.2,4.4,4.5,4.2,2.2,2.2,3.2,3.4,3.8,4.1
531,3,3,抽象-抽象,抽象-抽象,感知,感知,情感,情感,22,22,实例,实例,无,无,边缘,核心,中间,中间,阶段1,阶段1,结构隐喻,结构隐喻,5,5,变成,变成,动词性,名词性,无,无,有,有,新闻,新闻,3.8,3.9,3.1,2.9,3.6,3.7,4.0,4.3,2.0,2.2,3.9,3.7,4.3,3.9,2.1,1.8,4.2,4.1,3.5,3.5,3.0,2.8,2.5,2.2,2.1,1.8,3.0,3.2,2.8,2.7,3.9,3.7
532,6,6,具体-抽象,具体-抽象,运动,运动,关系,关系,4,4,隐喻扩展,隐喻扩展,有,有,核心,核心,核心,核心,阶段1,阶段1,结构隐喻,结构隐喻,1,1,像,像,形容词性,形容词性,无,无,有,有,学术,学术,2.0,2.1,3.1,3.3,3.8,3.8,2.2,2.3,3.7,3.6,2.1,1.7,2.9,3.1,1.8,1.8,2.3,2.4,1.6,1.5,1.9,1.9,2.8,3.1,4.4,4.1,4.0,3.9,1.9,2.0,2.8,2.7
533,3,3,抽象-抽象,抽象-抽象,心理,心理,情感,情感,11,11,多义,实例,有,有,桥接,桥接,核心,核心,阶段4,阶段4,结构隐喻,结构隐喻,8,8,算,算,形容词性,形容词性,有,有,有,有,新闻,新闻,3.3,3.5,4.1,4.3,3.7,3.6,3.3,3.3,1.8,1.7,3.5,3.6,3.5,3.4,4.6,4.4,3.0,3.2,3.8,4.3,1.9,2.1,1.7,1.9,2.9,2.8,3.2,3.0,2.2,2.2,2.7,2.8
534,8,8,抽象-抽象,具体-抽象,运动,运动,事件,事件,14,14,实例,子部分,无,无,核心,核心,中间,中间,阶段4,阶段4,结构隐喻,结构隐喻,7,7,是,是,动词性,动词性,有,有,无,无,文学,文学,2.8,3.0,1.6,1.7,3.0,3.0,3.5,3.4,2.2,2.4,4.2,3.9,3.9,3.9,3.8,3.8,1.9,2.0,2.5,2.6,4.2,4.2,3.3,3.3,3.1,3.2,4.4,4.2,3.3,3.2,3.6,3.6
535,8,11,抽象-具体,抽象-具体,感知,感知,状态,社会角色,2,2,子部分,子部分,无,有,桥接,桥接,核心,核心,阶段1,阶段4,方位隐喻,方位隐喻,8,8,变成,变成,形容词性,形容词性,无,无,无,无,文学,文学,4.2,4.3,3.8,3.9,3.4,3.1,3.7,3.6,2.4,2.4,1.5,1.7,2.5,2.3,2.3,2.4,3.6,3.9,3.5,3.5,2.9,2.7,3.8,3.6,1.6,1.8,3.3,3.4,2.2,2.3,3.8,4.2
536,12,12,抽象-抽象,抽象-抽象,自然,社会,社会角色,社会角色,10,10,实例,实例,无,无,边缘,边缘,中间,边缘,阶段2,阶段2,结构隐喻,结构隐喻,1,1,像,像,介词短语,形容词性,有,有,无,无,对话,对话,3.0,2.9,2.3,2.1,2.0,2.2,4.5,4.5,2.2,2.3,1.5,1.6,4.4,4.4,2.4,2.7,2.8,2.9,1.9,1.9,3.2,3.4,2.4,2.1,2.6,2.7,3.1,2.9,3.0,3.0,4.0,4.1
537,4,4,具体-具体,具体-具体,人体,人体,时间,时间,12,12,隐喻扩展,隐喻扩展,无,无,边缘,核心,核心,核心,阶段3,阶段4,本体隐喻,本体隐喻,8,9,变成,变成,介词短语,形容词性,无,无,有,有,网络,网络,4.4,4.3,2.6,2.8,4.1,3.9,2.9,3.0,1.7,1.4,4.5,4.6,2.0,2.0,3.4,3.5,3.1,3.1,3.4,3.0,3.8,3.8,2.0,2.0,3.0,3.0,3.8,3.8,3.6,3.7,3.4,3.3
538,5,5,具体-抽象,具体-抽象,感知,感知,事件,事件,8,20,多义,多义,有,有,桥接,桥接,中间,中间,阶段4,阶段4,方位隐喻,方位隐喻,4,4,是,是,形容词性,形容词性,无,无,无,无,学术,网络,2.5,2.5,1.9,1.8,2.4,2.3,2.6,2.6,4.3,4.2,3.7,3.4,3.1,3.2,2.9,3.0,4.0,3.9,3.6,3.5,2.9,2.4,3.6,3.7,1.6,1.6,4.5,4.4,4.2,4.5,3.7,3.8
539,2,2,具体-具体,具体-具体,感知,物体,事件,事件,12,12,子部分,子部分,有,有,核心,核心,中间,中间,阶段2,阶段2,方位隐喻,方位隐喻,1,1,成为,成为,动词性,动词性,有,无,无,有,文学,文学,4.3,4.6,2.8,2.9,3.1,3.1,4.1,4.0,4.0,4.0,1.8,2.0,2.3,2.1,2.1,2.3,3.5,3.7,1.9,1.9,4.1,4.3,2.7,2.7,3.4,3.6,2.5,2.5,1.5,1.8,3.3,3.2
540,10,10,抽象-抽象,抽象-抽象,物体,物体,时间,时间,18,11,实例,实例,无,无,边缘,边缘,中间,中间,阶段2,阶段2,本体隐喻,本体隐喻,9,9,算,算,形容词性,形容词性,有,无,有,无,文学,文学,4.1,4.1,4.0,4.0,2.2,2.3,2.2,1.9,2.8,2.8,2.4,2.6,2.7,2.7,1.6,1.8,4.3,4.6,4.2,4.1,4.1,4.3,2.6,2.7,3.8,4.1,2.3,2.3,4.1,4.1,3.3,3.1
541,4,4,抽象-抽象,抽象-抽象,物体,物体,情感,品质,5,5,隐喻扩展,隐喻扩展,有,有,核心,核心,中间,中间,阶段2,阶段2,结构隐喻,结构隐喻,8,8,为,为,介词短语,介词短语,有,无,有,有,学术,学术,3.4,3.2,1.9,1.9,3.6,3.6,1.8,1.7,3.0,2.8,4.5,4.5,2.9,3.0,3.9,3.7,2.5,2.7,3.8,3.8,3.4,3.5,2.9,2.9,1.6,1.7,2.1,2.2,1.8,1.9,4.3,4.1
542,1,1,抽象-抽象,抽象-抽象,空间,空间,情感,情感,19,19,实例,实例,无,无,边缘,边缘,边缘,边缘,阶段1,阶段1,方位隐喻,方位隐喻,3,3,为,为,名词性,名词性,有,有,有,有,文学,文学,2.4,2.4,2.3,2.3,4.5,4.4,2.8,2.7,3.3,3.2,2.1,2.2,4.2,4.2,4.0,4.2,2.8,2.9,3.0,2.8,4.5,4.4,3.0,2.9,3.1,3.0,2.9,3.0,4.3,4.4,3.4,3.6
543,7,7,具体-抽象,具体-抽象,运动,运动,品质,品质,20,20,子部分,子部分,无,无,边缘,边缘,边缘,边缘,阶段2,阶段2,方位隐喻,方位隐喻,7,7,为,为,名词性,名词性,有,有,有,有,学术,学术,2.6,2.5,2.6,2.6,3.8,3.7,2.2,2.3,2.6,3.0,3.7,3.9,2.9,2.6,2.2,2.1,3.3,3.1,2.1,1.9,1.6,1.5,2.0,2.1,1.5,1.7,3.1,3.2,3.6,3.7,2.7,2.8
544,9,9,具体-抽象,具体-抽象,感知,感知,社会角色,社会角色,19,19,子部分,子部分,无,无,核心,核心,中间,中间,阶段2,阶段2,本体隐喻,本体隐喻,3,3,成为,变成,动词性,动词性,有,有,有,无,网络,网络,3.6,3.7,2.0,2.0,3.3,3.3,2.8,2.7,3.6,4.0,2.1,2.4,3.4,3.5,1.9,1.8,2.9,2.9,4.3,4.0,1.7,1.6,3.3,3.1,4.1,3.8,2.3,2.1,2.8,2.7,4.5,4.5
545,9,9,抽象-具体,抽象-具体,运动,社会,时间,时间,6,6,子部分,子部分,有,有,边缘,边缘,边缘,边缘,阶段4,阶段4,结构隐喻,结构隐喻,3,3,算,算,名词性,介词短语,无,无,无,无,新闻,文学,3.2,3.3,3.6,3.8,3.0,3.3,4.7,4.4,2.8,3.0,2.7,2.6,4.3,4.5,1.8,1.7,2.8,2.8,1.6,1.8,1.7,1.7,1.5,1.7,2.1,2.1,3.6,3.6,3.0,2.9,4.3,4.4
546,11,11,具体-具体,具体-具体,感知,感知,品质,品质,19,19,子部分,子部分,无,无,核心,核心,中间,中间,阶段2,阶段2,结构隐喻,结构隐喻,8,8,变成,成为,形容词性,形容词性,有,有,无,无,对话,对话,2.8,2.8,3.9,3.7,3.0,3.0,2.5,2.7,1.9,2.0,4.2,4.1,2.9,3.2,2.8,2.8,2.5,2.5,1.9,2.1,4.6,4.3,1.9,1.8,1.6,1.7,2.4,2.0,3.5,3.5,3.7,3.7
547,12,12,抽象-具体,抽象-具体,心理,心理,抽象概念,品质,19,19,实例,隐喻扩展,有,有,边缘,边缘,核心,核心,阶段3,阶段3,结构隐喻,结构隐喻,1,1,变成,变成,名词性,名词性,无,有,无,无,网络,网络,3.5,3.4,3.8,4.2,2.1,2.4,3.7,3.8,1.8,1.9,1.7,1.5,2.9,2.7,2.3,2.6,4.1,4.0,3.5,3.4,3.4,3.1,3.6,3.8,4.2,4.0,3.7,3.6,3.2,3.1,1.5,1.5
548,2,2,抽象-具体,抽象-具体,心理,心理,时间,情感,21,21,隐喻扩展,隐喻扩展,有,无,桥接,桥接,中间,中间,阶段1,阶段1,结构隐喻,结构隐喻,7,7,为,为,动词性,形容词性,无,无,无,无,网络,网络,3.6,3.8,3.0,3.2,2.6,2.5,2.2,2.0,4.3,3.9,2.4,2.2,4.3,4.4,1.6,1.7,3.0,3.1,2.2,2.3,4.4,4.4,3.6,3.8,2.6,2.9,3.9,4.0,4.2,4.4,3.7,4.0
549,3,3,抽象-具体,抽象-具体,空间,空间,品质,品质,3,3,子部分,子部分,无,无,核心,核心,中间,中间,阶段1,阶段3,方位隐喻,方位隐喻,2,2,成为,成为,动词性,动词性,无,无,有,有,学术,文学,1.5,1.5,3.0,2.8,2.7,2.7,2.5,2.2,1.7,1.6,3.0,3.1,3.9,3.7,3.0,2.9,3.3,3.3,2.8,2.8,2.0,1.8,2.3,2.4,1.8,1.9,4.0,4.1,4.4,4.4,1.7,1.4
550,11,11,具体-具体,具体-具体,感知,感知,事件,事件,14,14,隐喻扩展,隐喻扩展,无,无,边缘,边缘,边缘,边缘,阶段1,阶段1,本体隐喻,本体隐喻,6,6,像,像,动词性,动词性,无,无,有,有,文学,文学,1.7,1.6,2.2,2.2,4.4,4.3,2.0,2.3,4.3,4.3,3.4,3.4,4.2,4.3,2.0,2.2,2.0,2.1,3.0,3.1,1.6,1.8,2.2,2.1,3.6,3.7,1.9,1.9,1.8,1.7,1.6,1.6
551,12,12,具体-具体,具体-抽象,自然,自然,社会角色,社会角色,19,19,隐喻扩展,隐喻扩展,无,无,桥接,桥接,核心,核心,阶段4,阶段4,方位隐喻,方位隐喻,7,7,算,算,形容词性,形容词性,有,有,无,无,对话,对话,1.7,1.9,3.7,3.2,2.7,2.7,3.2,3.4,3.5,3.5,1.7,1.6,2.7,2.6,1.6,1.7,2.2,2.4,2.9,3.2,3.3,3.0,1.7,1.7,3.5,3.6,2.4,2.5,3.7,3.7,2.5,2.5
552,1,1,抽象-抽象,抽象-抽象,自然,自然,品质,品质,24,24,子部分,子部分,有,有,核心,核心,核心,核心,阶段2,阶段2,本体隐喻,本体隐喻,5,8,为,为,形容词性,介词短语,无,无,无,无,新闻,新闻,2.2,2.2,2.8,2.7,3.3,3.3,2.3,2.0,2.7,2.7,2.7,2.7,3.6,3.4,3.6,3.5,2.3,2.4,1.8,1.6,2.1,2.1,2.7,2.8,3.2,3.2,3.1,3.1,3.5,3.6,2.3,2.6
553,5,5,抽象-抽象,抽象-具体,自然,自然,抽象概念,事件,23,4,子部分,子部分,无,有,桥接,桥接,核心,核心,阶段3,阶段3,结构隐喻,结构隐喻,9,5,为,为,动词性,形容词性,有,有,无,无,新闻,新闻,2.7,2.9,4.5,4.6,4.3,4.2,3.6,3.7,2.1,2.0,2.6,2.6,2.2,2.1,3.1,3.4,3.2,3.1,3.7,3.6,4.0,4.1,3.1,3.1,2.2,2.5,4.2,4.1,3.9,3.9,3.3,3.4
554,7,7,具体-具体,具体-具体,空间,空间,情感,情感,18,18,隐喻扩展,隐喻扩展,有,有,边缘,桥接,中间,中间,阶段4,阶段4,方位隐喻,方位隐喻,8,8,像,像,形容词性,形容词性,无,无,无,无,对话,对话,4.0,4.0,4.4,4.5,2.9,3.3,3.6,3.3,2.4,2.6,1.6,1.5,4.3,3.9,3.7,4.0,1.7,1.6,2.3,2.4,2.8,2.6,4.0,4.1,2.7,2.8,2.7,2.6,4.2,4.3,2.3,2.3
555,4,4,具体-抽象,具体-抽象,空间,空间,事件,事件,18,18,实例,子部分,有,有,核心,核心,中间,中间,阶段4,阶段4,方位隐喻,方位隐喻,7,7,成为,成为,名词性,名词性,有,有,无,无,对话,对话,2.5,2.5,4.1,4.2,2.2,2.3,2.8,2.6,3.0,3.1,2.6,2.7,4.3,4.3,2.3,2.4,4.2,4.2,3.8,3.8,3.8,3.9,1.6,1.6,4.3,4.1,3.5,3.4,3.2,3.2,2.0,2.1
556,2,2,具体-具体,具体-具体,感知,感知,状态,状态,14,14,多义,多义,无,无,边缘,边缘,核心,核心,阶段4,阶段4,本体隐喻,本体隐喻,5,5,成为,成为,名词性,名词性,有,有,有,有,对话,新闻,1.5,1.6,2.4,2.5,2.7,2.5,1.6,1.8,3.5,3.5,4.4,4.3,2.4,2.5,2.1,2.0,4.0,4.3,4.1,4.2,3.0,2.9,2.9,2.7,3.2,3.1,2.6,2.8,2.2,2.1,3.3,3.5
557,12,12,具体-具体,具体-具体,自然,自然,情感,情感,20,20,子部分,子部分,无,无,核心,核心,边缘,边缘,阶段3,阶段3,本体隐喻,本体隐喻,6,6,成为,成为,介词短语,介词短语,有,有,有,有,网络,网络,3.0,3.1,2.4,2.6,2.7,2.5,1.5,1.6,3.5,3.9,2.5,2.2,1.9,1.8,2.7,2.8,3.5,3.5,3.2,3.1,3.0,3.1,2.6,2.9,2.8,2.8,1.6,1.5,3.4,3.5,2.8,2.8
558,12,12,具体-抽象,具体-抽象,运动,运动,事件,事件,10,9,多义,实例,无,无,核心,核心,中间,中间,阶段3,阶段3,本体隐喻,本体隐喻,3,3,变成,变成,形容词性,形容词性,有,无,有,有,文学,文学,4.6,4.5,4.1,4.2,3.7,3.8,3.2,2.9,3.0,2.7,3.2,3.3,2.0,2.1,3.8,3.8,2.4,2.4,3.6,3.7,3.6,3.6,4.3,4.1,3.7,3.6,2.4,2.6,2.5,2.6,1.5,1.7
559,3,10,抽象-具体,抽象-具体,社会,社会,事件,事件,4,4,多义,多义,有,有,桥接,桥接,中间,中间,阶段1,阶段1,本体隐喻,本体隐喻,2,5,为,为,形容词性,形容词性,无,无,有,有,学术,学术,2.6,2.6,3.9,3.5,2.4,2.4,4.2,4.0,2.5,2.5,2.3,2.3,3.3,3.7,2.2,2.5,2.8,2.7,1.9,1.7,2.3,2.4,2.0,1.9,1.5,1.7,3.8,3.8,2.5,2.6,2.7,2.8
560,6,6,抽象-具体,抽象-具体,感知,感知,情感,情感,7,7,隐喻扩展,隐喻扩展,有,无,桥接,桥接,边缘,边缘,阶段1,阶段1,方位隐喻,方位隐喻,4,4,成为,成为,介词短语,介词短语,有,有,有,有,网络,网络,4.4,4.4,3.5,4.0,3.4,3.8,3.2,3.2,3.9,3.7,1.9,1.8,2.2,2.1,2.5,2.2,3.7,3.5,1.5,1.7,4.4,4.5,1.7,1.8,2.3,2.2,3.7,3.6,3.4,3.3,3.9,4.0
561,11,11,具体-具体,具体-具体,自然,自然,状态,状态,10,10,隐喻扩展,隐喻扩展,有,有,核心,核心,边缘,边缘,阶段4,阶段3,方位隐喻,方位隐喻,2,2,成为,成为,形容词性,形容词性,无,无,无,无,网络,网络,1.7,1.6,2.4,2.2,4.0,4.2,2.7,2.8,4.2,4.2,2.3,2.5,3.3,3.4,1.8,2.0,2.3,2.1,1.9,2.3,2.6,2.7,2.5,2.4,2.1,2.1,4.1,4.0,2.3,2.3,1.9,1.5
562,10,10,抽象-具体,具体-具体,空间,空间,关系,关系,13,13,实例,实例,有,有,核心,核心,边缘,边缘,阶段2,阶段2,方位隐喻,本体隐喻,1,1,是,是,名词性,形容词性,有,有,有,有,文学,文学,2.0,1.9,4.0,4.0,2.5,2.5,4.1,4.1,4.2,4.4,3.0,2.9,2.6,2.7,4.4,4.5,3.3,3.4,2.6,2.6,2.6,2.9,3.5,3.4,3.6,3.5,3.2,3.3,3.4,3.5,4.0,4.1
563,12,5,具体-抽象,具体-抽象,空间,心理,关系,关系,22,22,实例,实例,有,有,边缘,边缘,中间,中间,阶段3,阶段3,结构隐喻,结构隐喻,7,2,像,像,形容词性,形容词性,有,有,有,有,新闻,新闻,3.7,3.7,3.1,3.2,1.7,2.1,2.1,2.1,3.0,3.0,2.3,2.4,4.3,4.3,4.5,4.5,4.4,4.2,2.2,2.1,3.6,3.7,3.9,4.2,3.4,3.4,3.8,3.8,4.2,3.9,3.0,2.9
564,7,7,抽象-具体,具体-抽象,感知,心理,时间,状态,12,12,子部分,子部分,有,有,桥接,桥接,核心,核心,阶段1,阶段1,结构隐喻,结构隐喻,3,3,成为,成为,动词性,动词性,无,无,无,无,对话,对话,3.0,2.9,2.9,2.8,3.5,3.5,2.5,2.6,1.7,1.7,3.4,3.3,2.8,2.7,3.4,3.3,2.6,2.6,3.4,3.4,3.4,3.5,2.3,2.3,3.8,3.9,2.6,2.8,4.4,4.7,2.7,2.9
565,4,1,具体-具体,具体-具体,社会,社会,事件,事件,14,14,多义,多义,有,有,桥接,桥接,核心,核心,阶段2,阶段2,方位隐喻,方位隐喻,3,3,变成,变成,形容词性,形容词性,无,有,有,有,网络,网络,3.8,3.7,4.3,4.0,2.5,2.6,3.1,3.1,1.7,1.8,4.3,4.4,3.0,3.2,2.2,2.0,3.1,3.3,2.2,2.4,4.7,4.2,2.4,2.2,2.8,2.9,2.8,2.5,2.0,2.0,2.4,2.5
566,9,6,抽象-具体,抽象-具体,心理,物体,抽象概念,时间,13,13,实例,实例,无,无,桥接,核心,核心,核心,阶段2,阶段2,本体隐喻,方位隐喻,8,8,像,像,介词短语,介词短语,有,有,有,有,对话,对话,4.0,4.2,2.7,2.8,3.1,3.1,2.5,2.3,2.6,2.8,1.5,1.6,2.5,2.6,3.7,3.8,4.0,4.3,4.0,4.1,3.9,4.1,2.5,2.4,1.9,2.1,2.5,2.3,2.7,3.0,3.4,3.5
567,11,11,具体-抽象,具体-抽象,物体,物体,时间,时间,15,15,子部分,子部分,无,无,边缘,边缘,边缘,边缘,阶段3,阶段1,本体隐喻,本体隐喻,3,3,算,算,名词性,名词性,无,有,无,无,对话,对话,2.2,2.1,3.6,3.6,3.6,3.5,4.6,4.5,3.8,3.6,3.6,3.7,1.9,1.7,3.4,3.2,2.6,2.4,3.2,3.3,2.4,2.4,2.0,1.8,2.2,1.9,2.0,2.0,3.5,3.7,1.6,1.7
568,12,4,具体-抽象,具体-抽象,心理,心理,事件,事件,22,22,子部分,子部分,有,有,核心,核心,核心,核心,阶段4,阶段4,本体隐喻,本体隐喻,4,6,算,算,名词性,名词性,无,无,无,无,新闻,新闻,3.5,3.5,2.9,3.0,2.8,2.7,2.7,2.8,3.2,3.1,1.5,1.5,2.9,2.8,3.7,3.8,3.9,3.9,2.6,2.7,1.9,1.7,4.5,4.5,4.1,4.3,2.8,2.9,3.2,3.1,3.8,3.6
569,1,9,具体-具体,具体-具体,社会,社会,抽象概念,抽象概念,3,3,子部分,子部分,无,无,核心,核心,核心,核心,阶段1,阶段1,本体隐喻,方位隐喻,5,5,像,像,介词短语,介词短语,无,无,有,有,对话,对话,3.3,3.2,3.3,3.3,4.3,4.2,1.9,1.6,3.4,3.3,1.7,1.5,3.9,4.1,4.0,4.2,3.6,3.9,4.1,4.2,1.8,1.7,3.2,3.2,1.7,1.6,3.8,3.9,1.8,1.8,1.9,1.6
570,1,1,具体-具体,具体-具体,人体,人体,状态,状态,11,11,多义,多义,有,有,桥接,桥接,核心,边缘,阶段3,阶段3,方位隐喻,方位隐喻,4,4,是,是,形容词性,形容词性,无,无,有,有,文学,文学,4.0,4.3,1.5,1.6,2.7,2.9,2.0,2.0,4.1,4.0,1.6,1.8,4.4,4.4,2.4,2.2,4.1,4.3,3.9,3.9,2.7,2.6,2.5,2.3,3.4,3.3,1.8,1.6,2.7,2.7,2.7,2.9
571,3,3,具体-具体,具体-具体,心理,心理,状态,状态,8,11,子部分,子部分,无,无,边缘,边缘,边缘,边缘,阶段2,阶段2,方位隐喻,方位隐喻,8,8,变成,变成,介词短语,动词性,无,无,有,无,新闻,新闻,2.7,3.1,2.9,2.9,2.3,2.4,3.1,3.1,1.8,1.5,2.9,3.0,1.4,1.8,4.1,4.1,4.2,4.1,4.1,4.0,3.0,3.0,2.6,2.5,2.2,2.1,3.1,3.3,3.9,3.8,2.0,2.0
572,1,1,具体-抽象,具体-抽象,物体,物体,时间,事件,3,3,实例,子部分,有,有,桥接,桥接,中间,边缘,阶段4,阶段4,结构隐喻,结构隐喻,7,7,为,为,形容词性,形容词性,无,无,无,无,对话,对话,1.8,1.6,3.0,3.2,4.2,4.1,3.2,3.1,4.1,4.1,1.6,1.6,3.7,4.0,4.2,4.1,3.6,3.7,3.8,3.7,3.5,3.3,4.1,4.1,2.1,2.1,2.0,2.2,3.0,2.8,2.0,2.2
573,10,10,具体-具体,具体-具体,自然,自然,情感,情感,14,14,子部分,子部分,无,无,核心,核心,核心,核心,阶段2,阶段4,结构隐喻,结构隐喻,2,2,是,是,动词性,动词性,有,有,无,无,文学,文学,3.2,3.3,3.0,2.9,1.9,2.0,4.6,4.6,2.7,2.5,3.6,3.5,2.1,2.4,2.9,3.0,3.4,3.4,3.3,3.3,4.0,3.9,3.5,3.6,1.8,1.9,3.7,3.8,3.5,3.6,2.9,2.9
574,5,5,抽象-具体,抽象-具体,自然,自然,时间,时间,2,2,子部分,子部分,有,有,边缘,边缘,核心,核心,阶段3,阶段4,结构隐喻,结构隐喻,8,8,成为,成为,形容词性,形容词性,无,无,有,有,网络,网络,4.6,4.5,4.2,4.1,1.9,2.0,3.2,3.4,1.5,1.9,1.5,1.5,4.0,4.0,3.4,3.5,2.2,2.3,2.5,2.5,4.3,4.6,3.1,3.2,4.5,4.5,1.9,1.9,3.5,3.7,1.8,1.7
575,7,7,抽象-具体,抽象-具体,感知,感知,关系,关系,15,15,子部分,子部分,有,有,边缘,边缘,中间,中间,阶段3,阶段3,方位隐喻,方位隐喻,5,3,变成,变成,名词性,形容词性,无,无,无,无,文学,文学,1.8,1.6,2.6,2.6,4.4,4.2,3.4,3.7,4.0,4.0,3.0,3.1,2.4,2.5,2.7,2.6,3.9,3.5,2.7,2.9,2.7,2.7,3.7,3.7,1.9,1.6,1.9,2.1,4.4,4.3,2.1,2.1
576,5,5,具体-具体,具体-具体,运动,运动,事件,事件,1,1,多义,多义,无,无,核心,核心,核心,核心,阶段3,阶段3,方位隐喻,方位隐喻,5,5,像,像,形容词性,形容词性,有,有,有,有,对话,对话,2.4,2.3,4.0,4.1,2.2,2.1,2.0,2.1,4.4,4.3,3.5,3.6,2.0,1.6,3.5,3.5,2.3,2.4,3.3,3.5,3.1,3.1,3.9,3.7,2.0,2.0,1.6,1.7,4.0,4.0,3.2,3.1
577,11,11,具体-具体,具体-具体,人体,感知,抽象概念,抽象概念,12,12,多义,多义,有,有,桥接,桥接,核心,中间,阶段1,阶段1,本体隐喻,本体隐喻,3,3,成为,成为,形容词性,形容词性,无,无,无,无,学术,学术,2.3,2.2,2.8,2.8,1.8,2.0,1.7,1.9,4.0,3.9,2.3,2.0,3.2,3.2,3.1,3.5,3.0,2.8,2.1,2.0,3.3,3.3,1.9,1.9,2.7,2.8,2.9,2.9,2.5,2.7,3.4,3.6
578,5,8,具体-抽象,具体-抽象,人体,人体,社会角色,社会角色,6,6,子部分,子部分,有,有,边缘,边缘,边缘,边缘,阶段1,阶段1,本体隐喻,本体隐喻,6,6,算,算,形容词性,形容词性,有,有,有,无,文学,文学,4.0,3.9,3.5,3.5,3.2,3.1,3.2,3.5,3.9,4.0,3.4,3.2,4.2,4.4,2.4,2.4,3.7,3.7,4.0,3.8,3.2,3.2,1.8,2.1,2.8,2.9,3.5,3.3,2.8,3.0,2.7,2.4
579,11,11,抽象-具体,抽象-具体,运动,空间,时间,时间,22,22,实例,实例,无,无,边缘,边缘,核心,核心,阶段2,阶段4,本体隐喻,本体隐喻,2,2,像,像,介词短语,介词短语,有,有,有,无,新闻,新闻,2.5,2.5,1.8,1.9,1.6,1.7,4.0,4.0,4.1,4.2,2.3,2.5,1.9,1.9,2.6,2.6,3.5,3.7,4.3,4.5,1.7,1.9,4.2,4.1,4.3,4.3,2.4,2.4,2.9,2.9,4.1,4.1
580,12,2,具体-抽象,抽象-抽象,社会,社会,抽象概念,抽象概念,20,20,隐喻扩展,隐喻扩展,无,无,边缘,边缘,核心,核心,阶段4,阶段4,本体隐喻,本体隐喻,4,4,变成,变成,名词性,动词性,无,无,有,无,对话,对话,2.2,2.2,2.3,2.0,3.4,3.4,3.3,3.2,3.3,3.1,2.1,2.3,1.6,1.5,3.6,3.8,2.6,2.7,1.9,1.9,1.8,1.7,2.0,1.9,2.1,2.3,1.6,1.6,2.4,2.4,2.0,1.9
581,5,5,抽象-具体,抽象-具体,物体,物体,时间,时间,4,4,隐喻扩展,隐喻扩展,无,无,核心,边缘,中间,中间,阶段3,阶段3,方位隐喻,方位隐喻,4,4,像,像,介词短语,动词性,无,无,有,无,文学,文学,3.4,3.4,3.9,3.7,2.7,3.0,2.8,3.0,3.4,3.5,3.9,3.8,4.1,4.0,4.4,4.3,2.1,2.1,1.6,1.8,4.3,4.2,2.9,2.9,3.9,3.6,4.4,4.4,3.4,3.5,3.2,3.3
582,5,5,抽象-具体,抽象-具体,运动,运动,关系,关系,18,18,实例,实例,无,无,边缘,核心,核心,边缘,阶段1,阶段1,本体隐喻,本体隐喻,6,6,变成,变成,动词性,动词性,无,无,有,无,学术,学术,1.6,1.7,1.5,1.6,3.3,3.4,3.2,3.3,2.2,2.4,2.5,2.6,3.5,3.7,2.1,2.4,3.0,3.0,1.6,1.7,3.4,3.5,4.6,4.4,3.4,3.5,3.9,4.1,2.2,2.1,1.6,1.8
583,6,6,抽象-具体,抽象-具体,自然,自然,社会角色,社会角色,4,4,多义,多义,无,无,边缘,边缘,中间,中间,阶段1,阶段1,方位隐喻,方位隐喻,5,5,成为,成为,介词短语,介词短语,有,有,有,有,网络,网络,2.1,2.0,4.3,4.3,2.2,2.3,2.7,2.9,2.1,2.3,4.1,3.8,3.8,3.9,2.6,2.6,2.3,2.3,3.7,3.7,3.7,3.6,2.8,2.8,3.0,3.0,2.9,2.9,1.8,2.0,1.9,1.9
584,3,3,具体-抽象,具体-抽象,运动,运动,情感,情感,23,23,实例,多义,无,有,桥接,核心,中间,中间,阶段4,阶段3,本体隐喻,本体隐喻,4,4,为,为,名词性,介词短语,无,无,无,无,网络,对话,3.0,2.7,2.1,2.1,4.5,4.3,2.0,1.8,3.2,3.3,2.1,2.1,1.6,1.6,3.8,4.1,2.3,2.2,1.8,1.7,4.0,4.2,3.1,3.2,2.1,2.5,3.9,4.0,1.8,1.7,4.3,4.1
585,8,8,具体-抽象,具体-具体,人体,人体,社会角色,社会角色,15,15,多义,多义,有,有,核心,核心,边缘,边缘,阶段2,阶段2,本体隐喻,本体隐喻,6,5,为,为,动词性,动词性,无,无,有,有,对话,对话,2.4,2.5,4.2,4.3,2.6,2.3,3.5,3.6,3.6,3.8,2.6,2.4,4.2,4.1,1.9,1.8,2.5,2.5,2.8,2.4,1.9,1.6,4.0,3.7,1.8,2.0,3.9,3.7,2.6,2.2,4.4,4.5
586,4,4,具体-具体,具体-具体,人体,人体,品质,品质,1,1,多义,多义,有,有,桥接,桥接,中间,中间,阶段4,阶段2,结构隐喻,结构隐喻,5,5,变成,变成,形容词性,形容词性,无,无,有,有,学术,学术,2.8,2.6,3.1,3.1,3.2,3.5,3.1,3.0,2.8,2.7,1.8,1.9,2.7,2.8,4.6,4.3,3.5,3.8,1.9,1.7,2.9,2.8,2.6,2.5,2.0,2.0,3.2,3.2,3.0,3.0,4.5,4.3
587,9,9,具体-抽象,具体-抽象,物体,物体,事件,事件,4,4,实例,隐喻扩展,无,无,边缘,边缘,中间,中间,阶段1,阶段1,本体隐喻,本体隐喻,6,6,像,像,形容词性,形容词性,有,有,无,无,对话,对话,2.0,1.8,3.0,3.3,4.2,4.5,2.9,2.6,2.9,2.6,3.0,3.0,4.5,4.4,3.5,3.7,3.0,2.7,2.5,2.8,2.2,2.4,2.9,2.6,2.7,2.5,3.1,3.1,1.7,1.8,4.0,4.0
588,5,5,具体-具体,具体-具体,物体,物体,品质,品质,2,17,实例,子部分,无,无,核心,核心,中间,中间,阶段3,阶段1,本体隐喻,本体隐喻,6,6,算,算,形容词性,名词性,有,有,有,有,新闻,新闻,2.6,2.5,2.0,1.6,2.6,2.6,3.4,3.1,4.4,4.2,2.5,2.7,1.9,1.5,4.4,4.3,2.7,2.7,3.2,3.3,3.4,3.4,2.4,2.5,1.9,1.6,3.5,3.4,3.5,3.4,2.2,2.1
589,9,9,抽象-抽象,具体-抽象,人体,人体,情感,情感,20,20,实例,实例,无,无,边缘,边缘,中间,中间,阶段3,阶段3,本体隐喻,本体隐喻,9,9,像,像,介词短语,介词短语,有,有,有,有,学术,学术,3.8,3.9,2.8,2.6,2.1,2.0,2.1,2.0,3.2,2.9,1.4,1.3,4.1,4.1,3.9,4.0,4.1,4.2,3.4,3.2,2.1,2.1,2.3,2.3,4.5,4.5,3.6,3.7,4.0,4.2,2.6,2.3
590,2,2,抽象-抽象,抽象-抽象,运动,运动,关系,关系,2,2,隐喻扩展,多义,有,有,桥接,桥接,核心,核心,阶段3,阶段3,本体隐喻,结构隐喻,3,3,成为,成为,形容词性,形容词性,无,无,有,无,学术,学术,2.6,2.7,2.0,1.9,1.8,2.0,2.8,2.6,4.6,4.4,2.9,3.0,3.5,3.5,4.0,3.6,3.5,3.6,3.1,3.1,3.6,3.5,2.9,2.7,3.0,2.9,3.9,3.9,2.8,2.8,1.8,2.0
591,7,7,抽象-具体,抽象-具体,自然,自然,抽象概念,抽象概念,17,6,实例,实例,无,无,核心,核心,核心,核心,阶段2,阶段2,本体隐喻,本体隐喻,4,4,是,是,介词短语,介词短语,无,无,无,无,学术,学术,3.2,3.3,3.0,3.1,4.6,4.4,3.5,3.3,4.1,4.1,1.6,1.9,3.1,3.1,1.6,1.8,2.8,3.1,4.2,4.2,2.5,2.8,3.9,3.9,3.1,3.1,3.4,3.1,4.0,4.1,1.7,1.6
592,5,5,抽象-抽象,抽象-抽象,物体,空间,品质,品质,11,11,子部分,子部分,有,有,边缘,边缘,中间,中间,阶段1,阶段1,结构隐喻,结构隐喻,4,4,算,算,介词短语,名词性,无,无,有,有,新闻,新闻,1.9,2.0,3.1,3.3,3.8,3.7,2.1,2.2,3.5,3.5,3.9,4.0,1.9,1.8,2.8,2.8,2.7,2.6,3.2,3.2,2.9,2.8,4.2,4.1,3.3,3.2,3.8,3.7,2.1,1.9,3.7,3.9
593,7,3,具体-具体,抽象-抽象,社会,社会,状态,状态,3,5,实例,实例,有,有,核心,核心,边缘,边缘,阶段2,阶段2,本体隐喻,本体隐喻,9,9,是,是,形容词性,形容词性,无,无,有,有,学术,网络,1.7,1.8,3.5,3.3,4.2,4.4,3.9,3.7,1.6,1.5,2.9,3.2,3.8,3.7,2.4,1.9,3.9,3.9,4.0,4.2,3.9,3.8,2.9,3.1,2.2,2.2,2.1,2.2,1.7,1.7,2.9,3.3
594,6,6,具体-具体,具体-具体,心理,心理,品质,品质,17,17,隐喻扩展,隐喻扩展,有,有,边缘,边缘,核心,核心,阶段2,阶段3,方位隐喻,方位隐喻,2,2,变成,变成,动词性,动词性,有,有,无,无,学术,学术,4.1,4.1,4.0,4.1,3.6,3.4,2.8,3.1,2.5,2.4,3.6,3.7,3.1,3.3,4.4,4.1,1.9,2.2,4.4,4.5,2.6,2.8,2.7,2.4,3.0,2.9,3.8,3.7,3.9,3.8,3.6,3.6
595,8,8,抽象-抽象,抽象-抽象,自然,物体,状态,状态,2,2,子部分,子部分,无,无,桥接,桥接,中间,中间,阶段1,阶段1,结构隐喻,结构隐喻,8,8,变成,变成,形容词性,形容词性,无,无,无,无,学术,学术,2.6,2.5,2.8,2.6,2.5,2.4,4.1,4.1,2.8,2.8,4.1,4.2,3.8,3.6,3.4,3.6,3.5,3.3,2.1,2.1,2.2,2.5,4.2,4.4,1.6,1.9,1.5,1.7,4.3,4.6,3.2,3.1
596,4,4,抽象-具体,抽象-具体,运动,运动,品质,品质,23,13,子部分,子部分,无,有,桥接,桥接,中间,边缘,阶段3,阶段3,方位隐喻,方位隐喻,1,1,为,成为,形容词性,形容词性,无,无,有,有,学术,文学,2.6,2.6,2.2,2.1,1.9,1.9,4.1,3.8,3.5,3.3,1.7,1.6,3.6,3.8,1.9,1.7,1.6,1.6,2.1,2.3,4.2,4.2,2.4,2.6,4.4,4.3,3.4,3.5,2.4,2.5,1.5,1.5
597,10,10,具体-具体,具体-具体,感知,感知,事件,时间,8,3,子部分,多义,无,无,桥接,桥接,核心,核心,阶段2,阶段2,结构隐喻,结构隐喻,8,8,像,像,形容词性,形容词性,有,有,无,无,对话,对话,4.2,4.2,2.5,2.4,4.3,4.3,2.9,3.1,2.7,2.6,2.5,2.5,2.7,2.8,2.5,2.7,1.6,1.7,3.0,3.0,3.6,3.5,3.7,3.7,3.0,2.9,3.7,3.6,3.2,3.4,2.5,2.6
598,11,5,抽象-具体,具体-具体,社会,社会,时间,时间,15,15,隐喻扩展,隐喻扩展,有,有,边缘,桥接,核心,核心,阶段3,阶段3,方位隐喻,方位隐喻,4,3,为,为,形容词性,形容词性,有,有,无,无,对话,网络,3.6,3.8,4.2,4.1,3.2,3.0,2.2,2.2,3.8,3.9,1.6,1.5,2.2,2.2,1.8,2.0,4.4,4.4,2.2,2.1,2.6,2.6,3.8,3.6,1.6,1.6,4.5,4.5,3.5,3.7,3.6,3.6
599,6,12,具体-具体,具体-具体,人体,人体,状态,抽象概念,10,10,实例,实例,无,有,桥接,桥接,边缘,边缘,阶段1,阶段1,本体隐喻,本体隐喻,9,9,算,算,名词性,名词性,有,有,有,有,学术,学术,3.9,3.9,1.8,2.0,2.7,2.9,3.6,3.7,3.5,3.5,1.6,1.5,4.3,4.5,3.8,3.8,2.8,3.1,3.2,3.4,3.0,3.0,1.5,1.5,3.5,3.2,2.6,2.7,3.7,3.5,3.9,4.0
600,9,9,具体-抽象,具体-抽象,运动,运动,抽象概念,抽象概念,23,23,子部分,子部分,有,有,边缘,边缘,边缘,边缘,阶段3,阶段3,结构隐喻,结构隐喻,2,2,成为,成为,动词性,动词性,有,有,无,无,新闻,新闻,3.6,3.5,3.3,3.5,3.1,3.2,2.9,2.7,2.5,2.6,1.6,1.5,4.4,4.3,2.9,3.0,2.5,2.3,3.6,3.7,2.3,2.7,2.1,2.1,1.8,1.9,1.7,1.9,3.1,3.3,1.8,2.1
601,8,8,抽象-抽象,抽象-抽象,空间,空间,抽象概念,抽象概念,15,15,多义,子部分,有,有,核心,核心,核心,中间,阶段1,阶段1,本体隐喻,本体隐喻,7,7,变成,变成,形容词性,形容词性,有,有,有,有,学术,学术,1.9,1.7,1.3,1.6,1.8,1.8,3.2,3.4,3.8,3.9,3.0,3.0,2.2,2.2,2.1,2.3,3.7,4.0,1.6,1.7,3.1,3.1,3.2,3.2,3.9,3.9,2.6,2.6,2.2,2.2,1.8,1.8
602,7,7,抽象-抽象,抽象-抽象,感知,心理,品质,品质,19,19,多义,多义,无,无,桥接,桥接,核心,核心,阶段1,阶段3,结构隐喻,结构隐喻,1,4,成为,算,名词性,介词短语,无,无,有,有,文学,文学,4.3,4.5,2.3,2.1,2.5,2.4,1.8,1.7,2.4,2.3,3.0,2.7,3.4,3.3,2.9,2.9,4.5,4.4,3.6,3.7,1.9,1.9,4.0,4.3,4.4,4.4,2.9,3.0,1.7,1.7,4.3,4.5
603,3,3,抽象-抽象,具体-具体,感知,感知,事件,事件,22,22,隐喻扩展,隐喻扩展,无,有,桥接,边缘,核心,核心,阶段2,阶段2,结构隐喻,结构隐喻,4,4,成为,成为,动词性,形容词性,有,有,无,无,网络,网络,4.4,4.3,3.5,3.4,3.5,3.4,3.3,3.5,1.8,1.8,1.4,1.7,2.3,2.2,1.5,1.7,1.7,1.6,1.9,2.0,4.1,4.0,3.4,3.2,4.3,4.3,3.9,3.7,1.4,1.5,4.4,4.4
604,5,5,具体-具体,具体-具体,感知,感知,品质,品质,16,16,多义,多义,无,无,桥接,桥接,中间,中间,阶段4,阶段1,本体隐喻,本体隐喻,1,1,是,是,名词性,名词性,有,有,无,无,文学,文学,2.3,2.2,2.8,2.8,1.9,1.7,2.6,2.5,2.1,2.0,2.4,2.0,4.1,4.1,2.3,2.1,1.5,1.6,2.3,2.1,3.2,3.1,3.7,3.8,2.7,2.9,2.3,2.1,1.9,2.1,3.6,3.7
605,7,7,抽象-抽象,具体-抽象,物体,物体,品质,品质,17,4,隐喻扩展,隐喻扩展,有,有,核心,核心,中间,核心,阶段3,阶段3,方位隐喻,方位隐喻,6,6,为,为,动词性,动词性,有,有,无,无,学术,学术,3.9,4.0,3.1,3.0,1.7,2.0,2.4,2.7,1.3,1.6,2.2,2.2,1.7,1.7,2.1,2.0,4.1,3.9,3.8,3.9,2.5,2.5,3.6,3.7,3.6,3.8,2.2,2.2,2.0,2.0,1.6,1.4
606,6,6,具体-抽象,具体-抽象,心理,心理,抽象概念,抽象概念,5,5,多义,多义,无,无,核心,核心,核心,核心,阶段4,阶段4,本体隐喻,方位隐喻,5,5,是,是,介词短语,动词性,无,无,无,无,文学,对话,2.5,2.7,3.6,3.4,2.9,3.1,4.5,4.5,3.9,4.0,2.4,2.4,4.7,4.4,4.3,4.3,3.1,3.3,1.9,2.0,3.2,3.2,3.0,2.9,2.0,1.9,2.1,2.3,1.6,1.6,3.3,3.4
607,5,5,抽象-具体,具体-具体,自然,物体,关系,关系,6,14,隐喻扩展,多义,无,有,桥接,桥接,核心,中间,阶段4,阶段4,结构隐喻,结构隐喻,2,2,变成,变成,形容词性,形容词性,无,无,无,无,学术,学术,3.6,3.4,2.3,2.2,3.4,3.4,2.8,2.9,3.5,3.3,3.5,3.3,3.3,3.6,2.5,2.6,4.1,4.1,3.0,3.1,2.0,2.1,3.1,3.3,1.9,1.7,2.3,2.2,1.6,1.8,1.8,2.0
608,6,6,具体-抽象,具体-抽象,物体,物体,状态,状态,24,24,实例,实例,无,无,边缘,边缘,核心,核心,阶段3,阶段4,方位隐喻,方位隐喻,1,4,算,算,动词性,动词性,有,有,有,有,网络,网络,1.9,1.9,2.4,2.3,2.1,2.2,3.5,3.6,3.1,3.1,3.6,3.6,1.6,1.5,3.3,3.2,3.6,3.6,3.3,3.2,1.9,1.6,1.8,1.7,3.9,4.0,4.2,4.2,1.7,1.8,4.0,3.9
609,3,3,具体-具体,具体-具体,运动,物体,时间,时间,9,9,实例,实例,有,有,桥接,桥接,边缘,边缘,阶段2,阶段2,方位隐喻,本体隐喻,1,1,为,为,名词性,名词性,无,无,无,无,学术,学术,3.2,2.8,3.8,3.6,1.5,1.7,3.4,3.4,3.5,3.5,2.6,2.5,4.1,4.0,2.9,3.0,2.9,2.8,1.8,2.1,3.1,3.0,4.4,4.3,3.6,3.6,2.0,2.0,3.0,3.2,2.5,2.2
610,5,5,具体-抽象,具体-抽象,运动,运动,情感,情感,2,2,实例,子部分,有,有,桥接,桥接,中间,中间,阶段1,阶段1,结构隐喻,结构隐喻,3,6,成为,成为,形容词性,形容词性,无,无,无,无,学术,学术,1.9,1.9,3.1,3.0,4.5,4.2,1.7,1.8,3.3,3.5,3.9,3.8,3.6,3.6,3.4,3.5,2.1,1.9,2.4,2.2,1.7,1.7,3.8,3.5,4.2,4.3,2.6,2.8,1.7,1.7,3.0,3.0
611,7,6,抽象-具体,抽象-具体,物体,运动,状态,状态,14,14,子部分,子部分,有,有,核心,边缘,核心,核心,阶段1,阶段1,结构隐喻,本体隐喻,3,3,成为,成为,名词性,名词性,有,有,无,无,网络,网络,2.9,3.1,1.6,1.6,1.6,1.6,3.6,3.6,3.1,3.2,2.7,2.8,3.6,3.5,2.3,2.5,2.6,2.7,3.4,3.5,3.6,3.5,1.9,1.9,4.5,4.2,2.8,2.6,4.5,4.6,2.2,2.0
612,7,7,具体-具体,具体-具体,人体,人体,品质,品质,1,1,隐喻扩展,隐喻扩展,有,有,核心,核心,核心,核心,阶段1,阶段1,结构隐喻,结构隐喻,5,5,变成,变成,名词性,名词性,有,有,无,无,学术,学术,2.3,2.3,3.7,3.4,1.4,1.5,2.6,2.6,4.1,4.3,3.1,2.9,2.2,2.3,1.7,1.9,3.9,3.9,2.7,2.8,4.1,3.9,2.2,2.3,2.6,2.5,1.8,2.0,3.1,3.0,3.7,3.5
613,11,11,抽象-抽象,具体-具体,感知,感知,抽象概念,抽象概念,17,17,子部分,子部分,有,有,边缘,边缘,核心,核心,阶段1,阶段2,结构隐喻,结构隐喻,5,5,像,算,动词性,动词性,有,有,无,无,学术,学术,3.1,2.9,3.2,3.6,2.8,2.6,3.8,3.9,2.9,2.8,1.8,1.8,2.4,2.6,1.8,1.9,2.1,2.5,3.3,3.5,4.2,4.3,1.4,1.6,2.5,2.6,2.1,1.9,4.2,4.2,2.9,3.2
614,5,5,具体-抽象,具体-抽象,心理,心理,抽象概念,事件,8,8,实例,实例,无,无,边缘,边缘,中间,中间,阶段2,阶段1,方位隐喻,方位隐喻,6,6,算,像,介词短语,介词短语,无,无,有,有,网络,新闻,3.5,3.4,1.7,1.6,2.1,2.3,3.4,3.3,4.0,4.0,2.2,2.1,4.1,4.3,1.9,2.1,3.4,3.6,4.2,4.2,3.6,3.9,2.3,2.4,2.8,2.8,4.3,4.3,3.0,3.0,3.5,3.6
615,1,10,具体-具体,具体-具体,社会,社会,社会角色,品质,20,20,实例,实例,有,有,核心,核心,边缘,边缘,阶段4,阶段4,方位隐喻,方位隐喻,8,8,像,是,介词短语,名词性,有,有,无,无,新闻,网络,4.1,4.0,3.8,3.5,3.2,3.2,2.2,2.3,4.2,3.9,3.5,3.7,3.4,3.4,2.9,3.1,2.0,2.2,2.0,2.1,4.6,4.5,2.6,2.4,3.4,3.5,4.0,4.0,1.9,1.9,2.5,2.5
616,10,10,具体-抽象,具体-抽象,自然,自然,时间,时间,17,8,子部分,子部分,有,有,桥接,桥接,边缘,边缘,阶段3,阶段3,方位隐喻,方位隐喻,4,4,是,是,名词性,名词性,有,有,无,无,网络,文学,2.0,1.9,3.0,3.1,4.1,4.1,2.6,2.5,2.1,2.1,4.5,4.6,1.6,1.5,2.3,2.0,2.8,3.0,1.8,1.8,1.7,1.7,3.4,3.5,1.6,1.4,4.2,4.2,4.1,4.0,2.6,2.5
617,11,11,抽象-抽象,抽象-抽象,物体,物体,状态,状态,17,17,实例,实例,无,有,核心,核心,边缘,边缘,阶段2,阶段2,本体隐喻,本体隐喻,8,8,像,像,形容词性,形容词性,无,无,无,无,新闻,对话,4.2,4.4,2.0,2.1,2.9,3.0,3.8,3.7,2.8,2.7,3.7,3.7,2.6,2.3,2.6,2.7,1.8,1.9,3.5,3.6,3.3,3.1,2.8,2.8,3.1,3.3,2.5,2.3,2.2,2.3,4.2,4.2
618,12,12,具体-具体,具体-具体,感知,感知,时间,时间,4,4,子部分,子部分,有,有,核心,核心,中间,核心,阶段2,阶段2,方位隐喻,本体隐喻,2,2,算,算,动词性,动词性,无,无,无,无,新闻,新闻,2.8,2.7,3.4,3.1,3.7,3.8,3.2,3.3,4.2,4.0,1.5,1.5,3.6,3.5,1.4,1.7,2.9,2.8,3.9,3.9,2.0,2.1,4.4,4.0,1.8,1.6,3.1,3.1,1.7,1.4,2.3,2.3
619,5,5,抽象-具体,抽象-具体,社会,社会,关系,关系,24,24,子部分,子部分,无,无,边缘,边缘,边缘,边缘,阶段2,阶段2,方位隐喻,方位隐喻,3,3,成为,成为,名词性,名词性,有,有,无,无,网络,网络,4.2,4.0,3.2,3.4,4.3,4.2,3.5,3.5,4.1,4.1,1.9,2.0,2.0,2.2,3.5,3.3,3.3,3.4,2.9,2.8,2.2,2.2,1.6,1.7,2.9,3.0,2.2,2.3,2.1,2.0,4.3,4.2
620,1,1,抽象-具体,抽象-具体,物体,物体,状态,状态,16,16,子部分,子部分,有,有,边缘,边缘,中间,边缘,阶段4,阶段4,方位隐喻,方位隐喻,1,1,像,像,介词短语,介词短语,有,有,无,有,网络,网络,3.0,3.1,4.2,4.3,2.2,2.2,2.2,1.9,1.6,1.6,3.0,2.8,1.7,1.8,4.0,4.1,2.9,3.4,2.6,2.7,3.5,3.8,3.5,3.6,1.8,1.8,2.9,2.5,3.5,3.1,1.8,1.5
621,1,7,抽象-具体,抽象-具体,空间,空间,状态,状态,17,6,实例,实例,有,有,核心,边缘,核心,核心,阶段2,阶段2,结构隐喻,本体隐喻,2,2,变成,变成,介词短语,介词短语,无,有,有,有,对话,对话,4.1,3.9,3.8,3.8,3.0,3.0,3.9,3.8,2.1,2.3,3.9,3.6,1.4,1.8,1.8,1.4,2.9,2.6,3.3,3.3,2.2,2.2,3.9,4.2,3.2,3.3,3.8,3.9,2.5,2.7,2.0,1.9
622,2,2,具体-具体,具体-具体,社会,空间,状态,社会角色,18,8,多义,多义,有,有,核心,核心,边缘,边缘,阶段3,阶段3,结构隐喻,结构隐喻,4,4,像,像,动词性,动词性,无,无,无,有,新闻,新闻,3.5,3.4,2.5,2.3,3.4,3.4,2.4,2.4,2.9,2.7,2.0,1.9,3.4,3.4,2.2,2.1,2.4,2.5,3.1,3.3,2.1,1.8,2.5,2.9,2.8,2.5,2.8,3.0,1.9,1.8,3.4,3.5
623,8,9,具体-具体,具体-抽象,人体,人体,事件,关系,24,24,隐喻扩展,隐喻扩展,有,有,核心,核心,核心,核心,阶段1,阶段1,方位隐喻,方位隐喻,3,3,算,算,形容词性,形容词性,有,有,无,无,文学,文学,3.1,2.9,1.8,1.8,2.4,2.4,3.3,3.6,1.6,1.7,3.8,3.7,2.4,2.4,2.3,2.3,2.4,2.4,3.0,3.1,2.6,2.7,2.3,2.5,2.8,3.0,1.8,1.9,2.9,3.1,4.7,4.6
624,11,11,具体-抽象,具体-抽象,物体,感知,抽象概念,抽象概念,21,21,隐喻扩展,隐喻扩展,无,无,核心,核心,边缘,边缘,阶段1,阶段1,本体隐喻,本体隐喻,5,5,算,算,介词短语,介词短语,无,无,有,有,网络,网络,2.5,2.3,4.0,4.0,3.8,3.6,1.8,1.7,2.2,2.2,3.2,3.0,2.6,2.6,2.4,2.3,3.8,3.7,4.0,4.0,1.9,1.7,3.0,2.9,4.3,4.5,1.5,1.6,4.3,4.3,4.3,4.3
625,8,8,抽象-抽象,抽象-抽象,运动,运动,社会角色,社会角色,4,4,隐喻扩展,隐喻扩展,无,无,边缘,边缘,中间,核心,阶段3,阶段3,结构隐喻,结构隐喻,3,4,成为,变成,介词短语,形容词性,有,有,无,无,对话,对话,4.4,4.4,3.9,3.8,3.6,3.7,2.6,2.4,2.3,2.3,3.8,3.8,1.6,1.7,1.7,1.6,3.9,3.8,2.2,2.0,2.1,2.0,3.9,3.9,2.4,2.5,2.2,2.2,3.7,3.7,3.0,3.0
626,7,7,具体-具体,具体-抽象,心理,心理,状态,状态,12,12,隐喻扩展,子部分,有,有,核心,桥接,核心,核心,阶段3,阶段3,本体隐喻,本体隐喻,1,1,成为,成为,名词性,名词性,有,有,有,有,对话,对话,3.8,3.9,2.0,2.1,2.7,2.8,3.6,3.6,2.4,2.0,3.3,3.2,3.6,3.9,1.7,1.8,3.1,3.1,3.6,3.7,2.0,1.8,4.0,4.1,3.5,3.6,2.1,2.0,1.7,1.8,3.1,3.0
627,5,5,抽象-具体,抽象-具体,自然,自然,社会角色,社会角色,13,13,子部分,子部分,无,无,边缘,边缘,中间,中间,阶段3,阶段4,方位隐喻,方位隐喻,7,7,像,像,名词性,名词性,无,无,有,无,文学,学术,2.6,2.5,1.8,1.7,1.5,1.8,2.4,2.5,2.7,2.9,3.3,3.2,3.8,3.8,4.2,4.2,2.7,2.7,3.7,3.7,2.2,2.0,1.7,1.7,3.6,3.6,3.9,4.0,2.6,2.6,3.1,3.3
628,10,10,抽象-具体,抽象-具体,社会,社会,时间,时间,23,23,子部分,子部分,无,有,边缘,边缘,边缘,边缘,阶段1,阶段1,本体隐喻,本体隐喻,4,4,变成,变成,动词性,动词性,无,无,无,无,文学,文学,2.0,2.0,3.7,3.6,1.5,1.5,4.1,4.4,3.9,4.0,2.1,2.2,4.1,4.2,3.7,3.7,3.5,3.4,4.3,4.3,4.1,4.1,2.9,3.0,4.1,4.3,3.7,3.6,3.7,3.5,4.0,4.0
629,11,11,具体-抽象,具体-抽象,物体,人体,状态,状态,1,24,隐喻扩展,实例,有,有,桥接,桥接,中间,边缘,阶段4,阶段4,结构隐喻,结构隐喻,5,9,像,像,介词短语,介词短语,有,有,有,无,网络,网络,3.7,3.8,3.8,3.7,2.7,2.5,3.5,3.6,2.1,2.3,3.7,3.5,3.5,3.4,4.4,4.3,3.5,3.1,4.4,4.4,2.4,2.4,3.3,3.4,2.5,2.5,4.2,3.9,1.9,1.9,3.3,3.0
630,4,4,具体-具体,具体-具体,物体,物体,事件,事件,11,11,子部分,子部分,无,无,边缘,边缘,核心,核心,阶段2,阶段2,结构隐喻,结构隐喻,3,3,为,为,动词性,动词性,有,有,有,有,网络,网络,4.6,4.5,2.0,1.9,1.8,1.8,4.2,4.1,3.1,3.3,4.0,4.0,3.9,3.8,2.8,2.8,3.6,3.5,3.2,3.0,2.2,2.1,1.6,1.5,1.6,1.6,2.8,2.6,3.4,3.1,1.8,1.9
631,10,10,具体-抽象,抽象-抽象,空间,空间,抽象概念,抽象概念,8,5,子部分,隐喻扩展,无,无,桥接,桥接,边缘,边缘,阶段3,阶段3,结构隐喻,方位隐喻,5,5,像,像,介词短语,介词短语,无,无,有,有,文学,新闻,2.3,2.3,3.5,3.4,3.7,4.0,2.6,2.8,3.2,3.2,4.0,4.1,3.4,3.4,4.1,4.0,2.2,2.6,2.8,2.8,1.7,1.8,2.0,1.9,4.4,4.3,3.3,3.4,3.1,3.2,4.0,3.9
632,10,10,抽象-抽象,具体-具体,社会,社会,时间,时间,24,24,子部分,子部分,有,有,核心,核心,核心,核心,阶段2,阶段2,本体隐喻,本体隐喻,7,7,为,为,名词性,名词性,有,有,有,有,对话,对话,4.1,4.3,2.2,2.3,2.6,2.5,1.7,1.5,4.0,3.8,1.5,1.6,3.0,3.1,4.1,4.1,3.5,3.7,3.2,2.7,1.6,1.4,1.7,1.6,2.4,2.7,2.6,2.7,1.9,1.8,4.1,4.3
633,12,12,抽象-抽象,抽象-抽象,空间,空间,事件,事件,24,24,多义,多义,有,无,边缘,边缘,边缘,边缘,阶段4,阶段4,方位隐喻,方位隐喻,2,5,成为,成为,动词性,动词性,有,有,有,有,文学,文学,2.1,1.8,2.2,2.4,3.7,3.7,3.3,3.2,2.9,2.7,3.4,3.4,2.4,2.3,4.1,4.0,2.5,2.3,3.8,3.7,1.9,2.0,2.5,2.4,1.9,2.1,2.3,2.1,3.2,3.3,4.3,4.3
634,5,5,具体-抽象,具体-抽象,人体,人体,关系,社会角色,17,17,子部分,子部分,无,无,边缘,边缘,核心,核心,阶段2,阶段2,方位隐喻,方位隐喻,8,1,是,是,介词短语,介词短语,无,有,有,有,学术,学术,4.4,4.5,2.5,2.6,2.5,2.6,2.6,2.4,2.1,2.0,4.5,4.6,1.6,1.7,1.5,1.5,2.7,2.8,1.8,1.6,3.6,3.9,2.1,2.1,4.1,4.2,3.5,3.4,4.0,4.2,2.8,2.9
635,5,5,抽象-具体,抽象-具体,心理,心理,关系,事件,10,10,实例,实例,无,无,核心,核心,核心,核心,阶段1,阶段1,结构隐喻,结构隐喻,4,4,算,算,介词短语,介词短语,有,有,有,有,网络,网络,3.8,3.8,3.2,3.1,3.9,4.1,2.9,3.0,4.2,4.1,3.3,3.2,2.4,2.4,3.4,3.3,2.0,1.8,2.0,2.3,4.4,4.4,2.9,2.9,2.1,2.1,2.8,2.9,3.4,3.3,2.2,2.2
636,4,4,具体-具体,抽象-具体,感知,感知,时间,时间,13,13,实例,实例,有,有,边缘,桥接,核心,核心,阶段4,阶段4,方位隐喻,方位隐喻,1,1,算,算,介词短语,介词短语,有,有,无,无,对话,学术,2.7,2.5,3.7,4.1,4.1,4.4,3.5,3.4,3.9,4.0,2.2,2.0,3.5,3.6,3.0,3.2,3.8,4.0,4.5,4.2,3.8,3.7,3.5,3.4,3.1,3.1,2.2,2.0,4.3,4.3,1.9,1.7
637,12,12,抽象-抽象,抽象-具体,运动,物体,事件,事件,11,11,隐喻扩展,隐喻扩展,无,无,边缘,边缘,边缘,边缘,阶段1,阶段1,方位隐喻,结构隐喻,2,2,算,算,介词短语,介词短语,有,有,有,有,学术,学术,2.4,2.4,3.0,3.1,4.0,3.9,3.5,3.6,3.4,3.3,4.0,4.0,4.3,4.2,2.8,3.1,3.6,3.4,2.2,2.0,4.2,4.1,3.8,4.1,3.8,3.8,4.2,4.4,3.3,3.1,2.9,3.1
638,7,12,具体-具体,具体-具体,运动,运动,时间,时间,13,13,隐喻扩展,隐喻扩展,有,有,边缘,边缘,核心,核心,阶段3,阶段1,本体隐喻,本体隐喻,9,7,算,算,形容词性,形容词性,无,无,有,有,新闻,新闻,3.5,3.5,2.1,2.5,3.1,2.9,1.7,1.5,1.7,1.6,2.3,2.2,2.0,2.5,2.9,3.0,2.2,2.3,2.1,2.1,3.8,4.1,2.4,2.2,3.8,3.8,1.8,2.0,3.8,3.8,2.4,2.5
639,7,7,具体-抽象,具体-抽象,物体,物体,事件,事件,13,13,实例,实例,无,无,桥接,桥接,核心,核心,阶段1,阶段1,方位隐喻,方位隐喻,7,7,为,为,形容词性,形容词性,无,无,无,无,学术,学术,3.1,3.2,4.0,4.3,1.7,1.7,3.8,3.9,1.3,1.4,1.7,1.6,3.6,3.5,4.1,4.0,4.3,4.1,4.2,4.2,2.6,2.3,1.8,1.9,1.6,1.7,3.8,3.9,4.1,4.0,2.8,2.9
640,7,7,具体-抽象,具体-抽象,心理,心理,抽象概念,时间,22,22,隐喻扩展,隐喻扩展,有,有,边缘,边缘,中间,中间,阶段2,阶段2,方位隐喻,方位隐喻,7,7,算,算,介词短语,介词短语,无,有,有,有,网络,网络,4.4,4.0,1.8,1.7,2.6,2.4,2.9,3.0,2.1,2.1,2.9,2.9,2.9,3.0,4.5,4.3,3.6,3.7,2.3,2.4,3.7,3.7,1.4,1.5,1.9,2.2,3.0,3.2,2.9,3.0,2.0,1.6
641,5,5,具体-具体,具体-具体,心理,人体,状态,状态,4,4,子部分,子部分,有,有,核心,边缘,核心,核心,阶段1,阶段3,本体隐喻,本体隐喻,8,8,是,是,介词短语,介词短语,有,有,无,无,新闻,新闻,3.8,3.8,3.7,4.1,2.7,2.8,3.2,3.2,2.0,2.1,1.7,1.8,3.4,3.4,3.8,4.0,2.9,2.8,2.3,2.3,3.8,4.0,4.0,4.0,4.2,4.2,3.6,3.7,2.1,2.0,2.1,2.0
642,12,2,抽象-抽象,抽象-抽象,空间,空间,关系,关系,17,17,隐喻扩展,隐喻扩展,有,有,桥接,桥接,核心,核心,阶段3,阶段3,结构隐喻,结构隐喻,7,7,成为,成为,形容词性,名词性,无,无,有,有,网络,网络,3.2,3.1,3.9,3.9,4.4,4.4,2.4,2.3,1.9,1.8,1.8,1.9,1.4,1.2,4.0,4.1,4.4,4.4,4.3,4.2,2.2,2.2,4.3,4.0,3.2,3.2,1.7,1.7,1.8,1.8,3.0,3.0
643,4,10,抽象-具体,抽象-具体,自然,自然,时间,时间,5,5,实例,实例,有,有,核心,核心,中间,中间,阶段3,阶段3,方位隐喻,方位隐喻,9,9,变成,变成,名词性,名词性,有,有,无,无,学术,网络,4.3,4.4,2.4,2.2,3.2,3.2,2.7,2.9,2.3,2.3,2.9,2.7,2.1,1.9,2.9,3.0,2.5,2.4,2.8,2.7,4.3,4.2,1.8,1.7,3.4,3.5,2.5,2.7,4.5,4.1,2.2,2.0
644,9,9,具体-抽象,具体-抽象,物体,物体,状态,品质,5,5,多义,多义,有,有,核心,核心,核心,核心,阶段3,阶段3,结构隐喻,结构隐喻,1,1,像,变成,形容词性,形容词性,有,无,无,无,新闻,新闻,3.5,3.3,2.0,2.1,3.5,3.3,3.7,3.5,2.5,2.6,3.4,3.4,2.2,2.1,3.5,3.6,1.8,1.7,3.0,3.0,4.5,4.6,1.5,1.6,2.5,2.6,3.7,3.9,3.0,3.2,2.3,2.3
645,10,10,抽象-抽象,具体-抽象,自然,自然,时间,时间,8,8,实例,多义,有,有,核心,核心,边缘,边缘,阶段2,阶段2,结构隐喻,结构隐喻,8,8,算,算,介词短语,介词短语,无,无,无,无,学术,学术,4.2,4.1,4.0,4.2,4.0,4.0,4.0,3.8,3.4,3.7,4.2,4.1,4.1,4.1,2.6,2.7,3.7,3.7,3.1,3.1,3.0,3.4,3.9,3.8,3.8,3.9,3.9,4.0,3.3,3.4,1.6,1.6
646,4,4,抽象-抽象,抽象-抽象,社会,社会,状态,状态,10,10,子部分,子部分,有,有,核心,核心,核心,核心,阶段1,阶段1,本体隐喻,本体隐喻,8,8,像,像,介词短语,介词短语,有,有,无,无,文学,文学,3.7,4.3,3.2,3.1,3.2,3.0,2.5,2.7,3.4,3.5,3.7,3.8,1.4,1.5,2.5,2.3,3.7,3.8,4.2,4.2,2.4,2.7,3.3,3.3,2.3,2.3,3.9,4.1,3.2,3.4,1.9,1.6
647,12,12,抽象-抽象,抽象-抽象,感知,感知,品质,社会角色,16,16,隐喻扩展,隐喻扩展,有,有,核心,核心,核心,核心,阶段2,阶段3,方位隐喻,方位隐喻,4,4,是,是,介词短语,介词短语,有,有,无,无,学术,学术,4.3,4.4,1.8,1.6,3.3,3.1,3.4,3.6,1.8,1.8,4.0,4.2,3.2,3.4,4.3,4.3,1.7,1.8,1.7,1.9,2.7,2.6,3.3,3.0,2.3,2.1,3.7,3.8,3.2,3.0,1.7,1.9
648,9,9,具体-抽象,具体-抽象,自然,感知,品质,关系,10,21,实例,实例,有,无,边缘,边缘,中间,中间,阶段3,阶段3,方位隐喻,方位隐喻,8,9,变成,变成,动词性,动词性,无,无,无,无,学术,学术,1.7,1.7,4.3,4.1,2.3,2.3,2.4,2.2,4.7,4.3,2.7,2.9,4.0,4.2,4.1,4.2,3.9,4.0,2.2,2.4,3.2,3.1,3.3,3.0,4.5,4.6,2.7,2.7,3.1,3.0,3.5,3.6
649,12,12,具体-具体,具体-具体,感知,感知,情感,情感,12,24,多义,实例,有,有,核心,核心,中间,中间,阶段4,阶段4,方位隐喻,方位隐喻,1,1,成为,像,动词性,动词性,无,无,有,无,学术,网络,3.3,3.3,2.5,2.4,1.6,1.7,4.1,4.2,3.6,3.8,2.5,2.4,3.5,3.4,3.6,3.6,3.9,3.8,3.2,3.3,1.4,1.5,3.8,3.8,1.9,2.0,3.5,3.6,2.9,2.9,2.2,1.9
650,9,9,具体-具体,具体-具体,空间,空间,关系,情感,20,20,实例,实例,有,有,桥接,桥接,中间,中间,阶段4,阶段4,方位隐喻,方位隐喻,2,2,是,是,介词短语,介词短语,无,无,有,有,对话,对话,3.0,2.9,2.5,2.5,3.7,3.6,3.5,3.3,1.9,1.9,3.3,3.4,3.0,2.9,4.1,4.0,4.1,4.5,2.8,2.5,2.5,2.3,2.4,2.5,4.5,4.5,1.9,1.8,4.0,4.0,4.1,4.1
651,6,5,具体-抽象,具体-具体,人体,感知,情感,时间,7,7,多义,多义,有,有,桥接,桥接,中间,中间,阶段3,阶段3,本体隐喻,本体隐喻,2,2,算,算,名词性,名词性,无,无,无,无,文学,文学,2.9,3.0,3.6,3.5,4.0,4.1,4.0,4.0,2.0,1.9,3.4,3.3,2.7,2.5,2.9,2.4,1.9,1.5,2.2,2.2,1.7,1.7,2.8,2.6,4.3,4.4,2.0,2.0,1.7,1.8,3.9,3.6
652,2,2,抽象-抽象,抽象-抽象,感知,感知,关系,关系,13,13,多义,多义,无,无,核心,桥接,边缘,核心,阶段1,阶段1,方位隐喻,方位隐喻,2,1,像,像,动词性,动词性,有,有,无,无,对话,对话,2.9,2.7,3.3,3.6,2.8,2.8,3.0,2.8,1.8,1.6,3.1,3.3,3.3,3.5,2.7,2.8,3.3,3.4,2.7,2.6,3.4,3.4,1.8,2.0,3.6,3.4,3.3,3.0,3.6,3.4,3.8,3.9
653,7,7,抽象-抽象,抽象-抽象,物体,物体,情感,情感,16,16,隐喻扩展,隐喻扩展,无,无,边缘,边缘,核心,核心,阶段2,阶段2,结构隐喻,结构隐喻,4,4,成为,像,动词性,动词性,有,有,无,无,新闻,新闻,3.9,4.1,2.7,2.4,3.0,3.3,2.1,2.2,3.7,3.7,2.0,2.3,2.9,3.0,3.8,4.0,1.9,2.2,4.6,4.5,3.3,3.3,3.3,3.2,3.1,3.3,3.2,3.2,3.6,3.6,2.8,2.6
654,9,9,具体-具体,具体-具体,自然,自然,时间,时间,9,9,隐喻扩展,隐喻扩展,无,无,边缘,边缘,中间,中间,阶段1,阶段1,方位隐喻,方位隐喻,4,4,成为,成为,动词性,动词性,有,有,有,有,新闻,新闻,2.6,2.2,1.9,2.0,2.6,2.3,2.8,2.7,2.2,2.2,2.9,2.4,3.6,3.6,2.5,2.7,2.6,2.8,1.7,1.7,3.3,3.2,4.2,4.5,1.7,1.5,2.9,2.8,1.8,1.6,1.6,1.6
655,9,2,抽象-抽象,抽象-具体,自然,自然,事件,事件,14,14,子部分,子部分,有,有,边缘,边缘,边缘,中间,阶段4,阶段4,本体隐喻,本体隐喻,3,3,是,算,动词性,动词性,无,无,有,有,新闻,新闻,2.9,2.9,3.0,3.1,2.7,2.9,2.6,2.6,1.5,1.6,3.0,2.9,3.3,3.2,1.7,1.8,2.0,2.4,1.8,2.0,2.1,2.1,2.4,2.5,3.3,3.4,3.7,3.8,2.1,2.4,1.7,1.7
656,9,9,具体-抽象,具体-抽象,心理,心理,时间,时间,7,7,多义,多义,有,有,边缘,边缘,边缘,边缘,阶段2,阶段2,方位隐喻,方位隐喻,2,2,成为,成为,介词短语,介词短语,有,无,有,有,新闻,新闻,2.2,1.9,3.2,3.5,2.1,2.3,2.6,2.3,2.6,2.8,1.4,1.5,3.0,3.3,2.6,2.6,2.9,2.7,1.3,1.5,4.4,4.4,4.5,4.1,3.9,3.9,3.2,3.1,3.8,3.9,3.5,3.4
657,6,6,具体-具体,具体-具体,空间,空间,抽象概念,抽象概念,12,12,隐喻扩展,隐喻扩展,有,无,桥接,桥接,核心,核心,阶段1,阶段1,结构隐喻,方位隐喻,9,9,变成,变成,名词性,名词性,无,有,有,无,学术,学术,2.3,2.2,4.3,4.0,3.6,3.7,2.1,2.3,3.5,3.6,4.1,4.1,4.3,4.4,2.7,2.7,1.7,1.9,3.3,3.2,3.2,3.2,3.8,3.6,3.5,3.8,1.8,1.8,2.1,2.2,4.2,4.1
658,5,5,抽象-具体,具体-抽象,自然,自然,品质,品质,2,2,子部分,子部分,无,无,核心,核心,边缘,边缘,阶段1,阶段1,结构隐喻,结构隐喻,8,7,像,像,动词性,动词性,有,有,有,有,新闻,文学,3.4,3.5,2.9,2.8,3.1,3.0,3.8,3.9,2.4,2.4,3.1,3.1,4.1,4.0,2.0,1.9,2.4,2.5,1.6,2.0,3.3,3.3,2.4,2.2,2.1,1.9,4.3,4.3,3.4,3.2,2.0,2.3
659,7,2,抽象-抽象,抽象-抽象,物体,物体,抽象概念,抽象概念,11,11,子部分,子部分,无,无,核心,核心,中间,中间,阶段3,阶段3,本体隐喻,本体隐喻,5,5,算,成为,动词性,动词性,无,无,有,有,网络,网络,1.9,2.0,3.3,3.4,3.3,3.1,1.8,1.9,3.1,2.8,3.9,3.9,3.3,3.5,2.5,2.4,1.9,1.7,2.9,3.0,2.9,3.2,3.5,3.6,3.2,3.2,3.4,3.3,1.7,1.5,4.1,4.2
660,7,7,具体-抽象,具体-抽象,心理,心理,情感,情感,16,16,子部分,子部分,有,有,边缘,边缘,中间,中间,阶段3,阶段2,方位隐喻,方位隐喻,7,7,变成,变成,介词短语,介词短语,有,有,无,无,对话,文学,2.3,2.2,1.7,1.5,1.5,1.4,4.2,4.3,2.1,2.1,2.1,2.0,3.1,3.3,4.3,4.3,3.0,3.0,4.1,4.1,3.2,3.1,2.6,2.6,3.2,3.3,4.2,4.1,2.2,2.2,3.4,3.5
661,5,5,抽象-抽象,抽象-抽象,感知,人体,社会角色,社会角色,17,17,隐喻扩展,隐喻扩展,有,无,边缘,边缘,边缘,边缘,阶段3,阶段3,结构隐喻,结构隐喻,3,3,是,是,名词性,名词性,无,无,无,无,网络,网络,2.9,3.1,4.1,3.9,3.4,3.4,2.1,2.3,2.7,2.6,3.2,2.9,3.6,3.6,4.0,4.1,2.4,2.4,1.7,1.8,4.3,4.2,1.9,1.9,3.5,3.5,2.8,2.8,4.1,3.9,3.3,3.5
662,2,2,具体-抽象,具体-抽象,自然,自然,状态,状态,18,18,子部分,子部分,有,有,边缘,边缘,核心,核心,阶段1,阶段1,本体隐喻,本体隐喻,9,8,是,是,介词短语,形容词性,有,有,有,有,学术,学术,1.6,1.7,2.4,2.5,2.1,2.1,4.5,4.5,2.5,2.5,4.2,4.3,4.2,4.2,2.8,2.8,3.2,3.2,2.8,2.4,3.2,3.3,1.8,1.9,4.1,4.0,1.8,1.6,2.4,2.8,3.7,3.5
663,9,9,具体-抽象,具体-抽象,运动,自然,社会角色,社会角色,16,16,多义,多义,无,无,核心,边缘,边缘,边缘,阶段1,阶段3,方位隐喻,本体隐喻,8,8,是,为,名词性,名词性,无,无,无,有,文学,对话,2.0,1.9,3.3,3.5,2.7,2.8,4.4,4.7,3.0,2.8,2.2,2.0,2.4,2.4,3.9,3.7,2.8,2.6,2.6,2.7,3.1,2.9,1.6,1.7,3.7,3.6,3.9,3.6,3.9,3.7,1.9,1.7
664,12,12,抽象-抽象,抽象-抽象,感知,感知,关系,关系,10,10,多义,多义,无,无,桥接,桥接,边缘,边缘,阶段1,阶段1,方位隐喻,方位隐喻,2,2,是,是,介词短语,介词短语,有,有,无,有,对话,新闻,4.0,4.0,4.2,4.3,2.9,2.7,2.7,2.7,2.9,3.1,2.6,2.6,3.5,3.5,2.1,2.0,2.1,2.1,2.5,2.6,3.8,4.0,3.8,4.1,2.1,1.8,3.3,3.2,3.0,2.8,3.1,3.2
665,10,10,抽象-具体,抽象-具体,感知,感知,时间,时间,15,15,实例,实例,无,无,桥接,桥接,核心,中间,阶段1,阶段1,结构隐喻,结构隐喻,9,3,变成,变成,名词性,动词性,有,有,无,无,对话,对话,4.1,4.1,4.0,3.8,2.9,2.9,4.5,4.5,1.9,1.7,2.7,2.7,1.8,2.0,3.6,3.7,1.9,1.7,3.7,3.7,2.4,2.4,4.2,4.0,1.8,1.4,1.6,1.7,2.4,2.5,3.0,3.0
666,9,9,抽象-具体,抽象-具体,空间,空间,事件,事件,5,19,子部分,隐喻扩展,无,无,核心,核心,中间,中间,阶段4,阶段4,本体隐喻,本体隐喻,5,5,为,为,名词性,名词性,无,无,有,有,文学,文学,2.5,2.4,3.2,3.3,2.1,2.4,4.2,4.2,1.7,2.0,2.6,2.6,2.8,2.8,3.0,3.0,3.9,3.8,1.5,1.4,2.0,2.2,3.0,2.9,2.1,2.2,3.3,3.2,3.2,3.3,4.3,4.0
667,6,6,抽象-具体,抽象-具体,自然,自然,社会角色,社会角色,3,3,隐喻扩展,实例,无,有,核心,核心,中间,核心,阶段3,阶段3,本体隐喻,本体隐喻,3,7,是,是,介词短语,介词短语,无,无,有,有,对话,对话,2.5,2.5,3.8,3.6,4.0,4.0,1.8,1.5,2.1,2.4,3.3,3.3,4.3,4.3,3.7,3.6,3.5,3.2,3.7,4.0,2.9,2.8,3.0,3.0,1.7,1.6,4.0,4.2,2.9,3.3,2.7,2.9
668,4,9,具体-抽象,具体-抽象,社会,社会,状态,状态,5,5,子部分,多义,无,无,核心,核心,边缘,边缘,阶段3,阶段1,方位隐喻,方位隐喻,1,1,变成,变成,形容词性,形容词性,无,无,有,有,对话,对话,4.0,4.3,4.2,4.5,2.7,2.6,4.3,4.3,1.9,1.8,2.8,2.5,2.3,2.3,3.6,3.5,1.5,1.6,4.0,3.9,1.5,1.5,3.6,3.5,2.8,2.6,2.0,2.1,4.6,4.6,3.0,2.8
669,4,4,抽象-具体,抽象-具体,空间,空间,状态,状态,9,6,实例,实例,无,有,核心,核心,中间,中间,阶段4,阶段4,本体隐喻,本体隐喻,2,2,变成,变成,形容词性,介词短语,无,无,无,有,新闻,新闻,1.6,1.4,4.0,4.1,3.3,3.4,1.7,1.6,2.3,2.2,3.3,3.7,2.1,1.8,2.3,2.1,4.6,4.5,2.8,2.8,2.4,2.3,3.5,3.6,2.4,2.4,2.4,2.4,2.5,2.4,3.2,3.3
670,8,8,抽象-具体,具体-抽象,人体,人体,社会角色,社会角色,6,6,隐喻扩展,隐喻扩展,无,无,桥接,桥接,边缘,边缘,阶段4,阶段4,本体隐喻,本体隐喻,9,9,是,是,动词性,动词性,无,无,有,有,文学,文学,3.2,3.3,3.3,3.3,3.4,3.3,2.2,2.0,1.7,1.4,3.0,3.0,1.9,1.8,4.0,4.2,3.4,3.7,4.3,4.0,2.7,2.6,2.4,2.5,1.6,1.6,3.5,3.6,3.6,3.2,3.4,3.2
671,7,6,具体-具体,具体-具体,空间,空间,关系,关系,6,6,多义,多义,有,有,桥接,桥接,中间,中间,阶段4,阶段4,方位隐喻,方位隐喻,3,3,变成,变成,名词性,形容词性,有,有,有,有,网络,网络,3.4,3.3,3.4,3.5,3.4,3.3,3.3,3.2,2.6,2.5,2.0,2.0,2.7,2.7,3.2,3.1,2.3,2.2,2.4,2.6,3.1,3.3,1.9,1.8,1.6,1.5,4.0,4.0,3.5,3.6,2.8,2.7
672,8,8,抽象-具体,抽象-具体,社会,社会,时间,时间,20,20,实例,实例,有,无,边缘,边缘,核心,核心,阶段1,阶段1,方位隐喻,方位隐喻,5,5,变成,变成,动词性,动词性,有,无,无,无,网络,网络,3.9,4.0,2.1,2.0,3.3,3.1,1.7,1.8,2.4,2.2,4.1,4.4,2.1,2.1,3.7,3.8,4.1,3.8,3.6,3.6,3.0,3.0,2.6,2.9,2.7,2.6,3.5,3.5,3.5,3.2,1.9,1.9
673,5,5,具体-抽象,具体-抽象,运动,运动,事件,事件,19,19,子部分,子部分,无,无,桥接,桥接,边缘,中间,阶段2,阶段2,本体隐喻,本体隐喻,7,7,算,算,介词短语,介词短语,有,有,无,无,对话,对话,4.3,4.1,2.8,2.9,3.9,3.9,1.9,2.0,4.1,4.1,2.2,2.0,2.8,2.7,1.9,1.7,4.2,4.3,2.8,2.7,2.6,2.6,3.5,3.5,4.2,4.4,3.4,3.4,3.0,2.9,2.3,2.2
674,3,3,具体-抽象,具体-具体,社会,社会,关系,关系,17,10,子部分,子部分,有,有,边缘,边缘,边缘,中间,阶段4,阶段4,结构隐喻,结构隐喻,3,3,变成,变成,形容词性,形容词性,有,有,无,无,学术,学术,2.4,2.5,2.6,2.2,4.1,4.0,4.1,4.2,3.9,4.2,3.1,3.3,3.7,3.6,3.5,3.4,3.3,3.1,1.7,1.6,2.5,2.5,4.1,3.9,4.4,4.6,2.5,2.4,3.9,3.8,2.7,2.6
675,4,7,具体-具体,具体-具体,社会,社会,时间,时间,24,24,多义,多义,有,有,桥接,桥接,核心,边缘,阶段1,阶段1,结构隐喻,结构隐喻,9,9,像,像,形容词性,形容词性,有,有,无,无,文学,文学,2.9,2.9,2.9,2.5,2.9,2.7,4.6,4.5,2.4,2.5,1.6,1.6,4.0,4.3,2.4,2.2,4.0,4.0,1.8,1.8,1.6,1.7,1.6,1.7,1.7,1.6,1.5,1.6,4.1,4.0,3.3,3.1
676,4,4,抽象-抽象,抽象-抽象,空间,空间,关系,关系,9,9,实例,实例,无,无,桥接,桥接,边缘,边缘,阶段4,阶段4,方位隐喻,方位隐喻,1,1,变成,变成,介词短语,介词短语,无,无,无,无,学术,学术,3.5,3.6,3.4,3.5,3.3,3.7,3.7,3.9,2.9,3.0,4.2,4.3,1.9,1.9,4.1,4.1,1.4,1.6,3.0,3.1,4.1,4.1,3.2,3.4,4.0,3.9,4.1,4.1,4.4,4.4,2.8,3.0
677,1,1,抽象-具体,抽象-具体,运动,运动,品质,品质,22,24,隐喻扩展,隐喻扩展,无,无,边缘,边缘,核心,核心,阶段1,阶段1,方位隐喻,方位隐喻,4,4,成为,成为,动词性,动词性,有,有,无,无,文学,文学,4.4,4.5,1.8,1.9,1.8,1.7,2.9,3.2,4.3,4.4,4.4,4.2,3.8,3.8,4.3,4.2,4.3,4.4,4.6,4.4,2.1,2.3,1.7,1.6,2.9,3.1,4.3,4.5,4.4,4.4,3.8,4.1
678,5,5,抽象-抽象,抽象-抽象,自然,自然,情感,情感,22,22,子部分,子部分,有,有,边缘,核心,中间,中间,阶段3,阶段3,本体隐喻,结构隐喻,8,8,为,为,名词性,名词性,无,无,有,有,对话,对话,4.1,4.3,1.7,1.4,1.8,2.0,4.2,4.3,3.1,3.1,2.6,2.4,1.7,1.8,1.8,1.7,1.6,1.6,2.0,2.0,2.8,2.5,3.9,4.0,3.4,3.2,4.1,4.0,2.2,2.0,3.2,3.3
679,3,3,具体-抽象,具体-具体,社会,社会,状态,状态,18,18,多义,多义,有,有,桥接,边缘,核心,核心,阶段4,阶段4,方位隐喻,方位隐喻,5,5,变成,变成,名词性,名词性,有,有,有,有,新闻,新闻,3.6,3.4,2.6,2.5,3.0,3.0,1.9,1.7,4.0,4.0,1.9,1.8,2.8,2.5,3.5,3.7,3.4,3.4,4.3,4.3,1.5,1.5,3.4,3.6,3.0,3.3,2.5,2.7,3.4,3.3,2.5,2.6
680,6,6,具体-具体,具体-抽象,运动,物体,品质,品质,20,20,实例,实例,无,无,核心,核心,中间,中间,阶段1,阶段1,结构隐喻,结构隐喻,6,6,变成,变成,名词性,名词性,无,有,有,有,网络,网络,4.2,4.0,2.5,2.4,4.4,4.2,4.5,4.4,3.9,3.9,3.7,3.8,4.4,4.5,1.7,1.8,2.5,2.4,4.3,4.1,4.4,4.4,3.5,3.6,4.3,4.3,2.4,2.3,4.0,4.3,3.2,2.9
681,11,11,抽象-具体,抽象-具体,空间,空间,事件,关系,1,1,子部分,子部分,有,有,边缘,边缘,核心,核心,阶段1,阶段4,本体隐喻,本体隐喻,6,6,变成,为,形容词性,形容词性,无,无,有,有,新闻,新闻,1.7,1.9,2.8,2.7,3.3,3.3,2.6,2.5,4.2,4.5,2.2,2.3,1.7,1.9,4.2,4.0,1.6,1.5,2.8,2.9,3.2,3.1,3.8,3.7,2.9,2.8,4.6,4.4,4.4,4.3,2.5,2.5
682,3,3,具体-具体,具体-具体,运动,运动,事件,事件,4,4,多义,多义,无,有,边缘,桥接,核心,核心,阶段1,阶段1,本体隐喻,本体隐喻,4,4,为,为,介词短语,介词短语,有,无,无,有,学术,学术,2.4,2.7,4.3,4.5,3.4,3.4,4.1,4.1,2.5,2.5,3.6,3.5,1.4,1.7,1.7,2.0,4.4,4.3,2.7,2.7,1.7,1.5,3.0,3.0,2.0,2.0,4.5,4.4,1.9,2.0,1.5,1.6
683,12,3,具体-抽象,具体-抽象,感知,感知,抽象概念,抽象概念,5,5,多义,多义,有,有,核心,核心,中间,中间,阶段4,阶段1,方位隐喻,方位隐喻,8,8,为,为,形容词性,形容词性,无,无,有,有,对话,对话,1.5,1.5,3.6,3.8,2.1,2.1,3.5,3.4,1.8,1.7,4.3,4.2,2.4,2.5,2.0,2.0,2.1,1.7,3.0,3.1,2.3,2.3,2.4,2.4,3.7,3.8,3.2,3.2,4.6,4.5,2.4,2.3
684,10,10,具体-具体,具体-具体,物体,物体,抽象概念,抽象概念,8,8,实例,实例,无,无,边缘,边缘,核心,核心,阶段1,阶段1,方位隐喻,本体隐喻,4,9,成为,成为,动词性,动词性,有,有,无,无,学术,学术,2.1,2.0,2.4,2.4,2.8,2.6,4.2,4.4,2.2,1.7,3.3,3.2,4.5,4.2,2.2,2.2,4.1,4.0,3.9,3.7,4.1,4.1,3.9,3.9,3.0,3.1,2.8,3.0,2.0,2.2,2.8,2.9
685,6,7,具体-抽象,具体-抽象,运动,运动,事件,状态,5,5,隐喻扩展,多义,有,有,核心,核心,中间,核心,阶段2,阶段2,方位隐喻,方位隐喻,1,1,变成,为,动词性,名词性,无,无,无,无,学术,学术,3.4,3.3,2.1,2.2,2.8,2.5,4.3,4.2,3.3,3.5,4.1,3.9,1.5,1.6,3.7,3.8,2.4,2.5,1.9,1.8,2.4,2.4,4.0,3.8,2.0,1.8,3.0,2.9,3.2,3.3,2.2,2.3
686,6,6,抽象-具体,抽象-具体,社会,人体,事件,事件,11,11,子部分,子部分,无,无,核心,核心,中间,中间,阶段3,阶段3,方位隐喻,本体隐喻,6,6,成为,成为,介词短语,介词短语,无,无,有,有,学术,学术,4.0,4.3,3.1,3.5,3.9,3.7,4.3,4.1,3.2,3.0,2.1,2.2,2.3,2.1,2.4,2.4,3.8,3.8,2.5,2.5,3.3,3.5,1.8,1.9,2.6,3.0,2.3,2.1,3.5,3.4,3.7,3.7
687,7,7,抽象-抽象,抽象-抽象,社会,社会,抽象概念,抽象概念,1,1,多义,多义,无,无,桥接,桥接,边缘,边缘,阶段4,阶段1,本体隐喻,方位隐喻,4,4,变成,是,介词短语,介词短语,无,有,有,有,对话,对话,3.6,3.6,3.5,3.5,2.0,2.0,3.4,3.6,2.4,2.4,4.3,4.2,3.3,3.3,2.9,3.4,2.4,2.2,2.2,2.1,3.3,3.3,4.1,4.2,3.5,3.6,3.7,3.5,4.0,4.3,4.1,4.3
688,9,9,具体-抽象,具体-抽象,心理,人体,情感,情感,22,22,隐喻扩展,隐喻扩展,有,有,核心,核心,中间,中间,阶段4,阶段4,本体隐喻,本体隐喻,1,1,为,为,形容词性,动词性,无,无,无,无,对话,对话,3.3,3.6,2.8,2.8,3.2,3.2,4.2,4.1,2.3,2.3,2.1,2.1,2.1,2.3,3.3,3.5,3.2,3.2,4.1,4.2,3.1,2.9,2.1,2.0,2.4,2.4,2.1,2.2,4.0,4.0,2.3,2.3
689,2,2,具体-具体,抽象-具体,物体,空间,社会角色,社会角色,12,12,子部分,子部分,有,有,核心,核心,核心,核心,阶段2,阶段2,本体隐喻,本体隐喻,3,3,为,为,形容词性,形容词性,无,无,有,有,网络,网络,1.7,1.9,2.0,2.2,4.2,4.1,3.9,3.7,3.6,3.5,2.2,2.3,1.6,1.8,2.7,2.7,4.1,3.8,1.8,1.6,3.9,4.1,2.6,2.5,4.1,4.2,2.0,1.9,4.4,4.2,1.7,1.4
690,12,3,抽象-抽象,抽象-抽象,社会,社会,品质,品质,15,15,子部分,子部分,有,有,桥接,桥接,边缘,边缘,阶段3,阶段3,方位隐喻,方位隐喻,1,9,像,像,形容词性,形容词性,无,无,无,无,网络,网络,3.4,3.6,1.6,1.3,4.1,4.1,2.0,2.0,2.5,2.6,4.0,4.1,1.6,1.9,3.2,3.1,3.4,3.2,3.6,3.8,1.5,1.8,1.9,2.3,3.9,4.1,3.4,3.6,3.9,3.8,4.1,4.1
691,7,7,抽象-具体,抽象-具体,物体,感知,时间,时间,10,1,实例,实例,无,无,核心,核心,中间,中间,阶段3,阶段3,结构隐喻,结构隐喻,6,6,为,为,名词性,名词性,有,有,无,有,新闻,学术,2.7,2.9,2.2,2.2,4.0,4.1,3.4,3.3,3.3,3.3,3.1,3.2,3.2,3.1,1.7,1.8,2.5,2.4,2.9,2.7,4.2,4.2,4.5,4.6,3.2,3.3,4.1,3.9,2.6,2.6,3.4,3.2
692,1,1,抽象-抽象,抽象-抽象,人体,人体,社会角色,事件,15,15,多义,多义,有,有,核心,边缘,中间,中间,阶段4,阶段4,方位隐喻,方位隐喻,4,4,成为,为,介词短语,介词短语,无,无,无,有,学术,学术,3.2,3.3,3.0,2.9,2.7,2.7,1.9,1.8,3.9,3.5,4.0,3.8,3.2,3.3,4.3,3.9,2.3,2.2,3.5,3.6,3.7,3.5,2.5,2.4,1.6,1.5,3.5,3.5,1.9,2.1,1.6,1.6
693,6,6,具体-抽象,具体-抽象,感知,感知,状态,状态,1,1,多义,多义,无,无,边缘,边缘,核心,核心,阶段3,阶段3,结构隐喻,结构隐喻,7,7,像,像,形容词性,介词短语,无,无,有,有,文学,对话,2.5,2.4,3.9,3.9,4.1,4.2,3.9,3.9,3.0,2.9,3.9,3.8,3.6,3.6,2.0,2.2,2.1,1.9,4.2,4.1,4.1,4.1,4.4,4.3,3.3,3.4,2.9,3.0,2.1,2.0,2.8,3.0
694,11,11,抽象-具体,抽象-具体,感知,感知,事件,事件,9,9,实例,实例,无,无,核心,核心,核心,核心,阶段1,阶段1,本体隐喻,本体隐喻,5,5,变成,变成,形容词性,形容词性,无,无,有,有,新闻,新闻,3.4,3.3,4.0,4.0,4.0,3.9,1.8,1.5,2.0,2.0,3.3,3.4,2.0,1.8,4.1,4.3,4.1,3.9,2.5,2.5,1.7,1.5,3.3,3.2,2.7,2.9,3.6,3.6,1.7,1.9,1.8,1.7
695,3,3,具体-抽象,具体-抽象,运动,运动,时间,时间,17,17,隐喻扩展,隐喻扩展,有,有,边缘,边缘,核心,边缘,阶段1,阶段2,结构隐喻,结构隐喻,6,6,像,像,动词性,动词性,无,无,有,有,网络,网络,2.8,2.7,2.7,2.7,4.3,4.0,4.4,4.4,4.1,4.0,2.1,1.9,3.1,3.2,3.2,3.0,3.4,3.2,2.4,2.1,1.7,1.6,2.1,2.1,3.7,3.6,2.9,2.8,4.1,4.5,3.5,3.3
696,1,1,具体-具体,具体-具体,自然,自然,事件,事件,6,6,子部分,隐喻扩展,无,无,核心,核心,中间,中间,阶段1,阶段1,本体隐喻,方位隐喻,2,2,像,像,介词短语,介词短语,有,有,无,无,对话,对话,3.1,3.2,3.8,3.8,4.3,4.3,2.8,2.7,1.8,1.7,3.5,3.4,3.3,3.5,3.6,3.5,2.9,3.0,3.4,3.5,2.3,2.1,3.1,3.1,2.3,2.3,3.2,3.3,3.0,2.8,3.0,3.1
697,9,9,抽象-具体,抽象-具体,心理,心理,事件,事件,3,1,隐喻扩展,子部分,有,有,边缘,边缘,边缘,边缘,阶段2,阶段2,结构隐喻,结构隐喻,6,6,算,算,形容词性,形容词性,有,有,无,无,学术,学术,2.1,2.1,4.5,4.6,4.3,4.2,2.1,2.0,4.2,4.1,1.5,1.8,2.3,2.1,2.1,2.2,2.4,2.2,4.3,4.3,3.4,3.4,4.1,4.1,3.4,3.3,3.8,3.8,4.1,4.3,4.2,4.3
698,2,8,具体-具体,具体-具体,感知,感知,品质,品质,14,14,隐喻扩展,子部分,无,无,核心,核心,核心,核心,阶段2,阶段2,方位隐喻,方位隐喻,5,5,算,算,名词性,名词性,无,无,有,有,学术,新闻,2.8,2.8,3.8,3.8,2.2,2.2,4.3,4.2,3.9,4.1,2.2,2.0,3.0,3.1,2.5,2.1,2.8,2.8,3.7,3.8,1.7,1.8,3.2,3.2,3.1,3.2,1.6,1.6,3.8,3.6,2.6,2.6
699,10,10,抽象-抽象,抽象-抽象,人体,自然,情感,情感,7,7,实例,实例,无,无,边缘,边缘,中间,中间,阶段2,阶段2,方位隐喻,方位隐喻,3,3,为,算,形容词性,形容词性,无,无,无,有,网络,网络,2.5,2.7,3.5,3.8,1.9,1.8,1.7,1.7,3.3,3.1,3.3,3.4,3.7,3.4,2.7,2.9,3.6,3.3,3.8,3.8,4.2,4.2,1.8,1.9,3.1,3.0,2.1,2.1,4.4,4.5,4.5,4.3
700,4,1,抽象-具体,抽象-具体,空间,空间,品质,品质,1,11,多义,子部分,有,有,核心,核心,边缘,边缘,阶段4,阶段4,方位隐喻,方位隐喻,6,6,为,为,动词性,动词性,无,无,无,无,新闻,新闻,3.7,3.7,4.3,4.2,3.7,3.6,2.8,2.9,3.4,3.3,4.3,4.2,4.5,4.6,2.4,2.1,2.0,1.7,3.4,3.3,3.6,3.9,2.2,2.3,2.0,2.0,3.8,3.8,3.9,4.1,4.0,4.2
701,1,1,具体-抽象,具体-抽象,社会,社会,时间,时间,9,9,实例,实例,无,无,边缘,核心,核心,核心,阶段4,阶段4,结构隐喻,结构隐喻,3,2,为,为,动词性,动词性,有,有,有,无,学术,学术,3.7,3.7,2.6,2.4,3.2,3.4,3.6,3.8,2.4,2.5,3.8,3.8,3.3,3.1,3.0,2.9,2.6,2.5,2.5,2.7,4.1,4.0,2.2,2.3,3.1,2.7,2.8,2.8,3.1,3.2,3.8,3.6
702,2,5,抽象-抽象,抽象-抽象,社会,社会,抽象概念,抽象概念,18,18,实例,实例,无,无,边缘,边缘,边缘,边缘,阶段1,阶段1,本体隐喻,本体隐喻,5,5,是,是,动词性,动词性,无,无,有,有,对话,新闻,4.1,4.2,1.4,1.6,2.5,2.6,2.4,2.1,4.2,4.1,2.6,2.4,4.1,4.1,2.7,2.9,2.2,2.3,3.4,3.7,3.2,3.4,1.9,1.8,3.3,3.1,3.0,3.3,2.2,2.1,2.7,3.0
703,6,6,具体-具体,具体-具体,自然,自然,社会角色,抽象概念,11,6,实例,实例,有,有,边缘,边缘,核心,核心,阶段3,阶段3,本体隐喻,本体隐喻,2,2,是,是,名词性,名词性,无,无,无,无,网络,网络,3.4,3.6,4.3,4.5,3.4,3.7,3.1,3.1,2.1,2.2,3.9,4.1,4.0,3.9,2.5,2.4,3.4,3.4,1.6,1.9,3.4,3.6,2.6,2.5,4.2,4.3,3.5,3.4,2.2,2.1,2.7,2.9
704,9,9,抽象-抽象,抽象-抽象,社会,社会,状态,状态,8,8,子部分,子部分,无,无,桥接,桥接,核心,核心,阶段1,阶段1,本体隐喻,本体隐喻,9,9,成为,成为,介词短语,介词短语,有,有,有,无,学术,网络,2.4,2.3,2.8,2.9,1.7,1.7,3.7,3.7,3.1,3.2,4.5,4.3,4.1,4.5,2.3,2.3,3.2,3.5,2.8,3.0,2.2,2.2,3.6,3.6,2.8,2.8,3.0,2.8,2.5,2.7,2.7,2.5
705,3,3,抽象-抽象,抽象-抽象,人体,人体,社会角色,时间,2,2,隐喻扩展,隐喻扩展,有,无,核心,核心,边缘,边缘,阶段4,阶段4,方位隐喻,结构隐喻,5,5,像,像,动词性,动词性,无,无,有,有,新闻,新闻,3.7,3.9,3.9,4.0,1.5,1.8,4.4,4.1,1.4,1.5,2.4,2.6,3.7,3.9,4.3,4.5,2.4,2.4,3.3,3.2,4.1,4.4,2.8,2.6,3.5,3.5,3.9,4.0,1.5,1.7,1.9,1.8
706,1,10,具体-抽象,具体-抽象,感知,感知,抽象概念,抽象概念,13,23,实例,实例,有,无,边缘,边缘,核心,核心,阶段2,阶段2,方位隐喻,方位隐喻,2,2,算,算,介词短语,介词短语,有,有,有,无,学术,网络,3.0,2.9,3.9,3.9,2.5,2.4,1.7,1.8,4.5,4.3,2.0,2.2,2.3,1.9,3.1,3.2,1.6,1.8,4.2,4.1,3.6,3.5,2.9,3.0,3.2,3.2,2.6,2.5,3.6,3.6,3.3,3.3
707,4,4,具体-抽象,具体-抽象,物体,物体,情感,情感,6,6,多义,多义,有,有,边缘,桥接,边缘,边缘,阶段1,阶段1,本体隐喻,本体隐喻,3,3,算,成为,介词短语,介词短语,无,无,有,有,文学,文学,2.1,2.2,2.6,2.6,2.2,1.9,2.1,1.9,4.3,4.5,1.8,1.9,2.3,2.4,4.0,3.9,1.9,2.0,4.1,4.3,2.8,2.6,2.4,2.4,1.8,2.1,3.5,3.6,3.3,3.1,3.7,3.9
708,6,12,具体-具体,具体-抽象,心理,心理,情感,情感,12,12,隐喻扩展,隐喻扩展,有,有,核心,核心,核心,核心,阶段1,阶段1,本体隐喻,本体隐喻,7,7,像,像,介词短语,名词性,有,有,无,无,网络,网络,3.7,3.7,3.4,3.2,3.8,3.5,3.0,3.2,3.5,3.6,2.5,2.8,4.0,3.9,1.7,1.8,1.9,2.0,1.6,1.5,4.2,3.9,4.7,4.6,2.1,2.1,2.8,2.8,1.7,1.7,3.9,3.5
709,1,10,具体-抽象,具体-抽象,社会,社会,社会角色,社会角色,19,19,子部分,子部分,无,无,桥接,桥接,核心,核心,阶段2,阶段2,方位隐喻,本体隐喻,4,4,变成,算,介词短语,介词短语,有,有,无,无,文学,文学,1.8,2.2,2.9,3.0,4.4,4.2,2.8,2.6,2.8,2.7,1.7,1.7,3.0,3.0,1.4,1.4,2.9,3.1,3.5,3.4,4.1,4.0,3.2,3.1,3.6,3.9,3.1,3.2,4.1,4.0,3.4,3.2
710,1,1,抽象-抽象,抽象-抽象,物体,物体,时间,时间,15,19,隐喻扩展,多义,无,无,核心,核心,中间,中间,阶段4,阶段4,本体隐喻,本体隐喻,8,8,像,像,形容词性,形容词性,有,有,无,无,新闻,新闻,2.3,2.1,2.3,2.2,3.6,3.6,2.8,3.0,1.9,2.1,2.9,2.9,2.2,2.2,3.2,2.9,1.9,2.1,3.9,3.7,1.3,1.5,4.1,3.9,3.1,3.3,1.9,1.9,4.1,3.9,2.3,2.5
711,3,3,抽象-具体,抽象-具体,心理,心理,情感,情感,24,24,多义,多义,有,有,边缘,边缘,中间,中间,阶段3,阶段3,方位隐喻,方位隐喻,7,7,像,像,介词短语,介词短语,有,有,有,有,对话,对话,3.7,3.7,1.6,2.0,3.3,3.3,2.4,2.5,3.0,2.9,3.5,3.7,3.4,3.6,3.9,3.9,3.0,2.7,3.2,3.1,4.4,4.1,3.0,2.9,4.2,4.1,4.0,3.8,2.1,1.8,3.4,3.7
712,3,3,抽象-抽象,抽象-抽象,感知,感知,社会角色,事件,15,15,多义,子部分,有,有,核心,边缘,中间,核心,阶段1,阶段4,方位隐喻,方位隐喻,5,5,像,像,动词性,动词性,有,有,有,有,对话,对话,3.9,3.5,3.1,3.3,1.7,1.4,3.0,3.2,3.9,3.8,3.0,3.1,4.1,4.2,3.3,3.3,3.5,3.2,1.7,1.9,2.9,2.6,1.7,2.2,4.2,4.1,2.2,2.5,2.1,2.0,3.0,3.0
713,12,12,具体-抽象,具体-抽象,空间,空间,事件,事件,16,15,子部分,子部分,无,无,边缘,边缘,核心,中间,阶段4,阶段4,结构隐喻,结构隐喻,2,5,像,像,形容词性,形容词性,无,无,无,无,学术,对话,4.0,3.7,1.7,1.9,2.9,3.0,4.1,4.0,3.3,3.4,4.5,4.3,2.6,2.8,3.4,3.6,3.9,4.0,2.3,2.2,2.7,2.9,4.0,4.1,2.4,2.4,2.4,2.5,2.4,2.3,3.9,3.9
714,4,4,具体-抽象,具体-抽象,社会,社会,状态,状态,16,11,多义,多义,无,无,边缘,桥接,边缘,边缘,阶段2,阶段2,结构隐喻,结构隐喻,2,2,像,像,形容词性,动词性,有,有,有,有,文学,新闻,2.1,2.4,2.4,2.4,4.0,4.0,2.0,1.9,2.9,3.2,2.7,3.1,3.2,3.2,2.3,1.9,2.1,2.5,2.4,2.6,1.6,1.6,3.7,3.9,1.9,1.7,1.7,1.9,3.1,2.9,2.3,2.2
715,7,7,抽象-具体,抽象-抽象,感知,感知,情感,情感,21,21,实例,实例,有,有,边缘,边缘,核心,核心,阶段1,阶段2,方位隐喻,方位隐喻,9,9,成为,成为,动词性,介词短语,有,有,有,有,文学,文学,4.2,4.1,2.0,2.0,3.4,3.6,2.3,2.2,4.2,4.2,1.7,1.6,3.2,3.3,4.6,4.3,2.2,2.2,3.5,3.7,4.0,4.2,2.4,2.6,2.3,2.6,3.0,3.0,4.3,4.6,1.7,1.8
716,7,7,具体-具体,具体-具体,人体,人体,事件,事件,8,8,多义,多义,有,有,桥接,桥接,核心,核心,阶段4,阶段4,本体隐喻,本体隐喻,5,5,变成,变成,介词短语,介词短语,无,无,无,有,新闻,文学,3.7,3.6,3.5,3.9,2.2,2.2,3.6,3.5,2.6,2.4,2.8,2.8,1.8,2.0,3.2,3.0,1.9,2.0,1.7,1.7,3.0,3.1,3.2,3.3,1.6,1.7,2.7,2.7,3.5,3.4,1.6,1.5
717,1,7,抽象-具体,抽象-具体,感知,心理,事件,事件,19,3,隐喻扩展,隐喻扩展,无,无,核心,核心,中间,中间,阶段4,阶段4,结构隐喻,结构隐喻,5,5,为,像,动词性,形容词性,有,有,有,有,文学,文学,4.0,3.9,4.1,4.2,4.0,4.0,1.7,1.5,4.2,4.0,4.2,4.3,1.8,1.7,1.8,1.8,2.5,2.5,3.1,3.4,4.4,4.2,1.6,1.5,3.6,3.9,1.7,2.0,3.3,3.4,3.9,3.8
718,10,10,具体-具体,具体-抽象,空间,自然,关系,社会角色,11,11,实例,实例,有,有,边缘,边缘,边缘,边缘,阶段1,阶段1,本体隐喻,本体隐喻,8,8,变成,变成,介词短语,介词短语,无,无,有,有,对话,对话,3.6,3.7,3.3,3.2,4.5,4.5,3.3,3.6,2.9,2.7,1.7,1.8,4.0,4.0,2.8,2.7,3.4,3.4,1.8,1.8,3.7,3.7,1.7,1.5,1.9,1.9,3.7,3.7,2.5,2.6,3.2,3.2
719,5,1,具体-抽象,具体-抽象,人体,人体,状态,状态,8,8,隐喻扩展,隐喻扩展,有,有,边缘,边缘,中间,中间,阶段3,阶段3,本体隐喻,本体隐喻,9,9,算,是,介词短语,介词短语,无,无,有,有,文学,文学,3.3,3.2,2.7,2.6,2.6,2.2,2.6,2.4,1.5,1.7,2.0,2.0,4.4,4.2,1.8,1.8,3.6,3.4,2.7,2.6,4.5,4.3,3.9,3.9,4.3,4.2,1.8,1.8,3.6,3.3,1.9,1.6
720,9,9,抽象-抽象,抽象-抽象,物体,物体,品质,品质,20,20,子部分,子部分,无,无,边缘,边缘,核心,核心,阶段4,阶段4,本体隐喻,方位隐喻,5,5,为,为,名词性,名词性,有,有,有,有,新闻,学术,1.6,1.8,4.5,4.3,2.2,2.1,2.7,2.6,3.9,3.7,3.6,3.6,4.3,4.1,2.8,2.5,2.3,2.2,2.9,2.7,4.6,4.4,4.4,4.2,2.6,2.8,1.6,2.1,2.2,2.1,4.2,4.2
721,7,1,抽象-抽象,抽象-抽象,运动,运动,抽象概念,抽象概念,15,15,隐喻扩展,隐喻扩展,有,有,边缘,边缘,核心,边缘,阶段3,阶段3,结构隐喻,结构隐喻,5,5,变成,像,动词性,动词性,无,无,无,无,对话,对话,3.6,3.7,1.7,1.7,2.5,2.6,2.8,2.8,4.0,4.0,2.4,2.4,2.7,2.8,3.7,3.5,1.9,1.9,3.1,3.0,4.3,3.9,2.6,2.4,2.3,2.2,3.0,3.0,3.6,3.8,2.6,3.0
722,1,1,抽象-抽象,抽象-抽象,心理,心理,社会角色,社会角色,17,16,隐喻扩展,隐喻扩展,有,有,核心,核心,核心,核心,阶段1,阶段2,方位隐喻,方位隐喻,2,2,变成,变成,形容词性,形容词性,无,有,有,有,文学,文学,3.6,3.8,2.3,2.6,1.9,1.6,2.6,2.6,2.7,2.9,3.8,3.7,2.3,2.3,2.8,2.3,2.8,2.9,3.5,3.6,2.2,2.2,3.3,3.5,3.0,2.8,2.7,2.7,2.2,2.1,2.8,3.0
723,8,11,抽象-具体,抽象-具体,人体,人体,情感,情感,24,24,子部分,子部分,有,有,桥接,桥接,中间,中间,阶段3,阶段3,本体隐喻,本体隐喻,8,8,为,为,动词性,动词性,无,无,无,无,文学,文学,2.7,2.3,2.4,2.3,3.9,4.2,4.1,4.1,3.0,2.7,2.7,2.6,4.4,4.5,2.3,2.6,1.9,2.0,1.9,1.7,1.8,1.6,3.6,3.6,3.2,3.3,2.1,2.4,1.7,1.4,3.4,3.3
724,9,9,具体-具体,具体-具体,人体,人体,事件,事件,19,19,子部分,子部分,有,有,核心,桥接,中间,中间,阶段3,阶段3,本体隐喻,本体隐喻,9,7,为,像,形容词性,形容词性,无,无,有,有,文学,文学,3.6,3.8,2.9,2.5,4.2,4.2,4.5,4.4,3.7,3.9,3.7,3.7,4.3,4.2,3.1,2.9,4.0,4.0,2.3,2.4,3.3,3.3,3.7,3.6,3.5,3.6,3.1,3.2,2.9,3.0,3.3,3.3
725,3,3,具体-具体,具体-具体,心理,心理,关系,关系,3,3,多义,多义,有,有,桥接,核心,核心,中间,阶段3,阶段2,本体隐喻,本体隐喻,7,9,像,像,介词短语,介词短语,有,有,有,有,文学,学术,3.2,3.1,2.4,2.3,3.4,3.6,3.1,3.1,4.3,4.2,3.3,3.0,3.8,3.9,3.0,3.0,1.8,1.7,3.4,3.2,1.8,2.0,3.0,3.3,2.3,2.6,3.0,3.2,2.5,2.3,1.9,2.2
726,9,9,具体-抽象,具体-抽象,社会,社会,品质,品质,9,9,隐喻扩展,隐喻扩展,有,有,边缘,边缘,中间,核心,阶段4,阶段4,本体隐喻,本体隐喻,7,7,变成,变成,介词短语,介词短语,无,无,无,无,学术,学术,3.1,3.3,2.5,2.1,3.8,3.8,3.3,3.2,4.3,4.6,1.8,1.8,2.5,2.5,2.9,3.0,3.7,3.7,4.4,4.6,4.1,4.1,3.3,3.5,4.5,4.5,2.7,2.8,3.6,3.7,3.5,3.4
727,10,10,具体-具体,具体-具体,运动,运动,时间,时间,4,4,多义,多义,有,有,边缘,边缘,核心,核心,阶段1,阶段1,方位隐喻,方位隐喻,3,3,变成,变成,形容词性,形容词性,有,有,有,有,学术,学术,2.7,2.7,2.4,2.5,3.4,3.5,1.7,1.9,2.6,2.7,2.6,2.7,3.3,3.3,3.0,3.0,1.6,1.6,3.3,3.2,4.2,4.5,3.4,3.4,2.9,2.7,3.8,3.9,3.8,3.8,4.0,4.0
728,9,8,具体-抽象,具体-抽象,心理,心理,品质,品质,3,3,子部分,子部分,无,无,核心,核心,中间,中间,阶段1,阶段1,结构隐喻,结构隐喻,2,5,是,是,动词性,名词性,无,有,有,无,新闻,新闻,1.9,1.9,3.1,3.1,2.7,2.5,3.6,3.5,3.2,3.3,2.6,2.4,3.7,3.7,1.6,1.4,3.8,4.0,4.1,4.2,1.8,1.8,1.8,1.7,3.9,4.1,3.0,2.8,4.0,3.9,2.7,2.8
729,1,1,具体-具体,具体-具体,运动,运动,情感,品质,14,14,多义,实例,有,有,边缘,核心,核心,核心,阶段2,阶段2,方位隐喻,本体隐喻,7,7,像,像,形容词性,形容词性,有,无,有,有,文学,文学,2.1,2.2,2.6,2.5,3.4,3.3,3.3,3.1,4.0,3.9,3.8,3.9,3.2,3.2,3.2,3.1,3.3,3.4,4.6,4.5,2.3,2.2,3.6,3.3,1.6,1.7,4.4,4.4,4.0,4.5,2.6,2.4
730,3,3,抽象-抽象,抽象-抽象,社会,社会,抽象概念,抽象概念,9,9,多义,多义,无,无,核心,边缘,中间,中间,阶段1,阶段1,本体隐喻,本体隐喻,4,4,成为,像,动词性,动词性,有,有,有,无,网络,网络,4.0,3.9,3.4,3.5,4.0,3.9,1.7,1.7,3.3,3.1,3.2,3.2,3.2,3.3,4.5,4.6,2.3,2.3,4.2,4.1,3.4,3.2,3.1,2.9,4.0,3.7,3.7,3.8,3.3,3.0,1.9,1.7
731,7,7,抽象-抽象,抽象-抽象,心理,心理,社会角色,社会角色,15,15,多义,多义,有,有,边缘,边缘,核心,核心,阶段1,阶段2,本体隐喻,本体隐喻,7,7,像,变成,动词性,动词性,有,有,无,无,新闻,新闻,2.5,2.2,3.0,3.0,4.1,3.8,2.0,2.1,2.8,2.7,3.9,3.8,3.7,3.7,3.9,3.8,2.8,2.7,4.5,4.5,3.8,3.7,2.8,2.5,3.3,3.0,1.7,1.6,3.0,3.0,3.2,3.3
732,5,5,抽象-抽象,抽象-抽象,社会,社会,状态,状态,4,4,多义,多义,无,无,桥接,边缘,边缘,边缘,阶段4,阶段4,结构隐喻,结构隐喻,7,7,成为,成为,介词短语,介词短语,有,有,无,无,对话,对话,1.6,1.4,2.0,1.9,1.7,1.6,2.1,1.9,3.4,3.1,2.8,2.5,3.8,3.9,2.3,2.3,3.3,3.6,4.0,3.9,3.0,3.0,2.0,2.3,3.5,3.5,2.3,2.2,2.3,2.2,3.8,3.7
733,2,2,具体-具体,具体-具体,人体,人体,时间,时间,17,18,实例,实例,无,无,边缘,边缘,边缘,边缘,阶段2,阶段2,结构隐喻,结构隐喻,3,3,成为,成为,名词性,名词性,有,无,有,有,文学,文学,4.5,4.7,3.9,4.0,3.0,2.9,2.1,2.1,2.6,2.6,3.4,3.6,2.1,2.1,3.6,3.7,2.1,1.9,4.4,4.1,2.8,2.7,3.4,3.6,2.8,2.5,3.1,2.9,3.7,3.8,4.5,4.5
734,3,11,具体-抽象,具体-抽象,心理,心理,事件,事件,22,22,多义,多义,无,无,边缘,边缘,核心,核心,阶段1,阶段4,结构隐喻,结构隐喻,3,5,是,是,动词性,动词性,无,无,有,有,对话,新闻,2.1,2.3,2.9,2.8,2.7,2.8,3.5,3.5,2.1,2.2,1.7,1.8,2.7,2.7,2.5,2.4,4.2,4.1,3.0,3.0,2.3,2.4,2.0,2.1,3.0,3.3,2.8,2.8,3.1,2.9,3.5,3.4
735,1,1,具体-具体,具体-具体,心理,心理,事件,事件,21,21,实例,实例,有,有,边缘,边缘,中间,中间,阶段1,阶段1,方位隐喻,本体隐喻,8,8,变成,变成,形容词性,形容词性,无,无,无,无,网络,网络,3.5,3.6,2.0,1.8,3.7,3.8,4.3,4.6,1.8,1.8,1.6,1.5,4.0,4.0,2.0,2.2,2.9,2.8,2.4,2.3,3.6,3.4,3.8,4.1,4.2,4.3,1.5,1.7,2.6,2.4,2.9,2.7
736,9,9,具体-具体,具体-具体,社会,社会,品质,品质,11,11,多义,多义,无,无,核心,核心,核心,核心,阶段4,阶段4,方位隐喻,方位隐喻,1,4,像,像,形容词性,形容词性,无,无,无,无,文学,文学,4.2,4.3,1.8,2.1,2.9,2.6,3.7,3.8,3.5,3.3,2.4,2.3,2.1,2.3,3.9,3.6,3.7,3.9,4.4,4.5,3.8,3.7,2.0,2.0,2.6,2.8,3.0,3.2,2.8,2.6,4.2,4.3
737,8,8,抽象-抽象,抽象-抽象,物体,物体,社会角色,社会角色,1,1,隐喻扩展,隐喻扩展,有,有,核心,核心,边缘,边缘,阶段2,阶段2,本体隐喻,本体隐喻,3,3,是,是,名词性,名词性,无,有,无,有,网络,网络,3.2,3.1,3.8,3.9,2.4,2.4,3.0,3.2,2.6,2.8,3.8,3.9,4.1,4.1,2.3,2.2,3.0,3.2,1.7,1.9,2.5,2.1,3.9,3.9,1.9,1.7,3.3,3.3,2.4,2.9,2.1,2.0
738,10,10,抽象-抽象,抽象-抽象,运动,运动,关系,关系,16,24,实例,实例,有,有,桥接,桥接,中间,边缘,阶段4,阶段4,本体隐喻,本体隐喻,9,9,是,是,动词性,动词性,有,有,无,无,文学,文学,4.1,3.8,3.8,3.7,3.5,3.7,2.6,2.8,4.0,4.1,3.0,2.9,3.8,4.0,3.9,3.9,3.1,3.0,4.3,4.3,2.4,2.6,4.0,4.0,3.8,3.6,2.7,2.7,4.5,4.5,3.5,3.5
739,11,11,具体-具体,抽象-具体,空间,空间,状态,事件,24,24,实例,多义,无,无,核心,核心,中间,中间,阶段3,阶段3,结构隐喻,结构隐喻,8,8,变成,成为,介词短语,动词性,有,有,有,有,对话,对话,4.5,4.5,3.0,3.0,2.7,2.8,2.5,2.4,2.2,2.1,2.5,2.6,4.1,4.3,2.7,2.7,2.9,2.7,2.7,2.8,3.0,3.0,4.2,4.3,3.0,2.8,4.1,4.1,2.2,2.1,2.3,2.5
740,4,4,抽象-具体,抽象-具体,空间,空间,品质,品质,19,19,实例,隐喻扩展,无,无,桥接,桥接,中间,中间,阶段3,阶段3,结构隐喻,结构隐喻,8,9,成为,成为,形容词性,形容词性,无,无,有,有,对话,对话,4.2,4.2,2.6,2.4,2.3,2.3,3.3,3.3,2.3,2.5,4.4,4.3,2.5,2.4,3.8,3.8,2.6,2.6,1.6,1.5,2.9,2.9,2.9,3.0,2.8,2.7,2.9,3.3,2.9,2.7,4.2,4.0
741,9,9,具体-抽象,具体-抽象,物体,运动,关系,关系,7,6,子部分,子部分,无,无,边缘,边缘,中间,中间,阶段3,阶段3,本体隐喻,方位隐喻,3,3,像,像,动词性,动词性,无,有,无,无,对话,对话,3.4,3.2,2.8,2.6,4.1,4.0,2.6,2.6,4.4,4.5,3.2,3.1,1.9,1.7,2.4,2.2,3.7,3.8,3.8,3.7,3.9,4.0,1.8,1.8,3.9,3.7,3.7,3.6,2.4,2.3,3.9,3.7
742,7,5,具体-具体,具体-具体,心理,心理,状态,状态,16,16,实例,隐喻扩展,有,有,边缘,核心,核心,核心,阶段2,阶段2,本体隐喻,本体隐喻,4,4,为,为,介词短语,介词短语,有,有,有,有,网络,网络,2.6,2.6,3.4,3.5,2.0,2.0,2.2,2.2,3.1,3.3,3.3,3.2,1.9,1.7,3.6,3.4,4.0,4.2,2.8,2.9,3.1,2.9,3.6,3.6,3.0,3.0,3.4,3.2,2.1,2.2,2.7,2.7
743,1,1,具体-具体,具体-具体,感知,感知,抽象概念,抽象概念,15,20,子部分,子部分,有,有,核心,核心,中间,中间,阶段2,阶段2,本体隐喻,本体隐喻,2,2,是,是,名词性,介词短语,有,有,有,有,文学,文学,2.9,2.9,4.2,4.1,1.5,1.5,3.4,3.2,2.4,2.7,4.5,4.4,3.2,3.2,2.2,2.3,4.0,4.0,3.9,3.9,4.4,4.4,2.3,2.3,3.3,3.4,4.1,4.2,2.2,2.4,4.0,3.9
744,8,8,抽象-抽象,抽象-抽象,运动,运动,抽象概念,抽象概念,9,9,隐喻扩展,隐喻扩展,无,无,桥接,边缘,中间,中间,阶段3,阶段3,本体隐喻,本体隐喻,5,9,像,像,名词性,名词性,有,有,无,无,学术,学术,3.9,4.1,3.1,3.3,1.9,2.0,2.7,2.8,4.0,4.1,3.0,3.1,2.6,2.4,1.7,1.6,1.9,1.8,1.6,1.5,2.5,2.3,1.7,1.9,4.0,4.4,2.3,1.9,2.9,2.9,4.3,4.3
745,6,6,具体-抽象,具体-抽象,运动,运动,事件,事件,23,7,实例,实例,有,有,核心,核心,核心,核心,阶段4,阶段4,本体隐喻,本体隐喻,3,2,像,像,动词性,动词性,有,有,有,有,对话,对话,4.2,4.0,2.2,2.4,2.1,1.9,1.7,1.5,3.9,3.8,3.8,4.0,2.2,2.2,3.9,4.0,3.7,3.6,4.3,4.6,3.7,3.7,4.1,3.9,1.6,1.6,4.0,3.9,3.3,3.5,2.2,2.2
746,2,2,具体-抽象,具体-抽象,物体,物体,社会角色,情感,4,4,多义,多义,无,无,边缘,边缘,边缘,边缘,阶段3,阶段3,结构隐喻,结构隐喻,5,5,是,是,名词性,名词性,无,无,无,无,网络,网络,4.0,4.1,1.7,1.7,3.2,2.8,1.7,1.7,3.2,3.2,2.7,2.7,2.2,1.9,4.2,4.4,2.1,1.9,3.6,3.5,3.6,3.7,1.9,1.8,2.3,2.3,3.0,3.0,3.3,3.0,3.1,3.1
747,7,7,具体-抽象,具体-抽象,空间,空间,时间,时间,1,1,隐喻扩展,隐喻扩展,无,无,边缘,边缘,中间,中间,阶段4,阶段4,结构隐喻,结构隐喻,2,2,像,像,形容词性,形容词性,无,无,有,有,对话,文学,3.0,3.3,1.9,1.9,3.4,3.4,2.4,2.4,4.1,4.2,1.5,1.5,3.4,3.4,4.2,4.0,1.7,1.5,1.8,1.7,3.5,3.6,3.4,2.8,4.2,4.4,3.3,3.7,3.8,3.8,2.7,2.8
748,3,3,具体-具体,具体-具体,感知,感知,关系,关系,23,23,多义,多义,无,无,边缘,边缘,核心,核心,阶段2,阶段2,方位隐喻,方位隐喻,9,9,算,算,动词性,动词性,有,有,无,无,文学,文学,2.6,3.1,3.4,3.4,2.7,2.6,3.1,3.0,1.8,2.1,4.0,4.1,3.3,3.1,1.7,1.5,2.2,2.5,1.7,1.5,2.5,2.7,4.0,3.9,3.8,3.9,3.4,3.1,1.8,1.6,4.2,4.0
749,3,3,具体-抽象,抽象-抽象,社会,社会,时间,时间,21,18,隐喻扩展,隐喻扩展,无,无,边缘,核心,核心,核心,阶段3,阶段3,本体隐喻,本体隐喻,8,8,为,为,形容词性,形容词性,有,有,无,无,新闻,新闻,2.3,2.1,1.7,2.0,2.2,2.0,2.7,2.5,2.9,2.8,4.3,4.4,2.6,2.9,3.6,3.6,2.4,2.4,3.4,3.5,2.2,2.3,2.1,2.1,2.1,2.0,1.8,1.9,2.4,2.4,4.4,4.3
750,12,6,抽象-具体,抽象-具体,物体,空间,时间,时间,7,7,多义,实例,无,无,边缘,边缘,核心,核心,阶段1,阶段1,方位隐喻,方位隐喻,5,5,像,像,形容词性,形容词性,有,有,无,无,文学,文学,1.5,1.5,2.9,2.9,1.9,2.1,1.5,1.5,3.9,3.9,2.6,2.8,1.8,2.1,4.1,3.8,3.9,3.9,4.4,4.5,3.4,3.2,4.2,4.0,2.0,1.9,2.8,2.8,2.6,2.6,1.8,1.9
751,5,5,抽象-抽象,抽象-抽象,心理,运动,状态,状态,7,18,隐喻扩展,子部分,有,有,核心,核心,边缘,边缘,阶段4,阶段4,方位隐喻,方位隐喻,3,3,变成,变成,形容词性,形容词性,无,无,有,有,文学,文学,3.8,3.8,3.6,3.8,2.9,3.3,2.2,2.2,2.8,2.7,2.9,3.2,4.5,4.7,2.5,2.7,3.8,3.6,3.0,3.0,3.5,3.4,2.5,2.5,3.9,3.9,3.4,3.7,3.6,3.4,3.1,3.2
752,9,9,具体-具体,具体-具体,心理,自然,状态,状态,2,2,多义,多义,有,有,核心,核心,核心,核心,阶段1,阶段1,结构隐喻,结构隐喻,2,2,变成,变成,形容词性,形容词性,无,无,无,无,新闻,新闻,2.4,2.1,2.5,2.6,3.3,3.2,1.9,1.8,4.3,4.2,2.6,2.8,2.7,2.9,2.9,2.9,1.8,1.8,2.6,2.3,2.3,2.3,2.7,2.8,3.0,3.1,4.2,4.2,2.0,2.2,3.1,3.0
753,5,5,抽象-抽象,抽象-抽象,心理,心理,时间,时间,7,7,隐喻扩展,隐喻扩展,无,无,桥接,桥接,核心,边缘,阶段1,阶段1,结构隐喻,结构隐喻,2,2,算,算,动词性,名词性,有,有,有,无,学术,学术,2.4,2.6,3.4,3.5,2.6,2.3,4.3,4.3,2.2,1.9,4.4,4.4,2.1,1.9,2.9,2.4,2.4,2.4,4.4,4.4,2.2,2.8,2.0,2.0,4.0,4.0,2.2,2.1,2.2,2.0,4.0,4.1
754,9,9,抽象-抽象,抽象-抽象,心理,心理,情感,情感,21,18,实例,实例,有,无,边缘,边缘,核心,中间,阶段1,阶段4,本体隐喻,本体隐喻,5,5,是,是,动词性,动词性,无,无,无,无,学术,学术,4.1,4.0,3.1,3.3,2.1,2.2,2.6,2.4,2.6,2.5,4.2,4.3,1.6,1.4,2.8,2.8,2.2,2.2,4.5,4.4,3.9,4.1,3.3,3.4,4.3,4.2,2.5,2.4,1.7,1.6,3.9,3.8
755,10,10,抽象-具体,抽象-具体,社会,社会,情感,情感,3,3,隐喻扩展,多义,有,有,桥接,桥接,边缘,边缘,阶段4,阶段4,本体隐喻,本体隐喻,5,1,像,像,介词短语,介词短语,有,有,有,有,文学,文学,1.8,1.5,3.0,2.7,1.9,1.6,1.5,1.6,2.7,2.7,1.6,1.5,1.9,1.7,4.1,4.0,3.2,3.5,4.1,3.8,4.0,4.0,3.0,3.1,1.7,1.6,2.5,2.6,3.2,3.0,2.2,2.5
756,3,3,抽象-具体,抽象-具体,物体,物体,抽象概念,抽象概念,10,10,隐喻扩展,隐喻扩展,有,有,桥接,桥接,核心,核心,阶段1,阶段4,结构隐喻,结构隐喻,5,5,是,是,动词性,动词性,无,无,无,无,学术,学术,4.3,4.4,4.4,4.2,1.6,1.5,3.5,3.6,3.6,3.8,3.8,3.8,2.3,2.1,2.6,2.6,3.0,3.1,3.7,3.6,2.0,2.0,4.5,4.5,4.4,4.2,3.1,3.1,3.6,3.8,3.1,3.2
757,3,3,抽象-具体,具体-具体,心理,心理,时间,时间,19,19,实例,实例,有,有,核心,核心,边缘,边缘,阶段3,阶段3,结构隐喻,结构隐喻,5,5,变成,变成,介词短语,介词短语,无,无,无,无,新闻,新闻,1.5,1.4,3.6,3.7,1.9,2.0,2.1,2.2,2.0,2.1,3.5,3.4,3.3,3.4,2.3,2.4,3.3,3.5,1.4,1.3,4.3,4.3,3.6,3.7,3.7,3.6,4.1,4.1,3.9,3.7,2.6,2.5
758,1,3,抽象-抽象,抽象-抽象,心理,心理,关系,关系,12,1,隐喻扩展,隐喻扩展,无,无,边缘,边缘,中间,边缘,阶段2,阶段2,方位隐喻,方位隐喻,5,5,成为,成为,介词短语,介词短语,无,无,有,有,文学,学术,4.2,4.4,2.7,2.5,3.9,3.8,3.3,3.2,1.5,1.6,1.6,1.7,4.4,4.3,1.9,1.9,4.3,4.3,2.4,2.5,3.4,3.3,3.7,3.9,4.1,3.9,2.4,2.6,3.9,3.7,2.6,2.4
759,6,6,抽象-具体,抽象-具体,自然,自然,抽象概念,抽象概念,17,12,实例,实例,有,有,桥接,桥接,边缘,边缘,阶段2,阶段2,结构隐喻,结构隐喻,3,3,成为,成为,动词性,动词性,无,有,无,无,文学,新闻,3.0,2.9,3.9,3.9,2.5,2.4,2.1,2.0,4.3,4.4,2.9,2.5,2.3,2.3,3.4,3.5,2.7,2.4,4.3,4.2,2.9,2.9,2.1,1.9,3.3,3.3,2.0,2.0,1.9,2.0,3.9,3.9
760,9,9,具体-抽象,具体-抽象,感知,感知,情感,情感,7,7,子部分,子部分,无,有,边缘,边缘,边缘,边缘,阶段3,阶段3,结构隐喻,结构隐喻,4,4,为,为,形容词性,形容词性,有,有,无,无,对话,对话,1.6,1.8,3.8,3.6,1.6,1.6,4.4,4.2,4.1,4.1,2.0,1.9,3.8,4.0,1.9,1.9,3.5,3.4,2.5,2.6,2.0,1.9,3.7,3.8,2.5,2.4,3.1,3.2,3.2,3.5,3.1,3.3
761,11,8,具体-具体,抽象-具体,自然,自然,时间,时间,17,17,隐喻扩展,隐喻扩展,有,有,核心,桥接,边缘,边缘,阶段4,阶段4,结构隐喻,结构隐喻,3,3,算,算,介词短语,介词短语,有,有,无,无,对话,对话,3.7,3.4,3.9,3.8,3.1,2.8,4.3,4.4,2.5,2.4,3.9,4.1,4.3,4.3,1.6,1.7,4.3,4.0,2.6,2.5,3.8,3.7,3.2,3.2,3.5,3.2,1.5,1.6,1.7,1.9,2.1,2.2
762,8,8,具体-抽象,具体-抽象,人体,人体,状态,情感,21,21,多义,隐喻扩展,无,无,桥接,桥接,核心,核心,阶段1,阶段1,结构隐喻,结构隐喻,6,6,是,是,形容词性,形容词性,有,有,有,无,学术,新闻,4.2,4.1,3.3,3.5,3.3,2.9,3.5,3.3,3.0,2.9,1.5,1.5,2.6,2.7,3.4,3.5,3.1,3.1,3.2,3.3,4.2,4.3,2.7,2.7,2.9,3.1,2.4,2.6,4.3,4.3,3.4,3.3
763,12,12,抽象-抽象,抽象-抽象,感知,感知,事件,事件,15,23,实例,实例,有,有,边缘,核心,边缘,边缘,阶段3,阶段3,结构隐喻,结构隐喻,4,4,像,像,形容词性,形容词性,有,有,无,无,新闻,新闻,2.7,2.9,2.7,2.6,2.8,2.9,3.5,3.6,3.0,2.9,4.1,4.0,2.0,2.3,3.5,3.6,2.4,2.6,3.0,2.8,1.7,1.5,3.6,4.0,4.3,4.3,2.9,3.1,1.9,1.6,2.9,2.8
764,12,12,抽象-抽象,抽象-抽象,空间,空间,时间,时间,6,13,多义,多义,有,有,桥接,边缘,边缘,边缘,阶段1,阶段2,本体隐喻,本体隐喻,2,8,是,是,介词短语,介词短语,无,无,无,无,网络,网络,3.7,3.7,2.5,2.4,1.9,1.7,2.8,2.7,4.1,4.2,4.4,4.3,2.9,2.9,2.1,2.0,2.6,2.4,4.2,4.2,3.1,2.9,4.5,4.4,3.1,3.1,3.2,3.1,4.2,4.2,2.5,2.5
765,1,1,抽象-抽象,抽象-抽象,运动,运动,事件,社会角色,1,1,隐喻扩展,隐喻扩展,无,无,边缘,边缘,边缘,边缘,阶段3,阶段4,结构隐喻,结构隐喻,2,2,变成,变成,介词短语,介词短语,无,无,有,有,网络,网络,4.5,4.5,3.5,3.5,3.7,3.9,4.5,4.3,3.3,3.3,1.6,1.7,4.1,4.1,4.5,4.2,3.8,3.6,1.5,1.8,4.0,4.0,1.9,1.5,1.5,1.5,3.9,3.9,1.5,1.6,1.7,1.8
766,4,4,具体-具体,抽象-具体,社会,社会,情感,时间,2,2,实例,实例,有,有,边缘,边缘,核心,核心,阶段4,阶段4,本体隐喻,本体隐喻,3,2,是,是,名词性,名词性,无,无,无,无,学术,学术,2.3,2.2,1.8,1.9,3.4,3.4,2.8,2.7,3.9,3.8,3.6,3.5,1.7,1.4,3.8,3.9,3.7,3.8,3.4,3.6,4.3,4.4,3.9,4.0,3.8,3.5,3.9,4.0,3.0,2.9,4.5,4.3
767,2,2,具体-抽象,具体-抽象,社会,社会,品质,品质,19,18,多义,多义,无,无,边缘,边缘,中间,中间,阶段3,阶段3,方位隐喻,方位隐喻,6,6,像,像,动词性,动词性,无,无,有,无,文学,文学,4.0,4.0,3.8,4.1,2.6,2.8,2.0,2.5,4.2,4.2,3.0,3.1,3.1,3.0,3.4,3.5,3.7,3.7,3.6,3.6,1.8,1.7,4.5,4.2,1.7,1.7,2.5,2.3,4.1,4.1,3.9,3.9
768,12,11,具体-抽象,具体-抽象,感知,感知,关系,关系,14,14,实例,实例,有,有,桥接,边缘,中间,边缘,阶段4,阶段1,本体隐喻,本体隐喻,6,6,算,算,介词短语,介词短语,有,有,有,有,学术,学术,2.4,2.4,2.6,2.6,2.6,2.8,1.8,1.8,3.1,3.2,4.3,4.5,3.9,4.0,3.7,3.8,3.5,3.8,4.0,4.0,3.9,4.0,2.5,2.4,4.3,4.4,2.5,2.4,3.3,3.5,2.2,2.3
769,2,2,抽象-具体,抽象-具体,心理,心理,事件,事件,1,1,子部分,子部分,无,有,桥接,桥接,边缘,边缘,阶段4,阶段4,本体隐喻,本体隐喻,6,7,算,算,介词短语,介词短语,有,有,有,有,学术,对话,2.8,2.7,3.5,3.3,2.1,2.0,2.1,2.3,2.3,2.4,3.9,3.7,3.4,3.5,2.7,2.7,4.2,4.3,2.7,3.0,2.3,2.2,2.6,2.6,3.1,2.9,4.4,4.3,3.0,2.9,3.2,3.1
770,9,9,抽象-抽象,抽象-抽象,物体,物体,状态,状态,7,8,子部分,子部分,无,无,桥接,桥接,核心,核心,阶段1,阶段4,方位隐喻,方位隐喻,2,2,像,像,介词短语,介词短语,无,无,有,有,对话,文学,2.5,2.2,3.1,3.1,3.8,3.7,3.4,3.3,2.8,3.0,3.4,3.6,3.0,3.0,2.7,2.8,3.8,3.8,2.3,2.5,3.2,3.1,3.8,3.8,4.5,4.4,2.8,2.8,1.8,2.1,4.2,4.1
771,9,9,具体-抽象,具体-抽象,运动,运动,关系,关系,15,15,子部分,子部分,有,有,桥接,桥接,中间,中间,阶段4,阶段4,本体隐喻,本体隐喻,7,7,是,算,名词性,名词性,无,无,有,有,对话,对话,2.9,2.8,2.9,2.9,3.2,3.2,2.2,2.3,4.0,4.0,4.4,4.3,3.2,3.3,4.1,4.1,4.2,4.0,3.3,3.5,4.0,3.8,4.4,4.4,1.6,1.5,1.7,1.9,3.6,3.5,3.2,3.1
772,8,8,具体-抽象,抽象-具体,物体,物体,事件,事件,24,24,子部分,子部分,无,有,核心,核心,边缘,边缘,阶段2,阶段2,结构隐喻,结构隐喻,1,1,像,像,动词性,动词性,有,有,无,无,新闻,新闻,1.6,1.4,3.7,3.6,1.7,1.7,3.5,3.5,3.1,3.3,1.9,1.8,3.5,3.4,1.8,1.6,3.2,2.8,3.9,3.7,3.1,3.2,4.3,4.4,3.1,2.9,3.5,3.5,3.3,3.3,1.9,1.9
773,7,7,抽象-具体,抽象-具体,空间,空间,时间,时间,18,18,多义,多义,无,无,核心,核心,核心,核心,阶段4,阶段4,结构隐喻,方位隐喻,8,8,成为,成为,形容词性,形容词性,有,无,有,有,网络,网络,2.2,2.4,3.5,3.3,2.6,2.5,2.7,2.9,4.4,4.1,2.7,2.6,3.6,3.6,3.9,3.7,3.6,3.4,2.2,2.0,2.1,1.8,1.7,1.7,2.2,2.1,2.2,2.1,2.9,2.7,2.8,2.8
774,9,9,抽象-抽象,抽象-抽象,人体,人体,事件,事件,4,4,多义,多义,无,无,边缘,边缘,核心,核心,阶段2,阶段2,方位隐喻,本体隐喻,9,9,为,是,形容词性,形容词性,有,有,无,无,新闻,新闻,2.9,3.0,2.3,2.2,4.3,4.3,4.1,4.2,4.0,4.3,4.0,4.0,2.5,2.6,2.8,2.6,4.3,4.5,2.0,2.1,3.3,3.2,4.0,4.0,3.4,3.3,3.3,3.2,2.2,2.2,2.5,2.5
775,12,12,抽象-抽象,抽象-抽象,自然,自然,情感,情感,8,8,多义,多义,无,无,边缘,边缘,边缘,边缘,阶段2,阶段2,结构隐喻,结构隐喻,6,6,成为,成为,名词性,名词性,有,有,无,无,新闻,新闻,3.7,3.4,1.8,1.5,2.8,2.9,3.1,3.0,2.6,2.8,1.7,1.9,2.9,2.9,3.0,3.0,4.1,4.2,2.2,2.4,1.8,1.8,3.3,3.1,2.9,3.1,4.0,3.9,2.3,2.1,2.9,2.8
776,3,3,抽象-抽象,抽象-抽象,自然,自然,状态,事件,10,20,实例,实例,无,无,核心,核心,核心,核心,阶段3,阶段3,结构隐喻,结构隐喻,5,5,变成,是,形容词性,形容词性,有,有,无,无,网络,网络,3.2,3.6,3.9,3.8,2.5,2.4,3.3,3.3,2.9,2.6,4.4,4.3,2.1,2.3,2.3,2.4,3.7,3.9,2.3,2.2,2.6,2.6,2.7,2.7,3.1,3.1,2.2,2.1,4.5,4.7,3.9,4.2
777,4,10,具体-具体,具体-具体,感知,感知,关系,时间,8,8,子部分,子部分,无,无,桥接,桥接,核心,核心,阶段4,阶段4,本体隐喻,本体隐喻,6,6,是,是,动词性,动词性,无,无,有,有,学术,学术,3.5,3.3,4.0,4.2,3.4,3.4,3.3,3.0,3.3,3.4,3.8,3.8,4.4,4.4,3.4,3.3,3.5,3.5,3.5,3.8,3.4,3.3,4.1,3.9,2.6,2.6,3.0,2.9,4.4,4.3,2.6,2.7
778,1,1,抽象-具体,抽象-具体,人体,人体,抽象概念,抽象概念,13,13,子部分,实例,无,无,边缘,边缘,中间,中间,阶段3,阶段3,本体隐喻,本体隐喻,1,1,变成,变成,动词性,形容词性,无,无,无,无,学术,学术,2.5,2.4,2.1,2.0,2.1,2.1,4.1,4.0,1.9,1.9,2.9,2.7,2.0,1.9,3.5,3.6,2.7,2.6,3.2,3.1,4.6,4.5,3.8,3.8,1.6,1.7,2.6,2.6,4.4,4.3,3.9,3.8
779,3,3,具体-抽象,抽象-抽象,人体,人体,状态,时间,18,18,多义,子部分,无,无,桥接,桥接,核心,核心,阶段4,阶段4,方位隐喻,方位隐喻,4,7,像,像,名词性,名词性,无,无,有,有,学术,学术,4.1,4.2,2.4,2.4,3.3,2.9,1.7,1.7,2.8,2.9,2.3,2.5,1.9,2.0,2.2,2.1,3.2,3.2,3.2,3.0,3.5,3.6,3.0,2.9,1.7,1.7,4.5,4.4,3.1,2.9,2.2,2.1
780,11,12,具体-具体,具体-抽象,自然,自然,抽象概念,抽象概念,10,10,隐喻扩展,隐喻扩展,无,无,核心,核心,核心,核心,阶段1,阶段1,本体隐喻,本体隐喻,7,7,成为,成为,介词短语,介词短语,无,无,无,无,网络,网络,2.7,2.7,2.5,2.3,3.4,3.4,1.6,1.5,1.8,2.1,2.1,2.0,2.3,2.4,3.3,3.4,1.7,1.5,1.4,1.5,2.2,2.3,2.6,2.9,4.3,4.0,3.5,3.5,4.4,4.6,3.4,3.4
781,11,11,抽象-抽象,抽象-抽象,物体,物体,抽象概念,抽象概念,8,8,子部分,子部分,有,有,核心,核心,核心,核心,阶段3,阶段1,方位隐喻,本体隐喻,8,8,是,是,形容词性,形容词性,有,有,有,无,学术,学术,2.2,2.1,4.3,4.4,4.1,4.0,3.8,3.6,4.1,4.2,1.9,1.6,4.5,4.0,2.7,2.8,2.6,3.0,4.6,4.4,4.1,4.3,2.8,3.0,3.7,3.5,1.7,1.8,2.3,2.3,2.8,2.6
782,7,7,抽象-具体,抽象-具体,空间,空间,事件,事件,6,1,隐喻扩展,隐喻扩展,有,有,边缘,边缘,边缘,核心,阶段2,阶段2,本体隐喻,本体隐喻,2,2,变成,变成,形容词性,形容词性,无,无,无,有,学术,学术,3.3,3.1,2.0,2.0,3.6,3.5,3.8,3.6,4.4,4.4,2.7,2.8,3.5,3.5,3.9,3.8,1.7,2.0,3.9,4.2,2.4,2.2,2.5,2.4,3.8,3.7,2.2,2.1,2.8,2.6,4.3,4.3
783,10,10,抽象-具体,抽象-具体,人体,心理,关系,关系,19,19,实例,实例,有,无,边缘,边缘,中间,中间,阶段3,阶段3,结构隐喻,结构隐喻,6,6,是,是,介词短语,介词短语,无,无,无,无,学术,文学,3.7,3.6,1.9,2.1,2.6,2.8,3.0,2.8,1.8,1.7,3.9,4.1,2.8,2.8,3.0,3.1,3.7,3.9,2.7,2.7,2.7,2.7,3.6,3.6,2.0,1.9,2.0,2.0,2.0,2.1,1.5,1.5
784,4,4,具体-抽象,具体-抽象,心理,心理,事件,事件,3,3,隐喻扩展,隐喻扩展,无,无,边缘,边缘,中间,中间,阶段4,阶段4,结构隐喻,结构隐喻,1,5,变成,变成,动词性,动词性,无,无,有,有,对话,对话,1.6,1.6,1.8,2.1,3.8,3.9,2.3,2.6,3.5,3.5,3.0,3.1,4.4,4.2,2.9,3.0,4.1,4.2,1.7,1.7,3.4,3.5,4.2,4.2,1.6,1.8,1.6,1.4,2.9,3.0,2.4,2.7
785,11,11,抽象-抽象,抽象-抽象,运动,运动,时间,时间,13,13,实例,实例,无,无,核心,核心,中间,中间,阶段1,阶段1,本体隐喻,本体隐喻,8,8,是,为,介词短语,介词短语,有,有,有,有,学术,学术,2.5,2.3,3.8,3.6,4.4,4.4,2.4,2.3,3.5,3.5,2.8,2.9,4.2,4.0,3.0,2.9,2.1,2.0,3.4,3.5,3.0,2.8,2.4,2.2,1.5,1.7,2.5,2.5,1.9,2.0,4.0,3.9
786,10,10,具体-抽象,具体-具体,物体,物体,状态,情感,5,5,多义,多义,有,有,边缘,边缘,核心,核心,阶段4,阶段2,方位隐喻,本体隐喻,2,2,是,算,名词性,动词性,有,有,有,有,网络,网络,4.1,4.2,4.2,4.2,2.9,3.0,2.1,2.1,3.7,3.8,2.3,2.5,2.8,2.7,3.1,3.1,2.3,2.3,3.0,3.2,3.8,3.9,4.1,4.0,2.9,2.9,2.4,2.6,1.7,1.6,2.6,2.7
787,7,7,抽象-具体,抽象-具体,人体,人体,社会角色,社会角色,13,13,隐喻扩展,实例,无,无,桥接,桥接,中间,中间,阶段4,阶段4,本体隐喻,本体隐喻,7,7,是,是,形容词性,形容词性,有,有,无,无,对话,对话,3.2,3.1,2.8,2.7,1.5,1.3,4.2,4.2,3.5,3.6,1.9,1.8,3.2,3.2,4.4,4.4,4.1,4.2,3.6,3.6,3.4,3.2,2.6,2.3,3.0,3.1,2.1,2.3,1.6,1.5,2.4,2.2
788,4,4,抽象-具体,抽象-具体,物体,物体,时间,关系,19,9,实例,实例,有,有,核心,核心,边缘,边缘,阶段2,阶段2,本体隐喻,方位隐喻,1,1,算,算,名词性,名词性,无,无,无,无,对话,新闻,2.7,2.7,1.9,1.8,4.1,4.0,2.4,2.5,2.1,2.3,4.4,4.5,4.2,4.2,2.2,2.4,3.2,3.5,3.5,3.8,3.4,3.5,1.8,1.9,1.9,2.0,3.1,3.2,2.8,2.6,4.1,3.9
789,9,9,具体-抽象,具体-抽象,空间,空间,关系,关系,13,13,实例,实例,有,有,边缘,边缘,中间,中间,阶段4,阶段4,结构隐喻,结构隐喻,8,1,变成,成为,名词性,名词性,有,有,有,有,学术,学术,4.4,4.0,3.3,3.1,2.0,1.9,3.4,3.5,2.4,2.4,1.4,1.7,2.6,2.6,1.8,1.7,3.3,3.2,2.1,2.1,2.9,2.9,1.6,1.7,2.6,2.4,2.2,2.3,4.2,4.1,3.4,3.4
790,9,9,具体-具体,具体-具体,空间,空间,关系,关系,20,20,子部分,子部分,无,无,核心,核心,核心,核心,阶段3,阶段3,方位隐喻,方位隐喻,4,4,变成,变成,形容词性,形容词性,无,有,有,无,对话,对话,2.0,1.8,2.2,2.2,1.8,1.8,3.9,3.9,2.0,2.0,2.4,2.4,2.7,2.8,3.6,3.4,3.2,3.1,2.3,2.5,1.6,1.7,3.0,3.0,3.1,2.9,4.3,4.3,2.7,2.9,3.1,3.3
791,7,7,抽象-抽象,抽象-抽象,人体,人体,社会角色,社会角色,21,21,隐喻扩展,隐喻扩展,无,无,边缘,边缘,核心,核心,阶段2,阶段2,结构隐喻,结构隐喻,9,9,变成,变成,名词性,名词性,有,无,无,无,新闻,新闻,3.2,3.3,1.7,1.8,2.4,2.3,1.5,1.5,4.3,4.1,3.8,3.7,3.9,3.7,3.2,3.1,2.1,2.3,1.6,1.4,4.1,4.1,3.3,3.2,3.6,3.6,3.7,3.6,3.4,3.5,2.6,2.9
792,5,5,具体-具体,具体-具体,自然,自然,事件,事件,23,15,子部分,子部分,有,有,桥接,桥接,中间,中间,阶段2,阶段2,结构隐喻,结构隐喻,7,7,算,算,形容词性,形容词性,无,无,有,有,学术,学术,2.6,2.6,4.1,4.2,2.7,2.7,1.6,1.6,3.0,3.3,3.0,3.0,3.5,3.7,4.4,4.2,2.2,2.2,4.6,4.5,1.7,1.7,1.5,1.4,3.9,3.9,1.9,1.9,4.0,4.0,2.0,2.3
793,7,9,具体-抽象,具体-抽象,社会,社会,情感,情感,23,4,实例,实例,无,无,核心,核心,核心,核心,阶段4,阶段4,方位隐喻,方位隐喻,8,8,算,变成,形容词性,形容词性,无,无,无,无,新闻,新闻,1.6,1.7,4.1,4.2,3.8,4.0,2.5,2.6,4.5,4.5,2.4,2.5,1.7,1.5,1.7,1.8,4.4,4.3,4.0,3.9,2.8,2.9,3.4,3.5,3.6,3.5,2.3,2.3,3.1,3.0,3.2,3.3
794,3,3,抽象-具体,抽象-具体,心理,心理,时间,时间,23,13,实例,实例,有,有,边缘,边缘,边缘,边缘,阶段2,阶段3,本体隐喻,本体隐喻,4,4,是,是,名词性,名词性,有,有,无,无,文学,文学,2.3,2.3,4.5,4.6,2.9,2.5,3.4,3.6,2.8,2.8,4.6,4.6,1.9,1.8,3.2,3.0,3.5,3.6,4.2,4.1,2.3,2.3,2.9,3.2,1.9,1.6,4.4,4.4,3.1,2.9,3.0,3.1
795,4,4,抽象-抽象,抽象-具体,运动,运动,抽象概念,抽象概念,24,24,多义,多义,无,无,边缘,核心,中间,中间,阶段2,阶段2,方位隐喻,方位隐喻,2,2,变成,变成,介词短语,形容词性,无,无,无,有,对话,对话,3.2,3.4,2.8,2.9,1.8,1.5,2.3,2.3,3.0,3.3,3.3,3.6,4.0,4.2,1.9,1.9,1.7,1.5,1.8,1.6,2.4,2.3,4.5,4.6,3.2,3.3,2.1,1.9,3.2,3.1,2.6,2.6
796,10,10,抽象-抽象,抽象-抽象,运动,感知,事件,事件,11,11,实例,实例,无,有,边缘,边缘,核心,核心,阶段2,阶段2,方位隐喻,结构隐喻,1,9,变成,变成,形容词性,形容词性,无,无,有,有,对话,对话,1.5,1.4,2.5,2.4,3.7,3.6,1.5,1.5,4.1,3.7,2.3,2.6,1.6,1.6,2.7,2.9,2.1,2.1,2.8,3.0,2.2,2.0,1.8,1.8,1.8,1.8,2.0,1.7,1.8,1.6,1.9,1.8
797,1,1,抽象-抽象,抽象-抽象,自然,自然,品质,品质,7,7,多义,隐喻扩展,无,无,核心,核心,边缘,边缘,阶段2,阶段2,方位隐喻,方位隐喻,4,4,像,是,名词性,动词性,有,有,无,无,新闻,新闻,3.5,3.2,3.8,3.9,3.6,3.5,2.4,2.2,3.7,4.1,4.1,4.0,4.2,4.4,4.1,3.9,3.5,3.4,3.7,3.7,2.3,2.4,3.8,3.6,3.0,3.2,2.1,2.3,3.4,3.3,3.5,3.7
798,4,4,抽象-具体,抽象-具体,社会,社会,社会角色,关系,1,8,子部分,实例,无,无,核心,核心,核心,核心,阶段2,阶段3,方位隐喻,方位隐喻,5,5,算,算,介词短语,介词短语,无,无,有,有,网络,网络,4.3,4.3,2.0,1.9,4.0,3.9,1.7,2.0,2.3,2.3,2.1,1.9,2.4,2.3,4.2,4.0,2.3,2.3,1.9,1.7,4.1,4.4,2.0,2.1,2.6,2.7,3.7,3.7,3.5,3.7,3.3,3.2
799,12,12,抽象-抽象,抽象-抽象,空间,空间,抽象概念,抽象概念,17,17,多义,多义,有,有,边缘,核心,边缘,边缘,阶段3,阶段4,方位隐喻,本体隐喻,7,7,变成,变成,介词短语,介词短语,无,无,有,有,学术,学术,3.9,3.9,2.3,2.3,2.7,2.9,2.2,2.2,2.3,2.6,2.9,2.7,3.4,3.4,4.0,3.9,2.3,2.3,4.0,3.8,4.5,4.4,2.1,2.2,2.3,2.4,3.2,3.3,1.5,1.5,3.1,3.3
800,7,5,抽象-抽象,抽象-抽象,运动,运动,关系,事件,15,15,子部分,子部分,有,有,边缘,边缘,核心,核心,阶段3,阶段3,方位隐喻,方位隐喻,5,5,算,算,介词短语,介词短语,无,无,无,无,新闻,新闻,2.7,2.5,2.4,2.4,1.8,1.9,2.3,2.5,1.8,1.9,3.9,4.1,3.1,3.2,3.1,3.1,2.2,2.3,3.3,3.4,3.0,2.9,1.4,1.5,3.1,3.0,1.6,1.8,1.7,1.7,2.0,2.0
801,5,5,抽象-具体,抽象-具体,心理,心理,状态,状态,3,3,隐喻扩展,隐喻扩展,有,有,桥接,桥接,中间,中间,阶段3,阶段3,方位隐喻,方位隐喻,9,9,成为,成为,动词性,动词性,无,无,无,无,网络,网络,1.9,2.0,4.5,4.3,3.3,3.1,1.8,1.9,3.8,3.9,4.4,4.8,2.7,2.7,3.4,3.3,2.0,2.3,4.5,4.5,3.1,3.0,1.7,1.5,2.8,2.6,2.6,2.6,3.0,3.1,2.4,2.5
802,7,7,具体-具体,具体-具体,感知,心理,关系,关系,6,8,子部分,子部分,无,无,核心,核心,边缘,边缘,阶段4,阶段4,本体隐喻,本体隐喻,3,3,变成,变成,动词性,动词性,有,无,无,无,学术,学术,2.7,3.0,3.7,4.0,1.9,2.0,3.6,3.8,3.8,3.8,2.6,2.7,1.6,1.6,3.2,3.1,3.4,3.3,2.0,1.8,1.9,1.5,2.0,2.0,3.8,4.0,1.7,1.9,3.9,4.1,2.8,3.0
803,11,11,具体-具体,具体-具体,空间,空间,社会角色,社会角色,16,16,子部分,子部分,有,有,核心,核心,核心,核心,阶段4,阶段1,本体隐喻,本体隐喻,4,4,成为,是,动词性,动词性,有,有,无,无,新闻,新闻,2.6,2.6,2.0,2.0,1.5,1.7,2.3,2.2,1.8,1.7,1.9,2.0,2.2,1.9,3.2,3.3,4.3,4.1,3.4,3.5,4.0,3.8,1.9,2.0,2.1,2.2,2.3,2.2,3.2,2.9,3.8,3.5
804,8,8,抽象-抽象,抽象-抽象,感知,感知,事件,事件,9,9,隐喻扩展,隐喻扩展,有,有,核心,核心,中间,中间,阶段3,阶段3,方位隐喻,本体隐喻,9,9,算,算,名词性,名词性,有,有,有,无,学术,学术,4.6,4.5,1.8,1.8,3.9,3.9,3.5,3.6,2.1,2.1,3.5,3.2,3.5,3.3,4.3,4.1,2.3,2.5,4.2,4.4,2.0,2.0,1.5,1.3,1.9,1.9,2.0,2.1,2.7,2.7,2.2,2.0
805,3,3,抽象-抽象,抽象-抽象,运动,运动,抽象概念,抽象概念,13,13,多义,实例,有,有,桥接,桥接,核心,核心,阶段3,阶段3,结构隐喻,结构隐喻,2,2,为,为,动词性,动词性,有,有,有,有,文学,文学,4.6,4.3,4.0,3.8,2.6,2.9,3.4,3.3,2.8,3.1,4.3,4.4,2.9,2.9,2.2,2.1,1.9,2.0,3.5,3.6,1.9,2.0,3.7,3.6,4.2,4.1,2.2,2.1,4.2,4.4,3.9,3.9
806,10,10,抽象-抽象,具体-抽象,物体,物体,抽象概念,抽象概念,9,9,隐喻扩展,多义,无,无,桥接,桥接,边缘,边缘,阶段4,阶段4,本体隐喻,本体隐喻,9,9,为,为,形容词性,介词短语,有,有,无,无,对话,对话,2.5,2.8,4.0,3.9,3.3,3.0,4.1,4.2,3.2,3.1,3.7,3.4,2.8,2.8,3.0,2.8,2.0,2.2,2.4,2.5,2.8,2.9,2.9,2.9,2.4,2.3,3.9,4.1,1.7,1.8,2.4,2.3
807,11,11,具体-具体,具体-具体,感知,感知,社会角色,社会角色,16,16,实例,实例,有,有,核心,核心,核心,核心,阶段4,阶段4,结构隐喻,结构隐喻,5,5,算,算,动词性,名词性,无,无,无,无,学术,对话,1.8,2.0,3.5,3.6,3.5,3.5,1.8,1.7,3.0,3.2,3.4,3.3,1.7,1.7,3.1,3.1,4.3,4.3,1.8,1.9,2.7,2.6,2.7,2.7,1.7,1.6,3.9,4.0,2.0,1.9,3.5,3.7
808,8,8,抽象-具体,抽象-具体,物体,物体,情感,情感,10,15,子部分,子部分,有,有,核心,核心,中间,中间,阶段3,阶段3,方位隐喻,方位隐喻,8,8,像,像,介词短语,介词短语,有,有,有,有,对话,对话,4.2,4.3,2.0,2.1,2.8,2.9,2.4,2.3,4.5,4.6,2.1,2.4,2.8,2.7,3.9,3.8,3.1,3.1,4.3,4.4,1.9,2.0,1.7,2.1,2.6,2.6,3.6,3.8,3.6,3.7,4.3,4.2
809,10,10,具体-具体,抽象-抽象,心理,心理,社会角色,社会角色,15,15,实例,实例,无,有,边缘,边缘,边缘,边缘,阶段4,阶段4,结构隐喻,结构隐喻,8,8,算,算,名词性,名词性,有,有,无,无,新闻,新闻,3.8,3.9,2.9,2.8,1.6,1.6,4.0,3.9,3.8,3.8,3.3,3.4,3.0,3.3,3.8,3.7,2.7,2.9,1.9,1.5,1.9,1.8,2.4,2.6,4.1,4.0,3.7,3.5,1.8,2.0,3.5,3.8
810,10,10,具体-抽象,具体-具体,社会,社会,关系,关系,15,15,子部分,子部分,无,无,边缘,桥接,核心,核心,阶段1,阶段1,结构隐喻,结构隐喻,2,2,像,像,形容词性,形容词性,无,无,无,无,文学,文学,2.9,3.1,3.1,3.2,2.3,2.2,4.1,4.2,1.7,1.7,4.1,4.2,1.6,1.6,1.9,1.9,4.0,4.2,4.5,4.4,4.6,4.4,2.8,2.8,2.6,2.6,2.1,2.6,2.0,1.8,1.4,1.7
811,12,12,抽象-抽象,抽象-抽象,空间,空间,社会角色,社会角色,19,19,实例,实例,无,无,桥接,桥接,中间,中间,阶段2,阶段2,方位隐喻,方位隐喻,9,4,变成,是,动词性,动词性,无,无,有,有,对话,对话,2.6,2.7,4.2,4.4,2.0,2.1,2.2,2.2,2.4,2.3,2.6,2.7,1.8,1.6,2.4,2.4,3.0,3.2,2.4,2.3,3.6,3.7,4.8,4.5,3.0,3.1,2.7,2.8,4.2,4.2,2.8,2.7
812,11,11,具体-具体,抽象-具体,运动,运动,社会角色,社会角色,17,17,隐喻扩展,子部分,有,有,桥接,边缘,中间,中间,阶段3,阶段3,方位隐喻,方位隐喻,6,6,为,为,名词性,名词性,有,有,有,有,学术,学术,2.8,2.9,2.2,2.1,4.4,4.3,2.0,1.8,2.5,2.4,2.2,2.1,2.9,3.0,4.4,4.2,2.8,3.0,4.1,4.0,3.2,3.4,3.2,3.1,1.6,1.9,2.9,2.8,2.1,2.1,3.1,3.1
813,6,6,具体-具体,具体-具体,人体,心理,抽象概念,抽象概念,24,24,多义,多义,有,有,桥接,桥接,中间,中间,阶段1,阶段1,结构隐喻,结构隐喻,2,2,为,为,名词性,名词性,有,有,无,无,网络,对话,4.2,4.3,3.2,3.2,3.6,3.8,4.0,4.0,2.4,2.3,2.7,3.1,3.3,3.3,2.5,2.7,4.3,4.3,3.1,3.3,2.4,2.5,1.6,1.4,3.8,3.7,3.2,3.2,3.4,3.2,3.4,3.7
814,6,6,抽象-具体,抽象-具体,心理,心理,品质,品质,7,7,多义,多义,无,无,核心,核心,中间,中间,阶段2,阶段2,结构隐喻,结构隐喻,2,2,算,变成,动词性,动词性,无,无,无,无,对话,对话,1.9,1.9,1.9,2.0,3.0,2.7,2.2,2.0,3.9,3.9,2.4,2.7,2.4,2.3,1.4,1.5,3.0,3.0,4.3,4.2,2.9,2.9,2.1,2.2,2.5,2.5,4.0,3.9,2.8,2.7,2.5,2.5
815,9,10,具体-抽象,具体-抽象,社会,社会,抽象概念,抽象概念,19,19,子部分,实例,有,有,桥接,桥接,中间,中间,阶段3,阶段3,方位隐喻,结构隐喻,9,9,为,为,名词性,名词性,无,无,无,无,文学,文学,4.0,3.9,2.9,2.8,1.7,1.8,4.2,4.2,2.6,2.7,2.9,2.9,2.4,2.4,1.9,2.1,2.9,2.6,2.7,3.0,3.4,3.4,2.7,2.6,3.8,3.7,4.0,4.1,2.0,2.0,3.0,3.0
816,12,12,具体-抽象,具体-抽象,人体,人体,品质,品质,3,3,实例,实例,无,无,桥接,桥接,核心,中间,阶段3,阶段3,本体隐喻,本体隐喻,2,2,像,成为,介词短语,介词短语,有,有,有,有,学术,学术,1.4,1.5,2.0,2.2,1.7,1.7,4.5,4.5,3.0,3.0,1.7,1.7,3.9,3.7,4.5,4.5,3.3,3.4,3.9,4.3,4.1,3.9,3.0,2.9,3.0,2.8,2.3,2.1,2.7,2.6,2.6,2.7
817,11,5,抽象-抽象,抽象-抽象,物体,物体,品质,品质,11,11,实例,实例,有,有,桥接,桥接,边缘,边缘,阶段2,阶段1,本体隐喻,本体隐喻,6,6,是,是,动词性,动词性,无,无,有,有,新闻,对话,4.3,4.3,4.1,4.0,3.9,4.0,2.2,2.2,3.1,3.2,2.7,2.4,4.1,3.9,2.6,2.2,4.4,4.6,2.2,2.3,4.4,4.5,3.5,3.4,3.1,3.2,2.5,2.8,2.7,2.9,3.6,3.5
818,8,8,抽象-抽象,抽象-抽象,物体,物体,情感,情感,5,7,实例,实例,无,无,边缘,边缘,边缘,边缘,阶段4,阶段1,本体隐喻,本体隐喻,2,2,算,算,形容词性,形容词性,无,无,有,有,新闻,新闻,3.1,3.1,2.3,2.1,4.3,4.3,4.2,4.1,2.1,2.4,4.0,3.8,2.5,2.5,3.5,3.1,4.4,4.3,2.6,2.8,1.8,1.9,3.5,3.3,3.3,3.4,1.7,2.0,3.3,3.4,4.3,4.3
819,9,8,抽象-具体,抽象-具体,社会,社会,社会角色,社会角色,4,11,实例,实例,有,有,桥接,桥接,中间,边缘,阶段3,阶段2,本体隐喻,本体隐喻,8,8,成为,成为,形容词性,形容词性,有,有,有,无,文学,文学,2.4,2.2,2.7,2.9,1.6,1.5,2.7,2.8,2.5,2.4,2.8,2.7,2.6,2.8,3.6,3.7,3.9,3.7,3.9,3.9,2.2,2.1,3.0,3.2,2.1,2.3,3.5,3.4,2.0,2.0,4.0,3.9
820,7,7,具体-抽象,具体-抽象,感知,感知,时间,时间,5,5,实例,实例,无,无,边缘,边缘,边缘,边缘,阶段4,阶段4,结构隐喻,方位隐喻,1,1,为,为,介词短语,介词短语,无,无,有,有,新闻,新闻,1.6,1.5,2.7,2.8,4.2,4.2,3.8,3.7,3.6,4.0,4.5,4.4,4.1,4.0,3.6,3.1,3.1,3.0,2.0,1.9,3.1,3.2,4.0,4.0,2.3,2.5,3.1,3.2,1.6,1.7,2.2,2.2
821,1,1,抽象-具体,抽象-具体,运动,社会,时间,时间,17,17,多义,多义,无,无,桥接,桥接,核心,核心,阶段2,阶段2,方位隐喻,方位隐喻,7,7,变成,变成,形容词性,形容词性,有,有,无,无,学术,学术,3.2,3.2,4.1,4.1,2.8,2.7,2.5,2.5,4.2,4.1,3.6,3.6,4.4,4.5,2.8,2.8,3.9,4.2,3.8,3.7,4.3,4.2,2.2,2.2,3.2,3.5,4.0,3.7,3.5,3.3,3.2,3.2
822,8,8,抽象-具体,抽象-具体,感知,感知,情感,情感,4,4,子部分,子部分,有,有,核心,核心,中间,核心,阶段4,阶段4,本体隐喻,本体隐喻,1,1,变成,变成,介词短语,介词短语,无,无,无,无,文学,文学,2.0,2.1,3.9,3.6,2.3,2.2,1.7,1.8,1.5,1.6,2.7,2.8,2.4,2.5,2.9,2.9,2.7,2.7,2.6,2.7,2.8,2.9,1.7,1.7,4.0,4.1,2.9,3.0,1.9,1.9,2.9,3.0
823,2,5,抽象-抽象,抽象-抽象,自然,自然,情感,情感,22,22,多义,多义,有,有,边缘,边缘,中间,中间,阶段1,阶段3,本体隐喻,本体隐喻,8,8,变成,变成,介词短语,介词短语,有,有,无,无,对话,对话,3.6,3.6,1.7,1.8,2.1,1.8,3.6,3.7,3.4,3.3,2.2,2.2,3.8,3.7,4.0,4.1,3.5,3.5,3.0,3.0,3.4,3.3,4.0,4.0,4.3,4.4,3.9,3.9,2.1,2.1,1.3,1.4
824,4,5,具体-抽象,具体-抽象,自然,自然,关系,情感,10,20,隐喻扩展,子部分,有,有,核心,核心,核心,边缘,阶段3,阶段3,方位隐喻,本体隐喻,8,8,像,像,形容词性,形容词性,无,有,无,无,网络,文学,2.4,2.3,1.5,1.7,3.6,3.9,1.7,2.0,3.2,3.2,3.5,3.5,3.0,3.1,3.5,3.5,2.1,1.9,3.1,3.1,2.4,2.2,2.9,3.0,3.1,2.9,2.4,2.6,4.2,4.2,4.3,4.2
825,1,1,抽象-具体,抽象-具体,物体,心理,状态,状态,16,16,子部分,子部分,无,无,边缘,边缘,核心,边缘,阶段4,阶段3,结构隐喻,结构隐喻,5,5,像,像,形容词性,形容词性,无,无,无,无,学术,学术,1.8,1.9,3.1,3.2,3.1,2.7,4.3,4.4,3.6,3.7,2.4,2.4,2.2,2.2,1.6,1.7,3.5,3.5,2.2,2.6,4.0,4.1,3.1,3.1,1.6,1.7,3.6,3.6,1.7,1.3,2.8,2.8
826,6,6,抽象-具体,抽象-具体,人体,人体,状态,状态,13,3,实例,实例,无,无,边缘,边缘,核心,核心,阶段3,阶段3,方位隐喻,方位隐喻,1,1,变成,变成,名词性,动词性,有,有,无,无,文学,文学,3.1,2.9,2.7,2.8,4.1,4.0,2.9,2.8,3.5,3.3,4.2,4.2,3.4,3.5,2.2,2.1,2.3,2.3,1.7,1.9,3.2,3.5,4.0,4.0,4.5,4.4,1.8,1.7,3.4,3.5,4.5,4.5
827,9,9,抽象-抽象,具体-具体,自然,心理,事件,事件,11,11,子部分,子部分,有,有,桥接,桥接,核心,核心,阶段4,阶段4,方位隐喻,方位隐喻,7,7,变成,变成,名词性,名词性,有,有,无,有,对话,对话,3.2,3.1,2.2,2.3,2.2,2.0,1.6,1.8,4.3,4.2,1.7,2.0,3.0,2.9,2.3,2.3,3.8,3.7,1.6,1.7,2.6,2.7,4.3,4.4,2.8,2.8,2.1,1.9,1.8,1.7,3.7,3.4
828,9,9,抽象-具体,抽象-具体,运动,空间,时间,时间,4,4,子部分,子部分,无,无,桥接,桥接,中间,中间,阶段4,阶段4,方位隐喻,方位隐喻,5,5,变成,变成,形容词性,形容词性,有,有,无,无,对话,对话,2.9,2.8,3.8,4.0,3.5,3.4,2.4,2.1,1.7,1.6,1.4,1.8,2.0,2.2,2.6,2.6,2.7,2.7,2.9,2.9,3.2,3.2,3.2,3.0,1.7,1.8,2.9,3.1,3.9,4.0,3.8,3.8
829,4,4,具体-具体,具体-具体,感知,感知,情感,时间,2,11,隐喻扩展,隐喻扩展,有,有,核心,核心,核心,中间,阶段3,阶段3,结构隐喻,结构隐喻,1,1,为,为,形容词性,形容词性,有,有,有,有,学术,对话,2.8,2.9,1.6,1.7,1.8,1.7,4.1,4.2,2.9,2.7,2.0,2.3,1.7,1.7,3.3,3.1,2.6,2.8,2.2,2.4,3.7,3.6,4.0,4.0,4.4,4.4,4.2,4.2,3.1,3.4,2.8,2.8
830,12,12,具体-具体,具体-具体,人体,人体,状态,状态,20,20,隐喻扩展,隐喻扩展,有,有,桥接,桥接,核心,中间,阶段3,阶段3,方位隐喻,方位隐喻,2,2,是,是,动词性,动词性,有,有,有,无,新闻,新闻,3.4,3.2,4.3,4.4,1.8,1.5,2.6,2.5,3.9,4.0,3.3,3.4,4.3,4.2,2.5,2.7,3.8,3.7,3.2,3.3,2.1,2.1,3.0,3.1,2.3,2.1,4.2,4.2,3.0,3.0,4.1,3.8
831,12,12,抽象-具体,抽象-具体,空间,空间,关系,关系,16,4,隐喻扩展,隐喻扩展,无,无,核心,核心,核心,核心,阶段3,阶段2,结构隐喻,结构隐喻,2,2,变成,变成,介词短语,动词性,有,无,有,有,学术,文学,2.9,3.0,1.6,1.8,1.8,1.9,4.1,4.2,4.0,4.0,4.0,4.0,3.9,4.2,3.9,4.1,2.8,2.8,3.4,3.3,2.2,2.3,1.5,1.6,3.4,3.6,3.1,3.2,2.9,2.8,2.1,2.1
832,3,3,具体-具体,具体-具体,感知,感知,关系,关系,21,21,隐喻扩展,隐喻扩展,无,无,桥接,桥接,边缘,边缘,阶段3,阶段3,结构隐喻,结构隐喻,8,8,是,是,介词短语,介词短语,有,有,无,无,对话,对话,1.7,1.9,1.9,1.9,3.7,3.7,1.9,1.6,2.3,2.1,1.9,2.1,1.7,1.8,2.7,2.8,3.6,3.8,3.1,3.1,2.4,2.1,4.5,4.2,2.0,2.1,1.9,2.0,3.3,3.6,4.4,4.4
833,6,6,抽象-抽象,抽象-抽象,感知,感知,时间,时间,11,11,多义,多义,有,有,边缘,边缘,边缘,核心,阶段2,阶段2,结构隐喻,结构隐喻,3,3,变成,变成,介词短语,介词短语,无,无,有,有,对话,对话,2.0,2.3,2.5,2.5,3.4,3.5,3.0,3.2,3.3,3.3,3.3,3.4,3.4,3.4,2.9,2.9,4.0,4.0,3.3,3.4,4.4,4.3,3.9,3.8,3.6,3.8,3.5,3.6,4.0,4.0,3.3,3.3
834,12,12,抽象-具体,抽象-具体,社会,社会,品质,抽象概念,6,6,隐喻扩展,隐喻扩展,无,无,核心,核心,边缘,边缘,阶段3,阶段3,结构隐喻,结构隐喻,9,9,算,变成,介词短语,介词短语,无,无,无,无,对话,对话,2.1,2.1,3.1,3.0,2.0,2.2,4.2,4.2,2.1,2.0,1.9,1.9,1.7,1.9,2.9,2.7,1.8,1.9,3.2,3.4,1.5,1.6,3.6,3.8,4.4,4.5,2.1,2.2,1.4,1.5,2.4,2.5
835,8,8,抽象-抽象,抽象-抽象,社会,社会,时间,时间,22,14,隐喻扩展,隐喻扩展,有,有,边缘,边缘,中间,中间,阶段1,阶段1,结构隐喻,结构隐喻,9,9,变成,变成,动词性,动词性,无,无,有,有,网络,网络,3.6,3.5,2.3,2.1,2.7,2.8,1.6,1.7,4.2,4.2,3.3,3.4,3.3,3.5,2.5,2.6,3.1,2.6,1.4,1.5,1.5,1.9,2.8,3.0,4.4,4.5,2.5,2.5,1.7,1.5,3.8,3.9
836,5,9,抽象-抽象,抽象-抽象,心理,心理,品质,品质,6,6,实例,实例,有,有,核心,桥接,边缘,边缘,阶段1,阶段1,结构隐喻,结构隐喻,7,7,为,为,形容词性,形容词性,无,无,无,无,网络,网络,3.0,3.0,3.6,3.6,3.7,3.7,2.4,2.3,3.7,3.7,1.5,1.6,4.3,4.3,3.7,3.6,4.4,4.2,4.1,4.0,2.6,2.4,4.3,4.2,1.9,1.9,2.6,2.5,2.2,2.4,4.0,3.7
837,10,10,具体-抽象,具体-抽象,空间,空间,时间,时间,24,11,多义,多义,无,有,边缘,边缘,核心,核心,阶段2,阶段2,方位隐喻,方位隐喻,5,5,为,为,介词短语,动词性,无,无,无,无,网络,网络,2.7,2.8,2.4,2.6,2.4,2.2,4.2,4.2,2.2,2.3,3.4,3.2,2.4,2.2,2.3,2.2,4.0,4.0,1.7,1.6,3.1,3.2,3.2,3.0,3.6,4.0,3.9,4.3,3.4,3.6,3.8,3.8
838,9,10,抽象-具体,抽象-具体,物体,运动,时间,时间,9,22,多义,多义,有,无,边缘,边缘,边缘,边缘,阶段2,阶段2,本体隐喻,本体隐喻,7,7,变成,变成,介词短语,名词性,有,有,无,无,文学,文学,3.9,4.1,1.6,1.7,4.1,4.4,3.2,3.3,3.6,3.4,3.2,3.0,2.7,2.5,3.3,3.4,4.5,4.4,2.7,2.9,2.3,2.6,3.6,3.6,3.5,3.4,3.7,3.8,2.1,2.1,2.4,2.1
839,4,4,具体-具体,具体-具体,社会,社会,状态,状态,24,24,实例,实例,有,有,核心,核心,核心,核心,阶段2,阶段2,方位隐喻,方位隐喻,3,4,成为,成为,动词性,动词性,无,无,无,无,学术,学术,2.5,2.6,4.2,4.0,4.3,4.3,3.7,3.8,2.8,3.1,1.6,1.7,3.8,4.0,3.1,3.3,3.8,4.1,1.7,1.6,3.9,3.9,1.8,1.6,3.7,3.7,1.8,1.8,2.8,2.8,1.5,1.7
840,2,2,具体-具体,具体-具体,空间,空间,状态,状态,13,13,实例,实例,无,无,核心,核心,边缘,边缘,阶段4,阶段4,本体隐喻,本体隐喻,7,7,是,是,形容词性,形容词性,有,有,无,无,新闻,新闻,3.4,3.2,4.2,4.2,3.2,3.2,3.9,4.2,2.3,2.3,3.5,3.7,3.5,3.7,1.6,1.7,2.6,2.3,3.5,3.5,2.0,1.8,2.2,2.1,2.5,2.5,4.0,4.1,3.1,3.2,4.0,4.2
841,8,8,抽象-抽象,抽象-抽象,人体,人体,情感,情感,10,10,子部分,子部分,有,有,边缘,边缘,核心,核心,阶段4,阶段4,本体隐喻,本体隐喻,7,7,变成,成为,名词性,名词性,无,无,有,有,学术,学术,2.0,1.7,3.4,3.4,3.4,3.2,3.2,3.1,4.3,4.3,3.3,3.0,2.7,2.8,1.5,1.5,1.7,1.7,2.3,2.4,2.5,2.6,2.8,2.8,2.6,2.8,2.8,2.7,2.6,2.7,4.0,3.9
842,12,12,抽象-抽象,抽象-抽象,感知,感知,抽象概念,抽象概念,22,22,多义,多义,有,无,桥接,桥接,核心,核心,阶段1,阶段1,本体隐喻,本体隐喻,6,6,变成,成为,名词性,名词性,无,无,无,有,对话,学术,3.7,3.8,4.1,4.0,3.5,3.5,4.3,4.1,1.8,1.9,3.3,3.4,4.2,3.8,2.1,1.8,2.2,2.1,1.8,1.7,2.9,3.0,3.5,3.1,2.3,2.5,3.8,3.7,2.9,2.6,2.6,2.8
843,8,8,具体-抽象,具体-具体,人体,人体,品质,品质,11,11,隐喻扩展,隐喻扩展,有,有,桥接,桥接,核心,核心,阶段2,阶段2,方位隐喻,结构隐喻,4,8,是,是,介词短语,介词短语,无,无,有,有,学术,学术,3.8,3.8,1.7,2.1,2.4,2.4,3.5,3.4,2.8,2.7,3.1,3.2,4.4,4.3,3.9,3.9,2.2,2.1,1.6,1.8,2.1,2.2,3.9,3.8,3.9,3.9,3.9,3.6,4.0,4.0,1.8,2.0
844,1,10,具体-具体,具体-抽象,人体,人体,关系,关系,9,1,多义,多义,无,无,核心,核心,边缘,边缘,阶段4,阶段4,方位隐喻,方位隐喻,5,2,算,算,形容词性,形容词性,有,有,无,无,新闻,新闻,3.9,3.9,2.3,2.3,2.5,2.5,3.5,3.4,3.1,3.1,3.6,3.7,3.0,2.9,2.4,2.7,1.6,1.7,2.2,2.1,2.5,2.4,2.2,2.1,3.9,4.1,4.6,4.6,2.3,2.1,3.1,2.8
845,2,2,抽象-具体,抽象-具体,运动,运动,情感,关系,15,15,子部分,子部分,无,无,边缘,边缘,核心,核心,阶段1,阶段4,本体隐喻,本体隐喻,3,3,成为,成为,名词性,名词性,有,有,无,无,新闻,新闻,4.2,3.9,2.6,2.4,1.9,2.0,2.0,1.9,4.0,4.0,3.0,2.8,1.5,1.6,3.7,4.1,4.2,4.4,3.5,3.4,4.4,4.2,3.7,3.7,2.1,2.3,2.5,2.5,2.5,2.6,2.5,2.4
846,1,1,具体-抽象,具体-抽象,感知,感知,时间,时间,14,16,实例,实例,无,无,边缘,边缘,核心,核心,阶段2,阶段2,方位隐喻,本体隐喻,7,7,是,算,介词短语,介词短语,无,无,无,无,网络,网络,3.9,3.7,4.4,4.5,4.2,4.3,4.4,4.4,2.0,2.0,4.1,4.1,3.0,3.1,2.9,2.9,3.1,2.8,3.8,3.9,3.1,3.1,4.0,4.4,3.3,3.5,4.2,4.2,3.0,2.9,1.9,2.1
847,10,10,具体-具体,具体-具体,感知,感知,抽象概念,抽象概念,12,2,实例,子部分,有,有,边缘,边缘,边缘,核心,阶段3,阶段3,结构隐喻,结构隐喻,9,9,是,是,动词性,动词性,无,无,无,无,新闻,新闻,4.2,4.0,3.1,3.1,3.8,3.6,3.9,4.0,3.2,3.3,4.5,4.3,3.7,3.6,1.4,1.7,1.7,1.7,2.0,1.8,4.3,4.0,4.0,4.0,2.0,1.6,2.3,2.3,3.8,4.0,3.2,3.0
848,8,8,抽象-具体,抽象-具体,空间,空间,社会角色,社会角色,3,3,实例,实例,无,无,桥接,桥接,中间,中间,阶段4,阶段4,结构隐喻,结构隐喻,3,3,算,算,介词短语,介词短语,无,无,有,有,学术,学术,2.7,2.5,1.6,1.5,1.7,1.6,2.3,2.2,1.6,1.7,3.6,3.5,2.2,2.2,4.0,4.1,3.9,3.7,2.0,1.9,2.2,2.1,3.3,3.5,1.4,1.4,4.5,4.4,2.1,2.1,3.8,3.8
849,10,10,抽象-抽象,抽象-抽象,感知,感知,时间,时间,22,22,子部分,子部分,有,有,边缘,边缘,边缘,核心,阶段1,阶段1,方位隐喻,方位隐喻,9,9,变成,变成,动词性,动词性,有,有,有,有,学术,网络,2.4,2.7,2.6,2.6,3.0,3.0,3.3,3.2,3.9,4.0,4.3,4.5,1.6,1.6,4.4,4.2,2.3,2.5,3.3,3.2,3.3,3.4,3.8,3.9,3.4,3.4,2.7,2.7,3.2,3.0,3.1,3.2
850,8,8,具体-抽象,具体-抽象,空间,空间,状态,状态,4,4,多义,多义,无,无,桥接,桥接,中间,中间,阶段1,阶段3,结构隐喻,结构隐喻,1,7,为,为,名词性,名词性,无,无,有,有,网络,网络,4.3,4.3,1.4,1.5,2.7,2.6,2.7,2.7,2.3,2.2,4.3,4.4,2.6,2.5,1.5,1.6,1.6,1.8,4.4,4.2,3.7,3.9,4.0,4.2,3.8,4.1,3.5,3.7,4.2,4.2,2.7,3.1
851,3,3,抽象-抽象,抽象-抽象,运动,运动,抽象概念,抽象概念,8,8,实例,实例,有,有,核心,核心,边缘,边缘,阶段2,阶段2,结构隐喻,结构隐喻,7,7,变成,是,介词短语,介词短语,无,有,无,无,新闻,学术,4.4,4.2,2.2,2.1,4.1,3.8,3.5,3.4,3.7,3.8,2.4,2.2,1.7,1.4,2.4,2.2,1.9,2.1,3.1,3.3,2.7,2.7,3.0,3.3,4.0,4.2,4.5,4.6,2.0,1.9,4.4,4.1
852,1,1,抽象-抽象,具体-具体,物体,物体,情感,情感,16,15,子部分,子部分,有,有,边缘,边缘,边缘,边缘,阶段3,阶段4,结构隐喻,结构隐喻,7,7,是,变成,形容词性,形容词性,有,有,有,有,网络,网络,3.0,3.1,2.7,2.8,2.4,2.5,4.6,4.4,3.4,3.1,4.4,4.6,3.6,3.7,3.6,3.6,3.3,3.6,3.6,3.8,3.4,3.6,3.9,3.8,3.3,3.4,2.0,2.1,3.7,3.5,3.9,3.5
853,4,4,抽象-抽象,抽象-具体,空间,空间,关系,关系,16,16,实例,实例,有,有,桥接,桥接,核心,核心,阶段4,阶段4,方位隐喻,方位隐喻,6,3,像,像,介词短语,名词性,无,无,无,无,网络,网络,2.4,2.7,2.4,2.6,3.3,3.5,1.8,1.7,1.8,1.7,2.0,2.4,2.0,2.1,4.5,4.4,3.9,4.0,3.3,3.0,4.0,3.9,2.6,2.6,3.9,4.2,3.3,3.6,2.2,2.3,1.7,1.9
854,8,8,具体-抽象,具体-抽象,物体,物体,关系,品质,19,19,多义,多义,有,有,核心,核心,边缘,边缘,阶段3,阶段3,本体隐喻,本体隐喻,4,4,是,算,名词性,介词短语,有,有,无,无,对话,网络,3.9,4.0,1.6,1.5,1.9,1.9,4.3,4.4,2.1,2.2,1.6,1.5,3.6,3.8,4.0,4.3,2.4,2.1,1.8,1.8,1.9,2.0,3.0,3.1,2.8,2.9,4.6,4.6,1.9,2.0,2.7,2.8
855,5,5,抽象-抽象,抽象-抽象,空间,空间,情感,情感,4,4,实例,实例,有,有,边缘,边缘,中间,中间,阶段1,阶段1,方位隐喻,方位隐喻,2,3,为,为,介词短语,介词短语,有,有,有,有,文学,对话,2.5,2.4,1.9,1.7,3.1,3.1,1.9,1.6,2.2,2.4,4.4,4.5,2.3,2.3,1.9,1.8,3.3,3.4,4.5,4.2,2.6,2.5,1.7,1.7,4.1,3.9,4.2,4.3,2.1,2.1,2.9,2.9
856,3,3,抽象-抽象,抽象-抽象,人体,人体,抽象概念,抽象概念,12,12,隐喻扩展,隐喻扩展,有,有,边缘,边缘,边缘,边缘,阶段2,阶段2,方位隐喻,方位隐喻,1,1,为,算,介词短语,介词短语,无,无,无,无,文学,文学,2.2,1.8,3.3,3.0,2.4,2.4,2.7,2.8,4.2,4.2,2.1,1.9,4.3,4.6,3.3,3.3,1.5,1.5,1.7,1.8,4.0,4.0,4.1,4.2,3.8,3.8,2.0,2.1,2.9,2.7,3.3,3.4
857,3,3,抽象-具体,抽象-具体,社会,社会,关系,关系,2,2,多义,多义,有,有,核心,核心,边缘,边缘,阶段1,阶段1,结构隐喻,结构隐喻,8,8,成为,成为,形容词性,形容词性,无,无,有,有,文学,对话,3.2,3.4,3.6,3.6,2.0,2.2,3.0,3.0,2.8,3.0,3.3,3.2,3.1,3.3,3.5,3.4,2.5,2.3,3.6,3.8,1.9,2.3,1.9,1.8,2.4,2.4,1.9,1.7,3.4,3.5,3.5,3.8
858,10,10,具体-抽象,具体-抽象,运动,运动,品质,品质,24,24,多义,多义,有,有,核心,核心,中间,中间,阶段4,阶段4,结构隐喻,本体隐喻,6,6,为,为,名词性,名词性,无,无,有,有,新闻,新闻,1.5,1.8,2.6,2.8,3.4,3.5,2.1,2.5,4.1,4.0,4.4,4.4,1.5,1.6,3.4,3.3,2.2,2.1,4.5,4.3,3.2,3.1,2.2,2.3,3.5,3.4,2.9,2.8,2.2,2.0,2.6,2.6
859,5,2,抽象-具体,抽象-具体,人体,人体,品质,品质,23,23,隐喻扩展,隐喻扩展,有,有,边缘,核心,核心,核心,阶段1,阶段1,本体隐喻,本体隐喻,7,7,像,像,介词短语,介词短语,无,无,有,有,网络,网络,2.6,2.8,3.6,3.8,3.4,3.5,3.1,3.2,1.7,1.6,1.6,1.9,3.8,3.9,3.1,3.0,1.7,1.8,2.6,2.4,2.9,2.7,2.5,2.6,1.6,1.7,3.7,3.9,2.0,1.8,2.5,2.4
860,9,9,具体-抽象,具体-抽象,自然,自然,抽象概念,抽象概念,24,24,子部分,子部分,无,无,桥接,桥接,核心,核心,阶段3,阶段3,本体隐喻,本体隐喻,6,4,像,像,介词短语,介词短语,无,有,有,有,新闻,新闻,3.8,4.0,2.1,2.1,4.4,4.6,3.9,3.9,1.7,1.4,2.5,2.2,2.9,2.6,2.4,2.4,2.9,2.8,2.1,2.2,3.3,3.5,1.9,1.8,1.9,2.1,3.8,3.8,2.7,2.9,1.7,1.7
861,12,12,抽象-抽象,具体-具体,空间,空间,抽象概念,抽象概念,10,10,实例,实例,无,无,边缘,边缘,边缘,边缘,阶段1,阶段2,方位隐喻,方位隐喻,6,6,像,为,形容词性,形容词性,有,有,无,无,网络,学术,2.3,2.4,1.9,1.9,3.5,3.6,2.6,2.3,4.5,4.4,3.3,3.4,3.2,3.2,3.6,3.6,3.4,3.2,3.3,3.2,3.7,3.4,4.3,4.4,4.3,4.4,3.3,3.2,1.6,1.5,1.8,1.8
862,11,11,具体-具体,具体-具体,感知,感知,状态,状态,19,19,子部分,子部分,无,无,桥接,桥接,边缘,边缘,阶段4,阶段4,方位隐喻,本体隐喻,2,2,算,算,介词短语,介词短语,有,有,有,有,网络,网络,4.1,4.2,4.0,4.1,3.2,3.1,1.7,1.7,3.7,3.6,4.0,3.7,4.4,4.5,3.5,3.8,1.5,1.6,4.0,3.8,3.2,3.3,4.4,4.5,1.5,1.6,3.4,3.5,2.9,3.1,3.8,3.6
863,3,3,抽象-抽象,抽象-抽象,感知,感知,抽象概念,抽象概念,18,15,子部分,子部分,有,有,边缘,边缘,中间,中间,阶段3,阶段3,结构隐喻,结构隐喻,9,9,变成,变成,介词短语,介词短语,无,有,有,有,学术,网络,4.3,4.4,2.6,2.4,4.0,4.3,3.4,3.4,3.7,3.9,3.9,4.0,3.0,3.0,3.2,3.2,1.8,2.0,4.4,4.5,4.5,4.3,4.1,4.0,1.9,2.2,1.8,1.9,3.4,3.5,4.4,4.3
864,4,4,具体-具体,抽象-具体,人体,人体,时间,时间,4,4,多义,多义,无,无,桥接,桥接,核心,核心,阶段2,阶段2,方位隐喻,方位隐喻,2,2,成为,成为,动词性,动词性,有,无,有,有,网络,网络,4.2,4.0,2.7,2.9,4.0,4.0,3.7,3.5,4.3,4.2,4.1,4.1,3.8,3.9,3.0,3.0,4.4,4.4,3.4,3.6,2.0,2.1,2.6,2.7,1.8,1.9,2.8,2.8,4.2,4.3,2.2,2.2
865,10,10,抽象-具体,抽象-具体,心理,心理,关系,关系,21,21,实例,实例,有,有,边缘,边缘,中间,核心,阶段1,阶段1,本体隐喻,本体隐喻,2,2,成为,成为,名词性,名词性,无,无,有,有,网络,网络,4.5,4.5,4.1,4.3,3.3,3.1,4.2,4.2,4.3,4.3,1.8,1.9,2.3,2.4,2.2,2.1,2.3,2.1,2.6,2.7,3.9,3.9,1.7,1.8,3.4,3.7,3.1,3.0,2.1,2.0,4.0,4.0
866,12,12,抽象-抽象,抽象-抽象,自然,物体,时间,时间,7,7,隐喻扩展,隐喻扩展,无,有,桥接,桥接,中间,中间,阶段2,阶段2,本体隐喻,本体隐喻,2,2,成为,成为,动词性,动词性,无,无,有,有,新闻,新闻,3.2,3.2,2.9,2.9,3.0,3.1,2.0,1.7,1.8,1.7,2.7,2.6,3.6,3.6,3.2,2.9,3.7,3.9,3.0,3.1,3.0,2.9,2.0,1.9,1.7,2.0,3.7,3.6,2.8,2.9,2.4,2.5
867,9,9,具体-抽象,具体-抽象,社会,社会,时间,时间,11,11,隐喻扩展,隐喻扩展,有,有,桥接,桥接,中间,核心,阶段4,阶段4,本体隐喻,方位隐喻,9,9,变成,变成,介词短语,介词短语,有,有,无,无,文学,文学,3.1,3.1,1.6,1.6,4.3,4.4,4.2,4.2,1.8,1.8,3.8,3.7,1.6,1.8,2.0,1.7,3.8,3.7,3.8,3.9,3.4,3.3,3.8,3.9,1.7,1.3,1.8,1.6,2.1,2.3,4.1,4.2
868,3,8,具体-抽象,具体-抽象,物体,物体,状态,品质,23,23,多义,多义,无,无,核心,边缘,边缘,核心,阶段1,阶段1,本体隐喻,本体隐喻,8,8,像,像,动词性,动词性,有,有,无,有,对话,对话,3.9,4.3,4.3,4.3,3.3,3.4,2.9,3.1,2.1,2.1,3.7,3.7,4.2,4.1,1.7,1.7,2.5,2.5,3.7,3.8,2.3,2.4,2.3,2.3,4.0,4.3,3.6,3.6,2.1,2.3,1.5,1.4
869,10,10,具体-具体,具体-抽象,运动,运动,事件,事件,17,17,实例,实例,无,无,边缘,边缘,边缘,边缘,阶段1,阶段4,结构隐喻,结构隐喻,1,4,成为,成为,介词短语,介词短语,有,有,有,有,对话,对话,3.0,3.2,1.4,1.4,3.7,3.7,2.4,2.3,3.9,4.0,2.6,2.3,2.1,2.0,3.9,3.6,2.0,2.0,1.6,1.9,1.6,1.6,4.1,4.2,4.0,3.9,4.3,4.4,3.2,3.0,2.0,1.7
870,10,10,抽象-抽象,抽象-抽象,运动,运动,社会角色,事件,6,6,子部分,子部分,有,有,边缘,边缘,边缘,边缘,阶段3,阶段3,结构隐喻,结构隐喻,3,3,成为,成为,形容词性,形容词性,有,有,无,无,文学,学术,2.7,2.6,3.5,3.4,1.7,1.6,4.5,4.2,2.6,2.5,2.6,2.2,2.2,2.4,3.4,3.5,2.3,2.2,3.1,3.3,3.8,3.8,3.9,3.8,2.6,2.7,3.8,4.0,1.9,2.0,2.5,2.9
871,9,9,具体-具体,具体-具体,物体,物体,关系,关系,13,13,子部分,子部分,无,无,桥接,桥接,中间,中间,阶段1,阶段1,本体隐喻,本体隐喻,6,6,是,是,形容词性,形容词性,有,有,无,无,对话,对话,3.3,3.4,2.3,2.5,3.6,3.6,2.1,2.1,3.2,3.1,2.2,2.4,4.3,4.6,3.5,3.4,3.3,3.1,4.3,4.4,2.1,2.3,2.2,2.2,1.7,1.8,3.5,3.3,1.4,1.5,4.0,4.0
872,11,11,具体-抽象,具体-抽象,自然,自然,状态,状态,7,7,子部分,子部分,有,有,桥接,桥接,边缘,边缘,阶段4,阶段1,结构隐喻,结构隐喻,7,7,是,是,名词性,名词性,无,无,有,有,网络,网络,3.7,3.4,2.9,2.8,2.5,2.1,3.6,3.6,3.9,4.1,4.0,4.1,1.9,2.0,4.1,4.1,2.7,2.7,3.8,3.7,2.7,2.9,3.5,3.5,3.6,3.6,1.8,1.9,2.1,2.0,2.7,3.0
873,11,11,具体-具体,具体-具体,心理,心理,时间,时间,2,2,隐喻扩展,隐喻扩展,有,有,桥接,桥接,边缘,边缘,阶段1,阶段1,方位隐喻,本体隐喻,6,6,像,像,介词短语,介词短语,无,有,有,有,网络,网络,3.7,3.8,2.9,3.1,1.7,1.9,3.9,3.9,3.7,3.5,4.2,4.1,2.4,2.1,2.6,2.3,3.0,3.1,1.5,1.4,1.7,1.7,2.8,2.8,4.3,4.1,4.0,3.9,2.6,2.5,4.1,3.9
874,11,11,抽象-具体,抽象-具体,感知,感知,情感,抽象概念,8,8,多义,多义,无,有,边缘,边缘,边缘,边缘,阶段3,阶段3,结构隐喻,结构隐喻,6,6,成为,成为,名词性,名词性,无,无,有,有,新闻,新闻,3.4,3.5,2.7,2.9,4.2,4.1,2.7,2.9,1.7,1.6,1.7,1.5,3.4,3.4,2.8,2.6,4.0,3.9,2.4,2.1,3.5,3.5,2.2,2.0,4.2,4.4,3.6,3.5,1.4,1.4,2.4,2.5
875,3,3,抽象-具体,抽象-具体,人体,人体,时间,抽象概念,22,22,多义,实例,有,有,桥接,桥接,核心,核心,阶段4,阶段4,方位隐喻,方位隐喻,4,4,成为,成为,名词性,名词性,无,无,无,无,网络,网络,3.8,3.5,3.7,4.0,3.6,3.7,3.5,3.7,2.8,2.7,2.5,2.5,4.5,4.5,2.8,2.9,3.0,3.0,2.9,2.9,3.7,3.4,3.3,3.2,1.7,2.0,3.1,3.0,4.1,4.1,2.1,1.9
876,6,6,具体-抽象,具体-抽象,物体,物体,品质,品质,3,3,多义,多义,无,无,边缘,边缘,中间,中间,阶段4,阶段4,结构隐喻,结构隐喻,2,2,算,算,介词短语,介词短语,有,有,无,无,网络,网络,3.6,3.4,4.3,4.3,2.7,2.8,3.1,3.1,1.7,1.8,2.7,2.6,3.4,3.5,2.9,2.9,4.5,4.5,3.6,3.7,4.4,4.2,4.2,3.9,3.5,3.4,3.8,3.7,3.4,3.3,4.3,4.2
877,8,8,具体-抽象,具体-抽象,自然,自然,抽象概念,抽象概念,6,6,实例,实例,无,无,桥接,桥接,中间,核心,阶段1,阶段1,结构隐喻,结构隐喻,7,9,算,算,介词短语,介词短语,有,有,无,无,学术,文学,2.8,3.1,1.6,1.9,2.8,2.8,2.0,2.1,2.9,2.9,4.4,4.3,1.7,1.9,3.2,3.0,3.6,3.6,3.1,3.1,4.2,4.1,4.3,4.4,2.8,2.7,3.4,3.7,1.5,1.6,1.7,1.8
878,11,11,具体-具体,具体-具体,自然,社会,品质,品质,1,1,多义,多义,无,无,核心,核心,中间,中间,阶段4,阶段4,本体隐喻,本体隐喻,1,1,变成,变成,动词性,动词性,有,有,无,无,新闻,学术,1.9,1.9,4.1,3.8,2.1,2.0,3.7,3.7,2.1,2.0,4.2,4.2,3.8,3.7,3.8,3.7,2.0,1.9,1.6,1.7,3.6,3.7,1.6,1.7,1.8,1.9,2.6,3.1,2.2,2.1,3.6,3.5
879,2,2,具体-抽象,具体-抽象,自然,自然,社会角色,社会角色,8,8,子部分,隐喻扩展,有,有,边缘,桥接,中间,中间,阶段2,阶段2,本体隐喻,本体隐喻,5,5,为,为,介词短语,介词短语,有,有,无,无,新闻,学术,3.7,3.8,1.9,2.0,1.5,1.6,4.3,4.3,1.7,1.5,3.4,3.4,2.7,2.9,2.0,2.2,2.9,3.1,3.8,3.7,2.4,2.4,2.8,2.8,3.8,3.8,2.4,2.0,3.5,3.2,4.1,4.1
880,6,6,具体-抽象,具体-抽象,运动,运动,抽象概念,抽象概念,2,2,实例,实例,有,有,桥接,桥接,中间,中间,阶段3,阶段3,本体隐喻,本体隐喻,6,6,为,为,介词短语,介词短语,有,有,有,有,对话,对话,1.6,1.7,1.7,1.6,2.6,2.5,3.0,2.9,3.9,4.0,1.6,1.6,4.5,4.8,2.5,2.8,3.8,3.8,3.9,4.2,2.4,2.9,3.4,3.3,3.9,4.0,3.0,3.1,1.5,1.6,1.6,1.7
881,6,6,抽象-抽象,抽象-抽象,社会,社会,抽象概念,抽象概念,12,12,多义,多义,有,有,桥接,桥接,边缘,边缘,阶段1,阶段1,本体隐喻,结构隐喻,6,6,变成,变成,形容词性,动词性,无,无,有,有,文学,文学,4.4,4.6,4.3,4.4,1.9,2.0,4.4,4.4,4.4,4.5,2.0,2.0,3.5,3.4,2.9,3.1,2.3,2.0,2.0,1.9,2.7,2.7,2.7,2.4,4.4,4.4,2.1,1.9,2.5,2.7,2.9,3.1
882,10,10,抽象-具体,具体-抽象,自然,自然,抽象概念,抽象概念,17,2,多义,多义,无,无,核心,核心,核心,核心,阶段2,阶段2,结构隐喻,结构隐喻,8,8,为,为,介词短语,形容词性,无,无,有,有,网络,网络,4.0,4.0,3.2,2.9,2.8,2.9,2.7,2.6,4.2,4.2,2.9,2.9,3.1,3.2,1.9,2.2,3.7,3.6,2.0,1.6,2.0,2.0,2.5,2.5,1.8,1.8,1.9,1.8,1.5,2.0,1.6,1.7
883,3,11,抽象-抽象,抽象-抽象,自然,自然,品质,品质,1,22,子部分,实例,无,无,边缘,核心,核心,核心,阶段1,阶段1,方位隐喻,方位隐喻,6,6,变成,变成,形容词性,形容词性,有,有,有,有,对话,文学,3.4,3.3,1.8,2.0,4.3,4.2,2.8,2.6,2.3,2.5,4.4,4.5,3.5,3.4,3.6,3.7,1.5,1.5,3.9,3.8,4.3,4.4,3.8,3.8,2.1,2.2,2.3,2.0,2.6,2.7,3.0,2.8
884,7,7,抽象-具体,抽象-具体,物体,物体,抽象概念,抽象概念,8,8,多义,隐喻扩展,有,有,边缘,核心,中间,中间,阶段1,阶段2,方位隐喻,结构隐喻,7,7,算,算,动词性,动词性,无,无,无,无,网络,网络,4.5,4.3,3.1,3.0,1.9,2.0,3.6,3.5,3.9,4.0,1.8,1.9,3.2,3.5,1.6,1.8,4.5,4.4,3.7,3.5,3.9,3.8,4.0,3.8,3.9,3.7,2.6,2.6,4.2,4.7,4.0,3.8
885,10,10,具体-抽象,具体-抽象,社会,社会,品质,品质,15,15,多义,多义,有,有,边缘,边缘,核心,中间,阶段4,阶段4,本体隐喻,本体隐喻,2,2,像,像,介词短语,介词短语,有,有,有,无,新闻,新闻,3.4,3.1,2.2,2.1,1.8,1.7,2.3,2.1,3.5,3.6,3.9,3.9,3.8,3.7,3.1,3.2,3.5,3.4,3.9,3.9,1.8,1.9,3.6,3.7,2.8,2.6,3.5,3.5,2.7,2.9,2.2,2.3
886,3,3,抽象-抽象,抽象-抽象,运动,运动,关系,关系,2,22,子部分,子部分,无,有,桥接,桥接,中间,中间,阶段2,阶段2,本体隐喻,本体隐喻,7,7,成为,成为,动词性,动词性,无,无,有,有,网络,网络,1.8,1.5,2.8,2.8,4.2,4.1,4.3,4.2,4.1,4.2,2.2,2.0,1.5,1.7,2.0,1.8,1.7,2.1,3.3,3.0,4.2,4.3,4.2,4.4,3.0,2.9,3.0,2.8,3.1,3.4,2.3,2.3
887,2,2,抽象-抽象,抽象-抽象,物体,运动,情感,情感,9,9,子部分,子部分,无,无,桥接,桥接,核心,核心,阶段4,阶段4,方位隐喻,方位隐喻,5,5,成为,成为,动词性,形容词性,有,有,无,无,对话,对话,3.2,3.2,3.5,3.3,3.7,3.8,3.6,3.7,4.2,4.1,2.9,3.0,1.8,1.8,1.5,1.3,4.0,3.9,2.8,2.9,4.0,4.2,3.0,2.8,3.2,3.2,3.8,3.6,2.7,2.7,2.3,2.0
888,6,6,具体-具体,抽象-抽象,人体,感知,社会角色,社会角色,6,6,多义,子部分,有,有,边缘,边缘,核心,边缘,阶段2,阶段2,本体隐喻,本体隐喻,6,4,是,是,动词性,动词性,有,有,无,无,网络,网络,2.5,2.3,4.0,4.0,1.6,1.6,4.2,3.9,4.4,4.5,3.6,3.7,2.5,2.4,2.4,2.5,1.8,1.9,4.3,4.6,4.1,4.4,3.8,3.8,2.7,2.5,3.9,3.7,2.5,2.4,3.9,3.8
889,2,1,抽象-具体,抽象-具体,自然,自然,状态,状态,10,10,实例,实例,有,有,桥接,桥接,核心,核心,阶段3,阶段3,结构隐喻,结构隐喻,6,6,算,算,介词短语,介词短语,无,有,有,有,文学,文学,2.4,2.8,1.5,1.4,1.7,1.6,3.5,3.3,1.9,1.9,3.5,3.3,2.7,2.9,2.8,2.7,2.8,2.5,3.7,3.7,2.5,2.4,1.4,1.6,1.7,1.7,3.7,3.5,3.2,3.4,4.4,4.3
890,6,6,抽象-具体,具体-抽象,人体,人体,社会角色,关系,3,3,实例,实例,有,有,桥接,桥接,中间,中间,阶段1,阶段1,方位隐喻,方位隐喻,7,7,是,是,动词性,动词性,有,有,有,有,学术,学术,2.9,2.9,2.2,2.2,3.6,3.9,4.1,4.0,3.9,3.8,3.9,3.8,2.5,2.4,4.1,4.1,3.6,3.8,2.5,2.8,2.6,2.5,4.5,4.3,3.0,3.2,3.3,3.1,3.5,3.5,2.3,2.1
891,11,11,抽象-抽象,抽象-抽象,运动,运动,关系,关系,8,8,隐喻扩展,隐喻扩展,无,无,边缘,边缘,边缘,边缘,阶段1,阶段1,方位隐喻,方位隐喻,6,6,是,是,介词短语,动词性,无,无,有,有,网络,网络,4.0,3.7,1.8,1.8,2.7,2.6,3.6,3.5,3.8,3.6,3.9,3.7,2.0,1.9,2.6,2.9,4.3,4.2,4.1,4.4,3.0,3.0,4.1,4.2,1.9,2.2,3.4,3.5,3.5,3.4,1.6,1.8
892,5,8,抽象-具体,抽象-具体,运动,自然,事件,事件,13,13,子部分,子部分,无,无,边缘,边缘,中间,核心,阶段3,阶段3,方位隐喻,方位隐喻,9,9,为,为,名词性,名词性,无,无,无,无,新闻,学术,2.8,3.1,1.9,2.0,3.9,3.8,3.2,2.9,2.3,2.4,2.7,2.3,4.3,4.2,4.3,4.3,2.5,2.5,4.6,4.5,2.3,2.0,4.1,4.1,4.6,4.6,4.4,4.5,1.5,1.6,1.9,1.9
893,9,9,具体-具体,具体-具体,运动,心理,关系,关系,3,24,子部分,子部分,无,无,桥接,桥接,核心,核心,阶段1,阶段1,结构隐喻,结构隐喻,5,1,算,算,形容词性,形容词性,有,有,有,有,学术,学术,2.9,3.1,4.4,4.4,2.8,2.7,4.4,4.1,2.9,2.9,2.5,2.5,1.5,1.6,4.3,4.0,4.1,3.9,2.4,2.5,2.9,2.9,3.2,3.2,3.6,3.5,3.6,3.7,3.4,3.5,3.3,3.3
894,2,2,抽象-抽象,抽象-抽象,运动,运动,情感,情感,18,18,隐喻扩展,隐喻扩展,无,无,核心,边缘,核心,核心,阶段2,阶段2,方位隐喻,方位隐喻,4,4,为,为,动词性,动词性,有,有,无,无,新闻,学术,2.5,2.5,4.3,4.4,4.3,4.4,2.8,3.0,2.0,2.1,3.9,4.1,4.3,4.2,2.1,2.0,2.2,1.8,4.1,4.1,1.6,1.4,3.1,3.2,4.0,4.0,3.9,3.7,3.6,3.5,3.3,3.6
895,8,9,抽象-抽象,抽象-抽象,社会,心理,社会角色,社会角色,5,5,隐喻扩展,隐喻扩展,无,无,核心,核心,中间,边缘,阶段4,阶段4,结构隐喻,结构隐喻,4,4,为,为,动词性,动词性,无,无,无,无,学术,学术,3.1,3.1,3.7,3.8,3.4,3.6,3.0,3.1,4.2,4.5,1.4,1.5,4.3,4.3,2.1,2.1,1.5,1.6,1.6,1.5,4.1,4.1,1.7,1.8,4.4,4.4,2.4,2.5,1.9,1.7,2.5,2.9
896,5,5,抽象-抽象,抽象-抽象,社会,社会,关系,关系,3,3,多义,多义,有,有,桥接,桥接,核心,核心,阶段4,阶段1,本体隐喻,本体隐喻,1,1,像,像,动词性,动词性,无,无,有,有,网络,文学,2.4,2.2,3.5,3.3,1.6,1.6,2.0,2.0,4.1,4.2,3.2,3.1,3.7,3.7,2.2,2.2,1.7,1.4,2.3,2.3,2.0,2.1,1.7,1.8,1.5,1.7,2.9,2.8,2.1,2.1,1.6,1.9
897,6,5,抽象-抽象,抽象-抽象,运动,运动,社会角色,时间,17,17,实例,子部分,有,有,边缘,边缘,核心,核心,阶段3,阶段3,本体隐喻,本体隐喻,5,5,成为,成为,名词性,名词性,无,无,有,有,文学,文学,2.4,2.1,4.0,4.0,2.6,2.4,4.5,4.4,3.3,3.4,4.2,4.2,1.6,1.6,2.7,2.5,3.5,3.3,1.8,2.0,3.0,2.9,2.3,2.5,2.0,2.0,2.7,2.7,3.1,3.1,4.3,4.3
898,7,7,具体-抽象,具体-抽象,人体,人体,品质,品质,22,24,隐喻扩展,隐喻扩展,无,无,边缘,边缘,中间,中间,阶段1,阶段1,本体隐喻,本体隐喻,3,3,是,是,动词性,动词性,无,无,无,无,学术,学术,3.7,3.7,1.6,1.8,3.2,3.4,2.1,2.2,2.9,3.0,3.9,4.2,2.2,2.0,3.2,3.2,1.9,1.9,2.6,2.6,4.2,4.4,2.0,1.7,4.0,4.0,2.6,2.3,2.6,2.5,4.4,4.2
899,11,11,抽象-抽象,抽象-抽象,社会,社会,情感,情感,20,20,隐喻扩展,隐喻扩展,有,有,桥接,桥接,中间,中间,阶段3,阶段3,本体隐喻,本体隐喻,9,9,算,算,名词性,名词性,有,有,无,无,网络,新闻,2.5,2.5,1.8,1.7,1.9,2.0,2.2,2.1,2.3,2.4,3.9,3.8,4.4,4.4,1.9,1.8,1.6,1.6,3.0,3.2,3.9,4.0,3.3,3.3,4.1,4.0,2.9,2.9,3.3,3.4,2.8,2.9
900,12,12,具体-具体,具体-具体,社会,社会,事件,事件,19,19,实例,实例,无,无,边缘,边缘,中间,中间,阶段2,阶段2,方位隐喻,方位隐喻,2,2,算,算,名词性,名词性,无,无,无,无,文学,文学,1.5,1.5,2.6,2.5,1.6,1.3,1.8,2.0,3.8,3.8,1.3,1.4,4.1,4.3,3.2,3.3,4.3,4.4,3.3,3.5,3.8,3.8,2.3,2.5,1.7,1.7,3.3,3.5,3.9,4.0,4.2,4.1
901,11,11,抽象-具体,具体-具体,空间,空间,事件,情感,24,24,隐喻扩展,隐喻扩展,有,有,桥接,桥接,中间,边缘,阶段3,阶段3,结构隐喻,结构隐喻,9,9,成为,成为,名词性,名词性,无,有,无,无,新闻,新闻,2.6,2.5,3.9,4.0,1.7,1.7,3.0,3.1,1.8,1.4,4.3,4.2,4.3,4.5,3.4,3.3,2.1,2.3,4.1,4.1,3.4,3.3,2.5,2.6,4.5,4.4,3.5,3.4,3.1,3.1,4.1,4.5
902,1,1,具体-具体,具体-具体,物体,物体,品质,品质,22,22,实例,实例,无,无,核心,核心,核心,核心,阶段4,阶段4,本体隐喻,本体隐喻,7,5,算,算,动词性,动词性,无,无,有,有,对话,对话,3.4,3.4,2.8,2.8,3.2,2.9,2.4,2.2,3.0,2.8,4.1,4.2,4.7,4.5,3.5,3.5,2.8,2.7,1.9,2.0,2.8,2.7,1.4,1.5,3.0,2.9,4.0,3.9,2.7,2.9,3.0,3.2
903,4,5,抽象-具体,抽象-具体,心理,心理,品质,品质,20,20,隐喻扩展,隐喻扩展,有,有,桥接,桥接,中间,中间,阶段1,阶段1,本体隐喻,本体隐喻,7,7,变成,为,动词性,动词性,有,有,无,无,新闻,新闻,3.9,4.1,3.0,3.0,3.2,3.3,3.6,3.8,4.1,4.3,3.5,3.5,1.6,1.7,3.1,3.0,3.2,3.2,3.2,3.4,2.8,2.7,3.1,3.0,2.9,2.9,3.6,3.2,2.2,2.4,3.7,3.4
904,11,11,具体-抽象,具体-抽象,运动,空间,社会角色,社会角色,1,1,隐喻扩展,隐喻扩展,有,有,桥接,桥接,边缘,边缘,阶段4,阶段4,方位隐喻,方位隐喻,3,6,成为,成为,介词短语,介词短语,无,无,有,有,学术,学术,4.4,4.2,2.2,2.4,1.8,1.8,2.5,2.4,3.6,3.4,2.3,2.4,3.2,3.1,3.8,4.0,2.0,2.0,3.2,3.0,1.8,1.7,3.4,3.6,4.1,4.3,4.0,3.9,3.4,3.3,3.7,3.4
905,12,12,具体-具体,具体-具体,空间,空间,时间,品质,19,19,多义,多义,有,有,核心,核心,核心,核心,阶段4,阶段1,结构隐喻,结构隐喻,6,6,像,像,介词短语,动词性,无,无,无,无,对话,对话,3.6,3.8,3.4,3.2,3.3,3.6,3.6,3.8,3.5,3.4,2.9,2.9,4.0,4.1,3.4,3.4,2.8,2.5,2.9,2.8,1.6,1.6,2.5,2.5,2.3,2.2,3.7,3.4,4.0,4.0,4.1,4.4
906,8,8,抽象-抽象,抽象-抽象,空间,空间,状态,状态,16,16,多义,多义,无,无,核心,核心,边缘,边缘,阶段1,阶段1,本体隐喻,本体隐喻,3,8,像,像,名词性,名词性,有,有,无,无,学术,学术,2.6,2.6,4.2,4.0,3.4,3.1,2.1,2.0,1.8,1.8,3.9,3.9,2.5,2.4,4.4,4.3,3.4,3.7,3.5,3.7,4.0,4.1,1.9,1.7,3.2,3.3,2.3,2.5,2.4,2.2,1.7,1.8
907,12,12,抽象-具体,抽象-具体,社会,运动,抽象概念,抽象概念,13,9,子部分,子部分,无,无,边缘,边缘,边缘,边缘,阶段4,阶段1,方位隐喻,方位隐喻,6,6,为,成为,形容词性,动词性,无,无,有,有,文学,文学,2.4,2.2,2.4,2.3,4.4,4.5,2.4,2.3,2.3,2.3,3.9,4.0,2.9,2.7,3.7,3.6,3.4,3.2,2.9,2.8,2.8,2.6,3.7,3.7,2.6,2.7,3.2,3.5,3.9,3.8,1.6,1.6
908,2,2,抽象-抽象,具体-抽象,心理,人体,抽象概念,抽象概念,6,6,多义,多义,有,有,桥接,桥接,核心,核心,阶段2,阶段2,结构隐喻,结构隐喻,7,7,为,为,介词短语,介词短语,无,无,无,无,文学,文学,1.9,1.8,3.5,3.3,3.8,3.9,3.9,3.8,3.5,3.4,2.6,2.4,2.3,2.5,2.8,2.8,4.1,4.1,3.3,3.1,1.8,1.6,1.9,1.9,1.7,2.0,3.7,3.8,2.8,2.6,3.6,3.6
909,10,5,抽象-抽象,抽象-抽象,物体,物体,品质,品质,16,16,多义,多义,有,有,桥接,桥接,边缘,边缘,阶段2,阶段2,本体隐喻,本体隐喻,9,7,变成,变成,介词短语,介词短语,有,有,有,有,新闻,新闻,3.3,3.4,2.5,2.4,4.1,4.3,2.5,2.6,1.8,1.6,2.2,2.5,1.6,1.6,2.2,2.1,2.7,2.7,4.4,4.1,3.6,3.6,3.7,3.9,2.6,2.7,3.4,3.6,1.8,1.8,1.6,1.6
910,9,9,抽象-抽象,抽象-抽象,社会,社会,社会角色,社会角色,22,1,子部分,子部分,有,有,桥接,桥接,边缘,中间,阶段3,阶段3,结构隐喻,结构隐喻,9,9,像,是,介词短语,介词短语,无,无,无,无,对话,对话,2.9,3.2,4.0,3.9,4.5,4.6,1.8,1.7,2.6,2.4,3.6,3.6,1.7,1.7,1.7,1.4,4.0,4.1,4.1,4.3,3.6,3.4,3.2,3.3,2.1,2.0,4.0,4.0,4.0,4.3,1.8,1.9
911,5,5,抽象-抽象,抽象-抽象,物体,感知,品质,品质,13,13,多义,多义,无,无,桥接,桥接,中间,核心,阶段3,阶段3,本体隐喻,本体隐喻,6,6,像,像,名词性,名词性,无,无,无,无,对话,对话,3.6,3.5,2.8,2.9,2.9,3.0,4.5,4.3,2.5,2.3,3.6,3.6,1.3,1.6,1.8,1.8,3.3,3.5,3.3,3.3,2.2,2.0,2.2,2.3,3.0,3.1,4.2,4.3,3.6,3.7,2.9,2.6
912,6,6,具体-抽象,抽象-抽象,感知,感知,状态,状态,8,11,隐喻扩展,隐喻扩展,有,有,核心,边缘,边缘,边缘,阶段4,阶段4,本体隐喻,本体隐喻,9,9,算,算,名词性,名词性,无,无,无,无,新闻,新闻,2.3,2.1,2.5,2.6,2.8,2.9,2.1,1.9,3.3,3.0,3.0,3.1,3.0,3.1,2.0,2.2,3.2,3.3,2.1,1.9,2.9,2.7,4.3,4.3,3.1,3.2,2.7,2.6,4.2,4.0,2.0,2.2
913,6,6,抽象-具体,抽象-具体,感知,感知,社会角色,社会角色,23,23,隐喻扩展,隐喻扩展,有,有,桥接,核心,核心,核心,阶段3,阶段3,本体隐喻,本体隐喻,8,8,是,是,名词性,介词短语,有,有,有,有,学术,网络,2.5,2.4,2.5,2.7,2.4,2.5,2.0,1.8,2.6,2.4,2.9,2.9,3.5,3.2,2.1,2.3,1.8,1.7,4.5,4.4,3.1,3.2,1.8,1.7,2.9,2.8,1.9,1.9,3.4,3.4,4.2,4.3
914,5,5,具体-具体,具体-具体,物体,物体,状态,状态,2,2,子部分,子部分,无,无,边缘,核心,边缘,核心,阶段4,阶段4,结构隐喻,结构隐喻,4,4,成为,成为,名词性,形容词性,无,有,无,无,网络,网络,2.4,2.3,1.9,2.0,3.0,3.0,2.5,2.7,3.0,2.9,3.6,3.6,2.7,2.4,3.8,3.7,3.1,3.0,3.2,3.3,3.4,3.3,3.4,3.3,2.1,2.0,3.3,3.4,2.0,1.9,2.4,2.5
915,8,8,抽象-抽象,抽象-抽象,心理,心理,社会角色,社会角色,12,12,实例,实例,有,有,桥接,桥接,中间,中间,阶段3,阶段1,结构隐喻,结构隐喻,8,1,成为,是,介词短语,动词性,有,有,无,无,学术,学术,3.8,3.5,4.4,4.2,1.9,2.3,1.8,1.8,3.2,3.2,1.8,1.6,4.1,3.8,2.7,2.6,3.2,3.4,3.9,3.8,3.0,3.2,3.4,3.4,1.8,1.8,1.5,1.9,3.0,3.3,3.4,3.4
916,1,1,具体-具体,具体-具体,社会,社会,事件,品质,17,17,多义,多义,无,无,桥接,桥接,边缘,边缘,阶段4,阶段4,结构隐喻,结构隐喻,6,6,为,像,名词性,名词性,无,有,有,有,新闻,新闻,2.2,1.9,4.3,4.4,3.5,3.4,2.1,2.2,1.9,1.8,1.7,2.0,4.2,4.3,2.7,2.5,3.9,4.0,1.5,1.5,2.3,2.5,1.8,1.5,1.7,1.8,4.2,4.2,3.3,3.6,1.6,1.6
917,6,6,抽象-抽象,抽象-抽象,感知,感知,品质,抽象概念,14,14,多义,多义,有,有,边缘,边缘,核心,核心,阶段4,阶段4,本体隐喻,本体隐喻,9,9,算,算,形容词性,形容词性,无,无,无,无,文学,文学,3.3,3.4,3.0,3.0,1.4,1.8,3.9,4.0,2.0,2.1,3.1,3.3,1.8,1.8,1.8,1.7,3.6,3.6,4.2,4.1,1.9,1.6,3.3,3.3,1.7,1.8,4.0,3.9,2.1,2.1,3.1,3.4
918,11,11,具体-具体,具体-具体,自然,自然,关系,关系,7,24,子部分,子部分,有,有,核心,核心,核心,核心,阶段2,阶段2,本体隐喻,本体隐喻,8,8,变成,变成,介词短语,介词短语,有,有,无,无,网络,网络,1.7,1.4,2.2,2.0,2.3,2.1,2.0,1.9,4.0,4.1,2.2,2.2,1.7,1.9,3.0,3.1,3.2,3.2,3.6,3.6,1.5,1.3,3.7,3.3,2.4,2.5,3.6,3.5,3.6,3.4,3.9,3.9
919,12,5,抽象-抽象,抽象-抽象,运动,运动,事件,事件,3,3,多义,隐喻扩展,有,有,桥接,桥接,边缘,边缘,阶段4,阶段4,方位隐喻,方位隐喻,9,9,为,是,介词短语,介词短语,无,无,有,有,对话,对话,3.1,3.1,3.3,3.5,2.0,2.0,1.8,1.8,2.7,3.1,3.7,3.6,2.5,2.4,3.3,3.3,3.3,3.4,3.4,3.7,3.2,2.8,4.0,4.0,1.6,1.5,4.2,4.3,3.1,3.4,4.5,4.4
920,1,1,具体-抽象,具体-抽象,人体,人体,社会角色,社会角色,6,6,子部分,子部分,无,无,边缘,边缘,核心,核心,阶段2,阶段2,本体隐喻,本体隐喻,5,3,变成,变成,形容词性,形容词性,无,无,无,无,对话,对话,1.7,1.7,3.0,2.8,4.3,4.3,4.2,4.1,2.7,2.5,3.8,3.9,3.9,3.7,4.3,4.0,3.8,3.8,1.9,1.7,2.1,2.1,3.6,3.7,1.7,1.9,4.1,4.1,1.6,1.4,3.4,3.6
921,11,11,抽象-抽象,抽象-抽象,自然,自然,情感,情感,2,2,隐喻扩展,隐喻扩展,无,无,核心,核心,中间,边缘,阶段2,阶段2,方位隐喻,方位隐喻,8,7,成为,成为,名词性,名词性,无,无,有,有,网络,网络,1.7,2.1,2.2,2.2,2.0,1.7,2.8,2.9,2.9,2.6,3.7,3.9,2.8,3.2,2.9,2.9,2.5,2.6,3.7,3.5,4.2,4.4,2.9,2.9,2.8,2.8,4.1,4.4,4.2,4.2,2.3,2.2
922,7,7,抽象-具体,抽象-具体,运动,运动,社会角色,社会角色,4,4,隐喻扩展,隐喻扩展,有,有,桥接,桥接,中间,中间,阶段1,阶段1,结构隐喻,结构隐喻,8,7,变成,变成,形容词性,形容词性,无,无,有,有,网络,网络,1.8,1.9,1.4,1.6,4.1,4.1,1.8,1.9,2.2,1.9,4.1,4.2,2.8,3.0,1.5,1.5,2.0,1.9,1.9,2.0,3.5,3.4,4.0,4.0,2.1,2.1,3.5,3.7,3.3,3.1,2.6,2.6
923,3,3,具体-具体,具体-抽象,社会,社会,社会角色,关系,9,9,隐喻扩展,隐喻扩展,有,有,边缘,边缘,边缘,边缘,阶段3,阶段3,结构隐喻,结构隐喻,6,6,算,算,名词性,名词性,有,有,有,有,文学,文学,2.4,2.6,4.1,4.3,1.8,1.8,3.3,3.1,2.2,2.0,2.2,2.0,2.1,1.9,1.9,1.7,4.1,4.2,1.6,1.7,3.2,3.2,2.6,2.5,2.3,2.4,2.5,2.6,3.2,3.1,1.8,1.8
924,11,3,抽象-抽象,抽象-抽象,人体,人体,抽象概念,抽象概念,13,13,实例,实例,无,无,边缘,边缘,中间,中间,阶段1,阶段4,结构隐喻,结构隐喻,7,7,算,算,动词性,动词性,有,无,有,有,网络,网络,2.6,2.4,3.7,3.9,3.4,3.4,1.5,1.7,2.9,3.1,2.4,2.4,2.7,2.6,2.3,2.1,4.4,4.5,2.5,2.4,2.7,2.7,4.0,4.2,2.5,2.5,1.6,1.6,2.1,2.0,2.3,2.2
925,5,2,抽象-抽象,抽象-抽象,人体,运动,时间,时间,18,18,子部分,子部分,有,有,桥接,桥接,边缘,边缘,阶段3,阶段4,方位隐喻,方位隐喻,4,4,是,是,形容词性,形容词性,无,无,无,无,网络,网络,3.9,3.8,4.0,4.0,2.7,2.6,2.6,2.9,2.7,2.2,2.2,2.5,4.4,4.3,2.0,2.0,2.6,2.7,1.7,1.5,2.6,2.5,4.1,4.2,1.5,1.5,2.1,1.7,3.8,4.0,3.1,3.1
926,5,5,具体-抽象,抽象-具体,社会,社会,关系,社会角色,5,5,隐喻扩展,子部分,有,有,核心,核心,核心,核心,阶段3,阶段3,结构隐喻,结构隐喻,6,6,变成,变成,形容词性,形容词性,无,无,无,无,学术,学术,2.1,2.1,2.8,2.6,2.6,2.5,3.3,3.2,2.9,2.8,4.0,3.9,2.5,2.3,3.8,3.7,4.4,4.3,1.8,1.9,2.1,1.9,3.4,3.4,2.1,2.2,3.9,4.1,3.1,3.0,2.9,3.0
927,3,10,抽象-具体,抽象-具体,自然,运动,时间,时间,22,22,实例,实例,有,有,桥接,桥接,中间,中间,阶段4,阶段4,方位隐喻,方位隐喻,7,7,像,像,动词性,动词性,有,有,无,无,学术,文学,2.0,1.7,3.9,3.6,4.6,4.5,4.3,4.5,1.5,2.0,3.3,2.9,3.3,3.3,1.8,1.7,2.3,2.4,3.7,3.7,1.7,1.7,2.4,2.5,3.8,3.6,2.0,2.1,2.0,1.6,4.2,4.2
928,9,9,抽象-抽象,抽象-抽象,物体,心理,社会角色,情感,23,15,子部分,子部分,有,有,核心,核心,边缘,边缘,阶段3,阶段3,结构隐喻,结构隐喻,7,7,是,是,介词短语,介词短语,有,有,无,无,对话,对话,3.2,3.4,3.5,3.1,2.4,2.0,2.4,2.4,2.0,1.8,2.1,2.3,1.9,1.4,1.8,2.0,1.6,1.6,3.9,4.1,3.3,3.5,3.3,3.5,2.5,2.6,2.5,2.3,3.6,3.8,2.2,2.0
929,6,6,抽象-具体,抽象-具体,感知,感知,抽象概念,抽象概念,10,10,子部分,子部分,有,有,边缘,边缘,中间,中间,阶段2,阶段2,本体隐喻,本体隐喻,1,1,变成,变成,形容词性,形容词性,无,有,有,有,文学,文学,3.6,3.4,2.8,2.8,2.1,1.9,3.8,3.9,2.8,2.6,2.1,2.0,1.6,1.5,3.5,3.5,3.3,3.2,2.0,1.9,3.6,3.7,4.0,4.1,2.2,1.8,3.4,3.3,3.1,2.8,2.9,2.8
930,1,1,抽象-具体,抽象-抽象,物体,物体,时间,时间,2,2,实例,实例,无,无,核心,核心,核心,核心,阶段1,阶段1,方位隐喻,方位隐喻,1,1,成为,成为,形容词性,动词性,无,无,无,有,学术,学术,2.4,2.6,3.9,4.3,3.2,3.2,1.8,1.8,2.8,2.7,4.0,4.3,2.8,2.8,2.2,2.4,4.1,4.2,3.9,3.9,4.1,4.0,3.5,3.3,2.1,2.1,1.9,1.7,2.5,2.7,3.5,3.2
931,10,10,具体-具体,具体-具体,社会,社会,关系,关系,23,23,实例,实例,无,无,边缘,边缘,边缘,核心,阶段2,阶段2,本体隐喻,本体隐喻,1,1,变成,成为,介词短语,介词短语,无,无,有,有,学术,学术,3.2,3.3,4.6,4.6,3.6,3.6,3.0,3.1,4.0,4.0,3.6,3.6,3.3,3.2,4.6,4.4,3.5,3.4,2.9,3.1,3.7,3.5,4.0,4.1,4.5,4.6,4.5,4.6,4.3,4.3,4.6,4.4
932,12,12,抽象-具体,抽象-具体,运动,人体,情感,情感,8,8,隐喻扩展,子部分,无,无,边缘,边缘,边缘,边缘,阶段1,阶段1,本体隐喻,本体隐喻,8,8,是,是,介词短语,介词短语,有,有,有,无,网络,网络,4.0,3.7,4.3,4.2,4.4,4.4,2.2,2.0,1.7,1.5,3.1,3.0,2.7,2.7,3.8,4.2,1.6,1.6,4.4,4.2,4.4,4.2,2.5,2.6,1.9,1.9,4.1,4.1,4.0,3.9,2.4,2.3
933,1,1,具体-抽象,具体-抽象,人体,人体,品质,品质,22,22,隐喻扩展,实例,有,有,核心,核心,边缘,边缘,阶段2,阶段2,结构隐喻,方位隐喻,5,5,成为,成为,形容词性,形容词性,有,无,有,有,网络,网络,2.7,2.4,3.8,3.9,3.6,3.8,3.0,2.9,4.5,4.6,4.3,4.4,2.1,2.2,3.7,3.7,1.4,1.6,1.8,2.1,4.5,4.4,2.6,2.4,4.3,4.2,3.5,3.4,1.5,1.8,3.9,3.9
934,5,5,抽象-抽象,具体-抽象,人体,人体,情感,情感,14,10,多义,多义,有,有,边缘,边缘,边缘,边缘,阶段3,阶段3,方位隐喻,方位隐喻,2,2,是,是,形容词性,形容词性,有,有,有,有,文学,文学,3.2,3.1,3.8,3.9,3.3,3.1,2.8,3.0,4.4,4.3,4.0,4.0,3.6,3.7,2.7,2.7,3.6,3.7,1.6,1.9,4.3,4.4,2.3,2.3,1.7,1.7,4.2,4.0,3.6,3.6,3.3,3.5
935,5,5,具体-具体,具体-具体,空间,心理,抽象概念,抽象概念,12,24,多义,多义,有,有,边缘,边缘,核心,核心,阶段4,阶段4,本体隐喻,本体隐喻,2,2,成为,成为,名词性,名词性,有,有,有,有,文学,文学,1.8,1.9,3.5,3.7,2.7,2.6,4.4,4.2,3.1,3.4,1.9,2.0,2.0,1.9,1.9,1.7,4.1,4.0,4.2,4.0,3.0,3.1,3.3,2.8,4.3,4.3,2.8,2.9,1.8,2.0,1.8,1.7
936,12,11,抽象-抽象,抽象-抽象,感知,感知,时间,时间,1,1,实例,子部分,无,无,边缘,边缘,边缘,边缘,阶段2,阶段2,本体隐喻,本体隐喻,9,9,算,算,形容词性,形容词性,无,无,无,无,新闻,对话,1.5,1.6,4.0,3.9,3.5,3.3,4.2,4.2,3.7,3.8,3.0,3.1,3.4,3.7,2.6,2.3,2.3,2.4,2.8,2.7,1.9,2.2,2.7,2.8,3.2,3.0,4.1,4.1,1.4,1.6,3.8,3.8
937,11,11,具体-抽象,抽象-抽象,空间,空间,情感,情感,7,7,隐喻扩展,隐喻扩展,无,无,边缘,边缘,边缘,边缘,阶段1,阶段1,方位隐喻,结构隐喻,8,8,算,算,名词性,名词性,无,无,无,无,学术,学术,4.2,4.5,3.1,3.0,3.1,3.2,3.4,3.2,4.4,4.4,2.8,3.0,4.4,4.4,2.7,2.5,3.0,2.9,3.0,2.7,1.8,2.1,3.9,3.9,3.2,3.5,3.9,3.9,2.3,2.1,1.9,2.2
938,6,6,具体-抽象,抽象-具体,感知,感知,事件,事件,6,6,子部分,子部分,无,无,边缘,边缘,核心,核心,阶段3,阶段3,结构隐喻,本体隐喻,5,5,变成,变成,名词性,名词性,有,有,有,有,对话,对话,2.4,2.3,2.1,2.0,2.1,2.2,1.9,2.0,2.0,2.1,4.2,4.0,2.7,3.0,1.7,1.9,4.1,4.4,3.1,3.0,4.6,4.5,1.9,1.9,2.1,2.3,1.5,1.4,1.5,1.7,3.8,3.3
939,4,4,抽象-具体,抽象-具体,人体,人体,时间,时间,23,12,实例,实例,有,有,桥接,桥接,边缘,边缘,阶段1,阶段1,本体隐喻,本体隐喻,8,8,变成,变成,介词短语,动词性,无,无,无,无,网络,网络,2.3,2.3,3.8,3.9,3.6,3.5,3.1,3.2,2.4,2.4,1.8,1.8,2.2,2.2,1.7,1.8,2.7,2.6,4.1,4.1,2.5,2.6,3.1,3.3,4.4,4.3,3.8,3.8,3.5,3.3,2.2,2.2
940,12,12,抽象-抽象,具体-具体,物体,自然,社会角色,社会角色,6,6,多义,多义,无,无,桥接,桥接,中间,中间,阶段4,阶段4,结构隐喻,结构隐喻,9,9,为,为,形容词性,形容词性,无,无,无,无,网络,学术,4.5,4.4,4.1,4.3,2.1,2.3,4.0,3.8,1.9,1.8,3.1,2.9,3.9,4.0,3.6,3.4,1.8,1.8,1.8,1.6,1.6,1.6,2.8,2.8,3.2,3.4,4.1,3.8,3.3,3.8,2.8,3.0
941,2,10,抽象-具体,抽象-具体,物体,物体,情感,情感,1,1,子部分,子部分,无,无,核心,核心,核心,核心,阶段2,阶段2,方位隐喻,方位隐喻,7,6,变成,像,名词性,名词性,有,有,有,有,学术,学术,3.9,3.9,2.7,2.4,3.0,2.9,1.6,1.7,3.4,3.1,3.4,3.4,3.0,3.0,2.0,2.0,4.3,4.2,2.9,3.3,2.8,2.6,4.2,4.2,3.6,3.5,2.4,2.5,2.0,2.0,3.8,3.9
942,3,3,具体-抽象,具体-抽象,心理,社会,社会角色,社会角色,10,10,多义,多义,无,无,边缘,边缘,中间,中间,阶段1,阶段1,本体隐喻,本体隐喻,4,4,像,像,形容词性,形容词性,有,有,无,无,学术,网络,3.1,3.0,3.9,3.9,2.3,2.5,2.8,3.0,2.2,1.9,4.1,4.5,4.0,4.2,3.5,3.6,3.1,3.1,2.6,3.1,3.8,3.7,4.0,3.9,3.1,3.2,3.0,3.0,2.1,2.2,3.4,3.5
943,9,9,具体-具体,具体-具体,社会,社会,抽象概念,抽象概念,3,7,子部分,子部分,无,有,桥接,桥接,边缘,边缘,阶段3,阶段3,结构隐喻,结构隐喻,5,5,算,算,形容词性,名词性,有,有,无,无,新闻,新闻,3.6,3.8,2.3,2.2,2.5,2.5,1.6,1.6,4.4,4.3,4.3,4.3,3.6,3.7,3.1,2.9,2.2,2.4,2.5,2.4,4.1,4.2,2.8,2.8,1.6,1.8,1.7,2.0,1.8,2.3,3.6,3.8
944,12,12,具体-具体,具体-具体,人体,人体,社会角色,社会角色,4,4,子部分,子部分,有,有,边缘,边缘,边缘,边缘,阶段2,阶段2,方位隐喻,方位隐喻,8,8,为,像,名词性,名词性,无,无,有,有,文学,文学,3.6,3.5,4.2,4.3,3.3,3.4,2.3,2.0,3.0,2.5,3.1,3.1,2.9,2.8,4.3,4.3,1.7,1.8,2.8,2.6,2.9,2.9,3.4,3.4,3.9,4.2,3.4,3.5,3.2,3.1,3.9,3.8
945,6,6,抽象-具体,抽象-具体,感知,感知,品质,品质,3,3,隐喻扩展,隐喻扩展,有,有,核心,边缘,边缘,边缘,阶段3,阶段3,方位隐喻,方位隐喻,1,2,算,算,名词性,名词性,无,无,有,有,文学,对话,3.8,3.7,3.7,3.6,1.7,1.5,1.6,1.7,4.4,4.2,3.2,3.2,3.2,3.4,4.0,3.8,2.9,2.9,4.2,4.4,2.4,2.3,3.6,3.7,2.1,2.1,3.2,3.6,3.0,3.2,1.7,1.7
946,6,6,抽象-具体,抽象-具体,人体,人体,社会角色,社会角色,15,6,实例,实例,有,有,桥接,桥接,中间,中间,阶段4,阶段4,结构隐喻,结构隐喻,5,5,算,算,形容词性,名词性,有,有,有,有,学术,学术,1.9,1.7,3.1,3.4,1.4,1.3,4.2,4.4,1.8,2.3,4.0,3.9,2.0,1.8,1.7,2.2,3.7,3.9,2.4,2.5,3.9,3.9,1.8,1.6,2.4,2.5,4.5,4.6,1.5,1.5,2.8,2.9
947,11,11,具体-具体,具体-具体,心理,心理,状态,关系,1,1,隐喻扩展,隐喻扩展,有,无,桥接,桥接,核心,核心,阶段4,阶段1,结构隐喻,结构隐喻,7,7,为,为,动词性,动词性,有,有,有,无,新闻,新闻,2.7,2.8,3.6,3.9,2.1,1.7,2.0,2.0,3.5,3.5,3.6,3.7,2.4,2.8,3.4,3.1,3.7,3.6,2.7,2.7,3.0,3.0,3.6,3.6,3.5,3.8,3.9,3.8,2.7,2.7,4.5,4.5
948,12,12,具体-具体,具体-具体,感知,感知,状态,状态,21,21,实例,实例,无,无,边缘,边缘,边缘,边缘,阶段3,阶段3,结构隐喻,结构隐喻,2,2,变成,算,名词性,名词性,有,有,无,无,对话,对话,2.4,2.3,3.9,3.9,2.0,2.0,2.0,2.1,3.6,3.4,4.3,4.2,3.3,3.2,3.4,3.2,3.0,3.1,3.1,2.9,1.7,1.6,2.0,1.9,1.8,1.9,2.8,2.9,1.8,1.9,3.6,3.8
949,11,11,抽象-具体,抽象-抽象,感知,感知,时间,时间,4,12,多义,多义,无,无,边缘,边缘,边缘,边缘,阶段2,阶段2,结构隐喻,方位隐喻,8,8,变成,变成,动词性,动词性,无,无,无,无,网络,网络,1.8,1.8,4.2,4.3,2.1,2.2,4.6,4.6,2.6,2.7,4.1,4.0,3.4,3.0,4.1,4.0,3.6,3.7,3.7,3.7,4.1,4.2,1.9,2.2,4.2,4.3,2.1,1.8,3.4,3.3,2.7,2.9
950,5,5,具体-抽象,具体-抽象,物体,物体,情感,情感,19,21,实例,实例,有,有,桥接,桥接,边缘,边缘,阶段1,阶段1,方位隐喻,方位隐喻,5,5,算,算,形容词性,介词短语,有,无,有,有,文学,文学,2.8,2.7,4.2,4.1,3.8,3.9,3.1,3.1,4.3,4.2,3.8,4.1,3.2,3.1,3.2,3.5,2.6,2.5,2.9,3.1,3.7,3.5,2.9,2.9,1.7,2.2,4.1,4.0,3.1,2.9,2.2,2.3
951,9,9,具体-具体,具体-具体,自然,自然,品质,品质,10,23,隐喻扩展,隐喻扩展,无,无,桥接,桥接,核心,核心,阶段2,阶段1,结构隐喻,本体隐喻,7,7,像,像,介词短语,介词短语,无,无,有,有,新闻,新闻,3.3,3.3,1.7,1.7,3.0,2.8,3.7,3.7,2.9,2.5,1.4,1.5,3.8,3.7,2.0,2.2,3.7,3.6,3.4,3.6,1.5,1.7,4.4,4.6,3.3,3.4,2.7,2.4,2.9,2.7,3.8,3.5
952,1,1,抽象-具体,抽象-具体,人体,人体,抽象概念,抽象概念,1,10,实例,实例,无,无,桥接,桥接,中间,中间,阶段2,阶段2,结构隐喻,结构隐喻,8,8,算,算,形容词性,形容词性,无,无,无,无,对话,对话,2.3,1.9,1.8,1.9,2.9,3.0,2.4,2.4,2.3,2.1,2.3,2.1,1.8,1.7,2.2,2.4,1.8,2.0,2.8,2.7,1.5,1.6,4.2,4.5,3.4,3.4,4.4,4.2,3.8,3.8,2.0,2.0
953,3,3,具体-抽象,具体-抽象,心理,心理,情感,情感,5,5,子部分,子部分,无,无,核心,核心,核心,边缘,阶段4,阶段4,结构隐喻,结构隐喻,8,8,是,是,动词性,形容词性,有,有,有,有,文学,文学,2.4,2.6,4.0,4.0,3.5,3.6,3.2,3.1,4.4,4.5,2.8,2.6,2.0,1.7,3.4,3.4,2.1,2.0,3.7,3.6,1.8,1.7,4.3,4.1,3.7,3.6,2.4,2.1,2.9,2.9,4.2,4.1
954,7,7,抽象-具体,抽象-具体,自然,自然,事件,事件,23,23,隐喻扩展,隐喻扩展,有,有,核心,边缘,核心,核心,阶段4,阶段4,方位隐喻,方位隐喻,1,1,为,为,形容词性,形容词性,无,无,有,有,新闻,新闻,3.5,3.5,4.7,4.3,3.6,3.7,1.6,1.6,2.6,2.9,3.6,3.4,2.1,2.0,4.4,4.1,3.9,3.9,3.0,2.9,4.0,4.0,1.7,1.5,2.9,2.7,2.0,2.3,3.1,2.9,1.7,1.9
955,7,7,抽象-具体,抽象-具体,运动,运动,时间,时间,5,5,子部分,子部分,有,无,桥接,边缘,中间,中间,阶段2,阶段2,本体隐喻,本体隐喻,7,7,成为,成为,名词性,形容词性,无,无,无,无,对话,对话,3.3,3.1,2.5,2.5,1.7,1.6,2.8,2.7,2.1,2.0,2.3,2.3,3.9,3.9,4.2,4.1,2.4,2.3,2.3,2.2,3.0,2.9,3.9,3.9,2.8,2.7,3.2,3.3,3.4,3.3,3.1,3.1
956,9,9,抽象-具体,抽象-具体,物体,空间,状态,状态,21,15,多义,多义,无,有,桥接,桥接,中间,中间,阶段4,阶段4,结构隐喻,结构隐喻,2,2,像,像,动词性,动词性,有,有,有,有,新闻,新闻,3.9,4.1,1.5,1.6,4.1,4.1,3.3,3.2,2.4,2.8,2.3,2.5,1.9,1.6,2.7,2.5,2.1,2.0,4.2,3.9,2.3,2.5,3.8,3.7,4.2,4.4,4.4,4.3,2.4,2.3,4.1,3.9
957,5,5,具体-具体,具体-具体,心理,心理,事件,事件,22,22,子部分,子部分,无,无,边缘,核心,中间,中间,阶段1,阶段1,方位隐喻,本体隐喻,5,7,是,是,动词性,动词性,有,有,有,有,新闻,新闻,3.8,3.7,2.5,2.4,4.7,4.6,3.1,2.9,3.3,3.5,2.6,2.9,2.3,2.2,4.0,3.9,1.8,1.6,4.0,3.7,2.3,2.4,3.1,2.9,3.9,4.0,2.0,1.7,4.1,4.3,3.7,3.8
958,11,11,抽象-具体,抽象-具体,自然,自然,品质,品质,7,7,隐喻扩展,隐喻扩展,有,有,边缘,核心,核心,核心,阶段4,阶段4,本体隐喻,本体隐喻,5,5,为,为,动词性,动词性,无,无,有,有,文学,学术,4.4,4.7,2.6,2.6,1.8,1.9,2.7,2.7,2.7,3.2,4.2,4.4,2.2,2.3,3.2,3.0,2.6,2.7,3.4,3.4,3.1,3.0,2.7,2.7,3.0,2.9,1.6,1.6,2.4,2.3,3.0,2.8
959,5,5,抽象-具体,抽象-具体,空间,空间,事件,事件,15,4,隐喻扩展,子部分,有,有,桥接,桥接,边缘,边缘,阶段2,阶段2,方位隐喻,方位隐喻,2,2,是,是,介词短语,介词短语,有,有,无,无,新闻,新闻,3.2,3.3,3.8,3.7,3.4,3.5,3.8,3.7,3.4,3.5,2.7,2.9,3.5,3.6,2.9,2.9,1.7,1.7,3.2,3.1,1.8,1.7,3.9,3.9,2.1,1.9,4.1,4.5,4.3,4.2,2.1,2.1
960,5,5,抽象-具体,抽象-具体,自然,自然,情感,情感,5,12,子部分,子部分,有,有,桥接,核心,边缘,边缘,阶段2,阶段3,方位隐喻,结构隐喻,3,3,算,算,介词短语,介词短语,有,有,有,有,对话,对话,3.6,3.4,1.5,1.9,1.4,1.4,3.1,2.9,3.5,3.4,2.0,1.8,2.7,2.6,2.6,2.5,2.9,2.8,2.1,2.0,3.6,3.1,1.7,1.9,4.1,4.3,1.7,1.8,3.8,4.0,3.5,3.3
961,11,11,具体-具体,具体-具体,社会,社会,抽象概念,情感,23,23,实例,实例,有,有,核心,核心,核心,核心,阶段2,阶段2,方位隐喻,方位隐喻,4,4,算,算,形容词性,形容词性,无,无,无,无,学术,学术,4.0,3.9,2.2,2.1,1.6,1.7,3.4,3.6,1.9,1.9,1.7,1.6,2.2,2.1,3.6,3.6,4.4,4.3,4.2,4.0,2.8,2.8,3.3,3.4,3.5,3.5,3.4,3.3,4.2,4.2,4.6,4.3
962,10,10,具体-具体,具体-具体,物体,自然,社会角色,社会角色,9,9,子部分,子部分,有,有,桥接,桥接,核心,核心,阶段4,阶段4,结构隐喻,结构隐喻,8,8,像,像,名词性,名词性,无,有,无,无,新闻,新闻,4.0,3.9,4.2,4.2,2.4,2.3,1.8,2.1,2.6,2.6,2.0,2.2,3.0,3.0,3.3,3.3,3.9,3.9,1.9,1.8,4.0,4.1,3.5,3.3,2.1,1.8,1.9,2.1,1.9,2.1,1.7,1.7
963,2,2,具体-具体,具体-具体,空间,空间,品质,品质,13,2,隐喻扩展,隐喻扩展,无,无,桥接,桥接,中间,中间,阶段4,阶段4,结构隐喻,本体隐喻,1,1,是,像,动词性,动词性,有,有,有,有,新闻,新闻,3.5,3.7,1.9,1.9,3.8,3.9,4.2,4.1,3.8,3.5,4.6,4.3,3.4,3.4,2.7,2.5,1.8,1.5,2.6,3.0,3.7,3.7,3.2,3.1,1.9,2.0,2.0,1.9,2.3,2.1,1.6,1.4
964,6,6,抽象-抽象,抽象-抽象,感知,感知,情感,情感,19,19,多义,实例,无,无,桥接,桥接,核心,边缘,阶段1,阶段4,结构隐喻,结构隐喻,4,4,为,成为,名词性,名词性,有,有,有,有,学术,网络,3.1,2.8,3.9,3.7,3.5,3.5,2.7,2.6,3.4,3.4,4.4,4.3,3.9,3.8,3.7,3.6,2.4,2.2,4.2,4.2,1.4,1.7,4.1,4.1,3.3,3.3,1.9,2.1,4.0,4.1,2.8,2.9
965,4,9,抽象-具体,抽象-具体,感知,感知,抽象概念,事件,19,19,子部分,子部分,有,有,边缘,边缘,边缘,边缘,阶段2,阶段2,结构隐喻,本体隐喻,7,7,为,像,介词短语,介词短语,无,无,无,有,学术,学术,2.4,2.2,2.4,2.7,2.7,2.7,3.0,3.0,1.9,1.8,3.0,2.9,2.0,1.8,2.7,2.8,1.9,1.9,3.2,3.3,2.0,2.1,2.4,2.4,3.0,3.0,3.5,3.5,4.5,4.3,3.3,3.4
966,5,5,抽象-抽象,抽象-抽象,社会,空间,关系,关系,7,7,实例,实例,无,无,核心,核心,边缘,边缘,阶段2,阶段2,本体隐喻,结构隐喻,6,6,变成,变成,名词性,名词性,有,有,有,无,学术,学术,4.2,4.1,3.7,3.3,2.7,2.8,2.7,2.6,2.5,2.4,3.6,3.5,3.7,3.5,3.4,3.3,1.6,1.6,2.9,2.8,3.0,2.7,3.0,3.1,2.7,2.7,3.7,3.8,3.7,3.6,2.5,2.5
967,11,11,具体-抽象,具体-抽象,空间,空间,关系,关系,1,1,隐喻扩展,隐喻扩展,无,无,边缘,边缘,中间,中间,阶段2,阶段2,结构隐喻,结构隐喻,7,7,像,像,介词短语,介词短语,有,有,有,有,对话,对话,3.8,3.8,1.9,1.9,3.0,2.9,4.1,4.2,4.3,4.2,3.9,3.9,1.6,1.5,2.7,2.7,1.9,1.8,3.9,3.9,3.6,3.4,3.9,4.0,2.8,2.8,2.1,1.8,3.3,3.4,3.7,3.8
968,4,4,抽象-具体,抽象-具体,社会,社会,情感,情感,20,20,隐喻扩展,子部分,有,有,核心,核心,核心,中间,阶段1,阶段1,结构隐喻,结构隐喻,4,4,变成,变成,动词性,形容词性,有,有,有,有,学术,学术,3.9,4.0,2.6,2.2,2.5,2.4,4.1,4.1,4.1,4.3,1.8,1.6,3.8,3.8,1.7,1.7,4.4,4.1,4.6,4.4,3.6,3.7,3.6,3.6,1.9,2.0,1.9,2.0,4.0,3.9,2.9,3.1
969,12,12,具体-具体,具体-具体,人体,人体,品质,品质,21,21,实例,多义,有,有,边缘,桥接,边缘,边缘,阶段1,阶段1,方位隐喻,结构隐喻,3,3,算,算,名词性,名词性,有,有,无,无,对话,文学,2.1,1.9,2.7,2.7,4.2,4.3,2.2,2.0,3.4,3.6,2.7,2.8,3.3,3.7,2.0,2.1,2.3,2.4,1.9,2.1,3.9,3.8,3.2,3.2,2.3,2.2,4.3,4.3,1.6,1.6,2.6,2.6
970,6,9,抽象-具体,抽象-具体,物体,物体,事件,事件,23,23,多义,子部分,有,无,边缘,边缘,核心,核心,阶段2,阶段2,本体隐喻,本体隐喻,3,3,算,算,介词短语,介词短语,有,有,有,有,对话,对话,2.6,2.3,4.1,4.1,3.2,3.4,3.7,3.8,1.9,1.8,3.6,3.3,3.0,2.9,3.6,3.5,2.6,2.6,1.5,1.5,1.8,1.6,2.4,2.3,3.0,3.0,3.4,3.0,4.2,4.1,3.6,4.0
971,8,5,具体-抽象,具体-具体,社会,社会,事件,事件,11,11,多义,多义,有,有,桥接,桥接,边缘,边缘,阶段4,阶段2,本体隐喻,本体隐喻,1,1,像,是,形容词性,形容词性,无,有,有,有,学术,学术,2.8,2.8,3.1,3.3,3.0,2.9,2.0,1.7,3.3,3.2,4.1,4.3,2.1,2.0,3.8,4.1,2.8,3.0,2.8,2.8,1.4,1.4,2.3,2.3,1.6,1.8,3.8,3.9,2.3,2.5,1.9,1.7
972,3,3,抽象-具体,抽象-具体,物体,人体,时间,时间,15,15,多义,多义,无,无,桥接,桥接,中间,中间,阶段1,阶段1,结构隐喻,结构隐喻,4,4,像,算,名词性,动词性,无,无,无,无,对话,对话,3.9,3.8,1.7,1.7,2.8,3.0,1.5,1.6,1.6,1.5,3.8,3.9,3.9,3.9,2.7,2.9,4.0,3.6,2.3,2.5,3.4,3.3,3.8,3.6,2.3,2.7,1.7,1.8,1.7,1.5,1.7,1.5
973,7,7,具体-抽象,具体-抽象,运动,社会,关系,关系,21,21,子部分,子部分,无,无,边缘,边缘,核心,核心,阶段3,阶段3,结构隐喻,结构隐喻,2,2,变成,变成,动词性,动词性,有,有,有,有,学术,学术,4.0,4.2,3.9,3.8,4.2,4.1,3.9,4.1,3.3,3.5,2.6,2.6,1.6,1.7,2.6,2.4,3.9,3.8,3.5,3.6,3.7,3.6,1.5,1.4,2.1,2.1,1.4,1.7,3.7,3.6,1.6,1.6
974,8,8,具体-抽象,抽象-抽象,心理,心理,时间,时间,1,1,实例,实例,有,有,边缘,边缘,边缘,核心,阶段2,阶段2,结构隐喻,结构隐喻,5,5,变成,变成,名词性,名词性,无,有,无,无,新闻,新闻,2.4,2.6,1.6,1.5,3.7,3.5,1.8,1.8,3.7,3.7,4.3,4.1,4.1,4.3,2.4,2.4,4.3,4.3,2.8,3.1,3.9,4.1,3.6,3.3,2.2,1.9,2.8,2.6,3.8,3.9,4.0,3.9
975,4,4,抽象-抽象,抽象-抽象,运动,运动,社会角色,社会角色,7,7,子部分,子部分,无,有,核心,核心,中间,中间,阶段4,阶段4,本体隐喻,本体隐喻,2,4,为,为,形容词性,动词性,无,无,无,无,网络,网络,3.5,3.5,4.2,4.3,1.9,1.9,1.9,1.9,3.0,3.2,3.4,3.6,3.8,3.8,3.4,3.5,2.0,2.3,3.0,3.1,1.9,2.2,2.2,2.3,1.9,2.0,3.2,3.0,3.5,3.5,4.1,4.0
976,9,9,具体-具体,抽象-抽象,自然,自然,品质,品质,15,15,多义,隐喻扩展,有,有,桥接,桥接,中间,边缘,阶段3,阶段3,本体隐喻,本体隐喻,4,4,变成,变成,介词短语,形容词性,有,有,有,有,学术,学术,1.7,1.6,2.1,2.0,2.9,2.7,3.3,3.3,1.4,1.6,3.9,3.9,3.6,3.8,3.1,3.0,2.6,2.5,2.4,2.5,4.5,4.3,3.8,3.6,1.9,2.0,2.4,2.4,2.8,2.6,4.2,4.0
977,12,12,抽象-具体,抽象-具体,社会,社会,社会角色,社会角色,10,10,多义,多义,无,无,桥接,桥接,中间,中间,阶段3,阶段1,本体隐喻,本体隐喻,8,8,为,为,形容词性,形容词性,无,无,无,无,学术,学术,2.8,2.7,3.3,3.2,2.4,2.4,3.9,3.8,3.4,3.7,2.6,2.6,3.7,3.7,1.3,1.5,2.5,2.4,2.1,2.0,2.2,2.0,2.1,2.2,2.1,1.9,3.5,3.6,1.8,1.9,2.4,2.4
978,8,8,具体-具体,具体-具体,物体,心理,品质,抽象概念,2,2,隐喻扩展,隐喻扩展,无,无,边缘,边缘,边缘,核心,阶段3,阶段3,方位隐喻,方位隐喻,4,4,成为,成为,名词性,名词性,有,无,有,有,学术,学术,2.8,2.9,1.9,1.7,4.2,4.5,2.0,2.0,4.0,4.0,1.6,1.4,1.8,1.6,3.6,3.9,2.8,2.7,2.3,2.2,2.3,2.1,2.7,2.5,2.6,2.7,3.5,3.7,3.9,3.9,3.0,3.0
979,11,11,具体-抽象,具体-抽象,自然,社会,时间,时间,20,8,实例,实例,有,有,桥接,桥接,边缘,边缘,阶段4,阶段1,本体隐喻,本体隐喻,6,6,算,算,动词性,动词性,有,有,无,无,对话,对话,4.0,3.8,3.2,3.0,2.8,2.7,1.7,1.8,3.3,3.2,2.0,2.2,4.7,4.3,2.0,2.0,3.9,4.0,2.8,2.7,2.0,1.9,3.9,3.6,1.8,2.0,3.0,2.8,1.6,1.3,2.6,2.3
980,11,11,抽象-具体,具体-具体,物体,物体,抽象概念,抽象概念,6,6,子部分,子部分,无,有,边缘,边缘,中间,中间,阶段4,阶段1,结构隐喻,结构隐喻,4,4,为,是,动词性,动词性,有,有,无,无,对话,对话,4.1,4.2,3.0,3.0,1.6,2.0,1.8,1.6,3.7,3.5,4.2,4.2,3.9,3.9,3.7,3.3,2.2,2.3,3.5,3.7,1.5,1.6,3.8,3.6,4.2,4.4,1.6,1.7,3.8,3.5,3.4,3.3
981,10,10,具体-具体,具体-具体,社会,社会,事件,事件,5,5,实例,子部分,有,有,桥接,桥接,中间,核心,阶段3,阶段3,结构隐喻,结构隐喻,1,1,为,为,形容词性,形容词性,有,无,有,有,文学,文学,2.3,2.6,2.8,2.8,2.8,2.8,1.5,1.6,1.9,1.9,1.6,1.5,3.0,3.2,2.7,2.6,3.7,3.8,2.4,2.4,3.8,3.8,2.2,2.0,2.9,2.8,3.2,3.3,4.3,4.4,3.9,4.1
982,4,9,具体-具体,具体-具体,社会,空间,关系,关系,22,22,多义,多义,无,无,边缘,边缘,核心,核心,阶段2,阶段2,本体隐喻,本体隐喻,2,2,变成,变成,介词短语,动词性,无,无,无,无,对话,对话,3.0,3.0,1.5,1.7,2.3,2.5,1.8,1.9,3.7,3.6,3.4,3.4,3.6,3.8,3.3,3.3,2.0,2.0,2.8,2.4,1.4,1.5,2.6,2.8,3.0,3.1,2.0,2.3,4.5,4.5,1.6,2.0
983,5,5,具体-抽象,具体-抽象,空间,空间,社会角色,抽象概念,5,5,实例,实例,无,无,边缘,边缘,中间,中间,阶段2,阶段2,结构隐喻,结构隐喻,9,9,是,是,动词性,动词性,有,有,有,有,对话,对话,3.5,3.3,4.1,4.1,3.5,3.4,4.2,4.2,3.5,3.3,2.8,2.5,3.9,3.6,4.0,3.9,3.6,3.5,2.9,2.9,2.9,2.9,3.3,2.9,2.2,2.1,2.5,2.6,2.6,2.8,3.2,3.1
984,1,1,抽象-具体,抽象-具体,自然,自然,关系,关系,17,17,实例,多义,有,有,边缘,边缘,核心,核心,阶段1,阶段1,结构隐喻,方位隐喻,5,5,成为,成为,名词性,名词性,无,无,有,有,文学,学术,2.5,2.4,3.7,3.9,2.1,2.1,1.6,2.0,2.4,2.4,2.8,2.8,4.1,3.9,2.0,2.0,3.9,4.0,4.5,4.6,1.7,1.6,3.5,3.3,4.2,4.0,1.6,1.6,2.0,1.8,2.3,2.2
985,8,8,抽象-抽象,抽象-抽象,社会,社会,状态,状态,7,7,隐喻扩展,子部分,无,有,核心,核心,中间,中间,阶段2,阶段2,本体隐喻,本体隐喻,7,7,是,是,动词性,动词性,有,有,有,有,新闻,对话,4.5,4.4,3.4,3.5,1.7,1.8,3.3,3.3,3.6,3.6,2.7,2.6,2.4,2.2,3.9,3.7,4.0,4.1,1.9,1.6,1.5,1.8,3.7,3.9,3.7,3.7,3.0,3.2,2.1,1.7,4.2,4.0
986,12,12,抽象-抽象,抽象-具体,社会,社会,时间,时间,20,20,隐喻扩展,隐喻扩展,有,有,核心,桥接,中间,中间,阶段1,阶段1,方位隐喻,方位隐喻,2,2,为,为,动词性,动词性,有,有,有,有,网络,网络,4.1,4.2,3.2,3.1,1.7,1.6,4.4,4.3,3.4,3.5,1.8,1.8,2.7,2.6,1.8,1.6,3.1,2.9,2.4,2.5,4.3,4.3,1.5,1.6,1.5,1.7,3.7,3.7,3.0,2.8,4.3,4.4
987,1,1,具体-抽象,具体-抽象,物体,物体,状态,时间,21,21,隐喻扩展,隐喻扩展,无,无,边缘,边缘,中间,中间,阶段4,阶段3,本体隐喻,本体隐喻,5,5,变成,算,形容词性,形容词性,无,无,有,有,学术,学术,2.3,2.2,3.5,3.6,2.3,2.4,3.6,3.3,3.2,3.3,1.7,1.8,4.0,3.8,4.3,4.3,2.4,2.4,2.4,2.6,4.1,4.0,1.9,1.8,3.9,3.8,3.1,3.4,3.8,3.8,4.0,4.1
988,6,10,具体-抽象,具体-抽象,空间,空间,社会角色,社会角色,10,4,隐喻扩展,实例,有,有,边缘,核心,边缘,边缘,阶段3,阶段3,结构隐喻,结构隐喻,4,4,是,是,形容词性,形容词性,有,有,有,有,新闻,新闻,2.9,2.9,2.0,2.0,2.6,2.6,1.5,1.6,2.3,2.0,1.8,1.5,3.8,3.9,2.0,2.1,4.0,3.7,4.5,4.4,2.8,3.0,2.0,1.7,2.0,2.0,3.9,4.0,1.9,1.6,1.4,1.8
989,5,5,具体-抽象,具体-抽象,感知,感知,抽象概念,抽象概念,5,5,实例,实例,有,有,桥接,桥接,边缘,边缘,阶段4,阶段4,本体隐喻,结构隐喻,6,2,为,为,形容词性,形容词性,无,无,无,无,对话,对话,2.2,2.2,4.3,4.4,4.0,4.1,3.2,3.2,2.3,2.4,1.7,1.7,3.1,3.0,3.9,3.9,2.4,2.7,2.8,2.9,3.0,2.7,2.3,2.0,3.3,3.1,4.3,4.5,2.0,2.0,2.4,2.3
990,10,6,具体-抽象,具体-具体,自然,自然,状态,状态,19,19,隐喻扩展,隐喻扩展,有,有,边缘,边缘,中间,中间,阶段3,阶段3,结构隐喻,结构隐喻,6,6,算,算,名词性,名词性,有,有,无,无,网络,网络,3.2,3.2,2.3,2.3,2.3,2.3,4.2,4.1,4.5,4.5,1.6,1.7,2.7,2.8,1.5,1.5,2.0,2.0,3.2,3.3,4.2,4.2,1.6,1.6,4.1,4.1,3.5,3.3,3.2,3.3,2.1,2.2
991,8,8,具体-具体,抽象-抽象,空间,空间,状态,状态,5,5,子部分,子部分,无,有,桥接,桥接,边缘,边缘,阶段4,阶段4,结构隐喻,本体隐喻,5,5,成为,成为,形容词性,形容词性,无,无,无,无,新闻,新闻,3.6,3.4,3.6,3.3,1.7,1.7,2.2,2.4,2.7,2.8,3.6,3.7,4.4,4.5,2.4,2.5,4.1,4.1,2.1,2.0,3.9,4.1,4.3,4.2,4.5,4.4,2.1,2.0,1.8,1.6,4.0,3.7
992,6,6,具体-抽象,具体-抽象,自然,感知,情感,状态,14,14,多义,实例,无,无,桥接,桥接,核心,核心,阶段2,阶段2,方位隐喻,方位隐喻,3,3,像,像,名词性,形容词性,有,有,无,无,网络,网络,1.7,1.8,3.3,3.3,3.9,3.7,2.4,2.6,1.8,1.9,1.8,1.9,2.7,2.6,3.4,3.6,2.8,2.7,1.7,1.4,3.6,3.7,1.9,2.0,2.1,2.2,3.2,3.3,4.1,4.2,1.9,1.7
993,6,6,具体-抽象,具体-抽象,运动,运动,社会角色,社会角色,14,3,子部分,子部分,有,有,桥接,桥接,核心,核心,阶段3,阶段3,本体隐喻,本体隐喻,6,6,成为,成为,动词性,动词性,无,无,无,无,对话,对话,4.1,4.1,3.3,3.3,4.2,4.3,2.3,2.3,4.2,4.2,2.3,2.5,3.8,3.6,3.4,3.5,3.3,3.2,2.6,2.6,3.1,3.2,1.7,1.6,4.5,4.2,2.3,2.2,3.2,2.7,4.3,4.2
994,10,10,抽象-具体,抽象-具体,心理,空间,时间,时间,18,18,隐喻扩展,隐喻扩展,无,无,边缘,核心,边缘,边缘,阶段4,阶段4,本体隐喻,本体隐喻,2,2,变成,变成,名词性,名词性,有,有,无,有,对话,对话,3.4,3.3,3.9,4.3,2.9,3.0,3.0,3.2,2.0,2.1,3.6,3.4,2.8,2.8,3.4,3.6,4.2,4.2,3.3,3.5,3.3,3.1,2.8,3.1,1.7,1.7,2.3,2.6,2.5,2.8,3.1,3.1
995,7,7,具体-具体,具体-具体,物体,物体,时间,时间,23,23,多义,多义,无,有,边缘,边缘,中间,中间,阶段3,阶段3,方位隐喻,方位隐喻,1,1,是,是,动词性,名词性,无,有,无,无,新闻,新闻,4.4,4.5,2.6,2.6,2.4,2.3,2.0,2.1,2.7,2.8,1.7,2.0,2.5,2.4,2.4,2.6,1.9,2.1,3.7,3.5,2.7,2.7,4.3,4.3,4.4,4.1,2.4,2.5,1.6,1.4,3.7,3.8
996,1,1,抽象-抽象,抽象-抽象,空间,空间,状态,状态,2,2,子部分,子部分,有,有,边缘,边缘,边缘,边缘,阶段4,阶段4,方位隐喻,方位隐喻,8,8,为,变成,形容词性,形容词性,有,有,有,无,对话,对话,1.4,1.6,3.8,3.6,3.8,3.7,3.5,3.6,2.3,2.4,4.4,4.2,3.4,3.6,3.5,3.5,3.3,3.2,3.8,3.6,3.1,3.0,4.4,4.5,4.0,3.8,3.1,2.9,2.0,2.0,2.9,2.7
997,8,8,具体-具体,具体-具体,社会,社会,关系,关系,8,8,实例,实例,有,有,边缘,边缘,核心,核心,阶段2,阶段2,本体隐喻,本体隐喻,9,9,成为,成为,名词性,名词性,有,有,有,有,文学,文学,4.0,4.3,3.3,3.2,1.6,1.6,3.3,3.4,4.3,4.3,2.7,2.9,4.0,4.0,2.9,2.7,3.3,3.2,4.0,3.8,2.9,3.1,3.5,3.5,4.3,4.2,3.0,3.1,3.7,3.9,3.6,3.5
998,11,11,具体-抽象,具体-抽象,人体,人体,状态,状态,10,10,实例,实例,有,有,桥接,边缘,边缘,边缘,阶段2,阶段2,方位隐喻,方位隐喻,6,6,算,算,形容词性,名词性,有,有,有,无,网络,网络,3.9,4.2,1.7,1.5,4.3,4.1,2.7,2.8,2.5,2.5,4.3,4.5,4.4,4.4,3.1,3.3,4.1,3.9,1.9,1.9,4.2,4.2,2.0,2.0,2.7,2.5,3.5,3.3,3.8,3.6,2.5,2.4
999,1,1,具体-具体,具体-具体,运动,运动,时间,时间,11,11,多义,多义,有,有,核心,核心,核心,核心,阶段2,阶段2,结构隐喻,结构隐喻,3,3,像,像,动词性,动词性,无,无,无,无,文学,文学,2.0,1.9,2.9,2.8,4.2,4.2,3.6,3.8,3.6,3.5,2.3,2.0,1.8,2.1,3.2,3.2,2.6,2.6,1.7,1.7,2.2,2.2,1.6,1.5,4.3,4.5,2.8,2.8,1.6,1.5,3.5,3.6
1000,2,2,具体-抽象,具体-抽象,感知,人体,事件,事件,4,4,实例,多义,有,无,核心,核心,核心,核心,阶段3,阶段3,方位隐喻,结构隐喻,9,6,变成,变成,形容词性,形容词性,无,无,有,有,网络,网络,2.6,2.4,4.0,3.9,3.2,3.1,2.0,1.8,3.3,3.1,1.4,1.7,4.2,4.1,2.1,2.1,2.6,2.7,3.8,3.8,2.1,2.1,2.6,2.6,4.0,3.8,1.9,2.0,4.6,4.5,2.8,3.0
1001,2,5,具体-具体,具体-具体,运动,运动,社会角色,社会角色,17,22,多义,多义,有,有,桥接,桥接,中间,中间,阶段3,阶段3,结构隐喻,结构隐喻,9,8,成为,成为,动词性,动词性,有,有,无,无,对话,对话,4.2,4.2,2.6,2.5,2.2,2.5,3.6,3.6,1.7,1.7,3.2,3.4,3.0,2.9,4.3,4.0,3.1,3.2,3.0,3.0,2.2,2.0,2.0,1.8,2.3,2.4,2.8,3.1,2.8,2.4,4.3,4.4
1002,4,4,抽象-抽象,抽象-抽象,心理,心理,关系,关系,7,7,实例,实例,无,无,边缘,核心,核心,核心,阶段4,阶段4,本体隐喻,本体隐喻,5,5,是,为,形容词性,形容词性,无,无,有,无,对话,对话,3.0,3.1,3.0,2.9,1.5,1.5,3.4,3.4,2.6,2.8,2.4,2.6,1.9,1.8,4.1,4.1,2.1,2.0,4.2,4.4,3.3,3.1,3.6,3.8,2.6,2.5,3.9,4.0,3.2,3.1,4.5,4.3
1003,6,6,抽象-抽象,抽象-抽象,自然,自然,情感,情感,16,16,实例,实例,无,无,边缘,边缘,中间,中间,阶段3,阶段3,结构隐喻,结构隐喻,7,7,是,成为,动词性,动词性,无,无,无,无,对话,对话,2.6,2.9,2.7,2.8,4.5,4.5,3.3,3.5,2.5,2.8,2.9,3.3,3.8,3.8,2.0,2.2,2.9,2.8,4.4,4.4,3.4,3.6,4.3,4.4,2.7,2.6,3.6,3.6,3.9,3.7,3.3,3.1
1004,7,12,抽象-具体,抽象-具体,空间,空间,情感,情感,2,2,实例,实例,有,有,边缘,边缘,中间,中间,阶段3,阶段3,结构隐喻,本体隐喻,6,6,成为,成为,名词性,名词性,无,有,无,无,新闻,学术,4.2,4.0,3.5,3.4,3.8,3.8,2.0,1.8,4.3,4.6,2.9,3.0,2.4,2.6,2.8,2.7,2.8,3.0,2.0,1.9,2.4,2.4,1.7,1.7,3.1,3.4,2.1,1.6,4.2,4.3,4.0,3.8
1005,10,10,具体-具体,具体-具体,感知,感知,品质,品质,10,10,隐喻扩展,隐喻扩展,有,有,桥接,桥接,边缘,边缘,阶段1,阶段1,本体隐喻,本体隐喻,5,5,算,算,介词短语,介词短语,有,有,有,有,新闻,新闻,1.9,1.7,4.2,4.3,2.4,2.6,3.4,3.5,3.8,3.8,2.9,2.9,4.2,4.0,3.0,3.2,1.9,1.9,3.5,3.6,3.5,3.6,2.6,2.6,2.2,2.0,4.3,4.2,4.2,4.4,3.6,3.8
1006,5,5,具体-抽象,具体-抽象,人体,人体,事件,事件,9,3,实例,实例,无,无,边缘,边缘,边缘,边缘,阶段1,阶段1,本体隐喻,本体隐喻,1,1,算,算,动词性,动词性,有,有,有,有,对话,对话,2.8,2.9,2.0,2.0,1.4,1.5,2.7,2.8,4.1,4.1,4.1,4.2,2.0,2.1,3.0,3.1,4.2,3.9,1.8,1.7,3.6,3.4,4.3,4.3,2.8,2.9,2.4,2.4,3.0,3.3,3.7,3.7
1007,3,7,抽象-抽象,抽象-抽象,感知,感知,社会角色,社会角色,3,3,子部分,子部分,有,有,边缘,桥接,核心,核心,阶段4,阶段4,结构隐喻,结构隐喻,7,7,是,是,名词性,名词性,无,无,有,有,新闻,新闻,3.4,3.4,3.0,2.9,3.5,3.3,3.1,2.9,2.5,2.5,2.0,2.1,3.8,3.6,1.4,1.5,2.8,3.0,2.8,2.7,2.6,2.4,3.7,3.9,1.8,1.5,3.2,3.2,2.0,2.1,4.5,4.5
1008,1,1,抽象-抽象,抽象-抽象,自然,自然,社会角色,社会角色,12,12,多义,多义,无,无,核心,核心,边缘,边缘,阶段1,阶段1,结构隐喻,结构隐喻,5,5,算,算,名词性,名词性,有,有,有,有,文学,文学,3.2,3.2,2.7,2.8,4.7,4.4,2.4,2.5,2.4,2.7,2.8,3.0,2.4,2.2,3.6,3.9,2.5,2.5,4.4,4.0,2.4,2.2,4.1,3.9,2.5,2.5,1.6,1.6,4.1,4.2,4.0,4.2
1009,2,4,抽象-具体,抽象-抽象,心理,心理,抽象概念,抽象概念,20,20,子部分,子部分,无,无,桥接,桥接,核心,边缘,阶段1,阶段1,本体隐喻,本体隐喻,8,8,变成,变成,动词性,动词性,无,无,无,无,新闻,新闻,2.5,2.3,2.2,2.4,3.4,3.8,1.6,1.4,3.1,3.1,2.7,2.8,2.2,2.3,4.0,4.1,1.9,1.8,2.9,3.0,4.2,4.2,4.4,4.2,3.5,3.4,4.5,4.4,4.1,3.9,3.7,3.8
1010,4,4,具体-具体,具体-具体,感知,感知,抽象概念,关系,23,23,多义,子部分,无,无,边缘,边缘,边缘,边缘,阶段1,阶段1,方位隐喻,方位隐喻,2,2,算,算,动词性,动词性,无,有,有,有,文学,文学,3.2,3.3,4.4,4.2,1.8,2.0,2.8,2.9,3.4,3.6,3.4,3.5,1.6,1.8,2.0,2.0,1.8,1.7,1.8,1.6,3.2,3.1,2.7,2.7,3.0,3.4,3.7,3.5,3.5,3.4,1.8,1.8
1011,1,11,具体-抽象,具体-抽象,人体,人体,状态,状态,23,23,子部分,子部分,有,有,边缘,边缘,中间,核心,阶段2,阶段3,方位隐喻,本体隐喻,7,7,像,像,名词性,名词性,有,有,无,无,新闻,文学,3.7,3.5,1.5,1.4,2.7,2.5,2.7,2.6,3.9,3.7,1.7,1.8,2.8,3.0,4.2,4.4,4.4,4.4,2.1,2.5,3.7,3.7,3.5,3.6,2.5,2.5,2.4,2.3,4.3,4.5,2.6,2.6
1012,6,8,具体-抽象,具体-抽象,感知,感知,事件,事件,16,16,隐喻扩展,隐喻扩展,无,无,核心,核心,核心,边缘,阶段1,阶段1,结构隐喻,结构隐喻,5,5,像,像,形容词性,形容词性,有,有,有,有,对话,对话,3.4,3.3,1.8,2.1,1.9,1.7,2.7,2.9,4.2,4.0,3.0,3.3,2.6,2.7,4.1,4.1,4.7,4.6,1.7,1.9,4.3,4.4,3.6,3.6,2.1,2.3,3.5,3.6,3.2,3.0,2.6,2.4
1013,12,12,具体-抽象,具体-抽象,空间,感知,情感,情感,16,16,实例,实例,有,有,核心,核心,边缘,边缘,阶段1,阶段1,方位隐喻,方位隐喻,2,5,成为,成为,动词性,名词性,无,无,有,无,学术,学术,3.4,3.6,4.2,3.5,4.3,4.0,3.2,3.2,4.2,4.3,3.0,2.8,1.7,1.9,3.0,3.2,4.5,4.3,2.9,2.7,2.2,2.1,3.2,3.7,2.6,2.5,2.2,2.3,2.1,2.1,3.0,2.9
1014,8,8,抽象-具体,抽象-具体,社会,社会,关系,关系,7,7,子部分,子部分,无,无,桥接,边缘,中间,中间,阶段1,阶段1,方位隐喻,方位隐喻,9,9,变成,变成,名词性,名词性,有,有,有,有,文学,文学,2.4,2.5,2.2,2.6,2.6,2.4,2.3,2.6,1.7,1.6,4.2,4.4,2.3,2.3,2.2,2.3,3.0,2.9,3.5,3.6,2.5,2.9,2.5,2.4,1.6,1.7,2.4,2.2,2.5,2.3,4.1,4.2
1015,2,2,抽象-抽象,抽象-抽象,人体,人体,状态,状态,17,4,多义,多义,有,有,边缘,边缘,边缘,边缘,阶段4,阶段4,方位隐喻,方位隐喻,9,9,是,是,动词性,动词性,无,无,无,无,新闻,新闻,4.0,4.1,3.7,3.7,3.4,3.6,2.2,2.2,3.9,3.7,3.8,3.6,3.1,3.1,2.1,2.0,4.1,4.0,3.4,3.5,2.6,2.9,3.7,3.8,2.2,2.3,2.9,2.8,2.8,2.9,3.5,3.5
1016,12,12,抽象-抽象,抽象-抽象,物体,物体,品质,品质,6,1,实例,隐喻扩展,无,无,桥接,桥接,核心,核心,阶段4,阶段2,方位隐喻,方位隐喻,2,2,是,是,形容词性,形容词性,有,有,无,无,对话,文学,3.0,2.8,3.7,4.1,1.8,1.6,2.9,2.7,3.2,3.2,2.0,1.9,3.9,3.7,3.0,2.8,4.0,4.1,3.9,3.8,2.1,2.2,3.8,4.0,3.6,3.6,3.1,3.3,2.7,2.8,3.8,3.9
1017,1,1,具体-抽象,具体-具体,自然,自然,社会角色,社会角色,11,11,隐喻扩展,隐喻扩展,无,无,核心,核心,边缘,边缘,阶段4,阶段4,方位隐喻,方位隐喻,7,7,像,为,介词短语,介词短语,无,无,有,有,网络,网络,4.4,4.5,2.4,2.3,1.8,2.1,3.3,3.3,3.0,3.4,2.9,3.0,4.3,4.2,3.1,2.9,2.4,2.1,2.7,2.5,4.1,4.1,3.0,2.7,2.1,2.0,2.2,2.2,4.1,4.0,1.7,1.7
1018,10,7,具体-抽象,具体-抽象,感知,心理,时间,时间,8,8,子部分,子部分,有,有,桥接,边缘,核心,核心,阶段4,阶段4,方位隐喻,方位隐喻,5,5,是,算,介词短语,介词短语,无,无,无,无,对话,对话,1.6,1.7,2.0,2.0,3.4,3.7,3.3,3.3,3.2,3.4,3.8,3.8,3.0,3.0,3.6,3.4,3.3,3.3,2.4,2.3,1.8,1.7,2.8,2.8,1.9,1.8,3.6,3.6,4.2,4.2,1.6,1.6
1019,6,6,抽象-抽象,抽象-抽象,社会,社会,抽象概念,抽象概念,2,2,实例,实例,无,无,桥接,桥接,边缘,边缘,阶段4,阶段4,本体隐喻,本体隐喻,8,8,是,是,形容词性,形容词性,有,有,无,无,新闻,新闻,2.7,2.7,2.0,2.1,3.9,4.1,4.3,4.0,4.2,4.2,3.0,3.2,2.8,2.8,3.8,3.8,4.4,4.3,1.7,1.8,2.4,2.1,1.6,1.4,4.0,4.0,3.4,3.2,2.9,2.8,4.4,4.4
1020,7,7,具体-具体,具体-具体,物体,物体,状态,状态,23,23,多义,多义,有,有,桥接,核心,中间,中间,阶段1,阶段1,方位隐喻,本体隐喻,8,8,成为,成为,动词性,动词性,有,有,有,有,新闻,新闻,2.0,2.1,2.0,2.2,2.1,2.1,3.8,4.0,3.0,3.0,2.7,2.6,4.5,4.5,4.3,4.3,2.4,2.6,4.4,4.4,2.0,2.0,4.1,3.9,2.3,2.1,1.3,1.2,4.2,4.4,2.2,2.3
1021,3,3,具体-具体,具体-具体,空间,空间,社会角色,社会角色,1,1,实例,实例,有,有,边缘,边缘,核心,核心,阶段4,阶段4,本体隐喻,本体隐喻,3,3,成为,成为,名词性,名词性,有,有,无,无,网络,网络,3.1,3.1,2.1,2.3,2.8,2.9,1.5,1.8,2.1,2.0,2.6,2.6,4.2,4.3,3.9,3.8,3.4,3.3,1.7,2.0,4.4,4.4,2.3,2.2,2.3,2.3,3.1,3.1,4.2,4.3,4.1,3.9
1022,4,4,具体-抽象,具体-抽象,自然,自然,状态,状态,10,10,实例,实例,无,无,桥接,桥接,中间,中间,阶段1,阶段1,结构隐喻,方位隐喻,7,3,变成,算,形容词性,形容词性,有,有,无,无,新闻,文学,2.2,2.4,4.0,4.2,3.4,3.2,3.2,3.2,2.7,3.0,2.6,2.7,2.2,2.1,4.2,4.3,3.4,3.3,2.1,2.0,3.5,3.2,2.7,3.0,2.8,2.8,2.8,2.8,2.8,2.7,3.2,3.3
1023,12,12,抽象-具体,抽象-具体,空间,空间,时间,时间,17,17,子部分,子部分,无,无,核心,核心,中间,中间,阶段4,阶段4,方位隐喻,方位隐喻,1,1,变成,变成,介词短语,介词短语,有,有,无,无,网络,网络,3.8,3.7,4.0,3.8,3.8,3.9,2.7,2.8,4.3,4.1,1.6,1.5,2.9,3.0,3.0,2.8,2.8,2.9,1.5,1.4,3.7,3.5,2.6,2.8,2.7,2.7,3.4,3.5,4.1,3.8,2.6,2.5
1024,8,8,具体-具体,具体-具体,运动,运动,关系,关系,23,23,子部分,子部分,有,有,桥接,边缘,边缘,边缘,阶段2,阶段2,本体隐喻,本体隐喻,5,5,变成,变成,形容词性,形容词性,无,无,无,无,对话,对话,4.4,4.1,1.6,1.3,3.5,3.3,2.7,2.6,3.9,4.0,3.8,3.6,4.0,4.0,1.6,1.7,3.0,2.8,2.6,2.5,1.7,1.9,3.6,3.6,2.2,2.0,4.2,4.4,1.9,1.7,3.4,3.9
1025,1,1,具体-具体,具体-具体,社会,社会,社会角色,社会角色,14,14,隐喻扩展,隐喻扩展,无,无,边缘,边缘,核心,核心,阶段4,阶段4,本体隐喻,本体隐喻,4,4,是,是,名词性,名词性,无,无,有,有,网络,网络,2.3,2.1,3.9,3.9,1.7,2.1,4.5,4.4,2.0,2.1,3.3,3.2,3.7,3.8,1.7,1.7,2.8,3.2,3.9,4.0,2.1,2.0,2.8,2.8,3.1,3.3,2.3,2.2,3.1,3.1,4.3,4.5
1026,5,5,抽象-抽象,抽象-抽象,心理,心理,状态,状态,10,10,实例,实例,有,有,桥接,桥接,边缘,边缘,阶段2,阶段2,本体隐喻,本体隐喻,8,8,像,像,名词性,名词性,无,无,有,有,网络,网络,2.1,1.9,1.5,1.7,3.0,3.0,2.9,3.0,3.5,3.7,2.2,2.1,3.7,3.7,2.4,2.2,3.0,3.1,2.4,2.6,3.8,4.2,2.2,1.9,3.7,3.7,3.5,3.5,3.5,3.5,2.3,2.2
1027,3,3,抽象-具体,抽象-具体,心理,心理,情感,情感,6,23,隐喻扩展,多义,无,无,核心,核心,中间,中间,阶段1,阶段1,方位隐喻,方位隐喻,3,3,像,像,动词性,介词短语,有,有,无,有,新闻,新闻,3.6,4.2,3.4,3.4,4.2,4.1,3.8,3.5,2.2,2.5,3.4,3.3,2.9,2.9,3.3,3.2,1.9,1.9,3.3,3.5,3.2,3.3,4.0,4.1,3.0,2.8,2.1,1.9,2.6,2.4,2.7,2.5
1028,7,7,抽象-具体,抽象-具体,心理,心理,抽象概念,时间,13,13,子部分,多义,有,有,核心,核心,边缘,边缘,阶段2,阶段2,结构隐喻,结构隐喻,6,6,像,像,名词性,名词性,有,有,无,无,文学,文学,2.6,2.4,2.1,1.9,4.0,4.0,4.3,4.6,2.5,2.5,2.5,2.4,2.8,2.7,2.6,2.6,4.0,3.9,4.5,4.5,1.6,1.7,2.2,2.0,4.0,4.1,1.9,1.8,1.6,1.7,2.4,2.3
1029,9,9,具体-具体,具体-具体,人体,人体,时间,时间,4,4,子部分,子部分,无,无,桥接,桥接,核心,中间,阶段4,阶段4,本体隐喻,本体隐喻,6,6,成为,成为,形容词性,形容词性,有,有,有,有,文学,文学,2.8,2.8,1.6,1.6,3.3,3.3,2.0,2.1,2.8,2.9,2.3,2.3,3.9,4.0,2.1,2.1,3.6,3.5,4.3,4.2,3.2,3.3,1.4,1.6,4.4,4.6,4.0,4.5,1.6,1.5,3.4,3.4
1030,5,1,抽象-抽象,具体-抽象,心理,人体,社会角色,情感,10,10,多义,多义,无,无,边缘,边缘,核心,中间,阶段1,阶段1,结构隐喻,结构隐喻,4,4,成为,算,名词性,名词性,无,无,有,有,网络,网络,2.3,2.2,3.9,3.7,4.4,4.6,1.6,1.5,2.7,2.8,3.6,3.5,2.3,2.1,4.1,4.0,4.3,4.3,1.9,2.1,2.8,2.9,2.1,2.1,2.9,3.1,4.2,4.2,4.3,4.1,3.6,3.8
1031,3,3,具体-具体,具体-具体,人体,心理,关系,事件,1,1,实例,实例,有,有,边缘,边缘,边缘,边缘,阶段3,阶段3,结构隐喻,结构隐喻,3,3,算,算,形容词性,形容词性,无,无,有,有,网络,学术,2.6,2.8,2.9,2.7,1.7,1.7,2.4,2.6,1.5,1.9,4.1,4.1,2.6,2.8,4.6,4.3,2.3,2.1,2.5,2.6,2.0,2.0,2.9,2.7,4.3,4.4,2.9,2.9,3.0,3.0,2.9,2.9
1032,3,3,具体-抽象,具体-抽象,心理,心理,情感,社会角色,20,20,多义,多义,无,无,核心,核心,中间,中间,阶段1,阶段1,结构隐喻,结构隐喻,3,3,成为,变成,介词短语,介词短语,无,无,无,无,文学,文学,2.3,2.2,3.5,3.2,2.9,2.8,1.4,1.9,3.4,3.8,3.3,3.3,3.3,3.1,1.6,1.5,1.8,1.8,3.9,3.9,3.3,3.3,2.7,2.9,3.4,3.3,2.1,1.7,2.0,1.8,2.2,2.2
1033,7,7,抽象-抽象,抽象-抽象,人体,社会,抽象概念,抽象概念,16,16,子部分,子部分,无,无,边缘,边缘,核心,核心,阶段2,阶段2,结构隐喻,本体隐喻,4,4,像,像,形容词性,形容词性,有,有,有,有,学术,学术,3.3,3.5,2.7,2.9,3.7,3.8,1.9,1.7,4.0,4.1,4.0,3.8,4.0,4.0,1.8,1.4,2.6,2.5,4.4,4.2,2.0,2.1,4.0,3.8,3.1,3.1,2.2,2.4,4.4,4.1,2.5,2.5
1034,12,12,具体-抽象,具体-具体,物体,物体,品质,品质,17,17,子部分,子部分,有,有,桥接,桥接,核心,核心,阶段2,阶段2,结构隐喻,结构隐喻,3,2,是,是,动词性,动词性,无,无,无,无,学术,学术,3.1,3.0,1.7,1.6,1.9,1.8,4.5,4.6,3.1,2.8,2.8,2.6,2.7,2.6,2.9,3.1,2.9,3.1,3.7,3.4,3.9,3.9,1.8,1.9,4.3,3.9,3.1,3.2,4.4,4.0,3.8,3.7
1035,11,11,抽象-具体,抽象-具体,心理,心理,时间,时间,16,16,实例,实例,无,无,核心,核心,核心,核心,阶段2,阶段2,结构隐喻,结构隐喻,1,1,算,算,形容词性,形容词性,无,无,有,有,文学,文学,3.7,3.7,3.6,3.8,4.4,4.4,4.4,4.5,2.0,2.0,1.8,1.6,3.2,3.1,2.6,2.4,2.3,2.2,2.3,2.3,3.6,3.5,3.7,3.7,4.4,4.1,3.4,3.5,2.4,2.8,4.1,4.0
1036,9,9,抽象-抽象,抽象-抽象,心理,社会,事件,事件,12,17,隐喻扩展,子部分,无,无,桥接,桥接,中间,中间,阶段4,阶段4,本体隐喻,本体隐喻,8,9,变成,变成,介词短语,介词短语,无,有,无,无,文学,文学,2.6,2.4,4.1,3.8,2.5,2.7,3.6,3.6,2.3,2.2,3.2,3.3,2.5,2.3,4.1,3.9,2.9,3.1,1.9,1.7,4.1,4.0,1.7,1.9,4.4,4.6,3.7,3.4,3.1,3.2,3.0,3.0
1037,2,2,具体-抽象,具体-抽象,空间,物体,品质,品质,5,8,实例,多义,有,有,核心,核心,核心,核心,阶段1,阶段1,方位隐喻,方位隐喻,6,6,是,是,动词性,名词性,无,无,有,有,学术,学术,3.2,3.0,1.7,1.8,2.4,2.6,3.9,3.9,2.0,1.9,2.4,2.2,4.1,3.9,3.5,3.7,3.5,3.3,2.9,3.0,2.7,2.5,3.0,3.1,3.8,3.7,3.7,3.7,2.3,2.5,2.1,2.2
1038,6,6,抽象-抽象,抽象-抽象,物体,物体,状态,状态,22,8,子部分,子部分,无,无,桥接,核心,中间,中间,阶段2,阶段2,结构隐喻,结构隐喻,5,5,是,是,介词短语,介词短语,无,无,无,无,新闻,新闻,2.2,2.3,2.4,2.6,2.2,2.2,1.9,1.9,2.1,2.0,3.9,3.8,3.7,4.1,1.5,1.7,1.7,1.5,2.0,2.0,3.1,3.0,4.2,4.1,2.9,2.9,2.1,2.0,3.6,3.4,3.4,3.4
1039,2,2,具体-具体,具体-具体,自然,人体,时间,时间,14,14,隐喻扩展,隐喻扩展,无,无,边缘,边缘,核心,核心,阶段4,阶段4,方位隐喻,方位隐喻,9,9,为,为,动词性,动词性,有,有,有,有,新闻,新闻,4.4,4.4,3.3,3.1,2.4,2.4,3.4,3.3,4.2,4.0,2.4,2.8,4.0,3.9,3.3,3.2,3.9,3.8,2.1,2.3,3.7,4.0,2.8,2.8,2.4,2.4,2.4,2.5,4.3,4.2,3.6,3.5
1040,12,12,抽象-抽象,抽象-抽象,运动,运动,关系,关系,13,13,隐喻扩展,隐喻扩展,有,有,桥接,桥接,边缘,边缘,阶段4,阶段4,结构隐喻,结构隐喻,3,3,算,算,介词短语,介词短语,无,无,有,有,学术,学术,3.1,3.1,3.1,3.3,3.3,3.5,2.0,1.7,2.9,2.9,3.5,3.4,1.7,1.8,2.7,2.5,4.2,4.4,3.2,3.4,3.2,3.2,4.4,4.3,3.2,3.3,1.5,1.3,1.3,1.6,4.3,4.0
1041,10,10,具体-抽象,具体-抽象,空间,空间,品质,品质,2,2,多义,多义,无,无,桥接,桥接,边缘,边缘,阶段4,阶段3,结构隐喻,结构隐喻,2,2,是,变成,形容词性,形容词性,有,有,无,无,网络,网络,1.9,2.1,3.1,3.3,2.7,2.8,2.8,2.6,1.7,2.0,3.0,3.4,3.0,2.8,4.4,4.3,2.3,2.4,3.1,3.0,3.3,3.4,3.5,3.5,4.1,3.8,1.9,1.6,2.9,2.8,2.5,2.5
1042,10,10,抽象-抽象,抽象-抽象,空间,空间,品质,品质,3,3,多义,多义,有,有,核心,核心,核心,核心,阶段3,阶段3,方位隐喻,结构隐喻,3,3,为,为,动词性,动词性,无,无,无,无,网络,网络,2.4,2.3,3.7,3.6,2.0,2.2,2.6,2.7,2.2,2.3,4.0,4.0,1.9,1.6,2.9,3.1,3.8,3.9,1.9,2.1,3.3,3.2,3.7,3.8,1.6,1.6,2.4,2.5,3.7,4.0,3.9,4.1
1043,5,5,抽象-抽象,抽象-抽象,人体,人体,状态,状态,10,10,子部分,多义,有,有,核心,核心,核心,核心,阶段2,阶段2,方位隐喻,方位隐喻,6,6,是,是,形容词性,形容词性,无,无,无,无,学术,学术,1.9,1.7,4.3,4.4,4.0,4.1,3.6,3.3,4.4,4.1,4.1,3.8,3.6,3.6,4.4,4.2,2.9,2.8,2.0,2.0,3.1,3.0,3.0,2.9,2.1,2.3,2.0,1.8,3.6,3.6,3.7,3.3
1044,12,12,抽象-具体,抽象-具体,自然,自然,关系,关系,18,18,多义,子部分,无,无,边缘,边缘,中间,中间,阶段2,阶段1,方位隐喻,方位隐喻,1,1,是,是,名词性,形容词性,有,有,无,无,学术,学术,1.5,1.7,2.6,2.7,1.8,1.7,1.8,1.7,3.1,2.9,1.8,1.6,2.5,2.6,1.7,1.7,3.4,3.4,1.7,1.4,4.1,3.8,2.8,2.8,2.6,2.5,3.0,3.0,2.0,2.0,4.1,4.1
1045,3,3,具体-具体,具体-具体,自然,自然,时间,时间,23,23,实例,子部分,有,有,核心,核心,中间,边缘,阶段3,阶段3,结构隐喻,结构隐喻,3,3,成为,成为,形容词性,形容词性,有,有,无,无,对话,对话,3.2,2.9,3.3,3.1,4.0,4.0,1.7,1.7,3.0,3.1,2.4,2.3,3.9,4.0,1.8,1.8,3.5,3.7,2.2,1.9,2.7,2.9,1.6,1.8,3.7,3.7,4.2,4.0,2.7,2.7,1.7,1.7
1046,8,8,抽象-具体,抽象-具体,人体,人体,状态,状态,5,5,子部分,多义,无,无,边缘,边缘,中间,中间,阶段2,阶段2,结构隐喻,结构隐喻,9,9,像,变成,形容词性,形容词性,有,有,无,无,新闻,文学,2.4,2.6,3.6,3.7,2.2,2.3,3.5,3.3,3.2,3.0,4.0,4.1,1.8,1.8,2.8,2.7,2.3,2.6,4.0,4.3,4.1,4.2,1.9,1.8,3.4,3.4,3.6,3.4,2.9,2.8,4.0,4.0
1047,3,3,抽象-抽象,抽象-抽象,感知,感知,抽象概念,抽象概念,12,12,子部分,实例,无,无,核心,核心,边缘,边缘,阶段2,阶段2,方位隐喻,方位隐喻,1,1,为,为,介词短语,介词短语,有,有,有,有,网络,网络,4.5,4.3,3.3,3.3,2.9,3.0,3.5,3.4,1.7,1.9,2.6,2.9,3.3,3.0,4.1,4.2,3.9,3.7,3.8,3.9,4.0,3.9,3.1,3.3,2.8,2.8,3.8,3.9,3.7,3.5,3.0,2.8
1048,3,9,具体-具体,具体-具体,感知,感知,社会角色,社会角色,23,23,实例,实例,无,无,核心,边缘,核心,核心,阶段3,阶段3,本体隐喻,本体隐喻,1,1,是,是,形容词性,形容词性,有,有,有,有,文学,文学,2.0,2.1,2.8,2.7,2.5,2.8,2.6,2.5,4.4,4.6,3.1,3.1,1.8,1.9,3.3,3.2,1.8,1.8,2.6,2.8,3.5,3.6,3.3,3.2,4.1,4.3,3.3,3.1,2.8,2.9,3.9,3.8
1049,6,6,抽象-抽象,抽象-抽象,社会,社会,情感,情感,14,14,多义,多义,有,有,桥接,桥接,中间,中间,阶段4,阶段4,结构隐喻,结构隐喻,6,6,算,算,动词性,动词性,无,无,有,有,学术,学术,3.9,3.8,3.5,3.4,3.3,3.3,1.8,1.7,1.8,1.8,2.2,1.9,3.2,3.1,4.0,3.9,4.5,4.6,3.6,3.9,4.4,4.2,4.6,4.5,3.1,3.1,3.7,3.7,2.3,2.3,2.1,2.2
1050,7,7,抽象-具体,抽象-具体,空间,空间,事件,事件,16,16,实例,实例,无,无,桥接,边缘,核心,核心,阶段3,阶段3,本体隐喻,本体隐喻,9,7,为,为,介词短语,介词短语,有,有,有,有,文学,文学,2.5,2.4,3.3,3.4,4.0,4.0,4.3,4.1,3.7,3.5,3.2,3.3,3.4,3.3,2.3,2.3,2.4,2.4,2.8,2.8,3.1,3.1,4.0,4.3,3.7,3.7,1.7,2.2,2.9,2.7,2.5,2.6
1051,10,10,抽象-具体,具体-抽象,空间,空间,时间,关系,21,21,实例,实例,无,无,桥接,桥接,中间,边缘,阶段1,阶段1,结构隐喻,结构隐喻,3,3,像,像,介词短语,介词短语,有,有,有,有,新闻,新闻,2.3,2.0,3.3,3.5,4.5,4.6,1.8,1.8,1.8,1.7,2.2,2.2,2.9,2.9,1.8,1.9,2.2,2.1,3.9,3.9,4.1,4.0,3.9,4.1,3.7,3.5,3.2,3.2,4.5,4.5,2.9,2.7
1052,9,9,抽象-具体,抽象-具体,心理,社会,状态,状态,12,12,实例,实例,无,无,核心,核心,边缘,边缘,阶段4,阶段4,本体隐喻,本体隐喻,5,5,算,算,动词性,形容词性,无,无,有,有,学术,学术,4.5,4.5,2.2,2.3,2.3,2.4,3.7,3.8,2.9,2.9,3.9,3.9,2.3,2.4,2.3,2.0,2.0,1.9,1.9,2.0,2.3,2.4,2.4,2.5,3.9,4.2,3.2,3.3,1.6,1.6,3.1,3.2
1053,12,12,具体-具体,具体-具体,感知,社会,品质,品质,3,3,多义,多义,有,有,核心,桥接,核心,中间,阶段4,阶段4,方位隐喻,方位隐喻,7,7,为,变成,介词短语,介词短语,无,有,有,有,新闻,新闻,3.8,3.9,3.1,3.0,3.1,3.3,1.6,1.9,4.1,4.1,2.0,2.2,1.5,1.5,3.5,3.5,3.9,4.0,2.0,2.0,1.7,2.0,2.8,2.8,4.0,4.1,3.6,3.2,2.5,2.5,3.0,3.2
1054,8,8,抽象-具体,抽象-具体,心理,心理,事件,品质,14,14,实例,实例,有,有,桥接,边缘,边缘,边缘,阶段4,阶段4,结构隐喻,结构隐喻,8,8,像,变成,动词性,动词性,有,有,无,有,文学,网络,3.3,3.3,4.1,4.4,2.8,2.9,3.4,3.5,3.9,3.7,2.4,2.7,3.6,3.5,4.3,4.0,3.4,3.2,1.7,1.7,3.5,3.5,1.9,1.9,4.5,4.5,3.9,3.7,2.1,2.0,2.1,2.3
1055,12,7,具体-具体,具体-抽象,人体,人体,时间,时间,4,4,实例,实例,有,有,桥接,桥接,中间,中间,阶段4,阶段4,方位隐喻,方位隐喻,3,3,是,变成,名词性,名词性,有,有,无,无,对话,对话,3.6,3.6,4.1,4.2,4.4,4.3,3.7,3.4,2.4,2.5,1.8,1.9,4.2,4.2,3.0,3.0,4.5,4.4,2.1,2.4,2.4,2.5,3.3,3.2,2.6,2.7,4.3,4.5,2.8,2.5,4.3,4.2
1056,3,5,抽象-具体,抽象-具体,社会,社会,品质,品质,21,21,实例,实例,无,无,桥接,桥接,中间,中间,阶段4,阶段4,结构隐喻,结构隐喻,7,7,变成,变成,名词性,名词性,有,有,无,无,学术,学术,4.5,4.3,3.8,3.6,4.0,4.1,4.0,4.1,3.1,3.3,3.2,3.3,3.9,3.6,1.9,1.9,3.4,3.3,2.0,2.0,3.4,3.5,1.6,1.8,2.0,1.9,3.7,3.8,3.2,3.4,4.3,4.3
1057,6,6,抽象-具体,抽象-具体,运动,运动,品质,品质,21,21,隐喻扩展,隐喻扩展,无,无,边缘,核心,核心,核心,阶段1,阶段1,结构隐喻,结构隐喻,8,8,变成,变成,形容词性,形容词性,有,有,有,有,文学,文学,3.1,3.2,3.6,3.7,2.8,2.7,2.5,2.7,1.9,1.9,4.5,4.3,4.1,4.3,3.5,3.5,2.6,2.4,4.1,4.1,1.6,1.9,3.1,2.9,3.7,3.6,4.3,4.5,1.8,2.2,2.4,2.4
1058,4,4,具体-具体,具体-具体,感知,感知,时间,时间,22,22,实例,实例,有,有,核心,核心,中间,中间,阶段3,阶段3,本体隐喻,结构隐喻,1,1,变成,变成,动词性,动词性,无,无,无,无,网络,网络,1.8,1.8,2.1,2.0,3.0,3.1,1.5,1.4,4.4,4.3,1.9,1.9,4.2,4.1,2.2,2.1,4.0,4.1,2.1,2.3,4.2,4.6,3.3,3.0,4.2,4.2,3.1,3.1,2.8,2.9,2.8,2.8
1059,1,1,具体-抽象,具体-抽象,空间,空间,情感,情感,11,9,隐喻扩展,隐喻扩展,有,有,核心,核心,边缘,边缘,阶段3,阶段3,方位隐喻,方位隐喻,5,5,成为,成为,名词性,名词性,有,有,有,有,文学,文学,1.8,1.9,2.9,2.9,2.1,2.2,3.9,3.7,3.5,3.5,1.5,1.6,2.9,2.7,3.3,3.2,2.4,2.1,2.9,3.1,3.1,3.2,2.1,2.1,1.6,1.8,2.5,2.4,3.8,4.2,3.9,3.8
1060,5,3,具体-具体,具体-具体,运动,运动,关系,关系,1,1,多义,多义,有,有,桥接,桥接,核心,核心,阶段4,阶段4,方位隐喻,结构隐喻,3,3,为,为,介词短语,介词短语,有,有,无,无,新闻,新闻,3.4,3.5,1.8,1.9,3.7,3.5,3.0,2.6,2.7,2.5,2.6,2.7,3.5,3.6,1.7,2.0,2.3,2.6,3.8,3.8,1.6,1.4,3.9,3.7,2.4,2.6,3.5,3.6,3.5,3.4,3.6,3.9
1061,10,10,抽象-抽象,抽象-抽象,感知,感知,品质,社会角色,1,1,子部分,实例,有,无,核心,边缘,核心,核心,阶段4,阶段2,方位隐喻,方位隐喻,5,5,成为,成为,形容词性,形容词性,无,无,有,无,网络,网络,3.7,3.5,3.7,4.0,4.0,4.0,3.9,4.0,2.5,2.4,3.7,3.7,2.5,2.7,4.1,3.9,1.6,1.6,3.6,3.7,3.0,2.9,3.5,3.5,4.0,3.9,4.4,4.4,3.4,3.6,4.4,4.5
1062,9,9,抽象-抽象,抽象-抽象,社会,社会,关系,关系,13,13,隐喻扩展,隐喻扩展,有,有,核心,核心,核心,核心,阶段1,阶段1,结构隐喻,结构隐喻,7,7,为,为,介词短语,介词短语,无,无,无,无,新闻,新闻,3.7,3.8,2.3,2.1,4.5,4.2,3.9,4.0,2.3,2.2,4.5,4.7,4.2,4.3,3.9,3.9,2.1,2.4,2.1,2.0,4.0,3.8,2.0,2.1,3.6,3.5,3.8,3.4,4.4,4.4,4.1,4.4
1063,8,4,抽象-抽象,抽象-抽象,运动,运动,抽象概念,情感,18,18,隐喻扩展,隐喻扩展,无,无,边缘,边缘,中间,中间,阶段4,阶段4,结构隐喻,结构隐喻,2,7,变成,变成,介词短语,介词短语,有,有,无,无,学术,对话,1.8,2.2,3.7,3.6,3.0,3.3,3.1,3.3,3.9,3.5,1.7,1.7,3.4,3.2,3.0,3.0,2.2,2.4,1.7,1.5,4.1,4.1,4.5,4.4,3.9,3.6,4.3,4.5,2.7,3.0,4.1,4.1
1064,4,4,具体-具体,具体-具体,感知,感知,情感,情感,10,10,多义,多义,有,有,核心,核心,中间,中间,阶段2,阶段2,方位隐喻,方位隐喻,4,4,变成,变成,名词性,名词性,无,无,无,有,新闻,对话,4.1,4.4,3.7,3.8,3.5,3.5,4.8,4.6,2.8,2.8,3.7,3.7,4.0,3.9,1.7,1.6,2.5,2.4,4.3,4.2,2.8,3.1,3.1,3.1,3.1,2.9,1.6,1.5,4.5,4.6,3.5,3.5
1065,4,4,抽象-具体,抽象-具体,人体,自然,抽象概念,抽象概念,4,4,实例,子部分,有,有,桥接,桥接,核心,核心,阶段4,阶段4,本体隐喻,本体隐喻,7,8,成为,算,介词短语,介词短语,无,无,有,有,对话,对话,3.1,2.9,4.1,4.4,2.7,3.0,2.9,2.7,2.4,2.7,2.4,2.7,1.6,1.6,2.5,2.3,2.6,2.6,3.2,3.4,2.0,2.0,1.6,1.6,2.8,2.6,2.4,2.3,2.7,2.5,2.5,2.6
1066,8,6,抽象-抽象,抽象-抽象,社会,社会,时间,时间,12,12,子部分,子部分,有,有,边缘,边缘,中间,中间,阶段2,阶段3,结构隐喻,结构隐喻,4,9,算,为,形容词性,形容词性,有,有,有,有,文学,文学,3.4,3.5,3.8,3.8,3.3,3.4,3.4,3.5,4.1,4.2,1.9,2.1,3.1,3.3,1.8,1.9,3.1,3.4,3.6,3.7,4.2,4.2,2.7,2.5,3.8,4.1,2.0,2.4,2.1,2.2,3.0,2.8
1067,9,9,抽象-抽象,抽象-抽象,心理,心理,事件,事件,19,19,多义,多义,无,无,核心,核心,边缘,边缘,阶段4,阶段3,本体隐喻,本体隐喻,9,9,是,是,名词性,名词性,无,无,有,有,文学,文学,1.6,1.7,3.2,3.3,2.6,2.4,3.5,3.4,1.9,1.9,2.1,2.2,3.6,3.9,3.0,2.9,2.3,2.0,2.6,2.8,4.4,4.4,4.5,4.3,3.1,3.1,2.5,2.9,3.9,4.0,3.8,3.6
1068,6,6,具体-具体,具体-具体,自然,自然,时间,状态,2,2,实例,实例,有,有,核心,核心,中间,中间,阶段3,阶段3,方位隐喻,方位隐喻,7,7,成为,成为,介词短语,名词性,有,有,无,无,新闻,新闻,4.3,4.2,3.3,3.3,3.7,3.8,2.9,3.0,2.3,2.2,4.4,4.2,2.3,2.4,1.9,2.0,3.4,3.4,2.1,2.2,1.8,1.7,4.1,4.2,2.8,3.2,1.5,1.6,3.0,3.1,1.9,1.6
1069,6,8,具体-抽象,具体-抽象,社会,人体,时间,时间,6,6,实例,实例,有,有,边缘,边缘,边缘,边缘,阶段2,阶段2,结构隐喻,本体隐喻,1,1,为,为,名词性,名词性,有,有,有,有,网络,网络,3.1,3.2,2.5,2.4,1.5,1.4,3.3,3.2,2.5,2.4,3.8,3.9,1.5,1.6,4.2,4.0,2.0,1.8,3.1,3.0,1.8,1.9,2.1,2.0,3.5,3.7,4.4,4.3,2.4,2.5,3.6,3.7
1070,7,7,抽象-抽象,抽象-抽象,感知,人体,事件,品质,7,7,子部分,实例,无,无,边缘,边缘,中间,中间,阶段2,阶段2,方位隐喻,方位隐喻,8,7,为,为,名词性,名词性,有,有,有,有,学术,学术,3.3,3.1,2.0,1.9,1.7,1.6,4.1,4.0,2.3,2.3,2.3,2.3,3.7,3.9,4.1,4.0,4.2,4.2,1.9,1.5,3.2,3.1,4.1,4.0,2.2,2.0,3.8,3.7,2.3,2.4,4.4,4.3
1071,9,9,抽象-抽象,抽象-抽象,人体,人体,情感,情感,22,22,隐喻扩展,隐喻扩展,无,无,边缘,边缘,边缘,边缘,阶段2,阶段2,结构隐喻,结构隐喻,7,5,是,是,名词性,名词性,有,有,有,有,网络,网络,4.1,4.2,1.8,2.0,3.7,3.4,3.1,3.2,3.5,3.3,4.6,4.5,2.5,2.5,2.0,1.8,1.7,1.7,3.7,4.2,3.2,3.3,3.4,3.4,3.2,3.3,1.9,1.6,4.0,4.3,2.2,2.3
1072,12,12,抽象-抽象,抽象-抽象,社会,社会,关系,关系,14,14,子部分,子部分,有,无,桥接,桥接,核心,核心,阶段2,阶段2,方位隐喻,方位隐喻,1,1,是,是,名词性,名词性,无,有,无,无,学术,学术,4.1,4.4,2.0,2.2,4.3,4.3,3.0,3.0,3.3,3.5,1.8,1.8,2.6,2.8,3.9,3.4,4.2,4.3,3.6,3.5,3.3,3.4,1.5,1.5,2.5,2.5,2.1,2.0,3.6,3.2,4.0,3.9
1073,3,3,具体-具体,具体-具体,运动,运动,状态,状态,1,1,子部分,子部分,无,无,边缘,边缘,边缘,边缘,阶段1,阶段1,本体隐喻,本体隐喻,6,1,是,像,动词性,动词性,无,无,无,无,学术,学术,2.1,2.1,4.4,4.4,3.4,3.4,3.4,3.6,1.6,1.6,2.6,2.3,3.2,3.3,3.5,3.4,2.9,3.2,3.8,3.9,2.5,2.3,3.9,3.9,1.4,1.7,3.3,3.2,3.4,3.4,4.2,4.2
1074,5,5,抽象-抽象,抽象-抽象,社会,社会,品质,社会角色,16,16,子部分,子部分,有,有,核心,边缘,中间,中间,阶段4,阶段4,本体隐喻,本体隐喻,2,2,为,为,形容词性,形容词性,有,无,有,有,对话,对话,4.3,4.2,2.0,1.9,3.5,3.7,1.4,1.8,2.0,2.1,3.3,3.6,1.9,1.8,2.8,2.9,3.9,3.7,2.8,3.3,1.8,1.8,2.7,2.5,3.7,3.8,4.4,4.2,2.9,2.9,1.7,1.8
1075,9,9,具体-抽象,具体-抽象,物体,物体,时间,时间,20,20,多义,多义,无,无,核心,核心,核心,核心,阶段4,阶段1,方位隐喻,方位隐喻,1,1,变成,变成,名词性,名词性,无,无,有,有,网络,新闻,3.6,3.6,3.4,3.6,4.1,3.9,2.0,1.7,2.0,2.2,4.5,4.4,1.8,1.9,1.9,1.8,2.3,2.5,3.2,3.0,3.3,3.1,2.7,2.6,2.6,2.7,1.7,1.7,2.0,2.0,4.6,4.4
1076,4,4,具体-具体,抽象-具体,空间,空间,情感,情感,9,10,实例,实例,无,无,桥接,边缘,中间,中间,阶段4,阶段4,本体隐喻,方位隐喻,2,2,为,为,介词短语,介词短语,无,无,无,无,新闻,新闻,1.6,1.4,2.0,2.1,2.6,2.7,1.9,2.0,1.8,1.7,3.0,2.9,4.5,4.4,1.7,1.8,2.0,2.0,3.7,3.2,2.2,1.8,2.9,2.7,4.1,4.2,2.7,2.6,2.5,2.5,3.1,3.1
1077,4,4,具体-具体,具体-具体,人体,人体,状态,状态,23,23,子部分,子部分,有,有,桥接,核心,核心,核心,阶段1,阶段1,结构隐喻,结构隐喻,8,8,成为,成为,介词短语,介词短语,有,有,无,无,文学,文学,2.3,2.2,4.5,4.4,1.9,1.9,2.8,2.7,1.9,1.8,3.9,3.8,2.5,2.5,3.7,3.7,4.2,4.5,3.6,3.9,2.4,2.6,3.1,3.3,3.1,3.0,2.3,2.0,1.9,2.0,2.7,2.8
1078,12,12,抽象-具体,抽象-具体,感知,感知,社会角色,社会角色,21,21,子部分,多义,无,无,桥接,桥接,边缘,边缘,阶段4,阶段4,方位隐喻,方位隐喻,3,4,成为,成为,形容词性,形容词性,有,有,无,无,网络,网络,2.9,2.7,2.6,2.6,4.3,4.3,4.2,4.1,2.2,2.1,4.0,4.1,2.3,2.5,2.1,2.1,2.6,2.8,2.3,2.2,3.1,3.4,3.5,3.5,1.6,1.6,2.0,2.2,2.4,2.7,3.4,3.3
1079,10,10,具体-抽象,具体-抽象,人体,人体,时间,时间,16,16,隐喻扩展,隐喻扩展,无,无,边缘,边缘,核心,核心,阶段2,阶段4,本体隐喻,本体隐喻,1,1,成为,为,动词性,名词性,有,有,无,无,新闻,新闻,3.4,3.1,2.6,2.7,4.4,4.2,3.2,3.3,2.5,2.5,1.4,1.6,1.7,1.6,3.5,3.2,3.1,2.9,3.6,3.6,2.1,2.1,3.6,3.7,2.8,2.8,3.8,3.6,4.3,4.2,2.3,2.1
1080,6,6,抽象-抽象,抽象-抽象,运动,运动,抽象概念,抽象概念,20,20,隐喻扩展,多义,有,有,核心,核心,核心,核心,阶段1,阶段1,方位隐喻,方位隐喻,9,9,变成,变成,动词性,形容词性,无,无,有,有,学术,学术,3.5,3.6,2.6,2.6,2.9,2.8,4.4,4.5,3.9,3.8,2.4,2.3,2.0,2.2,4.1,4.0,4.5,4.4,3.1,3.0,3.0,3.0,2.2,2.2,2.2,2.0,4.2,4.0,3.2,3.3,3.7,3.7
1081,4,4,抽象-具体,抽象-具体,感知,空间,社会角色,社会角色,1,1,实例,实例,有,有,边缘,边缘,中间,中间,阶段1,阶段1,结构隐喻,方位隐喻,6,6,是,是,介词短语,介词短语,有,有,有,有,网络,网络,2.0,1.8,3.7,3.9,2.3,2.1,1.4,1.8,2.1,2.3,1.6,1.6,2.8,2.7,3.2,3.1,2.3,2.5,3.0,2.9,3.9,3.6,3.7,3.5,4.2,4.2,4.2,4.5,1.7,1.6,3.9,4.0
1082,12,12,具体-具体,具体-具体,物体,物体,情感,情感,15,15,子部分,子部分,有,有,边缘,边缘,核心,核心,阶段3,阶段3,本体隐喻,本体隐喻,2,2,是,是,介词短语,介词短语,有,有,无,无,对话,对话,3.9,4.0,2.2,2.0,4.2,4.1,3.6,3.8,3.5,3.6,4.1,3.9,2.4,2.5,4.4,4.5,1.8,1.8,3.2,3.1,1.9,1.7,1.8,2.0,2.9,2.7,3.6,3.6,3.7,3.9,2.4,2.7
1083,8,8,具体-抽象,具体-抽象,空间,空间,关系,关系,14,14,多义,实例,有,有,边缘,边缘,核心,核心,阶段2,阶段2,结构隐喻,方位隐喻,5,5,算,算,形容词性,形容词性,无,无,有,有,新闻,新闻,4.2,4.1,4.1,4.1,3.6,3.7,2.6,2.5,1.5,1.4,3.3,3.3,3.0,2.7,3.3,3.6,3.3,3.3,2.3,2.2,3.4,3.4,4.4,4.4,3.0,3.0,1.6,1.9,3.8,3.8,2.4,2.3
1084,7,7,具体-抽象,具体-抽象,运动,运动,社会角色,社会角色,7,7,子部分,子部分,无,无,边缘,边缘,核心,核心,阶段4,阶段4,方位隐喻,方位隐喻,1,3,算,算,介词短语,介词短语,无,无,有,有,对话,对话,3.3,3.3,3.5,3.3,1.4,1.7,1.6,1.6,3.5,3.5,1.6,2.0,3.8,3.7,2.4,2.6,3.2,3.1,1.6,1.7,3.1,2.9,2.9,3.0,2.7,2.6,2.6,2.6,3.8,3.9,4.2,4.2
1085,2,2,抽象-具体,抽象-具体,感知,感知,品质,品质,18,18,子部分,子部分,有,有,核心,核心,中间,边缘,阶段2,阶段2,本体隐喻,本体隐喻,9,1,变成,变成,形容词性,名词性,无,无,有,有,对话,对话,4.3,4.3,2.1,2.3,1.7,2.0,3.9,4.0,4.1,3.9,2.8,2.7,3.4,3.3,4.2,3.8,3.7,3.8,3.7,3.8,1.7,1.7,1.8,1.7,3.1,3.1,3.0,2.8,3.5,3.3,3.0,2.8
1086,12,12,抽象-抽象,抽象-抽象,自然,自然,社会角色,社会角色,23,23,隐喻扩展,隐喻扩展,无,无,核心,核心,中间,核心,阶段4,阶段4,方位隐喻,方位隐喻,1,1,为,为,介词短语,介词短语,无,无,有,有,对话,对话,3.8,3.9,1.6,1.6,4.6,4.4,2.0,2.2,3.0,3.3,3.1,3.0,3.0,3.0,2.5,2.2,4.3,4.3,4.3,4.4,3.7,3.6,3.2,3.3,1.8,1.9,2.4,2.3,1.6,1.4,3.6,3.3
1087,8,8,具体-具体,具体-具体,人体,人体,抽象概念,抽象概念,23,23,隐喻扩展,隐喻扩展,有,有,边缘,边缘,核心,核心,阶段2,阶段2,结构隐喻,结构隐喻,1,1,算,算,形容词性,形容词性,有,有,有,有,新闻,新闻,2.1,2.4,3.9,3.8,1.5,1.8,2.1,2.0,1.8,2.2,3.7,3.6,4.0,4.1,4.2,4.2,2.3,2.4,3.0,3.2,2.4,2.3,3.0,3.2,3.1,2.9,3.1,3.2,2.5,2.6,4.1,4.2
1088,5,5,具体-具体,具体-具体,空间,空间,时间,状态,19,19,子部分,子部分,无,无,边缘,边缘,边缘,边缘,阶段2,阶段2,本体隐喻,本体隐喻,7,8,算,算,动词性,动词性,无,无,无,无,新闻,新闻,3.8,4.0,2.0,2.2,2.4,2.5,2.6,2.6,2.5,2.4,3.6,3.9,4.1,4.0,2.8,3.0,3.6,3.4,4.1,4.0,2.1,2.1,1.6,1.6,3.4,3.4,2.1,2.2,2.4,2.7,3.7,3.7
1089,1,1,具体-抽象,抽象-具体,社会,社会,事件,事件,20,20,实例,实例,无,有,桥接,桥接,核心,核心,阶段4,阶段4,本体隐喻,本体隐喻,1,1,像,像,介词短语,介词短语,有,有,有,无,新闻,新闻,4.4,4.3,4.3,4.1,3.3,3.1,3.8,4.0,4.0,4.0,1.8,1.8,3.4,3.2,4.3,4.3,2.8,2.9,3.1,3.3,2.3,2.5,1.7,1.5,2.7,2.8,4.3,4.3,1.4,1.5,2.4,2.4
1090,10,10,抽象-具体,抽象-具体,空间,空间,关系,关系,15,15,多义,子部分,有,有,核心,核心,边缘,核心,阶段3,阶段3,方位隐喻,方位隐喻,8,8,成为,算,动词性,动词性,有,有,无,有,对话,对话,1.8,2.1,2.0,1.8,2.1,1.9,3.4,3.4,2.6,2.7,2.8,2.9,1.9,1.8,2.0,2.3,3.9,3.8,4.3,4.1,3.2,3.1,4.5,4.4,2.7,2.5,2.1,2.2,1.8,1.7,1.4,1.7
1091,11,11,抽象-抽象,抽象-抽象,人体,人体,时间,社会角色,24,24,多义,多义,有,有,边缘,边缘,中间,中间,阶段1,阶段1,本体隐喻,本体隐喻,2,2,为,为,介词短语,介词短语,无,无,无,无,文学,文学,4.6,4.7,3.5,3.4,2.2,2.3,2.3,2.4,2.3,2.2,2.0,1.8,2.8,2.8,1.6,1.5,2.0,2.0,2.9,2.9,3.4,3.3,2.6,2.7,3.8,3.9,2.8,2.9,2.9,2.8,3.0,3.0
1092,5,5,抽象-具体,抽象-具体,运动,运动,事件,事件,1,1,隐喻扩展,隐喻扩展,有,有,边缘,边缘,中间,中间,阶段4,阶段4,本体隐喻,本体隐喻,6,6,为,为,动词性,动词性,有,有,有,有,对话,学术,1.6,1.6,3.6,3.8,2.4,2.5,2.1,2.3,4.3,4.5,3.6,3.8,3.3,3.2,2.2,2.2,3.0,3.1,1.9,2.2,2.1,2.2,2.2,2.2,3.1,3.2,1.8,1.9,4.2,4.2,2.3,2.3
1093,10,10,抽象-抽象,具体-具体,人体,人体,抽象概念,抽象概念,24,24,实例,实例,无,无,桥接,桥接,核心,核心,阶段1,阶段1,结构隐喻,结构隐喻,3,3,是,成为,介词短语,介词短语,无,无,有,有,文学,文学,3.0,3.1,3.4,3.6,2.2,2.2,1.9,1.8,3.3,3.3,3.6,3.5,1.7,1.5,1.8,1.9,1.7,1.6,4.1,4.1,4.3,4.2,3.3,3.0,3.4,3.0,2.5,2.6,4.4,4.4,2.9,2.7
1094,11,11,抽象-具体,具体-具体,感知,感知,状态,状态,3,3,子部分,子部分,有,有,边缘,边缘,核心,核心,阶段1,阶段1,本体隐喻,本体隐喻,4,3,像,像,形容词性,形容词性,有,有,无,无,学术,学术,3.9,3.9,2.5,2.4,3.8,4.0,1.8,1.9,4.0,3.9,3.7,3.6,1.5,1.6,3.6,3.6,3.0,3.3,3.8,4.1,2.6,2.5,1.2,1.4,2.4,2.3,2.9,3.0,3.8,3.7,2.8,2.7
1095,9,12,抽象-具体,抽象-具体,心理,心理,品质,品质,20,12,隐喻扩展,隐喻扩展,有,有,桥接,桥接,中间,中间,阶段1,阶段1,本体隐喻,方位隐喻,9,9,算,算,名词性,名词性,有,有,无,有,文学,文学,3.8,3.7,4.2,4.1,3.2,2.8,4.0,4.1,1.5,1.6,1.5,2.0,4.4,4.4,2.4,2.2,2.0,1.9,2.7,2.8,2.2,2.3,1.6,1.6,2.8,2.9,3.1,3.2,2.1,2.5,4.0,4.2
1096,6,6,具体-具体,抽象-抽象,运动,运动,状态,状态,22,22,多义,多义,无,无,桥接,边缘,边缘,边缘,阶段1,阶段1,本体隐喻,本体隐喻,5,5,是,是,形容词性,形容词性,无,无,有,有,新闻,新闻,3.6,3.5,3.7,3.8,2.5,2.3,4.3,4.3,2.6,2.4,2.7,3.0,3.8,3.7,3.5,3.6,4.3,4.4,4.1,3.9,2.1,1.9,1.9,1.9,1.7,1.6,2.6,2.4,4.2,4.4,3.9,3.8
1097,2,2,具体-抽象,具体-抽象,物体,物体,品质,品质,9,9,子部分,子部分,无,无,核心,核心,核心,边缘,阶段2,阶段2,方位隐喻,方位隐喻,1,1,为,为,介词短语,介词短语,有,有,有,有,学术,学术,3.2,3.1,3.0,2.9,2.4,2.2,4.4,4.6,2.7,2.9,4.1,3.9,2.0,2.0,3.4,3.3,3.1,3.0,1.5,1.6,1.9,1.9,3.8,4.0,2.5,2.7,3.7,3.9,4.5,4.5,2.1,2.2
1098,8,8,抽象-具体,抽象-具体,人体,人体,时间,时间,21,21,实例,实例,有,有,桥接,桥接,边缘,边缘,阶段1,阶段1,结构隐喻,结构隐喻,4,4,为,是,动词性,动词性,有,有,有,有,学术,学术,3.6,3.4,3.3,3.4,1.8,1.5,4.0,4.1,3.3,3.3,3.6,3.7,2.9,2.7,3.5,3.5,3.1,2.8,3.8,3.8,4.4,4.4,2.6,2.2,4.0,3.9,3.0,3.1,2.8,2.9,2.3,2.3
1099,5,5,抽象-具体,抽象-具体,心理,心理,事件,事件,19,19,实例,实例,有,无,桥接,桥接,边缘,边缘,阶段4,阶段4,结构隐喻,结构隐喻,4,4,算,算,动词性,名词性,有,有,无,无,新闻,新闻,3.6,3.6,3.3,3.2,1.5,1.6,4.1,4.2,2.1,2.1,4.2,4.1,2.1,1.9,4.0,4.1,4.2,4.5,3.5,3.7,3.6,3.5,3.1,3.2,1.8,2.0,4.4,4.4,3.3,3.1,3.1,3.3
1100,5,5,具体-抽象,具体-抽象,自然,自然,情感,情感,14,14,多义,多义,有,有,桥接,桥接,核心,核心,阶段4,阶段4,本体隐喻,本体隐喻,4,9,是,算,介词短语,介词短语,有,有,无,无,新闻,新闻,2.8,3.1,4.3,4.4,3.6,3.6,3.9,3.7,3.0,3.0,2.0,1.9,1.7,1.6,2.1,2.0,2.9,3.1,2.7,2.6,4.0,3.8,2.2,2.3,3.9,3.7,2.0,1.9,2.7,2.5,3.2,3.0
1101,3,3,具体-抽象,具体-抽象,运动,运动,抽象概念,抽象概念,14,14,隐喻扩展,隐喻扩展,无,有,边缘,核心,边缘,边缘,阶段3,阶段3,本体隐喻,本体隐喻,3,3,算,为,名词性,名词性,有,有,无,有,新闻,新闻,3.2,3.4,4.3,3.9,2.0,1.8,4.2,4.2,3.5,3.6,2.5,2.5,2.7,2.5,1.7,1.6,3.5,3.5,4.0,3.8,2.5,2.6,3.3,3.1,2.6,2.5,2.1,2.2,4.0,4.1,3.1,3.2
1102,11,6,抽象-具体,抽象-具体,空间,空间,时间,时间,14,12,多义,多义,有,有,核心,核心,中间,中间,阶段2,阶段2,结构隐喻,结构隐喻,2,2,是,是,形容词性,形容词性,无,无,无,无,文学,文学,4.2,4.1,2.1,2.3,3.2,2.7,4.2,4.1,2.6,2.5,2.9,2.8,3.3,3.5,1.8,1.5,1.5,1.6,1.9,1.8,2.9,2.9,3.1,3.0,1.3,1.5,3.8,3.8,2.3,2.2,4.2,4.3
1103,5,5,具体-具体,具体-具体,感知,感知,状态,状态,11,11,多义,多义,无,无,边缘,桥接,中间,中间,阶段1,阶段1,本体隐喻,本体隐喻,6,4,变成,变成,形容词性,形容词性,无,无,无,无,学术,学术,2.5,2.4,2.5,2.2,4.1,3.9,2.9,2.8,3.5,3.5,3.1,3.2,4.3,4.2,1.9,1.7,3.7,3.4,2.0,2.0,4.4,4.2,2.7,2.8,4.3,4.3,3.1,3.1,1.7,1.7,3.5,3.7
1104,2,2,具体-抽象,具体-抽象,人体,社会,状态,状态,9,9,实例,实例,有,有,桥接,桥接,中间,边缘,阶段3,阶段3,方位隐喻,方位隐喻,2,2,变成,变成,介词短语,介词短语,无,无,无,无,网络,网络,2.9,3.0,4.4,4.3,2.4,2.8,2.5,2.6,2.5,2.7,2.2,2.3,3.9,3.9,2.5,2.5,1.8,1.8,3.2,3.0,2.2,2.0,2.8,2.7,2.0,2.1,2.7,2.5,2.8,2.8,1.8,1.9
1105,12,9,具体-具体,抽象-具体,心理,心理,时间,时间,16,16,多义,多义,有,有,桥接,桥接,边缘,边缘,阶段1,阶段1,本体隐喻,本体隐喻,1,1,像,像,名词性,名词性,无,无,无,无,网络,网络,1.4,1.4,2.3,2.1,2.7,2.6,3.3,3.3,2.8,2.9,2.6,2.6,2.3,2.2,4.2,4.6,3.9,3.8,4.0,4.3,2.4,2.5,3.4,3.3,2.4,2.4,2.7,2.9,2.0,2.1,4.3,4.3
1106,1,1,具体-抽象,具体-抽象,自然,自然,品质,情感,17,17,隐喻扩展,隐喻扩展,无,无,核心,核心,中间,中间,阶段4,阶段4,本体隐喻,本体隐喻,4,1,是,是,形容词性,名词性,无,无,无,无,网络,网络,3.6,3.8,4.3,4.3,4.1,4.1,3.4,3.3,1.9,1.9,3.5,3.7,2.6,2.6,2.5,2.6,4.2,4.1,1.8,2.1,2.1,2.0,4.1,4.0,3.0,2.9,2.9,3.2,2.8,2.7,2.8,2.9
1107,8,8,具体-具体,具体-具体,自然,自然,时间,时间,12,12,实例,实例,无,无,核心,核心,边缘,中间,阶段3,阶段3,本体隐喻,本体隐喻,6,5,算,算,动词性,动词性,无,无,无,有,对话,对话,2.1,2.3,3.5,3.4,4.2,4.0,3.3,3.1,3.4,3.2,3.3,3.4,3.1,3.2,2.7,2.8,2.3,2.4,3.3,3.4,2.4,2.4,2.4,2.5,4.1,4.4,1.7,1.9,3.2,3.3,3.3,3.2
1108,9,9,抽象-具体,抽象-具体,运动,运动,情感,情感,5,21,实例,实例,无,有,核心,核心,中间,中间,阶段3,阶段3,本体隐喻,本体隐喻,6,6,像,像,名词性,名词性,有,有,有,有,新闻,新闻,3.2,3.1,1.5,1.8,4.2,4.2,3.6,3.6,2.1,2.2,1.9,1.7,1.9,2.0,3.9,4.0,4.3,4.0,3.6,3.8,3.5,3.5,3.2,3.0,3.1,3.4,3.6,3.9,4.1,3.7,4.0,3.7
1109,5,5,抽象-抽象,抽象-抽象,物体,物体,抽象概念,抽象概念,16,16,多义,多义,有,有,核心,核心,核心,核心,阶段1,阶段1,结构隐喻,结构隐喻,6,8,是,是,名词性,名词性,无,无,有,有,网络,网络,2.0,2.1,2.6,2.5,3.3,3.2,3.5,3.6,4.1,4.1,4.4,4.3,4.2,3.9,4.3,4.2,2.9,2.8,3.6,3.6,2.4,2.4,4.2,4.0,4.2,4.2,2.8,3.1,3.7,3.5,2.2,2.1
1110,12,12,具体-具体,具体-具体,空间,感知,时间,时间,15,9,实例,实例,无,无,边缘,边缘,边缘,边缘,阶段1,阶段1,结构隐喻,结构隐喻,9,9,成为,成为,形容词性,形容词性,有,有,无,无,学术,学术,1.6,1.4,2.8,3.0,4.4,4.2,1.9,1.6,3.1,3.2,3.2,3.2,1.9,2.0,4.3,4.3,3.3,3.2,3.5,3.2,4.5,4.1,2.1,2.1,3.4,3.0,2.9,2.5,3.8,3.5,3.2,2.8
1111,5,5,具体-抽象,具体-抽象,人体,人体,品质,社会角色,14,14,多义,多义,无,有,边缘,边缘,核心,中间,阶段3,阶段3,结构隐喻,结构隐喻,2,2,成为,为,名词性,名词性,有,有,有,有,对话,对话,3.0,3.3,4.0,4.0,4.3,3.9,2.4,2.5,3.2,3.3,2.9,3.2,2.2,2.3,4.1,3.9,2.7,2.6,4.1,4.3,1.6,1.6,4.4,4.5,2.2,2.0,3.8,4.2,3.3,3.3,4.1,4.0
1112,3,5,抽象-抽象,抽象-抽象,心理,心理,情感,情感,18,16,隐喻扩展,子部分,有,有,边缘,边缘,边缘,中间,阶段4,阶段4,方位隐喻,方位隐喻,2,2,成为,算,介词短语,介词短语,无,无,无,无,新闻,新闻,2.6,2.8,2.5,2.7,2.9,2.6,4.2,4.3,4.2,4.3,4.4,4.4,3.2,2.9,2.9,2.8,2.8,3.0,2.9,2.8,2.7,2.4,3.7,3.6,3.1,3.3,3.2,3.3,1.5,1.9,3.5,3.7
1113,2,2,具体-抽象,具体-抽象,自然,自然,抽象概念,抽象概念,15,15,多义,多义,无,无,核心,核心,核心,核心,阶段4,阶段4,本体隐喻,本体隐喻,9,9,变成,变成,形容词性,形容词性,有,有,有,有,新闻,新闻,2.5,2.8,2.4,2.4,3.2,3.3,3.1,3.3,2.1,2.0,1.9,2.0,1.9,1.8,2.3,2.4,4.1,4.3,4.3,4.4,4.4,4.2,2.6,2.3,1.7,1.8,3.7,4.0,3.9,4.1,2.4,2.6
1114,10,10,具体-具体,具体-具体,人体,社会,状态,状态,10,4,多义,多义,无,无,边缘,桥接,核心,核心,阶段3,阶段2,结构隐喻,结构隐喻,7,7,成为,是,形容词性,形容词性,有,有,无,无,学术,学术,2.1,2.1,4.0,4.3,1.7,1.9,2.6,2.5,3.1,3.0,3.1,3.2,3.3,3.3,3.2,3.4,4.5,4.5,3.4,3.4,3.3,3.2,2.6,2.4,2.0,1.8,4.3,4.2,3.6,3.7,3.4,3.4
1115,12,12,抽象-具体,抽象-具体,物体,物体,事件,抽象概念,17,17,子部分,子部分,无,无,桥接,边缘,边缘,边缘,阶段1,阶段1,本体隐喻,本体隐喻,6,6,成为,是,名词性,名词性,有,无,有,有,新闻,新闻,4.4,4.4,1.9,1.9,3.0,3.2,3.9,4.2,2.7,2.7,3.9,3.9,4.3,4.3,2.2,2.2,2.9,2.9,3.6,3.7,3.6,3.8,2.1,2.3,2.0,2.0,4.3,4.4,4.0,4.0,1.4,1.5
1116,12,1,抽象-具体,抽象-具体,空间,空间,抽象概念,抽象概念,17,17,隐喻扩展,实例,有,有,边缘,边缘,边缘,边缘,阶段4,阶段4,方位隐喻,方位隐喻,2,2,成为,成为,形容词性,形容词性,无,无,无,无,文学,文学,1.7,1.5,3.2,3.2,2.4,2.4,2.2,2.2,4.3,4.5,2.6,2.5,3.5,3.6,1.6,1.6,3.0,3.4,2.9,2.9,2.5,2.5,2.4,2.2,1.5,1.8,2.9,2.7,4.3,4.3,1.7,1.8
1117,10,10,具体-具体,抽象-抽象,心理,心理,时间,时间,11,11,多义,多义,无,无,边缘,边缘,核心,中间,阶段1,阶段1,方位隐喻,方位隐喻,8,8,算,算,形容词性,形容词性,有,有,有,有,文学,文学,4.1,4.1,2.8,3.0,2.5,2.4,2.7,2.7,4.1,3.8,3.7,3.7,4.1,4.1,4.2,4.3,1.9,1.8,2.1,2.0,2.6,2.6,3.4,3.2,2.1,1.9,1.7,1.5,4.4,4.5,1.9,1.9
1118,12,12,抽象-抽象,抽象-抽象,自然,自然,状态,状态,19,19,实例,多义,有,有,桥接,桥接,核心,核心,阶段3,阶段1,结构隐喻,结构隐喻,9,9,变成,变成,动词性,动词性,无,无,有,有,网络,网络,3.8,3.7,1.5,1.6,1.6,1.7,2.5,2.3,3.9,3.9,4.2,4.3,2.9,3.0,2.9,2.9,2.6,2.5,1.7,2.0,4.2,4.1,1.6,1.8,2.7,2.6,1.6,1.5,4.5,4.2,3.6,3.6
1119,2,2,抽象-抽象,抽象-抽象,运动,运动,事件,事件,4,4,实例,实例,有,有,核心,核心,边缘,边缘,阶段1,阶段1,结构隐喻,结构隐喻,6,6,算,算,介词短语,介词短语,无,无,无,无,网络,网络,2.0,2.1,1.7,1.5,2.7,2.4,4.2,4.0,2.3,2.1,2.0,2.3,2.7,2.7,3.0,2.9,3.2,3.0,3.6,3.6,3.7,3.7,1.7,1.5,1.7,1.8,3.6,3.6,2.4,2.3,3.2,3.2
1120,8,8,具体-抽象,具体-抽象,空间,空间,关系,关系,4,4,子部分,子部分,有,有,边缘,边缘,边缘,边缘,阶段4,阶段4,方位隐喻,方位隐喻,3,3,算,算,名词性,名词性,无,无,无,无,新闻,文学,3.1,3.1,2.6,2.6,3.0,3.0,3.8,3.7,2.2,2.2,2.4,2.2,2.7,2.4,3.4,3.4,2.1,2.2,2.8,2.6,2.6,2.5,4.5,4.6,1.6,1.4,1.8,1.7,4.0,4.1,4.3,4.4
1121,1,1,具体-抽象,具体-抽象,心理,心理,品质,品质,5,5,实例,实例,有,有,核心,核心,中间,中间,阶段3,阶段3,本体隐喻,方位隐喻,5,6,是,是,形容词性,形容词性,有,有,无,无,对话,对话,4.5,4.3,1.9,1.8,3.5,3.3,2.9,2.7,1.5,1.6,2.7,2.5,3.7,3.6,2.7,2.9,3.3,3.2,3.4,3.2,2.1,2.4,2.1,2.2,1.6,1.8,2.6,2.6,4.4,4.3,3.5,3.5
1122,10,10,抽象-抽象,具体-抽象,自然,自然,抽象概念,时间,15,15,多义,多义,无,无,边缘,边缘,中间,中间,阶段4,阶段4,本体隐喻,本体隐喻,1,1,是,是,介词短语,介词短语,无,无,无,无,文学,学术,3.4,3.3,3.1,2.9,2.3,2.3,4.2,4.3,3.4,3.4,2.8,2.7,3.0,2.9,3.1,2.9,3.5,3.3,3.8,3.7,1.7,1.9,4.1,4.1,4.4,4.3,3.4,3.5,3.6,3.6,2.8,2.8
1123,11,8,抽象-抽象,抽象-抽象,社会,社会,情感,社会角色,12,12,子部分,子部分,有,有,桥接,桥接,边缘,边缘,阶段3,阶段3,本体隐喻,方位隐喻,3,3,是,是,形容词性,形容词性,有,有,无,无,文学,文学,1.9,1.8,3.1,3.3,3.9,3.8,4.2,4.3,2.6,2.5,1.9,1.8,2.9,2.8,4.5,4.2,3.5,3.3,4.0,3.8,4.1,4.1,3.4,3.4,3.1,3.2,4.5,4.5,3.6,3.6,4.3,4.3
1124,4,4,抽象-抽象,具体-抽象,物体,运动,品质,品质,14,6,多义,多义,有,有,核心,核心,核心,核心,阶段2,阶段2,结构隐喻,结构隐喻,9,4,是,是,名词性,名词性,无,无,有,无,文学,学术,2.9,2.8,3.6,3.4,3.1,3.3,3.7,3.5,2.5,2.8,2.0,2.2,1.9,1.8,3.9,3.8,2.9,2.8,2.9,3.0,3.6,3.5,3.0,2.6,2.8,2.8,2.1,2.2,4.2,4.3,1.6,1.4
1125,10,10,具体-抽象,具体-具体,感知,感知,关系,关系,4,4,子部分,子部分,无,无,边缘,边缘,核心,核心,阶段1,阶段1,结构隐喻,结构隐喻,7,5,像,是,形容词性,名词性,有,有,有,有,新闻,新闻,3.1,2.9,3.2,3.0,3.3,3.5,4.1,4.3,3.4,3.3,3.9,4.1,3.5,3.3,2.3,2.2,3.7,3.7,2.6,2.4,3.2,3.3,3.7,3.6,2.8,2.9,1.7,1.4,2.2,2.2,1.6,1.5
1126,11,11,抽象-抽象,抽象-抽象,社会,社会,状态,状态,1,1,子部分,子部分,无,无,桥接,桥接,核心,核心,阶段2,阶段4,结构隐喻,结构隐喻,9,9,是,为,动词性,形容词性,有,有,无,无,文学,文学,3.9,3.9,2.7,2.7,2.2,2.5,3.5,3.7,4.0,3.7,3.0,3.3,3.6,3.7,2.2,2.3,2.5,2.5,3.7,3.5,3.9,3.8,1.6,1.5,3.0,3.1,1.4,1.5,2.2,2.0,2.4,2.0
1127,9,9,具体-抽象,具体-具体,社会,社会,抽象概念,抽象概念,1,1,多义,多义,有,有,边缘,边缘,中间,中间,阶段1,阶段1,方位隐喻,方位隐喻,4,4,像,像,介词短语,动词性,无,无,无,无,学术,学术,4.3,4.3,2.0,1.7,4.0,3.8,3.3,3.4,1.9,1.9,2.4,2.2,1.8,2.0,3.3,3.4,2.9,2.7,2.7,2.8,4.4,4.4,3.6,3.8,2.0,1.8,2.3,2.2,2.8,2.8,1.8,2.0
1128,4,4,具体-具体,具体-具体,人体,人体,社会角色,社会角色,2,2,多义,多义,无,无,桥接,桥接,核心,核心,阶段2,阶段2,本体隐喻,本体隐喻,1,1,算,算,介词短语,名词性,有,有,无,无,文学,文学,1.6,1.8,2.3,2.2,3.4,3.6,2.8,2.7,4.2,4.3,4.3,4.3,3.9,3.8,3.4,3.1,2.2,2.3,4.3,4.4,3.8,3.6,4.2,4.0,3.4,3.2,4.7,4.4,4.3,4.2,2.2,2.3
1129,11,11,具体-具体,具体-具体,社会,社会,品质,品质,21,21,隐喻扩展,隐喻扩展,无,无,核心,核心,核心,核心,阶段1,阶段1,方位隐喻,方位隐喻,3,3,变成,算,动词性,动词性,有,无,无,有,网络,网络,2.3,2.3,2.8,2.6,4.1,4.0,2.2,2.1,1.6,1.7,3.9,3.8,4.4,4.1,3.9,3.7,3.2,3.3,3.9,3.9,2.8,2.6,2.3,2.4,4.3,4.0,1.7,1.8,1.5,1.9,2.5,2.4
1130,9,9,抽象-抽象,抽象-抽象,社会,社会,事件,时间,7,7,子部分,隐喻扩展,有,有,边缘,核心,边缘,边缘,阶段4,阶段4,结构隐喻,结构隐喻,2,2,像,像,动词性,动词性,无,无,有,有,文学,文学,2.4,2.4,4.2,4.3,2.1,2.2,1.8,1.6,1.9,1.5,2.7,2.5,2.1,1.9,3.7,3.6,3.0,2.9,3.6,3.6,2.0,1.8,2.5,2.5,3.0,3.3,3.7,3.6,2.7,2.6,2.7,2.8
1131,7,2,抽象-抽象,抽象-抽象,空间,空间,时间,时间,22,22,隐喻扩展,隐喻扩展,无,无,核心,核心,中间,中间,阶段2,阶段3,本体隐喻,本体隐喻,8,8,是,是,名词性,名词性,无,无,有,有,网络,网络,4.5,4.4,1.9,2.2,2.6,2.7,4.0,3.9,4.2,3.8,3.5,3.8,2.9,2.7,3.7,3.7,2.3,2.1,2.2,2.4,3.8,3.7,1.6,2.0,4.2,4.3,1.8,2.1,3.7,3.5,3.1,3.3
1132,7,7,抽象-抽象,抽象-抽象,自然,自然,社会角色,抽象概念,24,24,实例,多义,无,有,边缘,边缘,边缘,边缘,阶段2,阶段2,本体隐喻,结构隐喻,6,6,为,为,介词短语,介词短语,有,有,无,无,文学,学术,3.1,3.3,2.8,2.9,1.9,1.9,1.9,1.9,2.9,2.9,3.2,3.2,4.1,4.1,4.1,4.0,2.3,2.5,2.8,2.8,2.2,2.2,4.1,4.1,1.9,2.1,2.2,2.0,3.9,3.5,2.4,2.6
1133,7,7,抽象-抽象,抽象-抽象,社会,社会,抽象概念,时间,14,14,子部分,隐喻扩展,有,有,桥接,核心,边缘,边缘,阶段4,阶段4,结构隐喻,结构隐喻,1,1,成为,成为,介词短语,介词短语,无,无,无,无,学术,学术,4.2,4.1,3.7,3.8,2.2,2.2,2.8,2.6,4.5,4.4,3.5,3.7,3.0,3.0,3.8,3.8,2.4,2.4,4.0,4.0,3.8,3.9,4.0,3.9,3.8,3.9,1.9,1.9,4.0,4.1,4.4,4.3
1134,12,12,抽象-具体,抽象-具体,自然,自然,抽象概念,抽象概念,15,15,隐喻扩展,隐喻扩展,无,无,边缘,边缘,中间,中间,阶段3,阶段3,方位隐喻,本体隐喻,7,7,算,算,介词短语,介词短语,有,有,无,无,学术,文学,2.7,2.7,3.5,3.6,2.7,2.7,2.3,2.4,2.8,2.7,2.5,2.5,4.1,4.0,2.3,2.3,4.3,4.1,1.5,1.7,2.5,2.5,3.0,2.8,3.5,3.7,2.1,2.3,2.3,2.1,3.1,3.1
1135,6,6,具体-抽象,具体-抽象,社会,社会,情感,情感,3,3,实例,实例,有,无,边缘,边缘,核心,核心,阶段3,阶段3,方位隐喻,方位隐喻,7,7,为,为,名词性,名词性,无,有,有,有,对话,文学,3.9,3.6,4.4,4.2,4.0,4.3,2.9,3.0,4.3,4.3,2.1,2.2,2.2,2.2,4.0,4.3,3.3,3.3,4.0,3.8,2.1,2.1,2.6,2.4,3.5,3.4,1.7,1.8,2.1,2.1,4.1,4.1
1136,5,5,具体-抽象,具体-抽象,自然,自然,时间,时间,16,16,实例,实例,有,有,边缘,边缘,中间,中间,阶段2,阶段2,方位隐喻,方位隐喻,9,9,是,是,名词性,名词性,无,无,有,有,网络,网络,2.3,2.4,2.1,2.1,3.2,3.1,2.4,2.4,2.4,2.2,2.6,2.3,1.4,1.8,2.6,2.6,3.4,3.6,2.5,2.7,2.4,2.4,2.8,2.7,3.3,3.1,1.5,1.6,3.9,3.9,3.8,3.9
1137,6,5,具体-具体,具体-具体,感知,感知,社会角色,社会角色,7,7,隐喻扩展,隐喻扩展,有,有,桥接,桥接,边缘,边缘,阶段3,阶段3,方位隐喻,结构隐喻,7,7,变成,为,名词性,名词性,有,有,有,有,对话,对话,4.3,4.2,1.5,1.6,2.6,2.5,4.1,4.1,3.3,3.4,1.6,1.7,1.9,1.7,4.2,4.0,4.0,4.2,4.0,3.9,2.2,2.3,2.9,2.6,1.9,1.8,4.0,4.0,3.8,4.2,1.7,1.7
1138,3,3,抽象-抽象,抽象-抽象,自然,自然,时间,时间,4,4,子部分,子部分,有,有,桥接,桥接,核心,边缘,阶段1,阶段3,方位隐喻,方位隐喻,2,2,为,为,名词性,动词性,有,有,无,无,新闻,新闻,2.8,3.0,2.5,2.5,3.7,3.8,4.5,4.6,4.4,4.5,3.0,2.8,4.5,4.3,3.8,3.9,2.0,1.9,3.1,3.2,2.7,2.7,2.9,2.9,3.6,3.5,2.1,2.0,2.3,2.3,2.8,2.8
1139,1,1,具体-抽象,具体-抽象,空间,空间,状态,状态,5,5,子部分,子部分,有,有,桥接,桥接,核心,核心,阶段3,阶段4,本体隐喻,本体隐喻,6,6,像,像,动词性,动词性,无,无,有,有,新闻,新闻,3.9,3.9,1.9,2.1,1.5,1.6,4.3,4.4,2.7,2.6,2.8,2.6,1.9,2.2,1.9,1.8,4.3,4.4,3.1,3.1,2.2,2.1,1.9,2.0,2.7,2.7,1.9,1.8,2.8,2.7,4.0,3.8
1140,11,6,具体-抽象,具体-抽象,物体,物体,事件,事件,5,5,多义,多义,无,无,桥接,桥接,边缘,边缘,阶段2,阶段2,本体隐喻,本体隐喻,9,1,像,像,介词短语,介词短语,有,有,有,有,网络,学术,2.3,2.4,3.2,3.3,2.7,2.6,3.5,3.3,1.5,1.5,1.7,1.3,4.2,4.0,4.0,3.7,3.2,3.2,3.6,3.8,2.0,1.9,1.4,1.3,1.6,1.6,2.4,2.4,2.8,3.0,4.4,4.2
1141,9,9,具体-抽象,具体-抽象,自然,心理,时间,时间,5,5,多义,多义,有,有,核心,核心,中间,边缘,阶段1,阶段1,本体隐喻,本体隐喻,6,2,成为,成为,形容词性,形容词性,有,无,无,无,对话,对话,3.6,3.8,4.3,4.2,3.3,3.3,4.3,4.2,1.7,1.8,4.0,4.1,2.5,2.6,3.0,3.2,4.2,4.1,4.1,3.9,2.5,2.7,3.8,3.9,2.3,2.1,3.8,3.9,3.0,3.1,3.5,3.2
1142,8,8,具体-具体,抽象-抽象,心理,心理,状态,状态,16,16,实例,实例,无,无,边缘,边缘,边缘,边缘,阶段1,阶段1,方位隐喻,方位隐喻,2,2,成为,为,动词性,名词性,有,有,无,无,网络,网络,2.7,2.7,3.6,3.7,3.2,3.1,2.8,2.7,3.9,4.1,3.4,3.6,1.6,1.7,4.3,4.6,2.1,1.9,3.5,3.6,4.1,4.1,2.6,2.6,2.8,2.8,2.1,2.2,4.0,4.0,4.3,4.2
1143,5,4,具体-抽象,具体-抽象,感知,感知,事件,事件,3,3,实例,实例,有,有,桥接,桥接,边缘,边缘,阶段3,阶段2,结构隐喻,结构隐喻,7,7,变成,变成,动词性,动词性,有,有,无,无,学术,学术,1.6,1.6,1.9,1.7,3.2,3.4,3.1,3.0,3.1,3.1,2.9,2.7,2.1,2.2,2.9,2.9,2.4,2.2,2.7,2.9,1.8,1.6,3.1,2.9,4.7,4.5,3.1,3.2,3.1,3.4,3.5,3.4
1144,8,8,抽象-具体,抽象-具体,自然,自然,情感,情感,10,10,多义,多义,有,无,边缘,边缘,中间,中间,阶段2,阶段2,方位隐喻,方位隐喻,1,1,算,算,动词性,动词性,无,有,无,无,文学,文学,2.7,2.7,1.7,1.9,2.1,1.9,2.0,2.2,3.1,3.1,4.4,4.6,3.0,2.9,1.7,1.8,2.2,2.2,2.5,2.5,2.4,2.4,2.4,2.5,2.8,2.7,2.1,2.3,3.2,2.9,2.1,2.2
1145,4,4,具体-抽象,具体-抽象,自然,自然,情感,状态,20,20,子部分,子部分,无,无,桥接,桥接,中间,中间,阶段1,阶段1,本体隐喻,本体隐喻,6,6,像,像,介词短语,介词短语,有,有,有,有,文学,文学,3.2,3.0,4.1,4.1,2.4,2.5,4.4,4.2,4.0,4.0,4.4,4.1,1.6,1.9,2.6,2.5,3.6,3.5,3.9,4.1,3.2,3.0,2.9,2.7,2.0,1.9,2.8,2.6,2.5,2.4,3.2,3.3
1146,12,12,抽象-具体,抽象-具体,自然,自然,品质,品质,8,8,隐喻扩展,隐喻扩展,有,有,核心,核心,中间,中间,阶段3,阶段3,本体隐喻,本体隐喻,4,4,为,为,介词短语,形容词性,有,有,有,有,对话,对话,2.1,2.2,3.0,2.9,4.4,4.4,1.9,2.0,4.1,3.9,1.9,1.9,4.4,4.3,2.9,2.8,1.8,1.8,3.2,3.2,3.9,4.0,1.7,1.6,4.3,4.2,3.0,2.9,1.6,1.6,3.9,3.9
1147,12,12,抽象-抽象,抽象-抽象,空间,空间,情感,情感,13,13,子部分,子部分,无,无,核心,核心,边缘,边缘,阶段1,阶段1,结构隐喻,结构隐喻,8,8,算,算,形容词性,形容词性,有,有,有,有,网络,网络,2.2,2.0,4.1,4.2,4.3,4.4,3.4,3.3,2.7,2.9,3.3,3.2,4.1,4.3,3.2,3.4,3.8,4.0,3.9,3.7,2.3,2.5,2.7,2.4,1.5,1.6,3.7,3.9,4.5,4.6,3.6,3.5
1148,4,4,抽象-具体,抽象-抽象,运动,运动,品质,品质,11,11,子部分,子部分,有,有,核心,核心,核心,核心,阶段4,阶段3,方位隐喻,方位隐喻,6,6,是,是,名词性,名词性,有,无,有,有,文学,文学,2.8,2.8,3.7,3.6,2.5,2.4,4.1,3.7,4.1,3.9,3.8,4.1,2.1,1.8,2.1,1.8,2.3,2.5,4.5,4.6,2.5,2.6,2.8,3.2,1.8,2.0,2.1,2.4,3.7,3.8,1.9,1.6
1149,5,5,具体-具体,具体-具体,空间,空间,关系,关系,17,17,隐喻扩展,隐喻扩展,有,有,桥接,桥接,中间,中间,阶段4,阶段4,本体隐喻,方位隐喻,9,9,像,像,动词性,动词性,有,有,无,无,文学,文学,2.2,2.4,4.4,4.4,3.5,3.6,3.0,3.1,2.7,2.8,2.1,2.1,3.8,3.8,3.2,3.1,2.3,2.2,3.4,3.4,3.9,4.0,3.9,4.0,2.8,3.1,2.8,2.7,1.9,1.7,2.2,2.1
1150,10,10,抽象-抽象,抽象-抽象,心理,心理,社会角色,社会角色,15,15,子部分,子部分,无,无,核心,核心,核心,边缘,阶段4,阶段4,方位隐喻,方位隐喻,2,2,为,为,名词性,名词性,无,无,无,无,文学,文学,3.1,2.8,4.1,4.1,2.3,2.1,1.8,1.8,3.6,3.4,1.9,2.2,2.8,3.1,2.8,3.0,2.3,2.3,2.3,2.2,2.5,2.6,2.5,2.5,1.7,1.9,3.4,3.6,2.4,2.4,3.7,3.6
1151,1,1,具体-具体,具体-具体,心理,心理,社会角色,社会角色,11,11,子部分,子部分,无,无,核心,核心,核心,核心,阶段1,阶段1,方位隐喻,方位隐喻,7,7,算,算,形容词性,形容词性,有,有,无,无,网络,网络,2.9,2.8,2.7,2.7,2.8,2.8,3.4,3.5,1.8,1.4,2.2,2.2,4.4,4.4,4.1,4.3,3.7,3.9,4.1,4.1,4.3,4.1,1.8,1.6,3.1,3.3,2.1,2.4,3.6,3.3,3.0,3.2
1152,11,11,抽象-具体,抽象-具体,物体,物体,时间,时间,14,14,子部分,子部分,无,无,核心,核心,中间,中间,阶段1,阶段4,本体隐喻,本体隐喻,6,6,变成,变成,动词性,动词性,无,无,有,有,新闻,新闻,2.0,2.1,3.8,3.8,3.7,3.9,3.9,3.8,1.9,1.8,2.2,2.1,1.7,1.8,2.5,2.4,4.2,4.4,2.5,2.4,2.9,3.0,3.5,4.0,2.0,2.0,2.3,2.2,2.2,2.2,1.7,1.4
1153,6,5,抽象-抽象,抽象-抽象,自然,自然,时间,品质,7,21,子部分,隐喻扩展,有,有,边缘,边缘,中间,中间,阶段2,阶段2,结构隐喻,方位隐喻,8,8,为,为,介词短语,介词短语,无,有,有,有,文学,文学,2.0,2.3,3.0,2.9,3.1,3.0,2.2,1.9,4.0,4.1,4.4,4.2,3.0,3.1,2.8,3.0,4.3,4.4,2.2,2.3,3.3,3.3,2.5,2.7,3.4,3.5,3.1,3.2,1.7,1.7,3.7,3.9
1154,11,11,抽象-抽象,抽象-抽象,运动,运动,时间,时间,24,24,子部分,子部分,有,无,核心,核心,核心,核心,阶段3,阶段1,本体隐喻,方位隐喻,1,1,变成,变成,介词短语,名词性,有,有,无,无,对话,对话,3.8,3.8,2.3,2.2,4.1,4.1,3.8,3.8,2.5,2.5,3.9,3.8,2.4,2.5,2.5,2.8,1.4,1.8,1.6,1.7,3.2,3.3,4.0,4.3,1.9,1.8,4.4,4.3,3.2,3.1,1.6,1.9
1155,12,10,具体-抽象,具体-抽象,心理,心理,事件,事件,14,14,隐喻扩展,实例,无,无,桥接,核心,核心,核心,阶段4,阶段4,结构隐喻,结构隐喻,3,3,是,是,动词性,动词性,有,有,有,无,对话,对话,1.8,2.2,2.3,2.3,3.3,3.4,4.1,4.4,2.6,2.3,1.5,1.7,3.7,3.8,3.7,3.4,2.3,2.2,1.9,1.8,2.0,1.6,4.2,4.6,3.8,4.0,4.3,4.3,2.6,2.6,2.3,2.2
1156,7,7,抽象-具体,抽象-具体,心理,心理,情感,情感,7,7,实例,实例,无,无,边缘,边缘,核心,核心,阶段3,阶段3,本体隐喻,本体隐喻,7,7,是,成为,形容词性,形容词性,无,无,有,有,网络,网络,3.5,3.7,2.7,2.7,3.4,3.4,4.5,4.6,3.5,3.7,3.9,3.8,1.8,2.0,4.2,3.8,3.4,3.6,4.0,4.2,2.5,2.6,4.3,3.9,3.9,3.5,3.1,3.4,4.0,3.9,4.4,4.2
1157,8,8,具体-具体,具体-具体,空间,空间,社会角色,情感,21,21,实例,实例,有,有,核心,核心,边缘,核心,阶段1,阶段1,本体隐喻,本体隐喻,2,2,为,为,名词性,名词性,有,有,有,有,对话,新闻,2.8,2.7,1.8,1.7,1.6,1.7,3.0,2.9,3.4,3.4,2.1,2.1,3.5,3.4,3.6,3.5,3.3,3.3,2.4,2.4,2.3,2.2,2.1,2.1,4.5,4.4,2.6,2.7,4.3,4.2,2.3,2.3
1158,10,3,具体-抽象,具体-抽象,人体,人体,事件,状态,5,5,多义,隐喻扩展,无,无,边缘,边缘,边缘,边缘,阶段4,阶段3,方位隐喻,方位隐喻,5,5,是,是,名词性,名词性,无,无,有,有,学术,网络,4.6,4.3,1.9,2.0,3.9,3.6,1.7,1.4,1.7,2.0,2.8,2.7,4.2,4.3,2.7,2.9,2.6,2.5,1.6,1.8,3.4,3.4,2.5,2.3,1.7,1.7,3.2,3.2,3.4,3.2,1.6,1.7
1159,5,5,具体-抽象,抽象-抽象,物体,物体,社会角色,社会角色,24,24,子部分,子部分,无,无,核心,核心,中间,中间,阶段2,阶段3,方位隐喻,方位隐喻,6,6,为,为,形容词性,形容词性,有,有,无,有,网络,学术,1.7,1.8,3.0,3.0,4.4,4.5,2.7,2.7,3.8,3.9,2.5,2.5,2.9,3.0,3.4,3.5,4.1,4.1,2.8,2.5,4.3,4.4,3.7,3.8,3.2,3.1,4.0,4.0,3.5,3.6,1.5,1.5
1160,2,2,具体-具体,具体-具体,人体,人体,关系,关系,11,11,子部分,子部分,无,无,桥接,桥接,中间,中间,阶段4,阶段4,方位隐喻,方位隐喻,8,8,像,像,形容词性,形容词性,有,有,无,无,网络,对话,4.1,3.9,4.2,4.3,2.9,2.7,3.6,3.6,3.2,3.6,2.5,2.3,2.9,2.6,2.7,2.5,1.9,1.9,3.6,3.7,2.1,2.1,2.9,2.9,3.8,3.6,1.5,1.9,4.4,4.6,4.4,4.3
1161,12,12,抽象-具体,抽象-具体,社会,社会,关系,关系,22,22,实例,实例,有,有,桥接,桥接,边缘,边缘,阶段2,阶段2,结构隐喻,结构隐喻,2,2,算,像,形容词性,形容词性,有,有,无,无,对话,对话,2.9,3.1,3.3,3.1,1.9,2.0,4.3,4.0,4.2,4.1,2.5,2.3,2.8,3.0,2.1,1.9,3.4,3.4,2.5,2.4,1.8,1.8,2.4,2.5,4.4,4.1,3.9,3.8,2.1,2.3,2.7,2.8
1162,12,12,抽象-抽象,抽象-抽象,社会,社会,状态,状态,21,15,多义,多义,有,无,核心,核心,中间,中间,阶段3,阶段3,结构隐喻,方位隐喻,9,9,为,为,动词性,动词性,无,无,无,无,新闻,新闻,1.5,1.6,2.8,2.6,4.3,4.4,4.2,4.3,3.0,3.0,3.9,3.9,2.7,2.7,2.4,2.6,2.5,2.2,2.6,2.7,3.0,2.9,2.4,2.5,3.0,3.2,3.4,3.5,4.2,4.2,3.5,3.3
1163,3,3,抽象-抽象,抽象-抽象,运动,运动,品质,品质,11,11,实例,子部分,有,有,桥接,桥接,核心,核心,阶段3,阶段3,方位隐喻,方位隐喻,3,1,变成,变成,介词短语,动词性,无,无,有,有,对话,对话,2.1,2.2,2.1,2.3,2.2,2.2,4.2,4.3,2.8,2.8,2.2,2.5,3.0,2.8,2.8,2.9,3.2,3.1,2.9,2.9,2.4,2.5,3.1,3.3,4.5,4.3,2.3,2.3,3.0,3.3,2.6,2.8
1164,8,8,具体-抽象,抽象-抽象,运动,运动,状态,社会角色,12,12,多义,多义,无,有,桥接,边缘,边缘,核心,阶段2,阶段2,结构隐喻,结构隐喻,6,6,变成,变成,形容词性,形容词性,有,无,有,有,对话,文学,2.6,2.8,2.1,2.1,2.6,2.9,3.4,3.5,2.5,2.4,4.2,3.8,3.0,2.9,3.0,2.9,2.5,2.6,1.4,1.5,1.6,1.8,4.1,4.1,1.7,1.9,4.1,4.1,1.9,2.1,1.9,2.1
1165,3,3,具体-具体,具体-抽象,物体,物体,事件,关系,21,21,子部分,子部分,无,无,边缘,边缘,边缘,边缘,阶段4,阶段4,结构隐喻,方位隐喻,2,7,变成,变成,名词性,动词性,无,无,无,无,学术,学术,2.3,2.5,3.7,3.5,1.7,1.8,3.7,3.5,1.5,1.5,1.8,1.6,4.6,4.6,3.7,3.6,4.4,4.3,3.0,3.0,4.3,4.1,3.4,3.3,2.7,2.7,1.8,1.8,2.5,2.4,4.2,4.1
1166,9,9,抽象-抽象,抽象-抽象,物体,物体,事件,社会角色,23,10,多义,多义,有,有,桥接,桥接,核心,核心,阶段1,阶段1,结构隐喻,结构隐喻,4,1,是,是,动词性,动词性,有,有,无,有,新闻,新闻,2.5,2.4,3.9,3.8,1.9,1.8,1.5,1.5,1.6,1.6,3.3,3.4,1.8,1.9,4.3,4.4,2.9,3.0,4.5,4.5,4.3,4.3,3.3,3.4,2.5,2.4,4.2,4.3,3.5,3.6,4.2,4.3
1167,11,11,具体-抽象,具体-抽象,社会,运动,社会角色,社会角色,14,14,实例,子部分,无,无,桥接,桥接,边缘,边缘,阶段3,阶段3,方位隐喻,方位隐喻,2,6,为,为,形容词性,形容词性,有,有,有,有,学术,学术,4.1,4.1,2.9,2.7,2.2,2.2,2.5,2.6,2.0,2.0,4.1,4.1,2.2,2.4,2.7,2.8,4.3,4.4,3.9,3.9,3.9,4.2,3.8,3.7,2.0,1.8,2.9,2.8,4.1,4.3,4.4,4.4
1168,2,4,抽象-具体,抽象-具体,感知,感知,时间,时间,14,15,实例,多义,无,无,边缘,边缘,中间,中间,阶段1,阶段1,方位隐喻,方位隐喻,9,9,是,成为,动词性,名词性,有,有,有,有,学术,学术,2.5,2.5,3.1,3.2,3.3,3.4,4.3,4.2,4.5,4.3,1.9,1.8,2.3,2.2,1.8,2.1,2.6,2.3,1.7,1.8,2.3,2.5,3.7,3.8,2.4,2.5,4.0,3.9,1.9,1.8,1.6,1.5
1169,10,10,抽象-具体,具体-具体,社会,社会,时间,时间,2,2,隐喻扩展,隐喻扩展,有,有,核心,核心,核心,核心,阶段2,阶段2,结构隐喻,结构隐喻,4,4,为,为,形容词性,形容词性,有,有,有,有,文学,文学,2.8,2.8,3.6,3.7,3.2,3.1,3.4,3.5,4.1,4.1,3.6,3.6,3.0,3.1,1.5,1.7,3.8,3.8,3.4,3.4,1.9,1.9,4.2,4.2,3.7,3.5,1.9,1.8,3.5,3.4,1.6,1.9
1170,12,12,具体-抽象,具体-抽象,自然,自然,抽象概念,抽象概念,9,9,子部分,子部分,有,有,核心,核心,核心,核心,阶段3,阶段3,结构隐喻,结构隐喻,3,9,成为,成为,动词性,动词性,无,无,无,无,新闻,新闻,3.5,3.8,1.7,1.8,3.4,3.4,2.9,2.9,2.9,2.8,3.1,2.8,1.5,1.5,1.6,1.6,3.5,3.6,3.0,2.9,3.5,3.4,2.0,2.0,2.9,3.0,3.1,3.1,2.7,2.8,4.2,4.1
1171,6,11,具体-具体,具体-具体,心理,心理,社会角色,社会角色,6,21,实例,隐喻扩展,有,有,桥接,边缘,中间,中间,阶段1,阶段1,结构隐喻,结构隐喻,1,1,像,像,形容词性,形容词性,无,无,有,无,网络,网络,4.1,4.0,2.6,2.5,3.3,3.1,1.7,1.8,2.2,2.0,2.5,2.5,4.1,4.2,4.2,4.4,4.2,4.1,3.8,3.9,2.3,2.4,4.6,4.5,2.1,2.1,1.7,1.9,2.7,2.4,1.9,2.1
1172,8,8,抽象-具体,抽象-具体,社会,社会,社会角色,社会角色,11,11,多义,多义,无,无,桥接,桥接,边缘,边缘,阶段1,阶段1,方位隐喻,方位隐喻,9,9,像,变成,名词性,名词性,无,无,无,无,文学,文学,2.0,1.7,3.7,3.7,2.9,3.0,2.4,2.3,1.9,1.9,2.0,1.8,3.3,3.1,4.6,4.6,3.6,3.6,1.8,1.7,2.1,2.0,2.7,2.8,1.8,1.6,2.3,2.2,2.0,2.0,3.1,3.1
1173,11,11,抽象-具体,抽象-具体,社会,社会,品质,关系,22,22,多义,多义,无,无,边缘,桥接,核心,核心,阶段1,阶段1,方位隐喻,方位隐喻,7,2,变成,变成,名词性,名词性,无,无,有,有,新闻,新闻,3.7,3.4,3.5,3.6,4.0,3.8,3.1,3.2,2.5,2.2,3.4,3.8,4.2,4.0,1.6,1.8,3.5,3.6,2.4,2.3,3.3,3.3,2.3,2.2,4.2,4.3,4.1,4.1,4.1,4.0,3.2,3.1
1174,3,3,抽象-具体,抽象-具体,社会,社会,时间,时间,3,24,隐喻扩展,隐喻扩展,无,无,桥接,桥接,中间,中间,阶段3,阶段3,方位隐喻,方位隐喻,9,9,像,像,动词性,动词性,有,有,有,有,网络,网络,3.0,2.9,1.5,1.7,4.3,4.3,4.2,4.2,4.1,3.9,2.3,2.4,2.5,2.7,2.6,2.4,3.6,3.5,4.0,3.7,3.9,3.9,2.8,3.1,2.3,2.4,2.9,3.0,2.7,2.7,3.5,3.4
1175,4,4,具体-具体,具体-具体,运动,运动,时间,时间,15,15,实例,实例,无,无,核心,核心,中间,中间,阶段2,阶段2,结构隐喻,结构隐喻,9,9,是,是,介词短语,介词短语,无,无,无,无,学术,对话,1.9,1.8,2.2,2.2,2.2,2.3,1.5,1.8,3.1,3.1,2.4,2.5,2.0,2.0,3.2,3.5,4.6,4.4,4.2,4.1,3.0,3.2,2.4,2.5,1.8,1.8,3.2,3.7,2.8,2.7,1.4,1.5
1176,7,7,抽象-抽象,抽象-抽象,社会,社会,关系,关系,10,10,隐喻扩展,隐喻扩展,有,有,核心,核心,中间,中间,阶段4,阶段4,本体隐喻,结构隐喻,3,3,变成,变成,介词短语,介词短语,有,有,有,有,学术,学术,2.4,2.2,3.5,3.6,1.9,2.0,2.0,2.1,3.7,3.9,3.6,3.7,2.0,2.0,2.1,2.1,2.3,2.3,3.0,3.3,2.4,2.8,2.3,2.3,1.9,1.8,3.9,3.9,2.1,2.3,2.5,2.4
1177,10,10,具体-抽象,具体-抽象,自然,自然,时间,时间,4,4,多义,多义,无,无,边缘,边缘,核心,核心,阶段4,阶段4,本体隐喻,本体隐喻,7,7,是,是,动词性,动词性,有,有,无,有,新闻,新闻,1.6,1.6,2.2,2.2,2.8,2.6,3.4,3.4,2.9,3.0,4.5,4.4,2.8,3.1,3.4,3.2,1.7,1.6,1.8,1.6,3.1,2.9,4.3,4.6,2.2,2.4,3.1,3.2,3.3,3.4,2.9,3.0
1178,9,9,具体-具体,具体-具体,自然,自然,关系,关系,20,20,子部分,子部分,无,无,核心,核心,核心,中间,阶段4,阶段4,方位隐喻,方位隐喻,1,1,算,算,介词短语,介词短语,有,有,无,无,文学,文学,2.6,2.7,3.9,3.9,1.6,1.8,2.4,2.5,3.2,3.3,2.5,2.6,1.5,1.6,3.9,3.8,3.5,3.5,4.2,4.4,3.4,3.3,2.0,1.7,2.2,2.3,3.1,3.3,2.9,2.7,1.9,2.2
1179,7,7,具体-具体,抽象-具体,社会,社会,关系,关系,6,6,实例,多义,无,无,核心,核心,核心,边缘,阶段1,阶段2,结构隐喻,结构隐喻,6,6,成为,成为,介词短语,介词短语,无,有,有,有,对话,对话,2.1,2.2,1.6,1.6,4.3,3.9,2.2,2.1,3.3,3.3,3.7,3.9,3.7,3.8,3.9,4.0,1.8,2.1,2.7,2.7,1.6,1.7,4.5,4.5,2.3,2.6,3.9,3.7,2.2,2.1,4.4,4.2
1180,4,2,抽象-具体,抽象-具体,心理,心理,状态,状态,9,9,实例,多义,有,有,桥接,桥接,边缘,核心,阶段2,阶段2,方位隐喻,方位隐喻,3,3,成为,成为,动词性,形容词性,有,有,有,无,新闻,新闻,2.7,2.7,2.2,2.0,2.3,2.3,2.1,2.1,1.7,1.7,4.4,4.2,4.0,3.9,3.5,3.7,3.4,3.5,1.6,1.6,2.8,2.7,3.2,3.2,2.4,2.1,1.8,1.9,2.5,2.4,3.9,4.0
1181,3,3,具体-抽象,具体-抽象,感知,感知,情感,情感,10,10,多义,多义,无,无,核心,核心,核心,核心,阶段1,阶段1,结构隐喻,结构隐喻,2,2,算,算,介词短语,介词短语,无,无,无,无,学术,学术,3.3,3.4,2.4,2.4,3.2,3.2,3.0,2.8,2.8,2.8,1.8,1.7,3.8,3.4,1.8,1.7,2.4,2.4,3.9,3.9,3.3,3.2,4.1,4.3,2.8,2.7,1.6,1.6,2.5,2.8,2.0,1.7
1182,4,4,抽象-抽象,抽象-抽象,人体,人体,事件,事件,13,13,实例,实例,有,有,桥接,桥接,边缘,边缘,阶段3,阶段3,结构隐喻,结构隐喻,2,2,像,像,介词短语,介词短语,有,有,有,有,网络,网络,3.7,3.7,4.3,4.3,2.0,1.8,3.2,3.2,4.2,4.0,3.0,3.2,4.0,4.1,2.4,2.6,1.4,1.7,2.8,2.7,1.7,1.9,4.1,4.4,3.8,3.7,3.3,3.5,1.8,1.7,3.2,3.5
1183,11,11,具体-抽象,具体-抽象,人体,人体,时间,时间,17,17,实例,实例,有,无,边缘,边缘,中间,中间,阶段3,阶段3,结构隐喻,结构隐喻,6,4,像,是,名词性,名词性,有,有,无,无,学术,学术,3.4,3.2,3.8,3.9,3.1,3.2,4.5,4.1,3.1,2.9,1.3,1.6,3.1,3.2,4.4,4.3,4.0,3.8,2.2,2.1,2.9,2.9,3.6,3.3,1.6,1.4,4.4,4.6,1.4,1.9,2.7,3.0
1184,4,4,具体-具体,具体-具体,物体,物体,事件,事件,13,13,多义,多义,有,无,边缘,边缘,边缘,边缘,阶段4,阶段4,结构隐喻,结构隐喻,3,3,像,像,形容词性,形容词性,无,有,有,有,网络,网络,3.7,3.5,4.1,4.3,1.6,1.7,2.9,3.0,2.7,2.8,4.1,4.0,3.0,3.1,2.1,2.1,1.5,2.0,4.0,3.9,2.5,2.5,3.2,3.2,2.2,2.1,3.5,3.5,4.4,4.7,2.6,2.3
1185,12,7,抽象-抽象,具体-具体,空间,空间,社会角色,社会角色,15,15,多义,多义,无,无,桥接,桥接,核心,核心,阶段4,阶段4,方位隐喻,方位隐喻,6,2,变成,是,形容词性,形容词性,无,无,有,有,文学,文学,4.0,4.2,2.8,2.8,3.9,3.9,3.4,3.7,3.1,3.1,2.3,2.3,3.0,2.9,2.9,2.9,2.2,2.3,2.9,3.0,4.1,4.1,4.5,4.4,3.5,3.7,3.7,3.5,4.2,4.2,2.3,2.5
1186,12,12,抽象-抽象,抽象-抽象,社会,社会,社会角色,社会角色,11,11,实例,子部分,有,有,桥接,桥接,边缘,边缘,阶段1,阶段1,结构隐喻,结构隐喻,9,9,算,是,形容词性,形容词性,无,无,有,无,新闻,新闻,4.0,4.2,4.0,4.1,4.3,4.3,2.0,2.1,2.8,2.6,2.4,2.5,2.0,1.9,2.7,2.4,2.5,2.2,3.2,3.2,3.0,3.2,2.9,3.1,1.9,1.9,3.3,3.4,3.2,3.3,3.6,3.5
1187,10,10,抽象-抽象,抽象-抽象,自然,空间,关系,抽象概念,12,9,多义,多义,有,有,核心,核心,中间,中间,阶段4,阶段4,结构隐喻,结构隐喻,8,8,是,是,名词性,形容词性,无,无,有,有,对话,对话,4.2,4.0,4.0,3.9,2.4,2.5,3.7,3.3,2.9,3.0,3.4,3.5,3.0,3.0,2.3,2.0,2.0,1.9,4.0,3.8,2.8,2.8,2.1,1.9,3.9,3.9,3.4,3.5,2.3,2.3,4.1,4.2
1188,5,11,具体-具体,具体-具体,自然,自然,品质,品质,3,3,实例,实例,无,有,边缘,边缘,中间,中间,阶段3,阶段3,方位隐喻,方位隐喻,3,3,算,算,动词性,动词性,无,无,无,无,学术,学术,2.0,2.1,2.8,2.7,2.2,2.2,3.5,3.4,2.0,1.9,3.9,3.9,3.0,3.1,2.5,2.6,4.3,4.0,3.1,3.1,2.4,2.2,4.4,4.5,3.1,2.9,2.0,2.0,2.1,2.1,4.1,3.8
1189,1,11,抽象-具体,抽象-具体,人体,心理,事件,事件,13,13,子部分,子部分,有,有,边缘,边缘,边缘,边缘,阶段2,阶段2,本体隐喻,本体隐喻,8,8,是,是,介词短语,介词短语,有,有,无,无,新闻,对话,2.2,2.2,4.5,4.5,2.7,2.9,2.1,2.1,4.3,4.5,2.8,2.8,3.8,3.9,2.2,2.1,3.4,3.3,1.6,1.8,4.6,4.6,2.6,2.6,4.3,4.0,4.0,3.8,3.0,2.8,2.5,2.5
1190,2,2,抽象-具体,抽象-抽象,感知,感知,关系,关系,13,17,子部分,子部分,无,无,核心,核心,中间,中间,阶段1,阶段1,结构隐喻,结构隐喻,1,3,是,是,名词性,介词短语,无,无,有,有,网络,网络,3.0,2.9,4.0,3.9,3.4,3.5,3.5,3.6,1.5,1.6,3.5,3.5,2.4,2.7,4.2,4.0,4.4,4.1,4.5,4.4,4.6,4.4,1.6,1.7,1.5,1.6,3.1,3.3,2.5,2.5,3.8,3.5
1191,7,7,抽象-具体,抽象-具体,人体,人体,情感,情感,1,9,子部分,子部分,有,有,核心,核心,边缘,边缘,阶段1,阶段1,本体隐喻,本体隐喻,5,5,像,像,形容词性,形容词性,有,有,有,有,对话,对话,2.5,2.6,4.3,4.4,2.0,2.2,2.3,2.1,2.9,2.9,4.4,4.4,1.7,1.9,2.2,2.0,3.7,3.5,2.4,2.2,2.8,2.5,3.5,3.8,4.0,4.0,4.5,4.5,3.8,3.5,3.1,3.0
1192,10,10,具体-具体,具体-具体,人体,人体,关系,关系,19,19,子部分,子部分,有,有,核心,核心,中间,核心,阶段1,阶段1,本体隐喻,本体隐喻,9,7,像,像,动词性,名词性,无,无,有,有,文学,文学,1.9,1.7,4.0,4.1,3.8,4.0,3.3,3.3,2.0,2.0,3.9,4.1,3.3,3.2,3.4,3.4,4.5,4.2,4.6,4.4,4.5,4.4,2.9,2.9,3.2,3.2,1.8,1.6,3.0,2.8,2.7,2.6
1193,3,3,抽象-抽象,抽象-抽象,自然,自然,时间,时间,24,24,多义,多义,无,无,桥接,桥接,中间,中间,阶段1,阶段1,方位隐喻,方位隐喻,1,1,变成,变成,动词性,名词性,无,无,有,有,网络,文学,2.5,2.4,3.9,3.9,2.2,2.0,3.4,3.5,1.8,1.7,3.6,3.8,3.8,4.0,4.4,4.2,3.1,3.1,1.5,1.5,3.2,3.2,2.8,2.6,2.8,2.5,2.5,2.4,4.2,4.4,2.3,2.4
1194,1,1,抽象-抽象,抽象-抽象,物体,物体,事件,事件,5,15,子部分,多义,有,有,边缘,边缘,边缘,边缘,阶段1,阶段1,本体隐喻,方位隐喻,7,1,变成,算,介词短语,介词短语,有,无,有,有,学术,学术,4.3,4.6,4.3,4.4,1.4,1.6,3.6,3.5,3.1,3.5,4.3,4.5,4.5,4.4,4.6,4.5,1.6,1.6,2.9,2.9,3.9,3.7,3.3,3.3,1.9,1.9,1.9,1.9,2.2,2.2,1.8,1.7
1195,2,2,抽象-抽象,抽象-抽象,社会,社会,品质,品质,9,9,多义,多义,有,有,核心,核心,边缘,边缘,阶段2,阶段2,本体隐喻,本体隐喻,6,6,是,变成,名词性,名词性,无,无,无,无,学术,学术,2.6,2.4,2.8,2.6,3.1,3.1,4.1,4.1,4.5,4.5,4.0,4.1,1.7,1.8,3.4,3.4,2.1,2.1,3.6,3.7,1.8,1.7,1.9,1.8,2.4,2.1,4.0,4.2,1.6,1.7,2.2,2.0
1196,5,5,具体-抽象,具体-抽象,空间,空间,抽象概念,抽象概念,22,22,实例,实例,有,有,边缘,边缘,核心,核心,阶段4,阶段4,方位隐喻,方位隐喻,9,9,成为,成为,形容词性,形容词性,无,无,有,有,新闻,新闻,2.8,2.7,3.8,4.0,1.9,2.0,4.2,4.6,3.8,3.7,3.5,3.8,3.8,3.8,2.3,2.4,3.2,3.0,4.3,4.1,1.6,1.5,3.6,3.6,3.8,4.1,4.0,3.9,3.4,3.1,3.1,3.0
1197,2,2,具体-抽象,具体-抽象,运动,运动,社会角色,社会角色,18,18,多义,多义,无,无,边缘,边缘,边缘,边缘,阶段3,阶段3,方位隐喻,方位隐喻,6,6,变成,变成,名词性,名词性,无,无,无,无,网络,网络,1.3,1.6,2.1,2.1,3.7,3.7,3.9,4.0,2.2,2.2,4.2,4.5,2.9,3.3,2.2,2.3,2.5,2.5,3.8,4.0,3.0,3.0,3.0,3.0,1.8,2.1,3.8,3.7,4.5,4.4,3.8,3.6
1198,11,6,抽象-具体,抽象-具体,感知,感知,社会角色,情感,8,8,隐喻扩展,隐喻扩展,无,无,桥接,核心,中间,边缘,阶段3,阶段3,方位隐喻,方位隐喻,9,9,成为,是,名词性,名词性,有,有,无,无,网络,新闻,3.9,3.5,3.7,3.6,2.1,1.9,4.0,4.1,2.8,3.1,3.8,3.8,1.5,1.6,3.7,3.8,2.0,1.9,2.4,2.3,1.5,1.6,3.0,3.2,3.2,3.0,3.8,3.5,4.1,4.1,1.7,1.7
1199,10,5,具体-抽象,具体-抽象,物体,物体,情感,关系,6,6,隐喻扩展,隐喻扩展,无,无,边缘,边缘,核心,核心,阶段3,阶段2,本体隐喻,本体隐喻,9,9,成为,成为,形容词性,形容词性,无,无,有,有,学术,学术,2.8,2.6,4.1,3.9,3.9,3.9,1.5,1.7,1.7,1.5,3.0,2.9,3.4,3.7,4.5,4.7,2.1,2.0,2.2,2.2,4.1,4.2,4.3,4.3,2.0,2.1,2.0,1.9,1.5,1.4,2.6,2.7
1200,5,5,抽象-具体,抽象-具体,人体,人体,事件,事件,13,13,隐喻扩展,隐喻扩展,有,有,边缘,边缘,边缘,中间,阶段3,阶段4,本体隐喻,本体隐喻,5,4,变成,变成,动词性,动词性,有,有,有,有,文学,文学,1.9,1.8,3.5,3.7,2.9,2.6,2.6,2.8,3.0,3.0,3.1,3.0,1.7,1.7,1.8,1.7,2.9,3.0,2.6,2.2,3.9,3.8,4.1,3.9,3.1,3.1,2.6,2.8,3.1,3.3,2.0,2.0
