η₁ 认知域激活,η₂ 认知参照点锚定,η₃ 跨域映射,Y 语言编码 (X₁₁)
0.013022361542720426,-0.2915269429644108,-0.04215489919533749,-1.082890652866347
-0.08884218774526238,0.28200925522929876,-0.3544532032566256,-1.082890652866347
-0.08884218774526238,-0.39245639483390177,-0.04215489919533749,-1.082890652866347
-0.5955548454084956,1.4692514412237843,0.08123159625113548,-1.082890652866347
-0.13095514051500348,-0.19059749109491997,0.18760071490892172,-1.082890652866347
-0.36414241589997703,0.6003552786024741,0.7228455811623983,-1.082890652866347
-0.255571332985772,1.4692514412237843,0.08123159625113548,-1.082890652866347
-0.0862320989685808,1.4692514412237843,0.18760071490892172,-1.082890652866347
0.7148536066327256,-0.2915269429644108,-0.04215489919533749,-1.082890652866347
0.4879552434238607,1.5701808930932748,0.41735632901318037,-1.082890652866347
-0.7051424829074447,-0.19059749109491997,0.06421421946244875,-1.082890652866347
-0.15370678369778917,-0.08966803922542899,0.18760071490892172,-1.082890652866347
-0.489176229820859,-0.19059749109491997,0.06421421946244875,-1.082890652866347
0.6546843886643704,0.1889904500688253,0.08123159625113548,-1.082890652866347
0.3860906941358777,-0.08966803922542899,0.29396983356670775,-1.082890652866347
-0.051842234409806155,1.5701808930932748,0.31098721035539445,-1.082890652866347
0.11619195521904425,1.4692514412237843,0.29396983356670775,-1.082890652866347
0.8569271311674777,0.3318558889717839,0.9526011952666572,-1.082890652866347
-0.13095514051500348,0.28200925522929876,-0.37147058004531225,-1.082890652866347
0.4974009974732812,0.12480784151173878,0.05740516755037833,-1.082890652866347
-0.9984989762607738,-0.35331581283259,0.2871607816546373,-1.082890652866347
-0.43393869960227055,1.658893559196376,-0.14171496594105307,-1.082890652866347
0.08221971211038308,0.4332940858125876,0.739862957951085,-1.082890652866347
-0.3198369958036678,-0.19059749109491997,0.17058333812023474,-1.082890652866347
-0.35743588227375506,-0.19059749109491997,0.18760071490892172,-1.082890652866347
-0.0862320989685808,1.658893559196376,-0.14171496594105307,-1.082890652866347
0.9920578123104122,-0.08966803922542899,0.41735632901318037,-1.082890652866347
-0.39182574683252974,1.4692514412237843,0.08123159625113548,-1.082890652866347
-0.5611649808497209,-0.19059749109491997,0.06421421946244875,-1.082890652866347
-0.39182574683252974,1.4692514412237843,0.18760071490892172,-1.082890652866347
-0.39182574683252974,1.4692514412237843,0.29396983356670775,-1.082890652866347
-0.020062458627713258,1.5579641073268846,-0.26510146138752605,-1.082890652866347
1.1627020907159442,0.01126141264406185,0.41735632901318037,-1.082890652866347
-0.5190520280799801,-0.020779100379174048,-0.618243570938258,-1.082890652866347
-0.0875371433569216,-0.08966803922542899,0.29396983356670775,-1.082890652866347
-0.11610789722770169,-0.19059749109491997,0.29396983356670775,-1.082890652866347
0.11488691083070347,-0.23312786164618496,0.18760071490892172,-1.082890652866347
0.18105655117157107,-0.39245639483390177,-0.1655413946418102,-1.082890652866347
-0.0875371433569216,-0.08966803922542899,0.29396983356670775,-1.082890652866347
-0.18809664825656366,1.658893559196376,-0.14171496594105307,-1.082890652866347
-0.39182574683252974,1.4692514412237843,0.08123159625113548,-1.082890652866347
-0.06217541139745412,0.18107980335980797,-0.618243570938258,-1.082890652866347
0.03968913789052871,1.3683219893542933,-0.1655413946418102,-1.082890652866347
-0.02909059122702044,-0.08966803922542899,0.18760071490892172,-1.082890652866347
-0.15370678369778917,-0.19059749109491997,0.06421421946244875,-1.082890652866347
0.11488691083070347,-0.23312786164618496,-0.04215489919533749,-1.082890652866347
0.21675146011868654,1.3683219893542933,-0.04215489919533749,-1.082890652866347
-0.39182574683252974,1.4692514412237843,0.29396983356670775,-1.082890652866347
0.2887402111475485,0.48386815896828056,0.08804064816320563,-1.082890652866347
-0.02909059122702044,0.38293870709878974,-0.24808408459883932,-1.082890652866347
0.5094018422183055,-0.2523863609630992,0.18079166299685104,-1.082890652866347
-1.0107361307713936,0.023878389642248088,0.16377428620816456,-1.082890652866347
-0.12965009612666248,1.4692514412237843,0.18760071490892172,-1.082890652866347
-0.02909059122702044,0.28200925522929876,-0.37147058004531225,-1.082890652866347
-0.255571332985772,0.4332940858125876,0.8462320766088713,-1.082890652866347
-0.12192700791569629,1.4692514412237843,0.29396983356670775,-1.082890652866347
-0.02909059122702044,0.05833183514325143,-0.24808408459883932,-1.082890652866347
1.0939223615983953,0.38293870709878974,-0.0353458472832671,-1.082890652866347
0.3308531639172893,0.05833183514325143,-0.14171496594105307,-1.082890652866347
-1.0107361307713936,0.12999698523280215,-0.07279037980816512,-1.082890652866347
-0.2899611975445467,1.5701808930932748,0.41735632901318037,-1.082890652866347
-0.18358258195691005,0.01126141264406185,0.400338952224494,-1.082890652866347
0.1415536871785117,1.7598230110658666,-0.0353458472832671,-1.082890652866347
0.08501111257158238,-0.23312786164618496,0.29396983356670775,-1.082890652866347
-0.05724372364768726,-0.08966803922542899,0.06421421946244875,-1.082890652866347
0.04741222610149511,0.5342235376820784,0.9526011952666572,-1.082890652866347
-0.3995488350434959,-0.08966803922542899,0.18760071490892172,-1.082890652866347
-0.5611649808497209,0.12480784151173878,0.16377428620816456,-1.082890652866347
-0.02909059122702044,0.05833183514325143,-0.14171496594105307,-1.082890652866347
0.08501111257158238,-0.08966803922542899,0.18760071490892172,-1.082890652866347
0.28464376629800814,-0.020779100379174048,-0.494857075491785,-1.082890652866347
-0.02909059122702044,-0.23312786164618496,0.18760071490892172,-1.082890652866347
-0.39182574683252974,1.4692514412237843,0.18760071490892172,-1.082890652866347
0.12884673117977755,0.22573729338122975,0.2871607816546373,-1.082890652866347
-0.21345838021603117,0.38293870709878974,-0.14171496594105307,-1.082890652866347
-0.39182574683252974,1.658893559196376,-0.14171496594105307,-1.082890652866347
0.33257582975574346,1.5701808930932748,0.18760071490892172,-1.082890652866347
0.2588644128884274,0.05833183514325143,-0.14171496594105307,-1.082890652866347
-0.0862320989685808,1.4692514412237843,0.29396983356670775,-1.082890652866347
-0.18358258195691005,0.38293870709878974,-0.0353458472832671,-1.082890652866347
0.18687566185956542,-0.08966803922542899,0.29396983356670775,-1.082890652866347
-0.3873116805328762,-0.19059749109491997,0.18760071490892172,-1.082890652866347
-0.33207415031428755,0.18107980335980797,-0.15873234272974004,-1.082890652866347
0.45807944516473964,1.4692514412237843,0.400338952224494,-1.082890652866347
0.657893410575683,0.12480784151173878,0.3935299003124235,-1.082890652866347
-0.18358258195691005,-0.08966803922542899,0.29396983356670775,-1.082890652866347
0.14648537492827862,-0.08966803922542899,0.06421421946244875,-1.082890652866347
0.3562148958767568,-0.08966803922542899,0.29396983356670775,-1.082890652866347
0.8493853546410289,0.38293870709878974,-0.0353458472832671,-1.082890652866347
-0.18358258195691005,-0.19059749109491997,0.17058333812023474,-1.082890652866347
1.1272434915344245,0.07240744791998548,0.3935299003124235,-1.082890652866347
0.1881807062479062,1.4692514412237843,0.29396983356670775,-1.082890652866347
-0.4936902961205125,0.01126141264406185,0.18760071490892172,-1.082890652866347
0.8480803102526883,-0.04259761672623955,-0.26510146138752605,-1.082890652866347
0.18687566185956542,-0.08966803922542899,0.29396983356670775,-1.082890652866347
-0.603277933619462,0.28200925522929876,-0.26510146138752605,-1.082890652866347
0.404146959334492,0.23092643710229313,0.8292146998201844,-1.082890652866347
0.2842261448478949,-0.19059749109491997,0.29396983356670775,-1.082890652866347
0.14024864279017094,-0.08966803922542899,0.29396983356670775,-1.082890652866347
0.8584134872403362,-0.08966803922542899,0.06421421946244875,-1.082890652866347
-0.591040779108842,0.12480784151173878,0.27014340486595084,-1.082890652866347
0.1881807062479062,1.4692514412237843,0.29396983356670775,-1.082890652866347
-0.603277933619462,0.28200925522929876,-0.26510146138752605,-1.082890652866347
-0.0875371433569216,-0.08966803922542899,0.29396983356670775,-1.082890652866347
0.15379084168913174,0.07240744791998548,0.7296546330744688,-1.082890652866347
-0.18358258195691005,-0.08966803922542899,0.29396983356670775,-1.082890652866347
-0.35743588227375506,-0.19059749109491997,0.06421421946244875,-1.082890652866347
0.21675146011868654,-0.23312786164618496,0.29396983356670775,-1.082890652866347
0.15379084168913174,-0.33405731351567597,0.17058333812023474,-1.082890652866347
0.3562148958767568,-0.08966803922542899,0.29396983356670775,-1.082890652866347
0.39060476043553133,0.01126141264406185,0.400338952224494,-1.082890652866347
0.2180565045070273,1.4692514412237843,0.17058333812023474,-1.082890652866347
1.8694650235557162,0.22573729338122975,0.3935299003124235,-1.082890652866347
-0.501413384331479,0.28200925522929876,-0.26510146138752605,-1.082890652866347
-0.5358032488902537,-0.39245639483390177,-0.05917227598402396,-1.082890652866347
-0.18358258195691005,0.12480784151173878,0.3935299003124235,-1.082890652866347
0.8493853546410289,0.01126141264406185,0.29396983356670775,-1.082890652866347
-0.2854471312448931,0.28200925522929876,-0.26510146138752605,-1.082890652866347
-0.15370678369778917,0.48386815896828056,0.07102327137451918,-1.082890652866347
0.05192629240114869,0.1733368997894763,0.6232855144166826,-1.082890652866347
0.2900452555358892,1.4692514412237843,0.29396983356670775,-1.082890652866347
0.7881474020499285,-0.08966803922542899,0.29396983356670775,-1.082890652866347
0.21675146011868654,-0.04259761672623955,-0.15873234272974004,-1.082890652866347
0.7206727173207202,0.38293870709878974,-0.0353458472832671,-1.082890652866347
0.21675146011868654,-0.13219840977669417,0.29396983356670775,-1.082890652866347
-0.0862320989685808,1.4692514412237843,0.400338952224494,-1.082890652866347
-0.0862320989685808,1.4692514412237843,0.400338952224494,-1.082890652866347
1.0608375414279612,-0.08966803922542899,0.17058333812023474,-1.082890652866347
-0.33207415031428755,0.01126141264406185,0.400338952224494,-1.082890652866347
0.39060476043553133,0.01126141264406185,0.400338952224494,-1.082890652866347
-0.501413384331479,0.28200925522929876,-0.26510146138752605,-1.082890652866347
0.2855311892362356,1.658893559196376,-0.0353458472832671,-1.082890652866347
-0.0862320989685808,1.4692514412237843,0.400338952224494,-1.082890652866347
0.8601361530787904,-0.08966803922542899,0.29396983356670775,-1.082890652866347
-0.1459836954868228,0.12480784151173878,0.4998990189702095,-1.082890652866347
1.051809408828654,-0.43498676538516684,0.17058333812023474,-1.082890652866347
0.3562148958767568,-0.08966803922542899,0.400338952224494,-1.082890652866347
-0.2854471312448931,-0.08966803922542899,0.17058333812023474,-1.082890652866347
1.1779669554533594,-0.08966803922542899,0.17058333812023474,-1.082890652866347
0.6188081680327372,-0.23312786164618496,0.17058333812023474,-1.082890652866347
1.0939223615983953,1.5579641073268846,-0.15873234272974004,-1.082890652866347
0.1881807062479062,1.5701808930932748,0.400338952224494,-1.082890652866347
-0.0862320989685808,1.4692514412237843,0.400338952224494,-1.082890652866347
0.11488691083070347,1.5579641073268846,-0.15873234272974004,-1.082890652866347
0.2887402111475485,1.4692514412237843,0.29396983356670775,-1.082890652866347
1.0309617431688405,1.3683219893542933,0.17058333812023474,-1.082890652866347
-0.08171803266892723,1.4692514412237843,0.29396983356670775,-1.082890652866347
-0.027785546838679658,1.5701808930932748,0.400338952224494,-1.082890652866347
0.3562148958767568,-0.08966803922542899,0.400338952224494,-1.082890652866347
0.6188081680327372,1.4692514412237843,0.17058333812023474,-1.082890652866347
0.2588644128884274,1.3683219893542933,0.17058333812023474,-1.082890652866347
-0.33207415031428755,1.658893559196376,-0.26510146138752605,-1.082890652866347
-0.02909059122702044,1.3683219893542933,0.17058333812023474,-1.082890652866347
-0.2976842857555131,0.38293870709878974,-0.14171496594105307,-1.082890652866347
-0.5358032488902537,1.7598230110658666,-0.15873234272974004,-1.082890652866347
-0.7395323474662195,-0.33131035955797833,0.16377428620816456,-1.082890652866347
-0.4593004315617381,-0.02852200394950551,0.4998990189702095,-1.082890652866347
0.7894524464382693,1.5701808930932748,0.29396983356670775,-1.082890652866347
1.2392049080444598,1.658893559196376,-0.15873234272974004,-1.082890652866347
-0.4593004315617381,-0.02852200394950551,0.4998990189702095,-1.082890652866347
0.8913169957262522,1.5701808930932748,0.29396983356670775,-1.082890652866347
0.24834992421626167,0.38293870709878974,-0.15873234272974004,-1.082890652866347
0.5599439944527226,1.4692514412237843,0.400338952224494,-1.082890652866347
0.3878133599743319,1.658893559196376,-0.15873234272974004,-1.082890652866347
0.11619195521904425,1.5701808930932748,0.400338952224494,-1.082890652866347
0.2588644128884274,-0.19059749109491997,0.17058333812023474,-1.082890652866347
1.260470195154387,-0.08966803922542899,0.400338952224494,-1.082890652866347
-0.35743588227375506,1.3683219893542933,0.400338952224494,-1.082890652866347
-0.255571332985772,1.4692514412237843,0.17058333812023474,-1.082890652866347
-0.2854471312448931,-0.08966803922542899,0.17058333812023474,-1.082890652866347
-0.35743588227375506,0.28200925522929876,-0.15873234272974004,-1.082890652866347
-0.15370678369778917,0.01126141264406185,0.400338952224494,-1.082890652866347
0.14927677538947817,1.5701808930932748,0.400338952224494,-1.082890652866347
0.18236159555991183,1.5701808930932748,0.400338952224494,-1.082890652866347
-0.18358258195691005,-0.23312786164618496,0.17058333812023474,-1.082890652866347
-0.12965009612666248,1.4692514412237843,0.400338952224494,-1.082890652866347
-0.23020960102630472,1.4692514412237843,0.17058333812023474,-1.082890652866347
0.18236159555991183,1.5701808930932748,0.400338952224494,-1.082890652866347
0.11488691083070347,-0.02852200394950551,0.4998990189702095,-1.082890652866347
0.35490985148841586,0.07240744791998548,0.4998990189702095,-1.082890652866347
0.7565489379523535,-0.08966803922542899,0.400338952224494,-1.082890652866347
-0.4593004315617381,0.23092643710229313,0.8292146998201844,-1.082890652866347
-0.15370678369778917,0.01126141264406185,0.400338952224494,-1.082890652866347
-0.15370678369778917,1.4692514412237843,0.276952456778021,-1.082890652866347
0.7565489379523535,0.07240744791998548,0.4998990189702095,-1.082890652866347
0.2887402111475485,0.01126141264406185,0.400338952224494,-1.082890652866347
0.384785649747537,-0.19059749109491997,0.17058333812023474,-1.082890652866347
0.21675146011868654,0.05833183514325143,-0.15873234272974004,-1.082890652866347
0.7565489379523535,0.1733368997894763,0.7296546330744688,-1.082890652866347
0.8285376889812154,0.07240744791998548,0.7296546330744688,-1.082890652866347
0.7565489379523535,-0.08966803922542899,0.29396983356670775,-1.082890652866347
0.5528198393763873,-0.1294514558189963,0.6062681376279958,-1.082890652866347
0.48967790926231486,1.658893559196376,-0.26510146138752605,-1.082890652866347
0.10716382261973705,0.48386815896828056,-0.0353458472832671,-1.082890652866347
0.11619195521904425,1.5701808930932748,0.400338952224494,-1.082890652866347
0.45807944516473964,0.01126141264406185,0.400338952224494,-1.082890652866347
-0.18358258195691005,-0.08966803922542899,0.17058333812023474,-1.082890652866347
-0.08171803266892723,0.01126141264406185,0.29396983356670775,-1.082890652866347
0.11619195521904425,1.5701808930932748,0.400338952224494,-1.082890652866347
0.2859488106863489,1.4692514412237843,0.276952456778021,-1.082890652866347
0.39060476043553133,0.01126141264406185,0.400338952224494,-1.082890652866347
1.0939223615983953,1.658893559196376,-0.15873234272974004,-1.082890652866347
1.0747973617770354,-0.02852200394950551,0.4998990189702095,-1.082890652866347
-0.15370678369778917,0.1733368997894763,0.5169163957588965,-1.082890652866347
0.39060476043553133,-0.08966803922542899,0.400338952224494,-1.082890652866347
-0.15370678369778917,0.01126141264406185,0.29396983356670775,-1.082890652866347
0.21675146011868654,0.05833183514325143,-0.26510146138752605,-1.082890652866347
0.5528198393763873,-0.1294514558189963,0.6062681376279958,-1.082890652866347
0.6546843886643704,0.23092643710229313,0.9526011952666572,-1.082890652866347
-1.2144652293473597,-0.555174716571572,0.2531260280772638,-1.082890652866347
0.010230961081521142,-0.08966803922542899,0.06421421946244875,-1.082890652866347
-0.15370678369778917,1.5701808930932748,0.29396983356670775,-1.082890652866347
-0.43393869960227055,0.1733368997894763,0.3935299003124235,-1.082890652866347
-0.24784824477480585,0.07240744791998548,0.3935299003124235,-1.082890652866347
0.6125714358946295,0.01126141264406185,0.29396983356670775,-1.082890652866347
-0.0862320989685808,1.4692514412237843,0.29396983356670775,-1.082890652866347
-0.00972928164006528,0.3318558889717839,0.9526011952666572,-1.082890652866347
-0.489176229820859,-0.2303809076884873,0.37651252352373676,-1.082890652866347
0.42048055869465245,1.3683219893542933,0.17058333812023474,-1.082890652866347
-0.35743588227375506,0.07240744791998548,0.4998990189702095,-1.082890652866347
0.6564070545028243,-0.08966803922542899,0.06421421946244875,-1.082890652866347
0.7565489379523535,0.1733368997894763,0.6232855144166826,-1.082890652866347
-0.2976842857555131,0.23092643710229313,0.7228455811623983,-1.082890652866347
-0.501413384331479,-0.020779100379174048,-0.5118744522804718,-1.082890652866347
-0.4593004315617381,1.4692514412237843,0.17058333812023474,-1.082890652866347
0.2502539017392334,0.07240744791998548,0.4998990189702095,-1.082890652866347
1.2378998636561191,-0.08966803922542899,0.17058333812023474,-1.082890652866347
0.5661807265908304,-0.3453859723347124,-0.5118744522804718,-1.082890652866347
-0.5358032488902537,-0.08966803922542899,0.04719684267376203,-1.082890652866347
-0.15370678369778917,-0.08966803922542899,0.06421421946244875,-1.082890652866347
0.11488691083070347,-0.08966803922542899,0.17058333812023474,-1.082890652866347
-0.255571332985772,0.1733368997894763,0.7296546330744688,-1.082890652866347
-0.15370678369778917,-0.08966803922542899,0.06421421946244875,-1.082890652866347
0.18687566185956542,0.38293870709878974,-0.15873234272974004,-1.082890652866347
-0.4593004315617381,0.38293870709878974,-0.15873234272974004,-1.082890652866347
0.11488691083070347,-0.08966803922542899,0.17058333812023474,-1.082890652866347
-0.501413384331479,-0.5359162172546578,-0.05917227598402396,-1.082890652866347
0.5363049283317095,-0.02852200394950551,0.4998990189702095,-1.082890652866347
0.21847412595714055,0.18107980335980797,-0.3884879568339988,-1.082890652866347
0.3860906941358777,-0.08966803922542899,0.17058333812023474,-1.082890652866347
-0.255571332985772,-0.39245639483390177,-0.05917227598402396,-1.082890652866347
-0.12965009612666248,-0.020779100379174048,-0.618243570938258,-1.082890652866347
-0.4593004315617381,-0.17279137037567072,0.47607259026945264,-1.082890652866347
1.230594396895266,0.07240744791998548,0.4998990189702095,-1.082890652866347
0.2588644128884274,-0.07186191850617966,0.7058282043737116,1.9342910731241403
-0.18358258195691005,-0.19059749109491997,0.17058333812023474,-1.082890652866347
-0.2854471312448931,0.07240744791998548,0.4998990189702095,-1.082890652866347
-0.2976842857555131,-0.19059749109491997,0.06421421946244875,-1.082890652866347
-0.4593004315617381,-0.08966803922542899,0.06421421946244875,-1.082890652866347
0.8900119513379113,-0.08966803922542899,0.17058333812023474,-1.082890652866347
0.7868423576615875,0.12999698523280215,0.7228455811623983,-1.082890652866347
0.213960059657487,0.01126141264406185,0.17058333812023474,-1.082890652866347
-0.2899611975445467,0.01126141264406185,0.276952456778021,-1.082890652866347
-0.15370678369778917,-0.08966803922542899,0.17058333812023474,-1.082890652866347
-0.12965009612666248,-0.19059749109491997,0.17058333812023474,-1.082890652866347
0.8225372666087031,0.01126141264406185,0.17058333812023474,-1.082890652866347
-0.31532292950401425,-0.05052745722411741,0.3935299003124235,0.42570021012889675
-0.2899611975445467,0.01126141264406185,0.17058333812023474,-1.082890652866347
0.21675146011868654,-0.19059749109491997,0.06421421946244875,-1.082890652866347
0.21847412595714055,-0.3453859723347124,-0.7246126895960443,-1.082890652866347
-0.35743588227375506,0.48386815896828056,-0.26510146138752605,-1.082890652866347
0.21675146011868654,-0.08966803922542899,0.17058333812023474,-1.082890652866347
-0.020062458627713258,0.28200925522929876,-0.26510146138752605,-1.082890652866347
0.21675146011868654,-0.08966803922542899,0.17058333812023474,-1.082890652866347
0.2887402111475485,0.38293870709878974,-0.15873234272974004,-1.082890652866347
-0.09656527595622881,-0.19059749109491997,0.06421421946244875,-1.082890652866347
0.7206727173207202,0.28200925522929876,-0.26510146138752605,-1.082890652866347
-0.2976842857555131,-0.19059749109491997,0.17058333812023474,-1.082890652866347
0.7144359851826122,-0.19059749109491997,0.06421421946244875,-1.082890652866347
0.8285376889812154,0.12999698523280215,0.8292146998201844,-1.082890652866347
0.17463850734894545,0.18107980335980797,-0.494857075491785,-1.082890652866347
-0.35743588227375506,0.07240744791998548,0.3935299003124235,-1.082890652866347
0.03968913789052871,-0.19059749109491997,0.17058333812023474,-1.082890652866347
0.8149954900822545,-0.19059749109491997,0.06421421946244875,-1.082890652866347
0.7223953831591743,-0.02852200394950551,0.3935299003124235,-1.082890652866347
-0.2976842857555131,-0.08966803922542899,0.17058333812023474,-1.082890652866347
-0.15370678369778917,-0.13219840977669417,0.29396983356670775,-1.082890652866347
-0.501413384331479,-0.02852200394950551,0.3935299003124235,-1.082890652866347
0.3502144735042445,0.01126141264406185,0.29396983356670775,-1.082890652866347
0.9005264400100773,0.07240744791998548,0.4998990189702095,-1.082890652866347
0.24834992421626167,-0.08966803922542899,0.06421421946244875,-1.082890652866347
1.051809408828654,0.28200925522929876,-0.15873234272974004,-1.082890652866347
-0.2899611975445467,0.48386815896828056,-0.14171496594105307,-1.082890652866347
0.005299273331754247,-0.19059749109491997,-0.1655413946418102,-1.082890652866347
-0.3995488350434959,0.38293870709878974,-0.37147058004531225,-1.082890652866347
-0.2976842857555131,0.48386815896828056,-0.0353458472832671,-1.082890652866347
-0.08171803266892723,0.1733368997894763,0.6232855144166826,-1.082890652866347
-0.501413384331479,0.23092643710229313,0.7228455811623983,-1.082890652866347
-0.4593004315617381,0.12999698523280215,0.7228455811623983,-1.082890652866347
-0.2976842857555131,0.38293870709878974,-0.0353458472832671,-1.082890652866347
-0.33207415031428755,-0.02852200394950551,0.3935299003124235,-1.082890652866347
0.7883287137344462,-0.04259761672623955,-0.494857075491785,-1.082890652866347
-0.08171803266892723,0.01126141264406185,0.18760071490892172,-1.082890652866347
-0.15370678369778917,0.01126141264406185,0.29396983356670775,-1.082890652866347
0.2859488106863489,0.28200925522929876,-0.6012261941495712,-1.082890652866347
0.7565489379523535,-0.08966803922542899,0.06421421946244875,-1.082890652866347
0.54379170677708,-0.02852200394950551,0.2871607816546373,-1.082890652866347
-0.501413384331479,-0.1294514558189963,0.16377428620816456,-1.082890652866347
-0.3995488350434959,0.07240744791998548,0.3935299003124235,-1.082890652866347
0.3186160094066694,0.15926128701274223,-0.14171496594105307,-1.082890652866347
-0.255571332985772,-0.19059749109491997,0.06421421946244875,-1.082890652866347
0.17463850734894545,0.01126141264406185,0.18760071490892172,-1.082890652866347
-0.35743588227375506,0.38293870709878974,-0.47783969870309856,-1.082890652866347
0.10716382261973705,-0.39245639483390177,-0.05917227598402396,-1.082890652866347
0.8493853546410289,0.01126141264406185,0.29396983356670775,-1.082890652866347
0.3186160094066694,0.01126141264406185,0.29396983356670775,-1.082890652866347
0.3186160094066694,0.01126141264406185,0.18760071490892172,-1.082890652866347
-0.23020960102630472,1.658893559196376,-0.26510146138752605,-1.082890652866347
-0.00972928164006528,-0.08966803922542899,0.06421421946244875,-1.082890652866347
-0.00972928164006528,0.01126141264406185,0.29396983356670775,-1.082890652866347
-0.3995488350434959,0.38293870709878974,-0.37147058004531225,-1.082890652866347
0.963487058439632,-0.08966803922542899,0.06421421946244875,-1.082890652866347
0.546401795553762,0.3318558889717839,1.07598769071313,-1.082890652866347
-0.35743588227375506,0.23092643710229313,0.6164764625046121,-1.082890652866347
0.7144359851826122,-0.19059749109491997,0.17058333812023474,-1.082890652866347
0.951249903929012,1.0655336337458203,0.04719684267376203,-1.082890652866347
0.3186160094066694,0.01126141264406185,0.29396983356670775,-1.082890652866347
0.07407900244930336,1.5701808930932748,0.29396983356670775,-1.082890652866347
0.8584134872403362,0.3318558889717839,0.8462320766088713,-1.082890652866347
-0.15370678369778917,0.48386815896828056,-0.0353458472832671,-1.082890652866347
-0.501413384331479,-0.02852200394950551,0.16377428620816456,-1.082890652866347
0.9918765006258944,0.01126141264406185,0.29396983356670775,-1.082890652866347
-0.051842234409806155,0.01126141264406185,0.41735632901318037,-1.082890652866347
-0.255571332985772,-0.05052745722411741,0.6232855144166826,-1.082890652866347
-0.23020960102630472,-0.020779100379174048,-0.5118744522804718,-1.082890652866347
-0.04411914619883974,-0.2303809076884873,0.27014340486595084,-1.082890652866347
-0.16403996068543716,0.07240744791998548,0.3935299003124235,-1.082890652866347
0.12391504343001064,-0.08966803922542899,0.06421421946244875,-1.082890652866347
-0.19842982524421185,0.28200925522929876,-0.494857075491785,-1.082890652866347
0.18366663994825264,-0.08966803922542899,0.17058333812023474,-1.082890652866347
0.5902374141619571,0.12999698523280215,0.5994590857159255,-1.082890652866347
-0.33337919470262856,0.48386815896828056,-0.24808408459883932,1.9342910731241403
-0.43393869960227055,-0.05052745722411741,0.4105472771011103,1.9342910731241403
-0.0875371433569216,0.48386815896828056,-0.14171496594105307,1.9342910731241403
-0.027785546838679658,1.5701808930932748,0.29396983356670775,-1.082890652866347
0.6125714358946295,0.12999698523280215,0.5994590857159255,-1.082890652866347
0.07277395806096261,0.01126141264406185,0.29396983356670775,-1.082890652866347
-0.18358258195691005,0.01126141264406185,0.41735632901318037,-1.082890652866347
0.3186160094066694,-0.2915269429644108,0.17058333812023474,-1.082890652866347
0.7565489379523535,0.3318558889717839,0.9526011952666572,-1.082890652866347
-0.2899611975445467,0.28200925522929876,-0.3884879568339988,-1.082890652866347
-0.43393869960227055,0.23092643710229313,0.7228455811623983,-1.082890652866347
0.6112663915062885,-0.2523863609630992,0.3935299003124235,-1.082890652866347
-0.3995488350434959,0.28200925522929876,-0.26510146138752605,-1.082890652866347
-0.2899611975445467,-0.05052745722411741,0.5169163957588965,-1.082890652866347
-0.18358258195691005,0.3318558889717839,1.07598769071313,-1.082890652866347
0.03968913789052871,0.01126141264406185,0.18760071490892172,-1.082890652866347
0.21675146011868654,0.28200925522929876,-0.26510146138752605,-1.082890652866347
-0.255571332985772,-0.08966803922542899,0.29396983356670775,-1.082890652866347
-0.3995488350434959,0.28200925522929876,-0.26510146138752605,-1.082890652866347
-0.1283450517383217,1.7598230110658666,-0.0353458472832671,-1.082890652866347
0.17463850734894545,0.01126141264406185,0.18760071490892172,-1.082890652866347
-0.255571332985772,-0.08966803922542899,0.18760071490892172,-1.082890652866347
0.21675146011868654,0.38293870709878974,-0.14171496594105307,-1.082890652866347
-0.39182574683252974,-0.04259761672623955,-0.15873234272974004,-1.082890652866347
-0.3873116805328762,-0.454245264702081,0.4998990189702095,-1.082890652866347
0.3186160094066694,0.01126141264406185,0.18760071490892172,-1.082890652866347
-0.255571332985772,0.38293870709878974,-0.14171496594105307,-1.082890652866347
-0.18809664825656366,-0.08966803922542899,0.18760071490892172,-1.082890652866347
-0.2976842857555131,0.12999698523280215,0.7228455811623983,-1.082890652866347
0.39060476043553133,0.01126141264406185,0.41735632901318037,-1.082890652866347
0.2855311892362356,1.5701808930932748,0.08123159625113548,-1.082890652866347
-0.18358258195691005,0.01126141264406185,0.41735632901318037,-1.082890652866347
-0.2976842857555131,0.48386815896828056,-0.1246975891523666,-1.082890652866347
-0.2976842857555131,0.01126141264406185,0.41735632901318037,-1.082890652866347
-0.3995488350434959,0.01126141264406185,0.31098721035539445,-1.082890652866347
1.5783009975289557,-0.05052745722411741,0.6403028912053692,-1.082890652866347
0.5195537075214359,1.7598230110658666,0.08804064816320563,-1.082890652866347
0.3186160094066694,-0.13219840977669417,0.41735632901318037,-1.082890652866347
0.7144359851826122,0.01126141264406185,0.41735632901318037,-1.082890652866347
-0.15370678369778917,0.01126141264406185,0.41735632901318037,-1.082890652866347
-0.1115938309280481,-0.19059749109491997,0.06421421946244875,-1.082890652866347
-0.0862320989685808,0.48386815896828056,0.08804064816320563,-1.082890652866347
0.6381694776196923,0.01126141264406185,0.41735632901318037,-1.082890652866347
0.7223953831591743,0.38293870709878974,-0.14171496594105307,-1.082890652866347
0.1415536871785117,1.7598230110658666,0.08804064816320563,-1.082890652866347
0.17463850734894545,0.05833183514325143,-0.018328470494580352,-1.082890652866347
-0.027785546838679658,-0.020779100379174048,-0.5118744522804718,-1.082890652866347
-0.19581973646753006,0.1733368997894763,0.7466720098631553,-1.082890652866347
-0.2976842857555131,0.01126141264406185,0.18760071490892172,-1.082890652866347
-0.027785546838679658,1.7598230110658666,0.08804064816320563,-1.082890652866347
-0.027785546838679658,-0.08966803922542899,0.18760071490892172,-1.082890652866347
0.17463850734894545,0.18107980335980797,-0.26510146138752605,-1.082890652866347
0.3186160094066694,0.15926128701274223,-0.018328470494580352,-1.082890652866347
-0.1283450517383217,1.658893559196376,-0.0353458472832671,-1.082890652866347
0.8584134872403362,0.3318558889717839,0.9696185720553441,-1.082890652866347
0.3186160094066694,0.23092643710229313,0.8462320766088713,-1.082890652866347
0.39060476043553133,0.01126141264406185,0.41735632901318037,-1.082890652866347
-0.051842234409806155,0.3318558889717839,1.07598769071313,-1.082890652866347
0.17463850734894545,-0.23312786164618496,0.31098721035539445,-1.082890652866347
-0.051842234409806155,0.48386815896828056,0.08804064816320563,-1.082890652866347
0.17463850734894545,0.28200925522929876,-0.14171496594105307,-1.082890652866347
-0.19581973646753006,-0.08966803922542899,0.41735632901318037,-1.082890652866347
-0.051842234409806155,0.48386815896828056,0.08804064816320563,-1.082890652866347
1.00239098929806,-0.05052745722411741,0.7466720098631553,-1.082890652866347
-0.051842234409806155,0.01126141264406185,0.41735632901318037,-1.082890652866347
0.10716382261973705,0.01126141264406185,0.41735632901318037,-1.082890652866347
0.18236159555991183,0.01126141264406185,0.20461809169760822,-1.082890652866347
0.4127574704836859,-0.19059749109491997,-0.04215489919533749,-1.082890652866347
0.27780810102526926,0.28200925522929876,-1.0267026687807157,-1.082890652866347
-0.501413384331479,0.1733368997894763,0.4105472771011103,-1.082890652866347
0.24080814768981304,0.12999698523280215,0.6164764625046121,-1.082890652866347
0.00790936210843581,-0.19059749109491997,0.08123159625113548,-1.082890652866347
-0.501413384331479,0.01126141264406185,0.08123159625113548,-1.082890652866347
-0.35743588227375506,0.01126141264406185,0.08123159625113548,-1.082890652866347
1.4923524261510197,0.28200925522929876,-1.0267026687807157,-1.082890652866347
0.11488691083070347,1.5701808930932748,0.08123159625113548,-1.082890652866347
0.14648537492827862,0.28200925522929876,-1.0267026687807157,-1.082890652866347
0.8480803102526883,-0.13219840977669417,-0.04215489919533749,-1.082890652866347
-0.35743588227375506,0.28200925522929876,-1.0267026687807157,-1.082890652866347
0.7113560949178165,-0.9797182403602852,-0.7407749874065898,-1.082890652866347
-0.501413384331479,-0.08966803922542899,-0.04215489919533749,-1.082890652866347
0.11488691083070347,0.3318558889717839,0.739862957951085,-1.082890652866347
0.11488691083070347,0.15926128701274223,-0.24808408459883932,-1.082890652866347
-0.35743588227375506,-0.08966803922542899,-0.04215489919533749,-1.082890652866347
-0.35743588227375506,-0.19059749109491997,-0.6973869879307409,-1.082890652866347
-0.35743588227375506,0.3318558889717839,0.739862957951085,-1.082890652866347
-0.43393869960227055,0.01126141264406185,0.08123159625113548,-1.082890652866347
0.11488691083070347,0.28200925522929876,-0.494857075491785,-1.082890652866347
-1.0107361307713936,0.01126141264406185,0.08123159625113548,-1.082890652866347
-0.501413384331479,0.01126141264406185,0.08123159625113548,-1.082890652866347
-0.501413384331479,0.01126141264406185,0.08123159625113548,-1.082890652866347
-0.35743588227375506,0.01126141264406185,0.08123159625113548,-1.082890652866347
-0.8667586287136698,-0.05052745722411741,0.4105472771011103,-1.082890652866347
0.2193615488953681,0.1733368997894763,0.4105472771011103,-1.082890652866347
0.213960059657487,0.01126141264406185,-0.5740004924842682,-1.082890652866347
-0.0875371433569216,1.7598230110658666,-0.24808408459883932,-1.082890652866347
-0.501413384331479,0.48386815896828056,-0.24808408459883932,-1.082890652866347
0.4892602878122016,-0.2915269429644108,-0.04215489919533749,-1.082890652866347
-0.12453709669237788,-0.05052745722411741,-0.1212983161878205,-1.082890652866347
0.03838409350218789,0.01126141264406185,0.08123159625113548,-1.082890652866347
0.5107068866066464,0.3318558889717839,0.739862957951085,-1.082890652866347
-0.501413384331479,-0.05052745722411741,0.4105472771011103,-1.082890652866347
-0.2854471312448931,-0.05052745722411741,0.4105472771011103,-1.082890652866347
0.5107068866066464,0.1733368997894763,0.4105472771011103,-1.082890652866347
1.158605645866404,0.3318558889717839,0.739862957951085,-1.082890652866347
-0.2899611975445467,0.38293870709878974,-0.37147058004531225,-1.082890652866347
-0.501413384331479,0.01126141264406185,0.08123159625113548,-1.082890652866347
-0.02909059122702044,0.01126141264406185,0.08123159625113548,-1.082890652866347
0.11488691083070347,0.01126141264406185,0.08123159625113548,-1.082890652866347
0.11488691083070347,-0.05052745722411741,0.4105472771011103,-1.082890652866347
-0.2854471312448931,0.01126141264406185,0.08123159625113548,-1.082890652866347
0.15188686416615974,0.18107980335980797,-0.37147058004531225,-1.082890652866347
0.4567744007763989,-0.13219840977669417,0.08123159625113548,-1.082890652866347
0.36245162801486447,0.18107980335980797,-0.37147058004531225,-1.082890652866347
1.1046731600361566,0.3318558889717839,0.739862957951085,-1.082890652866347
-0.43393869960227055,0.48386815896828056,-0.24808408459883932,-1.082890652866347
0.15188686416615974,-0.2915269429644108,-0.04215489919533749,-1.082890652866347
-0.501413384331479,-0.39245639483390177,-0.6973869879307409,-1.082890652866347
-0.43393869960227055,0.48386815896828056,-0.24808408459883932,-1.082890652866347
0.4802321552128943,0.48386815896828056,-0.24808408459883932,-1.082890652866347
0.6558081213681933,0.18107980335980797,-0.37147058004531225,-1.082890652866347
0.645656256065063,0.18107980335980797,-0.37147058004531225,-1.082890652866347
-0.501413384331479,0.48386815896828056,0.28376150869009137,-1.082890652866347
1.2766224828300292,0.01126141264406185,0.08123159625113548,-1.082890652866347
0.6242096572706183,0.01126141264406185,0.08123159625113548,-1.082890652866347
0.27780810102526926,0.01126141264406185,0.08123159625113548,-1.082890652866347
0.00790936210843581,0.18107980335980797,-0.37147058004531225,-1.082890652866347
0.00790936210843581,0.48386815896828056,-0.24808408459883932,-1.082890652866347
0.00790936210843581,0.48386815896828056,-0.24808408459883932,-1.082890652866347
1.3664311892919099,0.01126141264406185,0.6130771895400662,-1.082890652866347
2.0863186995805294,0.01126141264406185,0.08123159625113548,-1.082890652866347
0.00790936210843581,0.1733368997894763,0.9423928703900409,-1.082890652866347
0.4163841138451121,-0.2915269429644108,0.4896906940935932,-1.082890652866347
-0.43393869960227055,0.3318558889717839,0.739862957951085,-1.082890652866347
-0.35743588227375506,0.02906753336331132,0.6164764625046121,-1.082890652866347
0.00790936210843581,0.48386815896828056,-0.24808408459883932,-1.082890652866347
0.4802321552128943,0.48386815896828056,0.28376150869009137,-1.082890652866347
0.21847412595714055,-0.2915269429644108,-0.04215489919533749,-1.082890652866347
0.15188686416615974,0.48386815896828056,0.28376150869009137,-1.082890652866347
-0.43393869960227055,0.18107980335980797,-0.37147058004531225,-1.082890652866347
1.164007135104285,-0.13219840977669417,0.08123159625113548,-1.082890652866347
0.4802321552128943,-0.05052745722411741,0.4105472771011103,-1.082890652866347
-0.43393869960227055,-0.05052745722411741,0.4105472771011103,-1.082890652866347
0.4802321552128943,0.01126141264406185,0.6130771895400662,-1.082890652866347
0.2958643662238836,0.3318558889717839,0.739862957951085,-1.082890652866347
0.4802321552128943,0.48386815896828056,0.28376150869009137,-1.082890652866347
0.2193615488953681,-0.08966803922542899,-0.04215489919533749,-1.082890652866347
0.6558081213681933,-0.05052745722411741,0.9423928703900409,-1.082890652866347
0.29135029992423006,0.01126141264406185,0.6130771895400662,-1.082890652866347
0.27780810102526926,-0.05052745722411741,0.9423928703900409,-1.082890652866347
0.4802321552128943,0.15926128701274223,0.28376150869009137,-1.082890652866347
0.4802321552128943,0.01126141264406185,0.6130771895400662,-1.082890652866347
0.07538404683764417,0.48386815896828056,-0.24808408459883932,-1.082890652866347
1.1549790025049778,1.5701808930932748,0.6130771895400662,-1.082890652866347
0.4802321552128943,0.01126141264406185,0.6130771895400662,-1.082890652866347
0.8480803102526883,0.38293870709878974,-0.37147058004531225,-1.082890652866347
0.00790936210843581,0.01126141264406185,0.6130771895400662,-1.082890652866347
1.2989565045627018,0.01126141264406185,0.6130771895400662,-1.082890652866347
0.07538404683764417,1.7598230110658666,0.28376150869009137,-1.082890652866347
0.00790936210843581,0.3318558889717839,0.739862957951085,-1.082890652866347
0.36785311725274555,0.01126141264406185,0.6130771895400662,-1.082890652866347
1.0606562297434434,0.3318558889717839,1.2717085512400157,-1.082890652866347
0.00790936210843581,-0.05052745722411741,0.9423928703900409,-1.082890652866347
0.00790936210843581,0.01126141264406185,0.6130771895400662,-1.082890652866347
1.8748665127935975,-0.05052745722411741,0.9423928703900409,-1.082890652866347
0.4802321552128943,0.01126141264406185,0.6130771895400662,-1.082890652866347
0.00790936210843581,0.3318558889717839,0.739862957951085,-1.082890652866347
1.020029633046561,-0.19059749109491997,0.6130771895400662,-1.082890652866347
1.1549790025049778,1.3683219893542933,0.4896906940935932,-1.082890652866347
0.4802321552128943,0.01126141264406185,0.6130771895400662,-1.082890652866347
0.4802321552128943,0.01126141264406185,0.6130771895400662,-1.082890652866347
0.27780810102526926,1.5701808930932748,0.6130771895400662,-1.082890652866347
0.00790936210843581,0.48386815896828056,0.28376150869009137,-1.082890652866347
1.1956055992018604,0.01126141264406185,0.6130771895400662,-1.082890652866347
0.00790936210843581,0.01126141264406185,0.6130771895400662,-1.082890652866347
0.15188686416615974,-0.13219840977669417,0.6130771895400662,-1.082890652866347
0.00790936210843581,0.01126141264406185,0.6130771895400662,-1.082890652866347
0.2193615488953681,-0.05052745722411741,0.9423928703900409,-1.082890652866347
0.5477068399421027,1.5579641073268846,0.16037501324361844,-1.082890652866347
0.00790936210843581,0.48386815896828056,0.28376150869009137,-1.082890652866347
0.34528278575447763,1.5701808930932748,0.6130771895400662,-1.082890652866347
0.7232828060974018,1.7598230110658666,0.28376150869009137,-1.082890652866347
0.00790936210843581,-0.05052745722411741,0.9423928703900409,-1.082890652866347
0.9437631254836413,0.1733368997894763,0.9423928703900409,-1.082890652866347
0.27780810102526926,1.5701808930932748,0.6130771895400662,-1.082890652866347
0.00790936210843581,-0.05052745722411741,0.9423928703900409,-1.082890652866347
0.00790936210843581,0.01126141264406185,0.6130771895400662,-1.082890652866347
1.020029633046561,0.3318558889717839,1.2717085512400157,-1.082890652866347
0.4802321552128943,-0.13219840977669417,0.6130771895400662,-1.082890652866347
0.9437631254836413,0.01126141264406185,0.6130771895400662,-1.082890652866347
0.15188686416615974,0.1733368997894763,0.9423928703900409,-1.082890652866347
0.7131309407942714,-0.02852200394950551,0.2871607816546373,-1.082890652866347
0.22387561519502167,-0.13219840977669417,0.6130771895400662,-1.082890652866347
-0.02909059122702044,-0.19059749109491997,0.4896906940935932,-1.082890652866347
0.07538404683764417,1.5579641073268846,-0.37147058004531225,-1.082890652866347
0.00790936210843581,0.3318558889717839,1.2717085512400157,-1.082890652866347
0.00790936210843581,1.7598230110658666,0.28376150869009137,-1.082890652866347
0.6558081213681933,-0.05052745722411741,0.9423928703900409,-1.082890652866347
0.00790936210843581,0.3318558889717839,1.2717085512400157,-1.082890652866347
0.5477068399421027,0.01126141264406185,0.6130771895400662,-1.082890652866347
-0.501413384331479,-0.19059749109491997,0.4896906940935932,-1.082890652866347
-0.43393869960227055,0.28200925522929876,0.16037501324361844,-1.082890652866347
0.7501308941297277,1.658893559196376,0.28376150869009137,-1.082890652866347
0.4802321552128943,0.48386815896828056,0.28376150869009137,-1.082890652866347
-0.501413384331479,-0.19059749109491997,0.4896906940935932,-1.082890652866347
-0.43393869960227055,-0.19059749109491997,0.4896906940935932,-1.082890652866347
0.00790936210843581,1.7598230110658666,0.28376150869009137,-1.082890652866347
0.00790936210843581,-0.02852200394950551,0.819006374943568,-1.082890652866347
0.07538404683764417,1.7598230110658666,0.4071480041365641,-1.082890652866347
0.00790936210843581,0.48386815896828056,0.4071480041365641,-1.082890652866347
-0.501413384331479,0.1733368997894763,0.9423928703900409,-1.082890652866347
1.2001196655015138,0.01126141264406185,0.7364636849865388,-1.082890652866347
0.4892602878122016,1.5701808930932748,0.08123159625113548,-1.082890652866347
0.7277968723970553,0.01126141264406185,0.7364636849865388,-1.082890652866347
0.00790936210843581,1.5701808930932748,0.7364636849865388,-1.082890652866347
1.020029633046561,-0.05052745722411741,1.0657793658365138,-1.082890652866347
0.00790936210843581,0.01126141264406185,0.7364636849865388,-1.082890652866347
0.21847412595714055,-0.19059749109491997,0.4896906940935932,-1.082890652866347
0.34528278575447763,1.7598230110658666,0.4071480041365641,-1.082890652866347
-0.02909059122702044,0.15926128701274223,0.4071480041365641,-1.082890652866347
0.00790936210843581,0.48386815896828056,0.4071480041365641,-1.082890652866347
0.2193615488953681,1.7598230110658666,0.4071480041365641,-1.082890652866347
-0.501413384331479,-0.19059749109491997,0.4896906940935932,-1.082890652866347
0.00790936210843581,-0.19059749109491997,0.4896906940935932,-1.082890652866347
0.07538404683764417,0.28200925522929876,0.16037501324361844,-1.082890652866347
1.158605645866404,0.12999698523280215,1.1483220557935427,-1.082890652866347
-0.16403996068543716,1.5701808930932748,0.7364636849865388,-1.082890652866347
-0.43393869960227055,0.28200925522929876,0.16037501324361844,-1.082890652866347
0.15188686416615974,-0.05052745722411741,1.0657793658365138,-1.082890652866347
-0.02909059122702044,0.15926128701274223,0.4071480041365641,-1.082890652866347
0.07538404683764417,0.28200925522929876,0.16037501324361844,-1.082890652866347
0.7131309407942714,0.01126141264406185,0.7364636849865388,-1.082890652866347
0.00790936210843581,0.01126141264406185,0.7364636849865388,-1.082890652866347
0.07538404683764417,1.7598230110658666,0.4071480041365641,-1.082890652866347
1.020029633046561,0.3318558889717839,1.3950950466864886,-1.082890652866347
0.00790936210843581,0.01126141264406185,0.7364636849865388,-1.082890652866347
-0.2899611975445467,-0.19059749109491997,0.4896906940935932,-1.082890652866347
0.5477068399421027,0.1733368997894763,0.533933772547583,-1.082890652866347
0.4802321552128943,0.48386815896828056,0.4071480041365641,-1.082890652866347
0.7501308941297277,-0.05052745722411741,1.0657793658365138,-1.082890652866347
0.00790936210843581,0.01126141264406185,0.7364636849865388,-1.082890652866347
0.27780810102526926,1.5701808930932748,0.7364636849865388,-1.082890652866347
-0.501413384331479,-0.02852200394950551,0.819006374943568,-1.082890652866347
0.27780810102526926,1.7598230110658666,0.4071480041365641,-1.082890652866347
0.7232828060974018,1.5701808930932748,0.7364636849865388,-1.082890652866347
0.00790936210843581,-0.05052745722411741,1.0657793658365138,-1.082890652866347
1.1549790025049778,1.7598230110658666,0.4071480041365641,-1.082890652866347
-0.1459836954868228,-0.02852200394950551,0.819006374943568,-1.082890652866347
-0.1459836954868228,-0.02852200394950551,0.819006374943568,-1.082890652866347
0.7277968723970553,0.01126141264406185,0.7364636849865388,-1.082890652866347
0.6558081213681933,0.3318558889717839,1.3950950466864886,-1.082890652866347
0.00790936210843581,0.1733368997894763,1.0657793658365138,-1.082890652866347
0.2193615488953681,1.5701808930932748,0.7364636849865388,-1.082890652866347
1.2989565045627018,-0.13219840977669417,0.7364636849865388,-1.082890652866347
1.3980296533894851,0.3318558889717839,1.3950950466864886,-1.082890652866347
-0.2315146454146455,-0.19059749109491997,0.4896906940935932,-1.082890652866347
0.00790936210843581,-0.05052745722411741,1.0657793658365138,-1.082890652866347
0.15188686416615974,-0.05052745722411741,1.0657793658365138,-1.082890652866347
1.4923524261510197,0.1733368997894763,1.0657793658365138,-1.082890652866347
0.00790936210843581,0.3318558889717839,1.3950950466864886,-1.082890652866347
0.07538404683764417,1.7598230110658666,0.4071480041365641,-1.082890652866347
1.128130914472652,1.5701808930932748,0.7364636849865388,-1.082890652866347
0.00790936210843581,0.3318558889717839,1.3950950466864886,-1.082890652866347
1.2317181295990889,-0.08966803922542899,0.6130771895400662,-1.082890652866347
2.0863186995805294,-0.05052745722411741,1.0657793658365138,-1.082890652866347
0.00790936210843581,0.48386815896828056,0.4071480041365641,-1.082890652866347
-0.501413384331479,-0.08966803922542899,0.6130771895400662,-1.082890652866347
1.222453687234186,0.1733368997894763,1.0657793658365138,-1.082890652866347
1.6309284389708625,0.07240744791998548,0.9423928703900409,-1.082890652866347
1.4923524261510197,0.1733368997894763,1.0657793658365138,-1.082890652866347
0.07538404683764417,-0.8387045728631306,0.3663041986471205,-1.082890652866347
0.00790936210843581,-0.13219840977669417,0.7364636849865388,-1.082890652866347
0.15188686416615974,-0.13219840977669417,0.7364636849865388,-1.082890652866347
-0.501413384331479,0.3318558889717839,1.3950950466864886,-1.082890652866347
0.11488691083070347,0.38293870709878974,0.28376150869009137,-1.082890652866347
0.7501308941297277,-0.05052745722411741,1.0657793658365138,-1.082890652866347
0.384785649747537,0.07240744791998548,0.9423928703900409,-1.082890652866347
1.3664311892919099,0.1733368997894763,1.0657793658365138,-1.082890652866347
1.6309284389708625,0.07240744791998548,0.9423928703900409,-1.082890652866347
0.15188686416615974,0.38293870709878974,0.28376150869009137,-1.082890652866347
0.27780810102526926,-0.43498676538516684,0.4896906940935932,-1.082890652866347
0.2958643662238836,-0.13219840977669417,0.7364636849865388,-1.082890652866347
0.7501308941297277,0.01126141264406185,0.7364636849865388,-1.082890652866347
-0.35743588227375506,0.3318558889717839,1.3950950466864886,-1.082890652866347
-0.35743588227375506,-0.05052745722411741,1.0657793658365138,-1.082890652866347
0.2958643662238836,-0.13219840977669417,0.7364636849865388,-1.082890652866347
0.8480803102526883,-0.1435270685957304,-0.618243570938258,-1.082890652866347
0.00790936210843581,0.01126141264406185,0.7364636849865388,-1.082890652866347
-0.501413384331479,0.07240744791998548,0.9423928703900409,-1.082890652866347
0.36245162801486447,-0.1514569090936082,0.2871607816546373,-1.082890652866347
0.00790936210843581,-0.05052745722411741,1.0657793658365138,-1.082890652866347
0.00790936210843581,-0.05052745722411741,1.0657793658365138,-1.082890652866347
0.00790936210843581,-0.13219840977669417,0.7364636849865388,-1.082890652866347
0.00790936210843581,0.28200925522929876,0.16037501324361844,-1.082890652866347
0.15188686416615974,0.12999698523280215,1.1483220557935427,-1.082890652866347
-0.501413384331479,0.12999698523280215,1.02493556034707,-1.082890652866347
0.2193615488953681,1.7598230110658666,0.4071480041365641,-1.082890652866347
-0.35743588227375506,-0.19059749109491997,0.4896906940935932,-1.082890652866347
0.00790936210843581,0.01126141264406185,0.7364636849865388,-1.082890652866347
0.15188686416615974,0.3318558889717839,1.3950950466864886,-1.082890652866347
0.15188686416615974,0.48386815896828056,0.4071480041365641,-1.082890652866347
1.222453687234186,0.1733368997894763,1.0657793658365138,-1.082890652866347
0.00790936210843581,0.01126141264406185,0.7364636849865388,-1.082890652866347
0.7501308941297277,0.28200925522929876,0.16037501324361844,-1.082890652866347
0.00790936210843581,0.1733368997894763,1.0657793658365138,-1.082890652866347
0.2958643662238836,-0.19059749109491997,0.4896906940935932,-1.082890652866347
0.00790936210843581,-0.05052745722411741,1.0657793658365138,-1.082890652866347
1.4700184044183473,0.1733368997894763,1.0657793658365138,-1.082890652866347
1.020029633046561,-0.05052745722411741,1.0657793658365138,-1.082890652866347
0.00790936210843581,0.3318558889717839,1.3950950466864886,-1.082890652866347
-0.501413384331479,-0.2523863609630992,0.819006374943568,-1.082890652866347
0.2193615488953681,1.7598230110658666,0.4071480041365641,-1.082890652866347
1.8703524464939438,0.01126141264406185,0.7364636849865388,-1.082890652866347
0.00790936210843581,0.08015035149031698,0.0369885177971457,-1.082890652866347
1.281136549129683,-0.02852200394950551,0.819006374943568,-1.082890652866347
0.29135029992423006,-0.19059749109491997,0.4896906940935932,-1.082890652866347
0.34528278575447763,-0.19059749109491997,0.4896906940935932,-1.082890652866347
0.15188686416615974,0.48386815896828056,0.4071480041365641,-1.082890652866347
0.9437631254836413,-0.02852200394950551,0.819006374943568,-1.082890652866347
0.5477068399421027,0.48386815896828056,0.4071480041365641,-1.082890652866347
-0.35743588227375506,0.18107980335980797,0.0369885177971457,-1.082890652866347
-0.35743588227375506,0.3318558889717839,1.3950950466864886,-1.082890652866347
-0.501413384331479,-0.05052745722411741,1.0657793658365138,-1.082890652866347
1.020029633046561,0.3318558889717839,1.3950950466864886,-1.082890652866347
1.020029633046561,0.3318558889717839,1.3950950466864886,-1.082890652866347
0.07538404683764417,1.5701808930932748,0.7364636849865388,-1.082890652866347
0.6287237235702717,0.1733368997894763,1.0657793658365138,-1.082890652866347
0.4802321552128943,0.01126141264406185,0.7364636849865388,-1.082890652866347
0.00790936210843581,0.01126141264406185,0.7364636849865388,-1.082890652866347
0.9437631254836413,0.1733368997894763,1.0657793658365138,-1.082890652866347
0.07538404683764417,0.01126141264406185,0.7364636849865388,-1.082890652866347
0.00790936210843581,0.01126141264406185,0.7364636849865388,-1.082890652866347
0.5477068399421027,1.5701808930932748,0.7364636849865388,-1.082890652866347
0.7277968723970553,0.48386815896828056,0.4071480041365641,-1.082890652866347
0.7537575374911539,0.1733368997894763,1.0657793658365138,-1.082890652866347
0.27780810102526926,1.7598230110658666,0.4071480041365641,-1.082890652866347
-1.0107361307713936,0.4338661054918009,-0.6565431824412974,-1.082890652866347
0.9392490591839877,1.7598230110658666,0.4071480041365641,-1.082890652866347
-0.2854471312448931,-0.05052745722411741,1.0657793658365138,-1.082890652866347
1.2317181295990889,0.38293870709878974,0.28376150869009137,-1.082890652866347
0.3218250313179822,-0.05052745722411741,1.0657793658365138,-1.082890652866347
0.00790936210843581,-0.13219840977669417,0.7364636849865388,-1.082890652866347
0.00790936210843581,0.38293870709878974,0.28376150869009137,-1.082890652866347
0.00790936210843581,-0.05052745722411741,1.0657793658365138,-1.082890652866347
0.00790936210843581,-0.13219840977669417,0.7364636849865388,-1.082890652866347
0.21847412595714055,-0.02852200394950551,0.819006374943568,0.42570021012889675
-0.501413384331479,-0.05052745722411741,1.0657793658365138,-1.082890652866347
-0.2899611975445467,0.38293870709878974,0.28376150869009137,-1.082890652866347
0.07538404683764417,1.658893559196376,0.28376150869009137,-1.082890652866347
0.5477068399421027,0.01126141264406185,0.7364636849865388,-1.082890652866347
-0.501413384331479,0.3318558889717839,1.3950950466864886,-1.082890652866347
0.22387561519502167,-0.13219840977669417,0.7364636849865388,-1.082890652866347
0.14648537492827862,-0.05052745722411741,1.0657793658365138,-1.082890652866347
0.8311477777578968,-0.05052745722411741,1.0657793658365138,-1.082890652866347
-0.501413384331479,-0.05052745722411741,1.0657793658365138,-1.082890652866347
0.7277968723970553,-0.08966803922542899,0.6130771895400662,-1.082890652866347
-0.2854471312448931,-0.05052745722411741,1.0657793658365138,-1.082890652866347
1.020029633046561,0.3318558889717839,1.3950950466864886,-1.082890652866347
0.9437631254836413,0.38293870709878974,0.28376150869009137,-1.082890652866347
0.15188686416615974,-0.13219840977669417,0.7364636849865388,-1.082890652866347
0.14648537492827862,-0.05052745722411741,1.0657793658365138,-1.082890652866347
1.2630802839310686,0.07240744791998548,0.9423928703900409,-1.082890652866347
0.7277968723970553,0.38293870709878974,0.28376150869009137,-1.082890652866347
0.4344403790437265,0.3318558889717839,1.3950950466864886,-1.082890652866347
0.9437631254836413,0.01126141264406185,0.7364636849865388,-1.082890652866347
1.164007135104285,-0.05052745722411741,1.0657793658365138,-1.082890652866347
1.4790465370176544,-0.1514569090936082,0.9423928703900409,-1.082890652866347
0.15188686416615974,0.1733368997894763,1.0657793658365138,-1.082890652866347
0.07538404683764417,0.48386815896828056,0.4071480041365641,-1.082890652866347
0.7277968723970553,0.01126141264406185,0.7364636849865388,-1.082890652866347
0.29135029992423006,0.48386815896828056,0.4071480041365641,-1.082890652866347
0.4937743541118551,-0.13219840977669417,0.7364636849865388,-1.082890652866347
0.5477068399421027,0.48386815896828056,0.4071480041365641,-1.082890652866347
1.344097167559238,0.01126141264406185,0.7364636849865388,-1.082890652866347
0.7277968723970553,-0.05052745722411741,1.0657793658365138,-1.082890652866347
0.00790936210843581,-0.1514569090936082,0.9423928703900409,-1.082890652866347
1.164007135104285,0.1733368997894763,1.0657793658365138,-1.082890652866347
0.2193615488953681,0.48386815896828056,0.4071480041365641,-1.082890652866347
0.15188686416615974,-0.05052745722411741,1.0657793658365138,-1.082890652866347
0.27780810102526926,0.38293870709878974,0.28376150869009137,-1.082890652866347
0.00790936210843581,0.48386815896828056,0.4071480041365641,-1.082890652866347
0.8717743744547793,0.1733368997894763,1.0657793658365138,-1.082890652866347
0.00790936210843581,0.01126141264406185,0.7364636849865388,-1.082890652866347
1.344097167559238,0.48386815896828056,0.4071480041365641,-1.082890652866347
0.7277968723970553,-0.05052745722411741,1.0657793658365138,-1.082890652866347
0.9076505950864124,0.3318558889717839,1.3950950466864886,-1.082890652866347
0.7232828060974018,0.38293870709878974,-0.37147058004531225,-1.082890652866347
1.128130914472652,0.48386815896828056,0.4071480041365641,-1.082890652866347
0.00790936210843581,-0.05052745722411741,1.0657793658365138,-1.082890652866347
0.00790936210843581,-0.13219840977669417,0.7364636849865388,-1.082890652866347
0.15188686416615974,-0.05052745722411741,1.0657793658365138,-1.082890652866347
0.7591590267290349,-0.05052745722411741,1.0657793658365138,-1.082890652866347
0.15188686416615974,0.01126141264406185,0.7364636849865388,-1.082890652866347
0.2193615488953681,0.01126141264406185,0.7364636849865388,-1.082890652866347
0.7636730930286886,0.48386815896828056,0.4071480041365641,-1.082890652866347
1.344097167559238,0.01126141264406185,0.7364636849865388,-1.082890652866347
0.15188686416615974,-0.05052745722411741,1.0657793658365138,-1.082890652866347
0.7277968723970553,0.38293870709878974,0.28376150869009137,-1.082890652866347
0.15188686416615974,0.01126141264406185,0.7364636849865388,-1.082890652866347
0.7591590267290349,-0.05052745722411741,1.0657793658365138,-1.082890652866347
0.6242096572706183,0.01126141264406185,0.7364636849865388,-1.082890652866347
0.7591590267290349,0.3318558889717839,1.3950950466864886,-1.082890652866347
0.6242096572706183,0.01126141264406185,0.7364636849865388,-1.082890652866347
0.2193615488953681,0.01126141264406185,0.7364636849865388,-1.082890652866347
0.8311477777578968,-0.05052745722411741,1.0657793658365138,-1.082890652866347
0.7591590267290349,-0.05052745722411741,1.0657793658365138,-1.082890652866347
0.2193615488953681,0.01126141264406185,0.7364636849865388,-1.082890652866347
0.2193615488953681,0.01126141264406185,0.7364636849865388,-1.082890652866347
0.8311477777578968,-0.05052745722411741,1.0657793658365138,-1.082890652866347
0.00790936210843581,0.01126141264406185,0.7364636849865388,-1.082890652866347
0.15188686416615974,-0.05052745722411741,1.0657793658365138,-1.082890652866347
0.15188686416615974,-0.05052745722411741,1.0657793658365138,-1.082890652866347
0.6242096572706183,0.48386815896828056,0.4071480041365641,-1.082890652866347
0.15188686416615974,0.01126141264406185,0.7364636849865388,-1.082890652866347
0.5567349725414098,0.01126141264406185,0.7364636849865388,-1.082890652866347
0.22387561519502167,0.1733368997894763,1.0657793658365138,-1.082890652866347
0.9437631254836413,0.01126141264406185,0.7364636849865388,-1.082890652866347
0.8311477777578968,-0.05052745722411741,1.0657793658365138,-1.082890652866347
0.00790936210843581,0.1733368997894763,1.0657793658365138,-1.082890652866347
0.29135029992423006,-0.05052745722411741,1.0657793658365138,-1.082890652866347
0.6242096572706183,0.01126141264406185,0.7364636849865388,-1.082890652866347
1.5104086913496342,0.48386815896828056,0.4071480041365641,-1.082890652866347
0.46580253337570604,-0.33131035955797833,0.040387790761691585,-1.082890652866347
0.6151815246713109,-0.05052745722411741,1.0657793658365138,-1.082890652866347
0.6242096572706183,0.48386815896828056,0.4071480041365641,-1.082890652866347
0.8717743744547793,-0.1514569090936082,0.9423928703900409,-1.082890652866347
0.22387561519502167,-0.05052745722411741,1.0657793658365138,-1.082890652866347
1.222453687234186,-0.020779100379174048,0.16037501324361844,-1.082890652866347
0.6242096572706183,0.48386815896828056,0.4071480041365641,-1.082890652866347
0.07538404683764417,0.48386815896828056,0.4071480041365641,-1.082890652866347
0.9437631254836413,0.38293870709878974,0.28376150869009137,-1.082890652866347
2.0908327658801835,0.38293870709878974,0.28376150869009137,-1.082890652866347
0.00790936210843581,0.01126141264406185,0.7364636849865388,-1.082890652866347
0.6558081213681933,-0.05052745722411741,1.0657793658365138,-1.082890652866347
0.2193615488953681,0.01126141264406185,0.7364636849865388,-1.082890652866347
0.7591590267290349,0.3318558889717839,1.3950950466864886,-1.082890652866347
0.7232828060974018,0.48386815896828056,0.4071480041365641,-1.082890652866347
0.7232828060974018,0.48386815896828056,0.4071480041365641,-1.082890652866347
0.00790936210843581,0.01126141264406185,0.7364636849865388,-1.082890652866347
0.7232828060974018,0.48386815896828056,0.4071480041365641,-1.082890652866347
0.22387561519502167,-0.05052745722411741,1.0657793658365138,-1.082890652866347
1.0112378102128496,0.48386815896828056,0.4071480041365641,-1.082890652866347
0.6151815246713109,-0.05052745722411741,1.0657793658365138,-1.082890652866347
0.6558081213681933,0.3318558889717839,1.3950950466864886,-1.082890652866347
0.6961984082994802,0.01126141264406185,0.7364636849865388,-1.082890652866347
0.00790936210843581,0.01126141264406185,0.7364636849865388,-1.082890652866347
0.7277968723970553,0.3318558889717839,1.3950950466864886,-1.082890652866347
0.2193615488953681,0.48386815896828056,0.4071480041365641,-1.082890652866347
0.6287237235702717,0.1733368997894763,1.0657793658365138,-1.082890652866347
0.00790936210843581,0.3318558889717839,1.3950950466864886,-1.082890652866347
1.2989565045627018,0.28200925522929876,0.28376150869009137,-1.082890652866347
0.36785311725274555,-0.19059749109491997,0.6130771895400662,-1.082890652866347
0.7277968723970553,0.48386815896828056,0.4071480041365641,-1.082890652866347
0.7277968723970553,-0.05052745722411741,1.0657793658365138,-1.082890652866347
0.6242096572706183,0.01126141264406185,0.7364636849865388,-1.082890652866347
0.00790936210843581,-0.05052745722411741,1.0657793658365138,-1.082890652866347
1.9558833964217666,0.01126141264406185,0.7364636849865388,-1.082890652866347
0.00790936210843581,0.48386815896828056,0.4071480041365641,-1.082890652866347
0.6242096572706183,0.48386815896828056,0.4071480041365641,-1.082890652866347
0.7232828060974018,0.48386815896828056,0.4071480041365641,-1.082890652866347
0.22387561519502167,-0.05052745722411741,1.0657793658365138,-1.082890652866347
0.07538404683764417,0.48386815896828056,0.4071480041365641,-1.082890652866347
0.7277968723970553,0.48386815896828056,0.4071480041365641,-1.082890652866347
0.2193615488953681,0.48386815896828056,0.4071480041365641,-1.082890652866347
0.6242096572706183,0.01126141264406185,0.7364636849865388,-1.082890652866347
0.15188686416615974,0.01126141264406185,0.7364636849865388,-1.082890652866347
0.22387561519502167,-0.05052745722411741,1.0657793658365138,-1.082890652866347
0.9437631254836413,-0.13219840977669417,0.7364636849865388,-1.082890652866347
0.6242096572706183,0.01126141264406185,0.7364636849865388,-1.082890652866347
-0.2854471312448931,-0.05052745722411741,1.0657793658365138,-1.082890652866347
0.15188686416615974,0.01126141264406185,0.7364636849865388,-1.082890652866347
0.6961984082994802,0.01126141264406185,0.7364636849865388,1.9342910731241403
0.4217856030829932,0.08015035149031698,-0.08639797764932733,-1.082890652866347
0.15188686416615974,0.01126141264406185,0.7364636849865388,-1.082890652866347
0.2193615488953681,0.01126141264406185,0.7364636849865388,-1.082890652866347
0.2193615488953681,0.01126141264406185,0.7364636849865388,-1.082890652866347
-0.2854471312448931,0.01126141264406185,0.7364636849865388,-1.082890652866347
-0.2908486204827742,-0.05052745722411741,1.0657793658365138,-1.082890652866347
0.6242096572706183,0.01126141264406185,0.7364636849865388,-1.082890652866347
0.10585877823139629,0.1733368997894763,1.0657793658365138,-1.082890652866347
0.7952715571262637,0.01126141264406185,0.08123159625113548,-1.082890652866347
-0.2899611975445467,0.3318558889717839,1.3950950466864886,-1.082890652866347
0.7952715571262637,0.01126141264406185,0.08123159625113548,-1.082890652866347
0.7277968723970553,0.38293870709878974,-0.9033161733342431,-1.082890652866347
0.7952715571262637,0.01126141264406185,0.08123159625113548,-1.082890652866347
0.7952715571262637,0.01126141264406185,0.08123159625113548,-1.082890652866347
0.213960059657487,0.38293870709878974,-0.9033161733342431,-1.082890652866347
0.7277968723970553,0.08015035149031698,-0.494857075491785,-1.082890652866347
0.213960059657487,0.48386815896828056,0.4071480041365641,-1.082890652866347
-0.501413384331479,0.01126141264406185,0.7364636849865388,-1.082890652866347
0.7537575374911539,0.3318558889717839,1.3950950466864886,-1.082890652866347
0.7952715571262637,0.01126141264406185,0.08123159625113548,-1.082890652866347
-0.007407682666979924,-0.08966803922542899,0.6130771895400662,-1.082890652866347
0.2193615488953681,0.48386815896828056,0.4071480041365641,-1.082890652866347
-0.8046854332223426,0.1733368997894763,1.0657793658365138,-1.082890652866347
-0.36283737151163614,-0.05052745722411741,1.0657793658365138,-1.082890652866347
-0.17935700546085295,-0.05052745722411741,1.0657793658365138,-1.082890652866347
0.2588644128884274,0.01126141264406185,0.7364636849865388,-1.082890652866347
-0.007407682666979924,0.01126141264406185,0.7364636849865388,-1.082890652866347
-0.7408373918545603,0.23092643710229313,1.2717085512400157,-1.082890652866347
0.7232828060974018,0.48386815896828056,0.4071480041365641,-1.082890652866347
-1.3760813751535848,0.1733368997894763,1.0657793658365138,-1.082890652866347
-0.36283737151163614,-0.08966803922542899,0.6130771895400662,-1.082890652866347
0.7952715571262637,-0.08966803922542899,0.08123159625113548,-1.082890652866347
-0.8721601179515509,-0.05052745722411741,1.0657793658365138,-1.082890652866347
0.6242096572706183,0.01126141264406185,0.7364636849865388,-1.082890652866347
-0.14687111842505027,0.3318558889717839,1.3950950466864886,-1.082890652866347
-0.9432614460421854,0.38293870709878974,-0.24808408459883932,-1.082890652866347
-0.7992839439844616,0.48386815896828056,0.4071480041365641,-1.082890652866347
0.7718138026897683,1.7598230110658666,0.4071480041365641,-1.082890652866347
0.21847412595714055,0.3318558889717839,1.3950950466864886,-1.082890652866347
1.0676732067007002,0.1733368997894763,1.0657793658365138,-1.082890652866347
0.7718138026897683,1.7598230110658666,0.4071480041365641,-1.082890652866347
0.5612490388410635,1.658893559196376,0.4071480041365641,-1.082890652866347
0.6558081213681933,0.48386815896828056,0.4071480041365641,-1.082890652866347
0.4344403790437265,0.48386815896828056,0.4071480041365641,-1.082890652866347
0.36245162801486447,-0.19059749109491997,-0.04215489919533749,-1.082890652866347
-1.0107361307713936,1.7598230110658666,0.4071480041365641,-1.082890652866347
0.2193615488953681,1.7598230110658666,0.4071480041365641,-1.082890652866347
0.6242096572706183,0.01126141264406185,0.7364636849865388,-1.082890652866347
0.03838409350218789,0.01126141264406185,0.7364636849865388,-1.082890652866347
0.6998250516609064,1.7598230110658666,0.4071480041365641,-1.082890652866347
1.483560603317308,0.48386815896828056,0.4071480041365641,-1.082890652866347
0.4217856030829932,0.01126141264406185,0.7364636849865388,-1.082890652866347
0.4299263127440729,0.48386815896828056,0.4071480041365641,-1.082890652866347
-0.2899611975445467,0.48386815896828056,0.4071480041365641,-1.082890652866347
0.5019150637729348,0.48386815896828056,0.4071480041365641,-1.082890652866347
-0.35743588227375506,0.01126141264406185,0.7364636849865388,-1.082890652866347
-1.1826854535652667,1.658893559196376,-0.37147058004531225,-1.082890652866347
0.8717743744547793,-0.05052745722411741,1.0657793658365138,-1.082890652866347
-0.35743588227375506,0.48386815896828056,0.4071480041365641,-1.082890652866347
-1.0107361307713936,0.48386815896828056,-0.24808408459883932,-1.082890652866347
1.0112378102128496,0.01126141264406185,0.7364636849865388,-1.082890652866347
-1.3760813751535848,0.3318558889717839,1.3950950466864886,-1.082890652866347
0.22387561519502167,-0.05052745722411741,1.0657793658365138,-1.082890652866347
0.9067631721481849,1.7598230110658666,0.4071480041365641,-1.082890652866347
-0.2899611975445467,0.48386815896828056,0.4071480041365641,-1.082890652866347
-1.0387079515075428,-0.19059749109491997,0.6130771895400662,-1.082890652866347
-0.07939643369584193,0.48386815896828056,0.4071480041365641,-1.082890652866347
-0.1624244729660617,0.48386815896828056,-0.77992967788777,-1.082890652866347
0.15188686416615974,0.01126141264406185,0.7364636849865388,-1.082890652866347
-0.35743588227375506,-0.05052745722411741,1.0657793658365138,-1.082890652866347
-0.501413384331479,1.7598230110658666,0.4071480041365641,-1.082890652866347
0.7277968723970553,0.07240744791998548,0.9423928703900409,-1.082890652866347
0.15188686416615974,-0.05052745722411741,1.0657793658365138,-1.082890652866347
0.11488691083070347,0.01126141264406185,0.7364636849865388,-1.082890652866347
0.2859488106863489,0.01126141264406185,0.7364636849865388,-1.082890652866347
-0.2899611975445467,0.48386815896828056,0.4071480041365641,-1.082890652866347
-0.2899611975445467,0.48386815896828056,0.4071480041365641,-1.082890652866347
-0.43393869960227055,1.7598230110658666,-0.1246975891523666,-1.082890652866347
-0.2908486204827742,0.48386815896828056,-0.24808408459883932,-1.082890652866347
0.2193615488953681,0.3318558889717839,1.3950950466864886,-1.082890652866347
-0.2899611975445467,0.48386815896828056,0.4071480041365641,-1.082890652866347
-0.8046854332223426,0.3318558889717839,0.739862957951085,-1.082890652866347
0.36245162801486447,-0.05052745722411741,1.0657793658365138,-1.082890652866347
-0.2908486204827742,0.48386815896828056,0.4071480041365641,-1.082890652866347
-0.2899611975445467,0.48386815896828056,0.4071480041365641,-1.082890652866347
-0.2908486204827742,0.48386815896828056,-0.24808408459883932,-1.082890652866347
-0.1459836954868228,0.01126141264406185,0.7364636849865388,-1.082890652866347
0.213960059657487,0.3318558889717839,1.3950950466864886,-1.082890652866347
0.4299263127440729,0.48386815896828056,0.28376150869009137,-1.082890652866347
0.7277968723970553,0.1733368997894763,1.0657793658365138,-1.082890652866347
-0.2899611975445467,0.01126141264406185,0.7364636849865388,-1.082890652866347
-1.0107361307713936,0.48386815896828056,-0.24808408459883932,-1.082890652866347
-1.0107361307713936,0.48386815896828056,-0.24808408459883932,-1.082890652866347
0.8717743744547793,0.1733368997894763,1.0657793658365138,-1.082890652866347
0.8717743744547793,0.07240744791998548,0.9423928703900409,-1.082890652866347
-0.2899611975445467,0.48386815896828056,0.4071480041365641,-1.082890652866347
0.15188686416615974,0.38293870709878974,0.28376150869009137,-1.082890652866347
0.6558081213681933,0.48386815896828056,0.4071480041365641,-1.082890652866347
-0.14687111842505027,0.48386815896828056,-0.1246975891523666,-1.082890652866347
-0.2899611975445467,0.48386815896828056,0.4071480041365641,-1.082890652866347
-1.1152107688360584,1.7598230110658666,-0.1246975891523666,-1.082890652866347
0.6916843419998266,-0.08966803922542899,0.6130771895400662,-1.082890652866347
-0.2854471312448931,-0.2523863609630992,0.819006374943568,-1.082890652866347
-0.35743588227375506,-0.05052745722411741,1.0657793658365138,-1.082890652866347
0.8717743744547793,-0.05052745722411741,0.9423928703900409,-1.082890652866347
-0.2899611975445467,1.5701808930932748,0.7364636849865388,-1.082890652866347
0.21847412595714055,-0.05052745722411741,1.0657793658365138,-1.082890652866347
0.36245162801486447,0.23092643710229313,1.2717085512400157,-1.082890652866347
0.14648537492827862,0.3318558889717839,1.3950950466864886,-1.082890652866347
0.8717743744547793,-0.05052745722411741,0.9423928703900409,-1.082890652866347
-1.0107361307713936,0.48386815896828056,-0.1246975891523666,-1.082890652866347
-0.501413384331479,0.28200925522929876,0.16037501324361844,-1.082890652866347
0.6546843886643704,-0.05052745722411741,0.9423928703900409,-1.082890652866347
0.2193615488953681,-0.13219840977669417,0.7364636849865388,-1.082890652866347
0.4299263127440729,0.3318558889717839,1.2717085512400157,-1.082890652866347
0.8717743744547793,-0.05052745722411741,1.0657793658365138,-1.082890652866347
-0.2953626867824278,0.48386815896828056,-0.6565431824412974,-1.082890652866347
0.4344403790437265,-0.5359162172546578,0.4896906940935932,-1.082890652866347
-0.501413384331479,0.28200925522929876,0.16037501324361844,-1.082890652866347
0.21847412595714055,0.28200925522929876,0.16037501324361844,-1.082890652866347
0.04741222610149511,-0.33405731351567597,0.4896906940935932,-1.082890652866347
-0.8667586287136698,0.12999698523280215,0.6164764625046121,-1.082890652866347
-0.7408373918545603,0.48386815896828056,-0.24808408459883932,-1.082890652866347
-1.0107361307713936,0.48386815896828056,-0.24808408459883932,-1.082890652866347
1.235995886133147,-0.05052745722411741,1.0657793658365138,-1.082890652866347
0.00790936210843581,-0.05052745722411741,1.0657793658365138,-1.082890652866347
-0.7992839439844616,0.48386815896828056,-0.1246975891523666,-1.082890652866347
1.209147798100821,-0.19059749109491997,0.6130771895400662,-1.082890652866347
-1.0107361307713936,0.48386815896828056,-0.1246975891523666,-1.082890652866347
-0.35743588227375506,0.3318558889717839,1.2717085512400157,-1.082890652866347
-0.501413384331479,-0.2523863609630992,0.9423928703900409,-1.082890652866347
0.36245162801486447,0.3318558889717839,1.2717085512400157,-1.082890652866347
-0.501413384331479,-0.19059749109491997,0.4896906940935932,-1.082890652866347
0.21847412595714055,0.28200925522929876,0.16037501324361844,-1.082890652866347
-0.2899611975445467,0.28200925522929876,0.16037501324361844,-1.082890652866347
0.9606956579784326,0.3318558889717839,0.8632494533975578,-1.082890652866347
-0.7992839439844616,0.3318558889717839,0.8632494533975578,-1.082890652866347
-0.501413384331479,0.3318558889717839,0.8632494533975578,-1.082890652866347
-0.501413384331479,0.3318558889717839,0.8632494533975578,-1.082890652866347
-0.501413384331479,-0.05052745722411741,1.0657793658365138,-1.082890652866347
-0.501413384331479,0.12999698523280215,0.739862957951085,-1.082890652866347
0.36245162801486447,-0.5359162172546578,0.4896906940935932,-1.082890652866347
-0.2899611975445467,0.48386815896828056,-0.1246975891523666,-1.082890652866347
-0.6058880223961436,0.1733368997894763,1.0657793658365138,-1.082890652866347
-0.501413384331479,0.3318558889717839,0.8632494533975578,-1.082890652866347
-0.36283737151163614,-0.05052745722411741,1.0657793658365138,-1.082890652866347
-0.7992839439844616,0.3318558889717839,0.8632494533975578,-1.082890652866347
-0.21345838021603117,0.3318558889717839,0.8632494533975578,-1.082890652866347
-0.36283737151163614,-0.05052745722411741,1.0657793658365138,-1.082890652866347
0.789633758122787,-0.19059749109491997,0.6130771895400662,-1.082890652866347
-0.2315146454146455,-0.02852200394950551,0.9423928703900409,-1.082890652866347
-0.8667586287136698,-0.05052745722411741,1.0657793658365138,-1.082890652866347
-0.501413384331479,0.3318558889717839,0.8632494533975578,-1.082890652866347
0.4299263127440729,0.3318558889717839,0.8632494533975578,-1.082890652866347
0.9606956579784326,0.3318558889717839,0.8632494533975578,-1.082890652866347
0.6546843886643704,0.1733368997894763,1.0657793658365138,-1.082890652866347
-0.2899611975445467,0.48386815896828056,-0.1246975891523666,-1.082890652866347
-0.501413384331479,-0.05052745722411741,0.533933772547583,-1.082890652866347
-0.2899611975445467,0.48386815896828056,-0.1246975891523666,-1.082890652866347
-0.8667586287136698,-0.05052745722411741,1.0657793658365138,-1.082890652866347
-0.501413384331479,-0.05052745722411741,0.533933772547583,-1.082890652866347
-0.2899611975445467,0.48386815896828056,-0.1246975891523666,-1.082890652866347
0.7131309407942714,-0.05052745722411741,0.533933772547583,-1.082890652866347
-0.8667586287136698,-0.05052745722411741,1.0657793658365138,-1.082890652866347
0.213960059657487,0.48386815896828056,-0.1246975891523666,-1.082890652866347
-0.501413384331479,-0.05052745722411741,0.533933772547583,-1.082890652866347
-0.14687111842505027,0.3318558889717839,1.3950950466864886,-1.082890652866347
-0.35743588227375506,-0.05052745722411741,1.0657793658365138,-1.082890652866347
0.384785649747537,0.3318558889717839,1.3950950466864886,-1.082890652866347
0.36245162801486447,0.3318558889717839,0.8632494533975578,-1.082890652866347
-0.2899611975445467,0.01126141264406185,0.20461809169760822,-1.082890652866347
-0.35743588227375506,0.3318558889717839,1.3950950466864886,0.42570021012889675
0.4299263127440729,0.3318558889717839,0.8632494533975578,-1.082890652866347
0.834774421119323,-0.02852200394950551,0.9423928703900409,-1.082890652866347
0.00790936210843581,0.18107980335980797,0.16037501324361844,-1.082890652866347
-0.501413384331479,0.3318558889717839,0.8632494533975578,-1.082890652866347
0.4299263127440729,0.01126141264406185,0.20461809169760822,-1.082890652866347
0.15188686416615974,0.48386815896828056,0.4071480041365641,-1.082890652866347
1.164007135104285,0.01126141264406185,0.7364636849865388,-1.082890652866347
-0.14687111842505027,0.3318558889717839,0.8632494533975578,-1.082890652866347
0.4802321552128943,0.48386815896828056,0.4071480041365641,-1.082890652866347
0.36245162801486447,0.12999698523280215,1.2717085512400157,-1.082890652866347
-0.14687111842505027,0.3318558889717839,1.3950950466864886,-1.082890652866347
-0.02909059122702044,0.12999698523280215,1.2717085512400157,-1.082890652866347
0.36245162801486447,-0.05052745722411741,1.0657793658365138,-1.082890652866347
-0.22337393575356587,0.48386815896828056,-0.1246975891523666,-1.082890652866347
0.14648537492827862,0.28200925522929876,0.28376150869009137,-1.082890652866347
0.36245162801486447,-0.05052745722411741,0.533933772547583,-1.082890652866347
-0.14687111842505027,0.48386815896828056,-0.1246975891523666,-1.082890652866347
-0.501413384331479,0.48386815896828056,0.4071480041365641,-1.082890652866347
-0.35743588227375506,-0.05052745722411741,1.0657793658365138,-1.082890652866347
1.3745718989529898,0.3318558889717839,0.8632494533975578,-1.082890652866347
-0.2899611975445467,0.48386815896828056,-0.1246975891523666,-1.082890652866347
-0.2899611975445467,0.01126141264406185,0.20461809169760822,-1.082890652866347
0.213960059657487,0.3318558889717839,0.739862957951085,-1.082890652866347
-0.21797244651568473,0.48386815896828056,0.4071480041365641,-1.082890652866347
0.36245162801486447,0.3318558889717839,0.8632494533975578,-1.082890652866347
-0.2899611975445467,0.48386815896828056,-0.1246975891523666,-1.082890652866347
0.36245162801486447,0.1733368997894763,1.0657793658365138,-1.082890652866347
-0.2899611975445467,0.3318558889717839,1.3950950466864886,-1.082890652866347
0.9606956579784326,-0.05052745722411741,1.0657793658365138,-1.082890652866347
0.9606956579784326,-0.13219840977669417,0.20461809169760822,-1.082890652866347
0.36245162801486447,0.3318558889717839,0.8632494533975578,-1.082890652866347
0.14648537492827862,0.48386815896828056,0.4071480041365641,-1.082890652866347
0.36245162801486447,0.48386815896828056,-0.1246975891523666,-1.082890652866347
-0.35743588227375506,-0.23312786164618496,0.7364636849865388,-1.082890652866347
0.36245162801486447,0.3318558889717839,0.8632494533975578,-1.082890652866347
0.4299263127440729,0.3318558889717839,0.8632494533975578,-1.082890652866347
0.9606956579784326,-0.05052745722411741,1.0657793658365138,-1.082890652866347
0.9606956579784326,-0.05052745722411741,1.0657793658365138,-1.082890652866347
-0.02909059122702044,0.48386815896828056,0.4071480041365641,-1.082890652866347
0.11488691083070347,0.3318558889717839,1.3950950466864886,-1.082890652866347
0.36245162801486447,-0.05052745722411741,1.0657793658365138,-1.082890652866347
0.4299263127440729,0.01126141264406185,0.20461809169760822,-1.082890652866347
-0.2899611975445467,-0.13219840977669417,0.7364636849865388,-1.082890652866347
0.36245162801486447,0.3318558889717839,1.3950950466864886,-1.082890652866347
0.14648537492827862,0.01126141264406185,0.7364636849865388,-1.082890652866347
0.21847412595714055,0.48386815896828056,0.4071480041365641,-1.082890652866347
0.9606956579784326,-0.13219840977669417,0.7364636849865388,-1.082890652866347
0.12302762049178313,-0.19059749109491997,0.6130771895400662,-1.082890652866347
-0.7992839439844616,0.28200925522929876,0.28376150869009137,-1.082890652866347
0.4299263127440729,-0.05052745722411741,1.0657793658365138,-1.082890652866347
-0.2899611975445467,-0.13219840977669417,0.7364636849865388,-1.082890652866347
1.1046731600361566,-0.2523863609630992,0.9423928703900409,-1.082890652866347
-0.2899611975445467,0.48386815896828056,-0.1246975891523666,-1.082890652866347
0.36245162801486447,0.48386815896828056,0.4071480041365641,-1.082890652866347
0.4299263127440729,0.01126141264406185,0.20461809169760822,-1.082890652866347
-0.02909059122702044,0.48386815896828056,0.4071480041365641,-1.082890652866347
0.18236159555991183,0.01126141264406185,0.7364636849865388,-1.082890652866347
-0.501413384331479,0.3318558889717839,1.3950950466864886,-1.082890652866347
-0.501413384331479,-0.02852200394950551,0.9423928703900409,-1.082890652866347
-1.0107361307713936,0.28200925522929876,0.28376150869009137,-1.082890652866347
0.9606956579784326,-0.13219840977669417,0.7364636849865388,-1.082890652866347
-0.2899611975445467,0.3318558889717839,1.3950950466864886,-1.082890652866347
1.1046731600361566,0.15926128701274223,0.4071480041365641,-1.082890652866347
-0.35743588227375506,0.3318558889717839,1.3950950466864886,-1.082890652866347
-1.3086066904243763,0.48386815896828056,0.4071480041365641,-1.082890652866347
-0.501413384331479,0.1733368997894763,1.0657793658365138,-1.082890652866347
-0.2908486204827742,0.3318558889717839,1.3950950466864886,-1.082890652866347
0.9606956579784326,-0.05052745722411741,1.0657793658365138,-1.082890652866347
-0.5887191801357569,0.01126141264406185,0.7364636849865388,-1.082890652866347
-0.2899611975445467,0.3318558889717839,1.3950950466864886,-1.082890652866347
-0.2685145987501018,0.28200925522929876,0.28376150869009137,-1.082890652866347
-0.2908486204827742,0.3318558889717839,1.3950950466864886,-1.082890652866347
0.36245162801486447,-0.05052745722411741,1.0657793658365138,-1.082890652866347
-0.2854471312448931,-0.05052745722411741,1.0657793658365138,-1.082890652866347
-1.3086066904243763,0.01126141264406185,0.7364636849865388,-1.082890652866347
-1.3086066904243763,0.48386815896828056,0.4071480041365641,-1.082890652866347
-1.0107361307713936,0.48386815896828056,0.4071480041365641,-1.082890652866347
-0.7272951929555994,0.48386815896828056,0.4071480041365641,-1.082890652866347
-0.2899611975445467,0.3318558889717839,1.3950950466864886,-1.082890652866347
-0.501413384331479,-0.05052745722411741,1.0657793658365138,-1.082890652866347
-0.2908486204827742,0.3318558889717839,1.3950950466864886,-1.082890652866347
-0.2899611975445467,-0.13219840977669417,0.7364636849865388,-1.082890652866347
-0.2854471312448931,0.01126141264406185,0.7364636849865388,-1.082890652866347
-0.35743588227375506,-0.05052745722411741,1.0657793658365138,-1.082890652866347
0.4513729115385177,-0.05052745722411741,1.0657793658365138,-1.082890652866347
-0.7992839439844616,0.48386815896828056,0.4071480041365641,-1.082890652866347
-0.2854471312448931,-0.05052745722411741,1.0657793658365138,-1.082890652866347
0.4513729115385177,0.3318558889717839,1.3950950466864886,-1.082890652866347
-0.7992839439844616,0.01126141264406185,0.7364636849865388,-1.082890652866347
-0.14687111842505027,0.23092643710229313,0.739862957951085,-1.082890652866347
-0.7992839439844616,0.48386815896828056,0.4071480041365641,-1.082890652866347
-0.2899611975445467,-0.13219840977669417,0.7364636849865388,-1.082890652866347
-0.14687111842505027,0.38293870709878974,-0.24808408459883932,-1.082890652866347
-0.2908486204827742,0.38293870709878974,-0.24808408459883932,-1.082890652866347
-0.2953626867824278,0.01126141264406185,0.7364636849865388,-1.082890652866347
-0.2854471312448931,-0.05052745722411741,1.0657793658365138,-1.082890652866347
-0.2899611975445467,-0.13219840977669417,0.7364636849865388,-1.082890652866347
-0.35743588227375506,0.1733368997894763,1.0657793658365138,-1.082890652866347
-0.7992839439844616,0.48386815896828056,0.4071480041365641,-1.082890652866347
-0.4627979432766473,1.658893559196376,0.28376150869009137,-1.082890652866347
-0.7992839439844616,0.48386815896828056,0.4071480041365641,-1.082890652866347
-0.43393869960227055,-0.05052745722411741,1.0657793658365138,-1.082890652866347
-0.43393869960227055,-0.05052745722411741,1.0657793658365138,-1.082890652866347
-0.7992839439844616,0.48386815896828056,0.4071480041365641,-1.082890652866347
-0.7947698776848079,0.01126141264406185,0.7364636849865388,-1.082890652866347
-0.2953626867824278,0.01126141264406185,0.7364636849865388,-1.082890652866347
-0.7992839439844616,0.48386815896828056,0.4071480041365641,-1.082890652866347
0.5953504135962416,-0.08966803922542899,0.6130771895400662,-1.082890652866347
0.04112331392538637,1.4692514412237843,0.6130771895400662,-1.082890652866347
-0.2899611975445467,-0.13219840977669417,0.7364636849865388,-1.082890652866347
-0.2908486204827742,-0.08966803922542899,0.6130771895400662,-1.082890652866347
0.36245162801486447,0.3318558889717839,1.3950950466864886,-1.082890652866347
-0.722781126655946,0.38293870709878974,0.28376150869009137,-1.082890652866347
0.4827350658704974,0.3318558889717839,1.3950950466864886,-1.082890652866347
-1.3760813751535848,-0.08966803922542899,0.6130771895400662,-1.082890652866347
-0.7992839439844616,0.48386815896828056,0.4071480041365641,-1.082890652866347
-0.7992839439844616,0.48386815896828056,0.4071480041365641,-1.082890652866347
-1.0107361307713936,-0.05052745722411741,1.0657793658365138,-1.082890652866347
-0.7992839439844616,0.48386815896828056,0.4071480041365641,-1.082890652866347
-0.2899611975445467,0.3318558889717839,1.3950950466864886,-1.082890652866347
-0.7272951929555994,0.48386815896828056,0.4071480041365641,-1.082890652866347
-0.14687111842505027,-0.19059749109491997,0.6130771895400662,-1.082890652866347
-0.7992839439844616,0.01126141264406185,0.7364636849865388,-1.082890652866347
-0.35743588227375506,0.12999698523280215,1.1483220557935427,-1.082890652866347
-0.501413384331479,0.1733368997894763,1.0657793658365138,-1.082890652866347
0.36245162801486447,-0.05052745722411741,1.0657793658365138,-1.082890652866347
-0.35743588227375506,0.23092643710229313,0.6164764625046121,-1.082890652866347
-0.7992839439844616,0.48386815896828056,0.4071480041365641,-1.082890652866347
-0.2953626867824278,-0.13219840977669417,0.7364636849865388,-1.082890652866347
0.213960059657487,0.3318558889717839,1.3950950466864886,-1.082890652866347
-0.35743588227375506,-0.2523863609630992,0.819006374943568,-1.082890652866347
-0.36283737151163614,-0.454245264702081,-1.3041195512692845,-1.082890652866347
-0.7992839439844616,0.48386815896828056,0.4071480041365641,-1.082890652866347
-0.7992839439844616,0.48386815896828056,0.4071480041365641,-1.082890652866347
0.36245162801486447,0.23092643710229313,0.6164764625046121,-1.082890652866347
-1.3760813751535848,-0.19059749109491997,-1.3866622412263137,-1.082890652866347
-0.7992839439844616,0.48386815896828056,0.4071480041365641,-1.082890652866347
-0.35743588227375506,-0.1514569090936082,0.2871607816546373,-1.082890652866347
-0.7992839439844616,0.48386815896828056,0.4071480041365641,-1.082890652866347
-0.7992839439844616,0.48386815896828056,0.4071480041365641,-1.082890652866347
-0.21345838021603117,0.02906753336331132,-0.851417374972837,-1.082890652866347
-0.7992839439844616,0.48386815896828056,0.4071480041365641,-1.082890652866347
-1.3040926241247226,0.01126141264406185,-1.263275745779841,-1.082890652866347
-0.7947698776848079,0.01126141264406185,-1.263275745779841,-1.082890652866347
0.4513729115385177,-0.13219840977669417,-1.263275745779841,-1.082890652866347
-0.12453709669237788,-0.13219840977669417,-1.263275745779841,-1.082890652866347
-1.817929436864291,1.7598230110658666,-1.5925914266298156,-1.082890652866347
-0.35743588227375506,0.1733368997894763,1.0657793658365138,-1.082890652866347
-0.7992839439844616,0.48386815896828056,-1.5925914266298156,-1.082890652866347
-0.007407682666979924,0.01126141264406185,-1.263275745779841,-1.082890652866347
-0.2685145987501018,0.3318558889717839,-0.6046443840798913,-1.082890652866347
-0.5079386062731832,0.3318558889717839,-0.6046443840798913,-1.082890652866347
-0.7992839439844616,0.48386815896828056,0.4071480041365641,-1.082890652866347
-0.7992839439844616,0.48386815896828056,0.4071480041365641,-1.082890652866347
-0.7992839439844616,0.48386815896828056,0.4071480041365641,-1.082890652866347
-0.9037585820491261,-0.1514569090936082,-1.0573465603763388,-1.082890652866347
-0.7992839439844616,0.48386815896828056,0.4071480041365641,-1.082890652866347
-0.6553064419267376,0.12999698523280215,1.2717085512400157,-1.082890652866347
-0.7992839439844616,0.48386815896828056,0.4071480041365641,-1.082890652866347
-0.2199836021577354,-0.05052745722411741,-0.9339600649298662,-1.082890652866347
-0.35743588227375506,-0.05052745722411741,-0.9339600649298662,-1.082890652866347
-1.2321038730958607,0.48386815896828056,-1.5925914266298156,-1.082890652866347
-0.7992839439844616,0.01126141264406185,0.6130771895400662,-1.082890652866347
0.213960059657487,0.12999698523280215,-0.728030879526364,-1.082890652866347
0.4344403790437265,-0.05052745722411741,1.0657793658365138,-1.082890652866347
-0.7597810799914022,0.28200925522929876,-1.7159779220762885,-1.082890652866347
-1.0387079515075428,0.1733368997894763,-0.9339600649298662,-1.082890652866347
-0.8667586287136698,-0.05052745722411741,1.0657793658365138,-1.082890652866347
-0.8667586287136698,0.3318558889717839,1.2717085512400157,-1.082890652866347
-0.7992839439844616,0.48386815896828056,0.4071480041365641,-1.082890652866347
-1.0387079515075428,0.1733368997894763,-0.9339600649298662,-1.082890652866347
-1.5200588772113086,1.5701808930932748,-1.1356328033904972,-1.082890652866347
-1.2321038730958607,0.01126141264406185,-1.263275745779841,-1.082890652866347
-1.3040926241247226,0.01126141264406185,-1.263275745779841,-1.082890652866347
-0.2854471312448931,-0.05052745722411741,-0.9339600649298662,-1.082890652866347
-0.501413384331479,-0.05052745722411741,1.0657793658365138,-1.082890652866347
-0.8667586287136698,0.3318558889717839,-0.6046443840798913,-1.082890652866347
-0.7992839439844616,0.48386815896828056,0.4071480041365641,-1.082890652866347
-1.5200588772113086,1.5701808930932748,-1.263275745779841,-1.082890652866347
-0.7992839439844616,0.48386815896828056,0.4071480041365641,-1.082890652866347
-1.2321038730958607,0.01126141264406185,-1.263275745779841,-1.082890652866347
-0.722781126655946,-0.13219840977669417,-1.263275745779841,-1.082890652866347
0.384785649747537,-0.05052745722411741,-0.9339600649298662,-1.082890652866347
-1.5200588772113086,0.01126141264406185,-1.263275745779841,-1.082890652866347
-0.026587680569417422,0.48386815896828056,-1.5925914266298156,-1.082890652866347
-1.0107361307713936,0.3318558889717839,1.3950950466864886,-1.082890652866347
-0.7992839439844616,0.01126141264406185,0.7364636849865388,-1.082890652866347
-0.026587680569417422,0.01126141264406185,-1.263275745779841,-1.082890652866347
-0.8667586287136698,0.3318558889717839,1.3950950466864886,-1.082890652866347
-1.0107361307713936,-0.05052745722411741,1.0657793658365138,-1.082890652866347
-0.3944358356092113,0.48386815896828056,0.4071480041365641,-1.082890652866347
-0.7992839439844616,0.48386815896828056,0.4071480041365641,-1.082890652866347
-0.7992839439844616,0.48386815896828056,0.4071480041365641,-1.082890652866347
0.6673391646251036,0.02906753336331132,0.6164764625046121,-1.082890652866347
0.44685884523886416,-0.05052745722411741,1.0657793658365138,-1.082890652866347
0.66282509832545,-0.05052745722411741,1.0657793658365138,-1.082890652866347
0.7212716504553511,-0.05052745722411741,1.0657793658365138,-1.082890652866347
-0.14687111842505027,-0.05052745722411741,1.0657793658365138,-1.082890652866347
-0.722781126655946,0.01126141264406185,0.7364636849865388,-1.082890652866347
-0.7992839439844616,0.48386815896828056,0.4071480041365641,-1.082890652866347
-0.22337393575356587,-0.05052745722411741,1.0657793658365138,-1.082890652866347
-0.5293852050676281,1.5701808930932748,0.7364636849865388,-1.082890652866347
-0.7992839439844616,0.01126141264406185,0.7364636849865388,-1.082890652866347
-1.0107361307713936,0.3318558889717839,1.3950950466864886,-1.082890652866347
-0.7992839439844616,-0.13219840977669417,0.7364636849865388,-1.082890652866347
-0.2953626867824278,0.15926128701274223,0.4071480041365641,-1.082890652866347
-0.7992839439844616,0.48386815896828056,0.4071480041365641,-1.082890652866347
-0.14687111842505027,0.3318558889717839,1.3950950466864886,-1.082890652866347
0.2805473214484678,0.01126141264406185,0.7364636849865388,-1.082890652866347
-0.6058880223961436,0.1733368997894763,1.0657793658365138,-1.082890652866347
-0.5293852050676281,1.5701808930932748,0.7364636849865388,-1.082890652866347
-0.6553064419267376,0.01126141264406185,0.7364636849865388,-1.082890652866347
0.4737069332711901,0.48386815896828056,0.4071480041365641,-1.082890652866347
-1.0107361307713936,-0.05052745722411741,1.0657793658365138,-1.082890652866347
-0.22337393575356587,0.01126141264406185,0.7364636849865388,-1.082890652866347
-0.7992839439844616,0.48386815896828056,0.4071480041365641,-1.082890652866347
-1.0107361307713936,0.3318558889717839,1.3950950466864886,-1.082890652866347
-0.7992839439844616,-0.05052745722411741,1.0657793658365138,-1.082890652866347
0.518847596267726,-0.05052745722411741,1.0657793658365138,-1.082890652866347
-0.7992839439844616,0.48386815896828056,0.4071480041365641,-1.082890652866347
0.4513729115385177,-0.13219840977669417,0.7364636849865388,-1.082890652866347
-0.3944358356092113,0.01126141264406185,0.7364636849865388,-1.082890652866347
-0.7992839439844616,-0.05052745722411741,1.0657793658365138,-1.082890652866347
-0.7992839439844616,-0.13219840977669417,0.7364636849865388,-1.082890652866347
-0.7947698776848079,0.1733368997894763,1.0657793658365138,-1.082890652866347
-0.057062411963169545,0.3318558889717839,1.3950950466864886,-1.082890652866347
-0.8667586287136698,0.01126141264406185,0.7364636849865388,-1.082890652866347
0.4513729115385177,-0.05052745722411741,1.0657793658365138,-1.082890652866347
-0.07939643369584193,0.48386815896828056,0.4071480041365641,-1.082890652866347
-0.7992839439844616,0.3318558889717839,1.3950950466864886,-1.082890652866347
0.2805473214484678,0.48386815896828056,0.4071480041365641,-1.082890652866347
-0.8667586287136698,-0.05052745722411741,1.0657793658365138,-1.082890652866347
-0.8667586287136698,0.3318558889717839,1.3950950466864886,-1.082890652866347
-0.7992839439844616,0.48386815896828056,0.4071480041365641,-1.082890652866347
-0.6553064419267376,0.3318558889717839,1.3950950466864886,-1.082890652866347
-0.5293852050676281,-0.13219840977669417,0.7364636849865388,-1.082890652866347
-0.7992839439844616,-0.05052745722411741,1.0657793658365138,-1.082890652866347
-0.7992839439844616,-0.05052745722411741,1.0657793658365138,-1.082890652866347
-0.2953626867824278,0.15926128701274223,0.4071480041365641,-1.082890652866347
-0.8667586287136698,-0.05052745722411741,1.0657793658365138,-1.082890652866347
-0.3944358356092113,-0.13219840977669417,0.7364636849865388,-1.082890652866347
-0.7992839439844616,-0.05052745722411741,1.0657793658365138,-1.082890652866347
-0.722781126655946,-0.05052745722411741,1.0657793658365138,-1.082890652866347
-0.7947698776848079,0.1733368997894763,1.0657793658365138,-1.082890652866347
-0.2908486204827742,-0.05052745722411741,1.0657793658365138,-1.082890652866347
0.21307263671925947,0.01126141264406185,0.7364636849865388,-1.082890652866347
-1.0107361307713936,-0.13219840977669417,0.7364636849865388,-1.082890652866347
-0.2953626867824278,-0.13219840977669417,0.7364636849865388,-1.082890652866347
-0.722781126655946,-0.05052745722411741,1.0657793658365138,-1.082890652866347
-0.007407682666979924,0.01126141264406185,0.7364636849865388,-1.082890652866347
-0.8667586287136698,-0.05052745722411741,1.0657793658365138,-1.082890652866347
-0.052548345663515926,0.01126141264406185,0.7364636849865388,-1.082890652866347
-0.007407682666979924,0.15926128701274223,0.4071480041365641,-1.082890652866347
0.3793841605096558,-0.13219840977669417,0.7364636849865388,-1.082890652866347
-0.7992839439844616,-0.05052745722411741,1.0657793658365138,-1.082890652866347
-0.7947698776848079,-0.05052745722411741,1.0657793658365138,-1.082890652866347
-0.7992839439844616,-0.05052745722411741,1.0657793658365138,-1.082890652866347
-0.7992839439844616,0.1733368997894763,1.0657793658365138,-1.082890652866347
-0.2953626867824278,0.48386815896828056,0.4071480041365641,-1.082890652866347
-0.2953626867824278,0.48386815896828056,0.4071480041365641,-1.082890652866347
-0.7992839439844616,-0.13219840977669417,0.7364636849865388,-1.082890652866347
0.4513729115385177,0.3318558889717839,1.3950950466864886,-1.082890652866347
-0.3224470845803494,-0.19059749109491997,0.4896906940935932,-1.082890652866347
0.14648537492827862,0.05833183514325143,0.28376150869009137,-1.082890652866347
-0.7992839439844616,0.01126141264406185,0.7364636849865388,-1.082890652866347
-0.35743588227375506,-0.2915269429644108,0.4896906940935932,-1.082890652866347
-0.501413384331479,0.01126141264406185,0.7364636849865388,-1.082890652866347
0.21847412595714055,-0.19059749109491997,0.6130771895400662,-1.082890652866347
-0.800171366922689,0.1733368997894763,1.0657793658365138,-1.082890652866347
0.21847412595714055,-0.1514569090936082,0.9423928703900409,-1.082890652866347
-1.0107361307713936,-0.19059749109491997,0.4896906940935932,-1.082890652866347
-1.3086066904243763,0.01126141264406185,0.7364636849865388,-1.082890652866347
-0.7992839439844616,-0.13219840977669417,0.7364636849865388,-1.082890652866347
-0.7992839439844616,0.1733368997894763,1.0657793658365138,-1.082890652866347
-0.14687111842505027,-0.1514569090936082,0.9423928703900409,-1.082890652866347
-0.8667586287136698,0.12999698523280215,1.2717085512400157,-1.082890652866347
-0.8667586287136698,-0.05052745722411741,0.4105472771011103,-1.082890652866347
-0.6553064419267376,-0.08966803922542899,0.08123159625113548,-1.082890652866347
0.24443479105123908,0.23092643710229313,0.739862957951085,-1.082890652866347
0.4513729115385177,-0.13219840977669417,0.7364636849865388,-1.082890652866347
-0.8667586287136698,-0.1514569090936082,0.9423928703900409,-1.082890652866347
-0.2685145987501018,-0.33405731351567597,0.6130771895400662,-1.082890652866347
-0.020949881565940798,0.1733368997894763,1.0657793658365138,-1.082890652866347
-0.2908486204827742,-0.1514569090936082,0.4105472771011103,-1.082890652866347
-0.7992839439844616,0.18107980335980797,0.16037501324361844,-1.082890652866347
0.518847596267726,-0.05052745722411741,1.0657793658365138,-1.082890652866347
-0.14687111842505027,-0.1514569090936082,0.9423928703900409,-1.082890652866347
-0.07488236739618825,-0.2523863609630992,0.9423928703900409,-1.082890652866347
-0.3944358356092113,0.01126141264406185,0.7364636849865388,-1.082890652866347
0.25797698995019985,-0.2523863609630992,0.9423928703900409,-1.082890652866347
0.4513729115385177,-0.19059749109491997,0.6130771895400662,-1.082890652866347
-0.2908486204827742,-0.2523863609630992,0.9423928703900409,-1.082890652866347
-0.2685145987501018,-0.33405731351567597,0.6130771895400662,-1.082890652866347
-0.36283737151163614,-0.35331581283259,0.819006374943568,-1.082890652866347
-0.6553064419267376,-0.1514569090936082,0.4105472771011103,-1.082890652866347
0.4513729115385177,-0.33405731351567597,0.6130771895400662,-1.082890652866347
0.046524803163267535,-0.19059749109491997,0.6130771895400662,-1.082890652866347
-0.6553064419267376,-0.08966803922542899,0.08123159625113548,-1.082890652866347
-0.5833176908978756,-0.2523863609630992,0.9423928703900409,-1.082890652866347
-0.8667586287136698,-0.2523863609630992,0.9423928703900409,-1.082890652866347
-0.722781126655946,-0.2523863609630992,0.9423928703900409,-1.082890652866347
-0.7992839439844616,-0.1514569090936082,0.4105472771011103,-1.082890652866347
-0.7992839439844616,-0.23312786164618496,0.6130771895400662,-1.082890652866347
-0.7992839439844616,-0.33405731351567597,0.6130771895400662,-1.082890652866347
-0.8667586287136698,-0.19059749109491997,0.4896906940935932,-1.082890652866347
-0.7992839439844616,-0.1514569090936082,1.0657793658365138,-1.082890652866347
-0.7992839439844616,0.23092643710229313,0.739862957951085,-1.082890652866347
-0.2908486204827742,-0.1514569090936082,0.2871607816546373,-1.082890652866347
-0.2908486204827742,-0.2523863609630992,0.9423928703900409,-1.082890652866347
-0.5384133376669352,-0.19059749109491997,0.6130771895400662,-1.082890652866347
-0.6553064419267376,0.23092643710229313,1.2717085512400157,-1.082890652866347
-1.0107361307713936,-0.2523863609630992,0.9423928703900409,-1.082890652866347
-0.6974193946964785,0.01126141264406185,0.08123159625113548,-1.082890652866347
-0.35743588227375506,0.18107980335980797,-0.47783969870309856,-1.082890652866347
-0.06217541139745412,-0.19059749109491997,0.18760071490892172,-1.082890652866347
-0.06217541139745412,-0.19059749109491997,0.18760071490892172,-1.082890652866347
-0.9011484932724444,0.07240744791998548,0.18079166299685104,0.42570021012889675
-0.603277933619462,0.18107980335980797,-0.37147058004531225,-1.082890652866347
0.03968913789052871,-0.19059749109491997,0.29396983356670775,-1.082890652866347
-0.4936902961205125,0.01126141264406185,0.18760071490892172,-1.082890652866347
-0.06217541139745412,-0.19059749109491997,0.18760071490892172,-1.082890652866347
-0.8413968967542024,0.23389457091117086,0.7466720098631553,-1.082890652866347
-0.6974193946964785,0.01126141264406185,0.08123159625113548,-1.082890652866347
-0.020062458627713258,0.38293870709878974,-0.14171496594105307,-1.082890652866347
-0.4593004315617381,-0.22263800411815585,-0.6012261941495712,-1.082890652866347
-0.16534500507377797,-0.39245639483390177,-0.04215489919533749,-1.082890652866347
0.7475208053530462,0.28200925522929876,-0.37147058004531225,-1.082890652866347
0.6189894797172548,0.23092643710229313,0.8462320766088713,-1.082890652866347
0.6546843886643704,-0.02852200394950551,0.3935299003124235,0.42570021012889675
-0.603277933619462,0.28200925522929876,-0.37147058004531225,-1.082890652866347
-0.39182574683252974,-0.19059749109491997,0.18760071490892172,-1.082890652866347
0.3082828324190214,-0.02852200394950551,0.304178158443324,1.9342910731241403
-0.16403996068543716,-0.19059749109491997,0.18760071490892172,-1.082890652866347
-0.6630295301377039,-0.1294514558189963,0.2871607816546373,-1.082890652866347
-0.3995488350434959,0.28200925522929876,-0.3544532032566256,-1.082890652866347
-0.5358032488902537,-0.1294514558189963,0.2871607816546373,1.9342910731241403
-0.6376677981782365,0.1733368997894763,0.6232855144166826,-1.082890652866347
-0.16403996068543716,-0.19059749109491997,0.18760071490892172,-1.082890652866347
-0.2899611975445467,-0.08966803922542899,0.18760071490892172,-1.082890652866347
-0.33207415031428755,-0.2303809076884873,0.2871607816546373,-1.082890652866347
-0.603277933619462,0.18107980335980797,-0.3544532032566256,1.9342910731241403
-0.16403996068543716,-0.19059749109491997,0.18760071490892172,-1.082890652866347
-0.39182574683252974,0.23092643710229313,0.8462320766088713,1.9342910731241403
-0.43393869960227055,0.01126141264406185,0.29396983356670775,-1.082890652866347
-0.18809664825656366,0.28200925522929876,-0.24808408459883932,-1.082890652866347
-0.2899611975445467,0.18107980335980797,-0.37147058004531225,-1.082890652866347
-0.6376677981782365,-0.35331581283259,0.3935299003124235,-1.082890652866347
0.6546843886643704,-0.02852200394950551,0.3935299003124235,0.42570021012889675
-0.603277933619462,0.02906753336331132,0.5101073438468259,-1.082890652866347
-0.8070070321954278,0.02906753336331132,0.6164764625046121,-1.082890652866347
-0.39182574683252974,-0.19059749109491997,0.18760071490892172,-1.082890652866347
0.3082828324190214,-0.02852200394950551,0.304178158443324,1.9342910731241403
-0.6376677981782365,0.08015035149031698,-0.37147058004531225,-1.082890652866347
-0.5358032488902537,-0.02852200394950551,0.4105472771011103,-1.082890652866347
-0.43393869960227055,0.12999698523280215,0.739862957951085,-1.082890652866347
-0.603277933619462,0.12999698523280215,0.739862957951085,-1.082890652866347
-0.6376677981782365,-0.2915269429644108,-0.04215489919533749,-1.082890652866347
-0.43393869960227055,0.12999698523280215,0.739862957951085,-1.082890652866347
-0.2315146454146455,-0.49338584670339275,-0.1655413946418102,-1.082890652866347
-0.5358032488902537,-0.49338584670339275,-0.1655413946418102,-1.082890652866347
-0.43393869960227055,-0.19059749109491997,-0.025137522406650754,1.9342910731241403
-0.6376677981782365,-0.39245639483390177,-0.04215489919533749,-1.082890652866347
-0.501413384331479,0.12999698523280215,0.6334938392932988,-1.082890652866347
-0.43393869960227055,0.12999698523280215,0.739862957951085,-1.082890652866347
0.07277395806096261,1.356105203587903,-0.37147058004531225,-1.082890652866347
-0.603277933619462,-0.3746502741146525,0.26333435295388014,-1.082890652866347
0.24080814768981304,-0.2915269429644108,-0.14852401785312372,-1.082890652866347
1.2198435984575047,-0.39245639483390177,-0.04215489919533749,-1.082890652866347
0.7462157609647052,-0.49338584670339275,-0.1655413946418102,-1.082890652866347
-0.43393869960227055,-0.1294514558189963,0.18079166299685104,1.9342910731241403
-0.501413384331479,-0.19059749109491997,0.18760071490892172,-1.082890652866347
-0.43393869960227055,-0.19059749109491997,0.08123159625113548,-1.082890652866347
-0.33207415031428755,-0.19059749109491997,0.08123159625113548,-1.082890652866347
-0.501413384331479,0.18107980335980797,-0.37147058004531225,-1.082890652866347
-0.5358032488902537,0.12999698523280215,0.6164764625046121,1.9342910731241403
-0.43393869960227055,-0.2303809076884873,0.2871607816546373,-1.082890652866347
-0.2315146454146455,-0.19059749109491997,0.06421421946244875,-1.082890652866347
-0.6376677981782365,0.02906753336331132,0.6164764625046121,1.9342910731241403
0.10716382261973705,-0.2915269429644108,-0.04215489919533749,-1.082890652866347
-0.33337919470262856,-0.02852200394950551,0.5169163957588965,-1.082890652866347
-0.5358032488902537,-0.49338584670339275,-0.1655413946418102,-1.082890652866347
-0.3995488350434959,0.18107980335980797,-0.37147058004531225,-1.082890652866347
-0.43393869960227055,-0.19059749109491997,0.06421421946244875,-1.082890652866347
0.07277395806096261,-0.2915269429644108,-0.04215489919533749,-1.082890652866347
-0.5358032488902537,-0.454245264702081,0.27014340486595084,-1.082890652866347
-0.43393869960227055,0.02906753336331132,0.7228455811623983,-1.082890652866347
0.37706256153657053,-0.2523863609630992,0.4105472771011103,-1.082890652866347
0.5768765269475139,-0.2303809076884873,0.05740516755037833,-1.082890652866347
-0.2315146454146455,0.08015035149031698,-0.6012261941495712,-1.082890652866347
-0.603277933619462,-0.1294514558189963,0.2871607816546373,-1.082890652866347
-0.16403996068543716,-0.2915269429644108,0.06421421946244875,-1.082890652866347
-0.06217541139745412,-0.2915269429644108,-0.04215489919533749,-1.082890652866347
-0.501413384331479,-0.2523863609630992,0.3935299003124235,-1.082890652866347
-0.5358032488902537,-0.07186191850617966,0.4930899670581394,-1.082890652866347
-0.6376677981782365,-0.2303809076884873,0.05740516755037833,-1.082890652866347
-0.43393869960227055,0.28200925522929876,-0.26510146138752605,-1.082890652866347
-0.43393869960227055,-0.39245639483390177,-0.2719105132995964,-1.082890652866347
-0.5358032488902537,-0.33131035955797833,0.16377428620816456,-1.082890652866347
-0.16403996068543716,-0.2915269429644108,0.06421421946244875,-1.082890652866347
-0.12965009612666248,-0.39245639483390177,-0.1655413946418102,-1.082890652866347
-0.6376677981782365,-0.3746502741146525,0.26333435295388014,-1.082890652866347
-0.501413384331479,0.18107980335980797,-0.37147058004531225,-1.082890652866347
-0.2976842857555131,-0.19059749109491997,0.06421421946244875,-1.082890652866347
-0.501413384331479,0.12999698523280215,0.7228455811623983,-1.082890652866347
0.03968913789052871,-0.020779100379174048,-0.494857075491785,-1.082890652866347
-0.603277933619462,0.18107980335980797,-0.37147058004531225,-1.082890652866347
-0.02909059122702044,0.18107980335980797,-0.494857075491785,-1.082890652866347
-0.5358032488902537,-0.07186191850617966,0.5994590857159255,-1.082890652866347
-0.09656527595622881,-0.020779100379174048,-0.6012261941495712,-1.082890652866347
-0.6376677981782365,-0.07186191850617966,0.4930899670581394,-1.082890652866347
-0.3995488350434959,-0.39245639483390177,-0.04215489919533749,-1.082890652866347
-0.2976842857555131,-0.19059749109491997,0.18760071490892172,-1.082890652866347
-0.603277933619462,-0.39245639483390177,-0.2889278900882832,-1.082890652866347
-0.18809664825656366,-0.08966803922542899,0.29396983356670775,-1.082890652866347
-0.501413384331479,-0.2523863609630992,0.5169163957588965,-1.082890652866347
-0.603277933619462,-0.1294514558189963,0.16377428620816456,-1.082890652866347
0.7144359851826122,-0.08966803922542899,0.29396983356670775,-1.082890652866347
-0.501413384331479,0.08015035149031698,-0.494857075491785,-1.082890652866347
-0.603277933619462,-0.1294514558189963,0.27014340486595084,-1.082890652866347
0.03968913789052871,1.4692514412237843,0.29396983356670775,-1.082890652866347
-0.3995488350434959,0.18107980335980797,-0.26510146138752605,-1.082890652866347
0.7144359851826122,-0.2523863609630992,0.5169163957588965,-1.082890652866347
-0.603277933619462,-0.2915269429644108,-0.05917227598402396,-1.082890652866347
-0.1283450517383217,-0.08966803922542899,0.29396983356670775,-1.082890652866347
-0.43393869960227055,-0.39245639483390177,-0.1655413946418102,-1.082890652866347
-0.43393869960227055,-0.2303809076884873,0.040387790761691585,-1.082890652866347
-0.501413384331479,0.02906753336331132,0.4930899670581394,-1.082890652866347
-0.1283450517383217,0.28200925522929876,-0.15873234272974004,-1.082890652866347
-0.2976842857555131,-0.08966803922542899,0.29396983356670775,-1.082890652866347
0.342672696977796,0.23092643710229313,0.8462320766088713,-1.082890652866347
-0.027785546838679658,-0.08966803922542899,0.400338952224494,-1.082890652866347
-0.18809664825656366,-0.19059749109491997,0.29396983356670775,-1.082890652866347
-0.2976842857555131,0.38293870709878974,-0.0353458472832671,-1.082890652866347
-0.33207415031428755,-0.08966803922542899,0.400338952224494,-1.082890652866347
-0.2976842857555131,0.23092643710229313,0.9526011952666572,-1.082890652866347
-0.23020960102630472,-0.05052745722411741,0.6232855144166826,-1.082890652866347
-0.19842982524421185,0.07240744791998548,0.2871607816546373,-1.082890652866347
-0.1283450517383217,0.01126141264406185,0.5237254476709667,-1.082890652866347
0.1415536871785117,-0.08966803922542899,0.5237254476709667,-1.082890652866347
0.2434182364664946,1.5701808930932748,0.5237254476709667,-1.082890652866347
-0.1283450517383217,0.01126141264406185,0.29396983356670775,-1.082890652866347
-0.1283450517383217,0.01126141264406185,0.5237254476709667,-1.082890652866347
-0.09656527595622881,1.7598230110658666,-0.14171496594105307,-1.082890652866347
-0.5358032488902537,-0.05052745722411741,0.5169163957588965,-1.082890652866347
-0.19581973646753006,-0.08966803922542899,0.29396983356670775,-1.082890652866347
-0.23020960102630472,0.01126141264406185,0.18760071490892172,-1.082890652866347
0.14024864279017094,-0.7783680815926161,0.36970347161166645,-1.082890652866347
-0.09395518717954725,0.01126141264406185,0.5237254476709667,-1.082890652866347
0.4445372462657789,0.38293870709878974,-0.0353458472832671,-1.082890652866347
-0.1283450517383217,-0.05052745722411741,0.8530411285209415,-1.082890652866347
-0.1283450517383217,0.38293870709878974,-0.0353458472832671,-1.082890652866347
-0.5358032488902537,-0.1514569090936082,0.2871607816546373,-1.082890652866347
0.3430903184279093,0.38293870709878974,-0.37147058004531225,0.42570021012889675
-0.35743588227375506,0.01126141264406185,0.31098721035539445,0.42570021012889675
-0.5968598897968364,1.4692514412237843,-0.14852401785312372,0.42570021012889675
-0.1187179860043835,0.01126141264406185,0.08123159625113548,0.42570021012889675
-0.5968598897968364,1.4692514412237843,-0.14852401785312372,0.42570021012889675
0.013022361542720426,0.01126141264406185,0.20461809169760822,0.42570021012889675
-0.3995488350434959,0.01126141264406185,0.31098721035539445,0.42570021012889675
-0.5955548454084956,-0.49338584670339275,-0.2719105132995964,0.42570021012889675
-1.2067421411363932,-0.13219840977669417,-0.008120145617964036,0.42570021012889675
-0.15370678369778917,0.01126141264406185,0.41735632901318037,0.42570021012889675
-1.0107361307713936,-0.19059749109491997,0.18760071490892172,0.42570021012889675
-1.2067421411363932,-0.05052745722411741,0.3211955352320108,0.42570021012889675
-0.2111367812429458,0.01126141264406185,0.09824897303982195,0.42570021012889675
0.014327405931061446,1.5701808930932748,0.29396983356670775,0.42570021012889675
-0.2976842857555131,0.01126141264406185,0.41735632901318037,0.42570021012889675
-0.5190520280799801,0.18107980335980797,-0.47783969870309856,0.42570021012889675
-0.3346842390909694,0.38293870709878974,-0.24808408459883932,0.42570021012889675
-0.027785546838679658,1.7598230110658666,-0.0353458472832671,0.42570021012889675
-1.6219234264992914,0.1733368997894763,0.3211955352320108,0.42570021012889675
-1.3507196431941173,0.1733368997894763,0.42756465388979675,0.42570021012889675
-1.2144652293473597,0.01126141264406185,0.20461809169760822,0.42570021012889675
-0.3873116805328762,1.5701808930932748,0.18760071490892172,0.42570021012889675
0.4879552434238607,1.6307385642149697,0.41735632901318037,0.42570021012889675
0.3387575638127735,-0.49338584670339275,-0.04215489919533749,0.42570021012889675
-0.18809664825656366,0.01126141264406185,0.08123159625113548,0.42570021012889675
-0.1187179860043835,0.01126141264406185,0.08123159625113548,0.42570021012889675
-1.0704877272896358,0.01126141264406185,0.20461809169760822,0.42570021012889675
-0.052548345663515926,-0.2915269429644108,-0.14852401785312372,0.42570021012889675
-1.1469905446181512,-0.33131035955797833,0.16377428620816456,0.42570021012889675
-0.19070673703324545,0.48386815896828056,-0.24808408459883932,0.42570021012889675
0.050621248012807894,0.01126141264406185,0.18760071490892172,0.42570021012889675
0.34909074080042135,0.01126141264406185,0.18760071490892172,0.42570021012889675
0.07277395806096261,0.48386815896828056,0.08804064816320563,0.42570021012889675
-0.5358032488902537,-0.22263800411815585,-0.7246126895960443,0.42570021012889675
-1.2144652293473597,-0.1514569090936082,0.2871607816546373,0.42570021012889675
-0.2685145987501018,0.18107980335980797,-0.7246126895960443,0.42570021012889675
0.7868423576615875,0.48386815896828056,-0.24808408459883932,0.42570021012889675
-0.2899611975445467,0.07181908376575641,0.41735632901318037,0.42570021012889675
-0.7051424829074447,-0.08966803922542899,-0.04215489919533749,0.42570021012889675
-0.19070673703324545,-0.19059749109491997,-0.2719105132995964,0.42570021012889675
-0.06478550017413594,0.01126141264406185,0.18760071490892172,0.42570021012889675
-0.9432614460421854,0.01003021389757719,0.533933772547583,0.42570021012889675
1.331153901794908,0.1733368997894763,0.5169163957588965,0.42570021012889675
-0.6630295301377039,-0.2523863609630992,0.16377428620816456,0.42570021012889675
0.014327405931061446,1.6307385642149697,0.41735632901318037,0.42570021012889675
-0.603277933619462,0.18107980335980797,-0.618243570938258,0.42570021012889675
0.30697778803068054,0.01003021389757719,0.7466720098631553,0.42570021012889675
-0.16403996068543716,1.7598230110658666,-0.14171496594105307,0.42570021012889675
-0.8070070321954278,-0.08966803922542899,-0.04215489919533749,0.42570021012889675
-0.18898407119479113,-0.05052745722411741,0.2871607816546373,0.42570021012889675
0.21675146011868654,0.01126141264406185,0.41735632901318037,0.42570021012889675
-0.19581973646753006,0.23092643710229313,0.7228455811623983,0.42570021012889675
-0.2976842857555131,0.01126141264406185,0.29396983356670775,0.42570021012889675
0.8571084428519954,-0.08966803922542899,0.06421421946244875,0.42570021012889675
0.08691509009455435,-0.05052745722411741,0.4105472771011103,0.42570021012889675
-0.3995488350434959,0.5444258300899751,0.08804064816320563,0.42570021012889675
-0.2976842857555131,0.01126141264406185,0.17058333812023474,0.42570021012889675
-0.7395323474662195,0.39241356009347855,0.8632494533975578,1.9342910731241403
0.4445372462657789,0.39241356009347855,0.9696185720553441,1.9342910731241403
0.7131309407942714,0.01126141264406185,0.18760071490892172,0.42570021012889675
-0.7272951929555994,0.39241356009347855,0.8632494533975578,1.9342910731241403
-0.9984989762607738,0.1733368997894763,0.6403028912053692,1.9342910731241403
0.2859488106863489,0.07181908376575641,0.41735632901318037,0.42570021012889675
0.2887402111475485,0.07181908376575641,0.5237254476709667,0.42570021012889675
0.18408426139836587,-0.05052745722411741,0.7466720098631553,0.42570021012889675
-0.8070070321954278,-0.1514569090936082,0.4105472771011103,1.9342910731241403
-0.15910827293567031,0.38293870709878974,-0.37147058004531225,0.42570021012889675
0.6921019634499399,1.6307385642149697,0.5237254476709667,0.42570021012889675
0.11488691083070347,0.01126141264406185,0.41735632901318037,0.42570021012889675
0.2180565045070273,1.6307385642149697,0.6300945663287527,0.42570021012889675
-0.18809664825656366,0.09200497413965462,0.7041264635966366,0.42570021012889675
0.41768915823345293,0.01126141264406185,0.29396983356670775,0.42570021012889675
0.11619195521904425,1.6307385642149697,0.5977573449388505,0.42570021012889675
-0.267209554361761,-0.2523863609630992,0.05740516755037833,0.42570021012889675
-0.603277933619462,-0.1514569090936082,0.6232855144166826,0.42570021012889675
-0.2976842857555131,-0.08966803922542899,0.06421421946244875,0.42570021012889675
0.2180565045070273,1.5701808930932748,0.29396983356670775,0.42570021012889675
-0.255571332985772,0.07181908376575641,0.20461809169760822,0.42570021012889675
0.03968913789052871,1.5701808930932748,0.18760071490892172,0.42570021012889675
0.3203386752451236,0.07181908376575641,0.31098721035539445,0.42570021012889675
-0.255571332985772,0.07181908376575641,0.20461809169760822,0.42570021012889675
-0.16403996068543716,1.5701808930932748,0.18760071490892172,0.42570021012889675
0.5831132590856217,0.23092643710229313,0.5101073438468259,0.42570021012889675
0.04462082564029557,-0.2523863609630992,0.05740516755037833,0.42570021012889675
0.1166095766691575,-0.05052745722411741,0.6403028912053692,0.42570021012889675
0.8242599324471573,0.07181908376575641,0.20461809169760822,0.42570021012889675
-0.5384133376669352,-0.454245264702081,-0.18936782334256766,0.42570021012889675
-0.5955548454084956,-0.2523863609630992,0.16377428620816456,0.42570021012889675
-0.489176229820859,-0.08966803922542899,0.06421421946244875,0.42570021012889675
-0.0875371433569216,1.6307385642149697,0.41735632901318037,0.42570021012889675
-0.603277933619462,0.39241356009347855,0.8632494533975578,0.42570021012889675
0.11209551036950394,0.07181908376575641,0.41735632901318037,0.42570021012889675
0.08180209066026979,1.6307385642149697,0.41735632901318037,0.42570021012889675
-0.019644837177599978,0.01126141264406185,0.18760071490892172,0.42570021012889675
-0.8667586287136698,-0.1514569090936082,0.18079166299685104,0.42570021012889675
-1.0704877272896358,0.01003021389757719,0.533933772547583,0.42570021012889675
-0.5358032488902537,0.07181908376575641,0.20461809169760822,0.42570021012889675
-0.3346842390909694,0.48386815896828056,-0.018328470494580352,0.42570021012889675
0.6862828527619454,0.01126141264406185,0.31098721035539445,0.42570021012889675
0.5182486631330951,1.5701808930932748,0.41735632901318037,0.42570021012889675
-0.5611649808497209,-0.05052745722411741,0.6403028912053692,0.42570021012889675
-0.027785546838679658,1.6307385642149697,0.5237254476709667,0.42570021012889675
-1.2022280748367398,0.01003021389757719,0.42756465388979675,0.42570021012889675
0.14648537492827862,0.5444258300899751,0.08804064816320563,0.42570021012889675
0.07919200188358798,0.48386815896828056,-0.14171496594105307,0.42570021012889675
-0.603277933619462,-0.07164073865499958,0.41735632901318037,0.42570021012889675
0.3132145201687882,0.07181908376575641,0.31098721035539445,0.42570021012889675
0.06755378050759919,0.39241356009347855,0.8632494533975578,0.42570021012889675
0.48124870979763884,0.48386815896828056,-0.018328470494580352,0.42570021012889675
0.06755378050759919,0.3318558889717839,0.8632494533975578,0.42570021012889675
-1.4181943279233256,0.01003021389757719,0.533933772547583,0.42570021012889675
-0.5358032488902537,0.5444258300899751,0.08804064816320563,0.42570021012889675
-0.12965009612666248,0.5444258300899751,0.08804064816320563,0.42570021012889675
-0.2685145987501018,0.01126141264406185,0.31098721035539445,0.42570021012889675
-0.43393869960227055,0.48386815896828056,-0.018328470494580352,0.42570021012889675
0.03838409350218789,0.01126141264406185,0.18760071490892172,0.42570021012889675
-0.12965009612666248,1.6307385642149697,0.41735632901318037,0.42570021012889675
-1.1469905446181512,0.07181908376575641,0.20461809169760822,0.42570021012889675
-0.06478550017413594,0.48386815896828056,-0.018328470494580352,0.42570021012889675
-0.19842982524421185,1.820380682187561,-0.018328470494580352,0.42570021012889675
0.03707904911384715,0.5444258300899751,0.08804064816320563,0.42570021012889675
-1.0107361307713936,0.01003021389757719,0.533933772547583,0.42570021012889675
-0.603277933619462,0.01003021389757719,0.6403028912053692,0.42570021012889675
-1.0704877272896358,-0.05052745722411741,0.304178158443324,0.42570021012889675
-1.1469905446181512,0.07181908376575641,0.20461809169760822,0.42570021012889675
-1.3507196431941173,0.48386815896828056,-0.3544532032566256,0.42570021012889675
-0.21345838021603117,0.01003021389757719,0.6403028912053692,0.42570021012889675
0.014327405931061446,1.6307385642149697,0.41735632901318037,0.42570021012889675
-0.501413384331479,0.01003021389757719,0.6403028912053692,0.42570021012889675
-0.3995488350434959,0.07181908376575641,0.41735632901318037,0.42570021012889675
-0.3995488350434959,-0.07164073865499958,0.41735632901318037,0.42570021012889675
0.24834992421626167,0.01003021389757719,0.533933772547583,0.42570021012889675
-0.39182574683252974,-0.05052745722411741,0.533933772547583,0.42570021012889675
0.3203386752451236,0.07181908376575641,0.31098721035539445,0.42570021012889675
0.11209551036950394,0.07181908376575641,0.41735632901318037,0.42570021012889675
-0.21345838021603117,0.01003021389757719,0.6403028912053692,0.42570021012889675
-0.8667586287136698,0.01003021389757719,0.533933772547583,0.42570021012889675
-0.5358032488902537,0.5444258300899751,-0.018328470494580352,0.42570021012889675
-0.255571332985772,-0.07164073865499958,0.41735632901318037,0.42570021012889675
0.24834992421626167,0.5444258300899751,-0.018328470494580352,0.42570021012889675
-0.255571332985772,-0.07164073865499958,0.41735632901318037,0.42570021012889675
-0.501413384331479,0.12999698523280215,0.8462320766088713,0.42570021012889675
-0.3995488350434959,0.3318558889717839,1.07598769071313,0.42570021012889675
0.24211319207815377,0.01126141264406185,0.31098721035539445,0.42570021012889675
0.5768765269475139,0.39241356009347855,0.9696185720553441,0.42570021012889675
-0.501413384331479,-0.07164073865499958,0.31098721035539445,0.42570021012889675
0.6125714358946295,-0.13219840977669417,0.41735632901318037,0.42570021012889675
0.2180565045070273,1.6307385642149697,0.5237254476709667,0.42570021012889675
0.488372864873974,-0.13219840977669417,0.41735632901318037,0.42570021012889675
0.11619195521904425,1.6307385642149697,0.5237254476709667,0.42570021012889675
0.11209551036950394,0.5444258300899751,-0.018328470494580352,0.42570021012889675
0.24211319207815377,0.01126141264406185,0.31098721035539445,0.42570021012889675
0.8149954900822545,-0.05052745722411741,0.6403028912053692,0.42570021012889675
-0.3995488350434959,-0.05052745722411741,0.6403028912053692,0.42570021012889675
-0.501413384331479,0.48386815896828056,-0.1246975891523666,0.42570021012889675
0.8480803102526883,-0.08966803922542899,0.18760071490892172,0.42570021012889675
0.03968913789052871,1.820380682187561,-0.018328470494580352,0.42570021012889675
0.488372864873974,-0.13219840977669417,0.41735632901318037,0.42570021012889675
-0.43393869960227055,0.5444258300899751,-0.018328470494580352,0.42570021012889675
0.5768765269475139,0.39241356009347855,0.9696185720553441,0.42570021012889675
-0.7051424829074447,-0.2523863609630992,0.5169163957588965,0.42570021012889675
-0.2899611975445467,0.01003021389757719,0.6403028912053692,0.42570021012889675
-0.13095514051500348,0.38293870709878974,-0.14171496594105307,0.42570021012889675
-0.2976842857555131,0.48386815896828056,0.08804064816320563,0.42570021012889675
-0.603277933619462,0.01003021389757719,0.6403028912053692,0.42570021012889675
-0.33207415031428755,0.5444258300899751,0.08804064816320563,0.42570021012889675
-0.33207415031428755,0.01126141264406185,0.41735632901318037,0.42570021012889675
-0.6630295301377039,0.5444258300899751,-0.1246975891523666,1.9342910731241403
-0.5358032488902537,0.48386815896828056,-0.018328470494580352,1.9342910731241403
-0.501413384331479,0.39241356009347855,0.9696185720553441,0.42570021012889675
-0.15370678369778917,0.39241356009347855,1.07598769071313,0.42570021012889675
0.13894359840183,0.01003021389757719,0.6403028912053692,0.42570021012889675
-0.255571332985772,-0.07164073865499958,0.41735632901318037,0.42570021012889675
-0.3995488350434959,0.07181908376575641,0.41735632901318037,0.42570021012889675
0.8480803102526883,0.01126141264406185,0.31098721035539445,0.42570021012889675
0.4088423373186634,0.01003021389757719,0.6403028912053692,0.42570021012889675
0.4088423373186634,0.01003021389757719,0.7466720098631553,0.42570021012889675
0.6248085904052493,0.01003021389757719,0.6403028912053692,0.42570021012889675
1.2785264603530015,0.07181908376575641,0.41735632901318037,0.42570021012889675
-0.501413384331479,0.01003021389757719,0.7466720098631553,0.42570021012889675
0.4445372462657789,0.39241356009347855,1.07598769071313,0.42570021012889675
-0.603277933619462,0.01003021389757719,0.6403028912053692,1.9342910731241403
-0.255571332985772,0.39241356009347855,0.9696185720553441,0.42570021012889675
0.013022361542720426,-0.05052745722411741,0.6403028912053692,0.42570021012889675
-0.4593004315617381,0.01003021389757719,0.6403028912053692,0.42570021012889675
-0.501413384331479,0.5444258300899751,-0.018328470494580352,0.42570021012889675
-0.591040779108842,-0.2523863609630992,0.5169163957588965,0.42570021012889675
0.6082936793605714,0.5444258300899751,-0.018328470494580352,0.42570021012889675
0.9484585034678125,0.39241356009347855,1.07598769071313,0.42570021012889675
-0.4638144978613917,0.5444258300899751,-0.018328470494580352,0.42570021012889675
0.032383671129675794,0.07181908376575641,0.41735632901318037,0.42570021012889675
-0.4638144978613917,0.5444258300899751,-0.018328470494580352,0.42570021012889675
0.3398812965165965,0.19055465635449673,1.0019557934452463,0.42570021012889675
-0.3619499485734086,0.07181908376575641,0.49138822628106427,0.42570021012889675
0.6125714358946295,0.01003021389757719,0.6403028912053692,0.42570021012889675
0.35211845102721645,1.5096232219715804,0.41735632901318037,0.42570021012889675
-0.4593004315617381,0.48386815896828056,-0.09236036776246388,0.42570021012889675
0.41768915823345293,0.01126141264406185,0.41735632901318037,0.42570021012889675
-0.4593004315617381,-0.04929625847763256,0.41735632901318037,0.42570021012889675
0.7971755346492357,1.7598230110658666,0.08804064816320563,0.42570021012889675
0.5064291300725884,-0.08966803922542899,0.34332443174529687,0.42570021012889675
-1.0107361307713936,-0.05052745722411741,0.42756465388979675,0.42570021012889675
0.9589729921399784,1.5701808930932748,0.41735632901318037,0.42570021012889675
-0.35743588227375506,-0.04929625847763256,0.34332443174529687,0.42570021012889675
-0.9101766258717516,-0.11108512834581181,0.4105472771011103,0.42570021012889675
-0.2536673554628002,1.4692514412237843,0.23695531308751092,0.42570021012889675
-0.5312891825906001,0.28200925522929876,-0.19106956411964227,0.42570021012889675
0.49419197556196837,0.48386815896828056,0.08804064816320563,0.42570021012889675
-0.18898407119479113,-0.08966803922542899,0.23695531308751092,0.42570021012889675
-0.3873116805328762,-0.2734996423939814,0.08123159625113548,0.42570021012889675
-0.35874092666209584,-0.05052745722411741,0.7466720098631553,0.42570021012889675
0.013022361542720426,0.38293870709878974,-0.09236036776246388,0.42570021012889675
-0.1459836954868228,-0.19182868984140464,0.3935299003124235,0.42570021012889675
0.11619195521904425,1.7598230110658666,0.07783022208999386,0.42570021012889675
-0.4593004315617381,0.38293870709878974,-0.18426261340416758,0.42570021012889675
-0.6045829780078028,-0.2523863609630992,0.36119267892252105,0.42570021012889675
0.1887796393825374,-0.1514569090936082,0.36119267892252105,0.42570021012889675
-0.6376677981782365,-0.19059749109491997,0.09569846926721803,0.42570021012889675
0.21283632695366395,-0.19182868984140464,0.2871607816546373,0.42570021012889675
0.26831016693784787,0.23092643710229313,0.7543298309671677,0.42570021012889675
-0.42942463330261704,0.28200925522929876,-0.19106956411964227,0.42570021012889675
0.7632032915405743,-0.1514569090936082,0.42501415011719273,0.42570021012889675
-0.3677690592614031,1.5096232219715804,0.18760071490892172,0.42570021012889675
0.314700876241647,0.42331048784658615,-0.24808408459883932,0.42570021012889675
-0.18940169264490467,1.4692514412237843,0.2795029605506252,0.42570021012889675
0.013022361542720426,-0.04929625847763256,0.18760071490892172,0.42570021012889675
0.21283632695366395,0.48386815896828056,-0.47783969870309856,-1.082890652866347
-0.2854471312448931,-0.04929625847763256,0.13824611673033252,0.42570021012889675
0.7393279156539657,0.38293870709878974,-0.4038078014352147,-1.082890652866347
-0.4593004315617381,-0.05052745722411741,0.47436874829578196,0.42570021012889675
-0.21345838021603117,-0.13003981997322536,0.10676186692556301,0.42570021012889675
-0.3873116805328762,-0.05052745722411741,0.47436874829578196,0.42570021012889675
-0.08171803266892723,-0.13003981997322536,0.34332443174529687,0.42570021012889675
-0.08171803266892723,-0.13003981997322536,0.34332443174529687,0.42570021012889675
-0.18358258195691005,-0.08966803922542899,0.40714590293996866,0.42570021012889675
0.24080814768981304,-0.08966803922542899,-0.04215489919533749,0.42570021012889675
0.21847412595714055,0.23092643710229313,0.6164764625046121,0.42570021012889675
-0.22569553472665113,-0.04929625847763256,0.1807937641934468,0.42570021012889675
0.7101582286485543,-0.04929625847763256,0.13824611673033252,0.42570021012889675
-0.18809664825656366,-0.04929625847763256,0.23014836237203598,0.42570021012889675
-0.12192700791569629,1.4692514412237843,0.34332443174529687,0.42570021012889675
1.13775798020659,-0.11108512834581181,0.2871607816546373,0.42570021012889675
-0.06478550017413594,-0.2523863609630992,0.36119267892252105,-1.082890652866347
-0.16403996068543716,0.3425669263509934,-0.38168100611852435,0.42570021012889675
0.5184299748176129,-0.1514569090936082,0.22333931045996555,-1.082890652866347
-0.5358032488902537,-0.2523863609630992,0.36119267892252105,-1.082890652866347
0.04420320419018231,0.48386815896828056,-0.14171496594105307,0.42570021012889675
-0.4638144978613917,0.3425669263509934,-0.5586785466864568,0.42570021012889675
0.6546843886643704,0.23092643710229313,0.7543298309671677,0.42570021012889675
0.07919200188358798,-0.19182868984140464,0.18079166299685104,-1.082890652866347
-0.15370678369778917,0.07181908376575641,0.40714590293996866,0.42570021012889675
-0.43393869960227055,-0.08966803922542899,0.02166657199933426,-1.082890652866347
0.4720392655138137,-0.13003981997322536,-0.11618679646322129,0.42570021012889675
-0.26008539928542557,0.42331048784658615,-0.19106956411964227,0.42570021012889675
0.007203250854726025,0.19055465635449673,0.5101073438468259,-1.082890652866347
0.39553644818529815,-0.19182868984140464,0.2131288843867535,-1.082890652866347
0.9920578123104122,0.23092643710229313,0.7543298309671677,0.42570021012889675
1.4405602276093399,0.3425669263509934,-0.3076491088506405,0.42570021012889675
0.9112772384478386,0.3425669263509934,-0.4455024773131961,0.42570021012889675
-0.18488762634525105,-0.1514569090936082,0.350982252849309,0.42570021012889675
-0.19712478085587085,0.12999698523280215,0.6488136838945145,0.42570021012889675
-0.2976842857555131,-0.13003981997322536,0.06421421946244875,-1.082890652866347
-0.5027184287198198,-0.2523863609630992,0.2131288843867535,-1.082890652866347
0.35039578518876224,-0.1514569090936082,0.42501415011719273,-1.082890652866347
0.2904628769860025,-0.23312786164618496,0.06421421946244875,0.42570021012889675
0.5573339056760409,-0.19182868984140464,0.16377428620816456,-1.082890652866347
-0.06948087815830727,0.38293870709878974,-0.38168100611852435,-1.082890652866347
0.6637125212636775,-0.1514569090936082,0.3935299003124235,-1.082890652866347
0.03707904911384715,-0.1514569090936082,0.16377428620816456,-1.082890652866347
-0.2645994655850792,-0.19182868984140464,0.3935299003124235,0.42570021012889675
0.5960565248499514,-0.1217085522486648,-0.0353458472832671,0.42570021012889675
0.6202945241055957,-0.1514569090936082,0.16377428620816456,-1.082890652866347
-0.020062458627713258,1.4288796604759877,0.06421421946244875,0.42570021012889675
-0.18358258195691005,-0.23312786164618496,0.06421421946244875,0.42570021012889675
0.4567744007763989,-0.05052745722411741,0.5739309162380932,-1.082890652866347
-0.501413384331479,-0.13003981997322536,0.06421421946244875,0.42570021012889675
0.7971755346492357,0.3425669263509934,-0.26510146138752605,0.42570021012889675
-0.3873116805328762,-0.33405731351567597,-0.1655413946418102,0.42570021012889675
-0.3619499485734086,0.38293870709878974,-0.26510146138752605,-1.082890652866347
-0.256876377374113,-0.1514569090936082,0.42501415011719273,-1.082890652866347
0.5064291300725884,-0.1514569090936082,0.350982252849309,0.42570021012889675
-0.15822084999744276,0.28200925522929876,-0.3391333586554099,0.42570021012889675
0.7883287137344462,-0.1514569090936082,0.14930741319208177,-1.082890652866347
1.484159536451939,-0.2523863609630992,0.16377428620816456,0.42570021012889675
0.01563245031940221,-0.13003981997322536,0.10676186692556301,0.42570021012889675
0.30358745443485,0.3425669263509934,-0.3391333586554099,0.42570021012889675
0.2936718988973153,-0.1514569090936082,0.2131288843867535,-1.082890652866347
0.5483057730767338,0.19055465635449673,0.6164764625046121,-1.082890652866347
0.8525943765523419,0.2712982178500895,0.6802979336992839,0.42570021012889675
0.23480772531730087,0.06943931411110753,0.5569114382528111,0.42570021012889675
0.20623697144652056,0.28200925522929876,-0.4455024773131961,-1.082890652866347
-0.1128988753163891,-0.2523863609630992,0.16377428620816456,-1.082890652866347
-0.06948087815830727,-0.2734996423939814,-0.05236532526854954,0.42570021012889675
-0.1128988753163891,-0.2523863609630992,0.27014340486595084,-1.082890652866347
1.0101140775090265,-0.19059749109491997,-0.1655413946418102,0.42570021012889675
0.8990400839372185,0.38293870709878974,-0.26510146138752605,0.42570021012889675
1.142090734821726,0.3425669263509934,-0.3884879568339988,0.42570021012889675
-0.18488762634525105,-0.2523863609630992,0.16377428620816456,-1.082890652866347
0.9456671030066133,1.4692514412237843,0.10676186692556301,0.42570021012889675
-0.5027184287198198,-0.19182868984140464,0.2131288843867535,-1.082890652866347
-0.2854471312448931,-0.2734996423939814,0.02166657199933426,0.42570021012889675
0.3167741205499044,1.5096232219715804,0.2446152353881185,0.42570021012889675
0.40325953639626455,-0.3129440320847938,0.008050569371789143,-1.082890652866347
0.6202945241055957,-0.19182868984140464,0.2131288843867535,-1.082890652866347
0.6727406538629848,-0.19182868984140464,0.31949800304453974,0.42570021012889675
0.3771246502027776,-0.1514569090936082,0.2871607816546373,0.42570021012889675
0.4464412237887509,-0.33405731351567597,-0.2719105132995964,-1.082890652866347
-0.6045829780078028,-0.3129440320847938,0.05059821683490364,0.42570021012889675
-0.5027184287198198,-0.19182868984140464,0.09995281501349283,-1.082890652866347
0.8990400839372185,0.48386815896828056,-0.2974386827774285,-1.082890652866347
0.6082936793605714,-0.19275608089838858,0.1807937641934468,0.42570021012889675
-0.4638144978613917,0.42331048784658615,-0.23361721158275675,0.42570021012889675
0.5107068866066464,-0.19182868984140464,0.350982252849309,0.42570021012889675
-0.35874092666209584,-0.1514569090936082,0.14930741319208177,-1.082890652866347
0.7088531842602136,-0.23312786164618496,-0.04215489919533749,-1.082890652866347
0.2180565045070273,1.4692514412237843,0.2446152353881185,0.42570021012889675
-0.18809664825656366,-0.04929625847763256,0.23014836237203598,0.42570021012889675
0.5064291300725884,-0.13003981997322536,0.02166657199933426,0.42570021012889675
0.18366663994825264,1.4692514412237843,0.2446152353881185,0.42570021012889675
-0.1459836954868228,-0.2915269429644108,0.06421421946244875,0.42570021012889675
-0.0920512096565752,0.28200925522929876,-0.19106956411964227,0.42570021012889675
0.13894359840183,0.032035667172189086,0.2871607816546373,0.42570021012889675
-0.2867521756332339,-0.11108512834581181,0.4105472771011103,0.42570021012889675
-0.26008539928542557,-0.19059749109491997,-0.05236532526854954,0.42570021012889675
0.4165654255296298,-0.2523863609630992,0.05740516755037833,-1.082890652866347
0.7210903387708334,-0.19182868984140464,0.2871607816546373,0.42570021012889675
-0.4606054759500789,-0.1514569090936082,0.18079166299685104,-1.082890652866347
-0.35874092666209584,-0.2734996423939814,-0.18000826765789305,0.42570021012889675
0.11488691083070347,-0.19059749109491997,0.02166657199933426,0.42570021012889675
0.40325953639626455,-0.1514569090936082,0.36119267892252105,0.42570021012889675
0.10306737777019674,0.19055465635449673,0.6164764625046121,0.42570021012889675
-0.42942463330261704,0.3425669263509934,-0.3076491088506405,0.42570021012889675
-0.256876377374113,-0.23312786164618496,-0.04215489919533749,0.42570021012889675
-0.400853879431837,-0.19182868984140464,0.2131288843867535,0.42570021012889675
-0.1128988753163891,-0.19182868984140464,0.2131288843867535,0.42570021012889675
1.0221699203351287,0.09870361589104781,-0.494857075491785,0.42570021012889675
1.127007181768829,-0.19059749109491997,-0.05236532526854954,0.42570021012889675
-0.3619499485734086,0.28200925522929876,-0.38168100611852435,0.42570021012889675
0.6278363006320443,1.4974064362051902,-0.4310356042971133,0.42570021012889675
-0.5312891825906001,0.3425669263509934,-0.4455024773131961,0.42570021012889675
-0.32756008401463393,0.38293870709878974,-0.2225538139244118,0.42570021012889675
-0.15501182808612998,-0.2523863609630992,0.2769503555814253,0.42570021012889675
-0.5312891825906001,-0.2523863609630992,0.16377428620816456,0.42570021012889675
-0.256876377374113,-0.19182868984140464,0.2131288843867535,0.42570021012889675
-0.18488762634525105,-0.3129440320847938,0.16377428620816456,0.42570021012889675
-0.400853879431837,-0.19182868984140464,0.2131288843867535,0.42570021012889675
0.47613571036335395,0.05833183514325143,-0.26510146138752605,0.42570021012889675
0.1166095766691575,-0.13003981997322536,0.02166657199933426,0.42570021012889675
0.4567744007763989,-0.05052745722411741,0.46756179758030725,0.42570021012889675
0.5064291300725884,-0.13003981997322536,0.02166657199933426,0.42570021012889675
-0.255571332985772,0.2712982178500895,0.8887797240719856,0.42570021012889675
-0.256876377374113,-0.23312786164618496,0.02166657199933426,0.42570021012889675
0.23480772531730087,0.23092643710229313,0.5424445652367283,0.42570021012889675
-0.255571332985772,0.23092643710229313,0.6802979336992839,0.42570021012889675
-0.15501182808612998,-0.19182868984140464,0.350982252849309,0.42570021012889675
-0.3995488350434959,-0.11108512834581181,0.46756179758030725,0.42570021012889675
-0.35743588227375506,-0.1514569090936082,0.42501415011719273,0.42570021012889675
0.30644094356225643,0.2712982178500895,0.7228455811623983,0.42570021012889675
-0.2899611975445467,-0.13003981997322536,0.02166657199933426,0.42570021012889675
-0.15370678369778917,0.01126141264406185,0.1807937641934468,0.42570021012889675
0.11167788891939068,1.6992653399441722,-0.148521916656528,0.42570021012889675
0.6202945241055957,-0.19182868984140464,0.2131288843867535,0.42570021012889675
-0.05445232318648793,-0.2523863609630992,0.16377428620816456,0.42570021012889675
0.5423053507042216,0.28200925522929876,-0.494857075491785,0.42570021012889675
1.479464158467768,1.7598230110658666,-0.148521916656528,0.42570021012889675
-0.2270005791149919,-0.23312786164618496,0.02166657199933426,0.42570021012889675
0.414661448006658,0.23092643710229313,0.7228455811623983,0.42570021012889675
-0.027785546838679658,-0.04929625847763256,0.1807937641934468,0.42570021012889675
0.5105255749221287,0.3318558889717839,0.9526011952666572,0.42570021012889675
0.8197458661475037,0.2712982178500895,0.7968774784302822,0.42570021012889675
0.11167788891939068,1.6992653399441722,-0.148521916656528,0.42570021012889675
-0.3619499485734086,0.38293870709878974,-0.26510146138752605,0.42570021012889675
-0.2270005791149919,-0.2734996423939814,-0.05236532526854954,0.42570021012889675
0.6082936793605714,-0.13219840977669417,0.13824611673033252,0.42570021012889675
0.6069886349722305,-0.11108512834581181,0.46756179758030725,0.42570021012889675
-0.2899611975445467,-0.13003981997322536,0.02166657199933426,0.42570021012889675
0.20493192705817978,0.12999698523280215,0.6062660364314,0.42570021012889675
-0.15501182808612998,-0.05052745722411741,0.46756179758030725,0.42570021012889675
-0.26008539928542557,0.38293870709878974,-0.26510146138752605,0.42570021012889675
1.4405602276093399,0.42331048784658615,-0.148521916656528,0.42570021012889675
0.4567744007763989,0.01003021389757719,0.6726401125952717,0.42570021012889675
-0.26008539928542557,0.3425669263509934,-0.3076491088506405,0.42570021012889675
-0.2899611975445467,-0.19059749109491997,-0.05236532526854954,0.42570021012889675
-0.3008312190006188,0.48386815896828056,-0.09916731847793882,0.42570021012889675
0.2977683437468556,1.4692514412237843,0.1807937641934468,0.42570021012889675
0.5675478596453782,-0.13219840977669417,0.13824611673033252,0.42570021012889675
0.12254791037546281,1.5096232219715804,0.1807937641934468,0.42570021012889675
0.9682374345048812,0.38293870709878974,-0.26510146138752605,0.42570021012889675
-0.35743588227375506,-0.13003981997322536,0.06421421946244875,0.42570021012889675
0.27959285552993035,-0.13003981997322536,0.06421421946244875,0.42570021012889675
-0.5611649808497209,-0.1217085522486648,-0.741630066384731,0.42570021012889675
0.6490394990757645,-0.07164073865499958,0.41735632901318037,0.42570021012889675
0.6523106096532842,1.3077643182325984,-0.10171992344713847,0.42570021012889675
-0.14461656243227491,0.08015035149031698,-0.618243570938258,0.42570021012889675
-0.21482551327057897,-0.13219840977669417,0.41735632901318037,0.42570021012889675
-0.3198369958036678,-0.08966803922542899,0.02166657199933426,0.42570021012889675
-0.4230686781461985,0.3425669263509934,-0.494857075491785,0.42570021012889675
0.9321249041076524,-0.22263800411815585,-0.5544220997435864,0.42570021012889675
-0.4606054759500789,-0.2523863609630992,0.16377428620816456,0.42570021012889675
-0.16665004946211873,-0.17279137037567072,0.47607259026945264,0.42570021012889675
1.0462266079062552,-0.2511551622166146,-0.05917227598402396,0.42570021012889675
0.7958704902608947,-0.06115088112697021,-0.741630066384731,0.42570021012889675
-0.38861672492121696,-0.05052745722411741,0.18079166299685104,0.42570021012889675
0.9682374345048812,0.42331048784658615,-0.14171496594105307,0.42570021012889675
-0.7064475272957855,-0.39368759358038635,0.16377428620816456,0.42570021012889675
0.6428648556038636,-0.35331581283259,0.22759575740283633,0.42570021012889675
-0.09526023156788803,-0.05052745722411741,0.47436874829578196,0.42570021012889675
0.05055915934660086,1.7598230110658666,-0.09236036776246388,0.42570021012889675
-0.6045829780078028,0.23092643710229313,0.7653932286255126,0.42570021012889675
0.20855857041960588,-0.4463154242042031,-0.741630066384731,0.42570021012889675
1.3831824101021837,0.07181908376575641,0.41735632901318037,0.42570021012889675
-0.5656790471493744,0.28200925522929876,-0.2225538139244118,0.42570021012889675
0.47162164406370044,1.6185217784485795,-0.19106956411964227,0.42570021012889675
0.5826956376355085,-0.33405731351567597,0.13824611673033252,0.42570021012889675
0.42220322453310644,-0.05052745722411741,0.4599018752796995,0.42570021012889675
-0.5714981578373689,1.4288796604759877,0.14505306744580723,0.42570021012889675
-0.4606054759500789,-0.454245264702081,0.040387790761691585,0.42570021012889675
-0.21482551327057897,-0.19275608089838858,0.23695531308751092,0.42570021012889675
0.5892879025575225,-0.22263800411815585,-0.8973537832211061,0.42570021012889675
-0.39182574683252974,0.01126141264406185,0.2795029605506252,0.42570021012889675
0.5436103950925624,1.227020756737006,0.1110183138684338,0.42570021012889675
0.13424822041765863,0.48386815896828056,-0.04981272029934963,0.42570021012889675
0.6490394990757645,-0.19275608089838858,0.23695531308751092,0.42570021012889675
-0.4352437439906114,1.3683219893542933,0.02166657199933426,0.42570021012889675
0.6202945241055957,0.01126141264406185,0.3535348578185087,0.42570021012889675
-0.39182574683252974,0.07181908376575641,0.2795029605506252,0.42570021012889675
0.014327405931061446,1.4288796604759877,0.2446152353881185,0.42570021012889675
-0.501413384331479,-0.39245639483390177,-0.2251064188936114,0.42570021012889675
-0.35743588227375506,0.07181908376575641,0.41735632901318037,0.42570021012889675
-0.3632549929617494,1.7598230110658666,-0.018328470494580352,0.42570021012889675
0.8182045119935673,-0.33405731351567597,0.10676186692556301,0.42570021012889675
-0.2976842857555131,-0.33189872371220713,-0.18255877143049692,0.42570021012889675
-0.5325942269789409,-0.13219840977669417,0.29396983356670775,0.42570021012889675
-0.35743588227375506,-0.49338584670339275,-0.016624628520909696,0.42570021012889675
-0.4593004315617381,-0.13219840977669417,0.34332443174529687,0.42570021012889675
-0.4262156113913042,-0.2523863609630992,0.27014340486595084,0.42570021012889675
-0.058966389486141524,0.3425669263509934,-0.26510146138752605,0.42570021012889675
0.5780002596513371,1.8259128745104576,0.9670680682827398,0.42570021012889675
0.15438977482376268,0.23389457091117086,0.2871607816546373,0.42570021012889675
-0.8070070321954278,-0.2523863609630992,0.2769503555814253,0.42570021012889675
-0.5656790471493744,0.07181908376575641,0.40714590293996866,0.42570021012889675
-0.35743588227375506,0.01126141264406185,0.34332443174529687,0.42570021012889675
-0.6675435964373575,0.5444258300899751,-0.0353458472832671,0.42570021012889675
-0.7064475272957855,-0.2523863609630992,0.16377428620816456,0.42570021012889675
-0.23014751236009764,1.5701808930932748,0.3535348578185087,0.42570021012889675
-0.7363233255549066,0.19055465635449673,0.47607259026945264,0.42570021012889675
1.6208315717488102,-0.1514569090936082,0.5101094450434215,0.42570021012889675
0.11097177766568095,-0.05052745722411741,0.2871607816546373,0.42570021012889675
0.4045645807846054,-0.13003981997322536,0.06421421946244875,0.42570021012889675
-0.4198596562348857,-0.33405731351567597,-0.05236532526854954,0.42570021012889675
0.15118075291244992,0.01003021389757719,0.7364615837899434,0.42570021012889675
-0.5579559589384081,-0.2523863609630992,0.2769503555814253,0.42570021012889675
-0.5656790471493744,0.28200925522929876,-0.3884879568339988,0.42570021012889675
0.6341922557884628,0.22145158410760413,-0.2225538139244118,0.42570021012889675
-0.39182574683252974,-0.08966803922542899,0.1807937641934468,0.42570021012889675
0.6082936793605714,-0.07164073865499958,0.41735632901318037,0.42570021012889675
-0.3619499485734086,0.3425669263509934,-0.26510146138752605,0.42570021012889675
1.2473456177055395,-0.11108512834581181,0.5739309162380932,0.42570021012889675
0.314700876241647,-0.2523863609630992,0.16377428620816456,0.42570021012889675
0.04289815980184153,0.19055465635449673,0.7653932286255126,0.42570021012889675
-0.4638144978613917,0.5444258300899751,0.2369574142841064,0.42570021012889675
0.21283632695366395,-0.39368759358038635,0.2131288843867535,0.42570021012889675
-0.5625321139042688,-0.3946149846373706,0.06421421946244875,0.42570021012889675
-0.6045829780078028,-0.2523863609630992,0.2131288843867535,0.42570021012889675
0.7011921847154542,-0.11108512834581181,0.5739309162380932,0.42570021012889675
0.1166095766691575,-0.05052745722411741,0.5594640432220107,0.42570021012889675
-0.06948087815830727,0.1733368997894763,0.5662709939374857,0.42570021012889675
1.479464158467768,1.7598230110658666,0.07783022208999386,0.42570021012889675
0.314700876241647,-0.11108512834581181,0.5101094450434215,0.42570021012889675
0.4045645807846054,-0.19275608089838858,0.29396983356670775,0.42570021012889675
1.1086503818673858,1.6307385642149697,0.5662730951340812,0.42570021012889675
0.4045645807846054,-0.13219840977669417,0.29396983356670775,0.42570021012889675
0.30270003149662256,-0.05052745722411741,0.46756179758030725,0.42570021012889675
0.014327405931061446,1.5701808930932748,0.4496935504030832,0.42570021012889675
-0.5312891825906001,-0.07186191850617966,0.8930361710148561,0.42570021012889675
0.5184299748176129,0.07181908376575641,0.40714590293996866,0.42570021012889675
0.9176331936042571,-0.04929625847763256,0.1807937641934468,0.42570021012889675
0.007203250854726025,0.2712982178500895,0.6802979336992839,0.42570021012889675
0.2517402578120922,-0.05052745722411741,0.779009231253058,0.42570021012889675
-0.4638144978613917,0.42331048784658615,-0.148521916656528,0.42570021012889675
0.5470007286883929,0.3318558889717839,1.0657772646399182,0.42570021012889675
0.15438977482376268,-0.11108512834581181,0.5739309162380932,0.42570021012889675
-0.39182574683252974,0.01126141264406185,0.29396983356670775,0.42570021012889675
-0.020062458627713258,1.5701808930932748,0.40714590293996866,0.42570021012889675
-0.39182574683252974,0.48386815896828056,-0.19106956411964227,0.42570021012889675
-0.018220569770948287,0.01126141264406185,0.29396983356670775,0.42570021012889675
-0.255571332985772,0.07181908376575641,0.4496935504030832,0.42570021012889675
-0.5045603175765847,0.48386815896828056,-0.19106956411964227,0.42570021012889675
0.18236159555991183,-0.2915269429644108,0.17058333812023474,0.42570021012889675
-0.6331537318785828,-0.5359162172546578,0.30843670658279027,0.42570021012889675
0.0025078728705546873,-0.6263558115961193,-0.9713856804889901,0.42570021012889675
-0.01685343671640044,-0.13003981997322536,0.29396983356670775,0.42570021012889675
-0.6675435964373575,0.42331048784658615,-0.08470044546185629,0.42570021012889675
-0.5358032488902537,0.07181908376575641,0.5237254476709667,0.42570021012889675
-0.7694081457253404,0.5444258300899751,-0.19872948642025012,1.9342910731241403
-0.7064475272957855,-0.2523863609630992,0.5739309162380932,0.42570021012889675
-0.255571332985772,0.48386815896828056,0.07783022208999386,0.42570021012889675
0.4391357570278977,0.02906753336331132,0.7228455811623983,0.42570021012889675
-0.7694081457253404,0.01126141264406185,0.18760071490892172,1.9342910731241403
0.7101582286485543,-0.07164073865499958,0.5237254476709667,0.42570021012889675
0.8926841287808,1.7598230110658666,0.12037786955310836,0.42570021012889675
0.1270619766751164,-0.19059749109491997,0.2446152353881185,0.42570021012889675
-0.5045603175765847,0.3425669263509934,-0.0353458472832671,0.42570021012889675
-0.3619499485734086,0.48386815896828056,-0.19106956411964227,0.42570021012889675
-0.5371082932785946,1.0655336337458203,0.09655144085235094,0.42570021012889675
0.8411924649419488,-0.35331581283259,0.3935299003124235,0.42570021012889675
-0.8712726950133235,0.48386815896828056,-0.47783969870309856,1.9342910731241403
1.9396118857278133,0.3318558889717839,1.1083249121030327,0.42570021012889675
0.013439982992833924,-0.1514569090936082,0.6232855144166826,0.42570021012889675
-0.5325942269789409,0.3318558889717839,0.6905083597724958,1.9342910731241403
1.2368311290333738,0.23389457091117086,0.8955887759840561,0.42570021012889675
-0.8712726950133235,0.42331048784658615,-0.47783969870309856,1.9342910731241403
0.35811887339972853,-0.11108512834581181,0.5169163957588965,0.42570021012889675
-0.5656790471493744,0.5444258300899751,0.1518621193578774,0.42570021012889675
-0.39182574683252974,-0.04929625847763256,0.29396983356670775,0.42570021012889675
-0.15180280617481717,1.4288796604759877,0.3577913047613795,0.42570021012889675
-0.2976842857555131,-0.13219840977669417,0.5237254476709667,0.42570021012889675
-0.5045603175765847,0.48386815896828056,0.01400875089532209,0.42570021012889675
0.6821864079124053,1.3683219893542933,0.1807937641934468,0.42570021012889675
-0.6267977767221643,0.5444258300899751,0.1518621193578774,0.42570021012889675
0.48083108834752536,0.23092643710229313,1.0657772646399182,0.42570021012889675
0.04289815980184153,0.42331048784658615,0.1944097668209919,0.42570021012889675
-0.255571332985772,0.42331048784658615,-0.0353458472832671,0.42570021012889675
-0.6675435964373575,0.3425669263509934,0.01400875089532209,0.42570021012889675
-0.4184925231803378,-0.11108512834581181,0.5169163957588965,0.42570021012889675
-0.6643345745260447,-0.05052745722411741,0.6726401125952717,0.42570021012889675
0.03577400472550633,-0.11108512834581181,0.6871069856113543,0.42570021012889675
-0.8070070321954278,-0.05052745722411741,0.8530411285209415,0.42570021012889675
-0.35874092666209584,-0.05052745722411741,0.810493481057827,0.42570021012889675
-0.5027184287198198,0.23092643710229313,1.0019557934452463,0.42570021012889675
0.7101582286485543,-0.07164073865499958,0.5237254476709667,0.42570021012889675
-0.0875371433569216,-0.13219840977669417,0.5237254476709667,0.42570021012889675
0.8543170423907959,0.01003021389757719,0.8530411285209415,0.42570021012889675
0.5826956376355085,0.23092643710229313,1.0657772646399182,0.42570021012889675
-0.3346842390909694,-0.19182868984140464,0.6232855144166826,0.42570021012889675
-0.5027184287198198,0.12999698523280215,0.9670680682827398,0.42570021012889675
-0.12965009612666248,1.6307385642149697,0.5237254476709667,0.42570021012889675
-0.7648940794256868,-0.19182868984140464,0.6871069856113543,0.42570021012889675
0.34760438472756294,-0.19182868984140464,0.7296546330744688,0.42570021012889675
-0.255571332985772,0.5444258300899751,0.2369574142841064,0.42570021012889675
0.4075372929303225,1.4692514412237843,0.4496935504030832,0.42570021012889675
-0.6344587762669236,0.12999698523280215,1.016422666461329,0.42570021012889675
0.5739038148017968,-0.2511551622166146,0.30843670658279027,0.42570021012889675
-0.3995488350434959,-0.07164073865499958,0.5237254476709667,0.42570021012889675
-0.18488762634525105,0.01003021389757719,0.8530411285209415,0.42570021012889675
-0.7051424829074447,-0.1514569090936082,0.7364615837899434,0.42570021012889675
1.3386956783213568,0.01003021389757719,0.8530411285209415,0.42570021012889675
-0.8070070321954278,-0.19182868984140464,0.6871069856113543,0.42570021012889675
-0.4638144978613917,-0.13003981997322536,0.3577913047613795,0.42570021012889675
0.6082936793605714,-0.07164073865499958,0.5237254476709667,0.42570021012889675
-0.15370678369778917,-0.07164073865499958,0.5662730951340812,0.42570021012889675
-0.4638144978613917,0.07181908376575641,0.48117780020785217,0.42570021012889675
-0.38861672492121696,0.01003021389757719,0.810493481057827,0.42570021012889675
-0.06948087815830727,0.28200925522929876,-0.08470044546185629,0.42570021012889675
0.04289815980184153,0.07181908376575641,0.5237254476709667,0.42570021012889675
0.6202945241055957,0.3425669263509934,0.02847562391140468,0.42570021012889675
-0.3632549929617494,0.3425669263509934,-0.15873234272974004,0.42570021012889675
0.6727406538629848,0.017960054395455005,0.02847562391140468,0.42570021012889675
-0.7051424829074447,-0.08966803922542899,0.4496935504030832,0.42570021012889675
-0.16403996068543716,1.5096232219715804,0.5237254476709667,0.42570021012889675
-0.5358032488902537,-0.1514569090936082,0.779009231253058,0.42570021012889675
0.9125822828361794,-0.07164073865499958,0.5662730951340812,0.42570021012889675
0.6953109853612527,0.28200925522929876,-0.08470044546185629,0.42570021012889675
-0.43393869960227055,0.01003021389757719,0.8955887759840561,0.42570021012889675
0.3697570947757176,1.6992653399441722,0.1944097668209919,0.42570021012889675
-0.5027184287198198,-0.19182868984140464,0.779009231253058,0.42570021012889675
0.8541357307062781,0.48386815896828056,0.07783022208999386,0.42570021012889675
0.6112663915062885,-0.13003981997322536,0.400338952224494,0.42570021012889675
-0.5027184287198198,-0.19182868984140464,0.6871069856113543,0.42570021012889675
-0.3677690592614031,1.4692514412237843,0.4496935504030832,0.42570021012889675
-0.2270005791149919,-0.2734996423939814,0.40714590293996866,0.42570021012889675
-0.4593004315617381,-0.13003981997322536,0.400338952224494,0.42570021012889675
-0.5027184287198198,-0.19182868984140464,0.6871069856113543,0.42570021012889675
-0.4606054759500789,-0.2523863609630992,0.8215568787161724,0.42570021012889675
-0.39182574683252974,-0.2523863609630992,0.7296546330744688,0.42570021012889675
0.2751980122485876,-0.19182868984140464,0.7722022805375833,0.42570021012889675
-0.29898933014385387,-0.19182868984140464,0.7296546330744688,0.42570021012889675
0.13894359840183,-0.19182868984140464,0.7296546330744688,0.42570021012889675
0.14476270908982458,-0.23312786164618496,0.49224119786619763,0.42570021012889675
0.10906780014270911,-0.2734996423939814,0.400338952224494,0.42570021012889675
-0.35874092666209584,-0.19182868984140464,0.7296546330744688,0.42570021012889675
-0.06948087815830727,0.38293870709878974,0.12037786955310836,0.42570021012889675
0.8541357307062781,0.15926128701274223,0.07783022208999386,0.42570021012889675
1.0389211411454022,-0.2734996423939814,0.400338952224494,0.42570021012889675
-0.256876377374113,-0.11108512834581181,0.779009231253058,0.42570021012889675
-0.501413384331479,-0.08966803922542899,0.400338952224494,0.42570021012889675
-0.4638144978613917,0.42331048784658615,0.02847562391140468,0.42570021012889675
-0.35874092666209584,-0.1514569090936082,0.7296546330744688,0.42570021012889675
0.18105655117157107,-0.33405731351567597,0.30843670658279027,0.42570021012889675
-0.5358032488902537,-0.19182868984140464,0.7722022805375833,0.42570021012889675
-0.35743588227375506,0.01126141264406185,0.6300945663287527,0.42570021012889675
0.04462082564029557,-0.19059749109491997,-0.18255877143049692,0.42570021012889675
0.9729328124890526,0.01126141264406185,0.29396983356670775,0.42570021012889675
1.5647587986299947,1.5701808930932748,0.5237254476709667,0.42570021012889675
0.7266731396932323,-0.1514569090936082,0.4998990189702095,0.42570021012889675
-0.34519872776313515,-0.39245639483390177,-0.4123143855347562,0.42570021012889675
0.14024864279017094,1.2673925374848023,-0.18255877143049692,0.42570021012889675
-0.603277933619462,-0.08966803922542899,0.17058333812023474,0.42570021012889675
-0.501413384331479,-0.19059749109491997,-0.05917227598402396,0.42570021012889675
-0.3873116805328762,-0.2915269429644108,-0.18255877143049692,0.42570021012889675
0.04420320419018231,0.48386815896828056,0.07102327137451918,0.42570021012889675
-0.26008539928542557,0.42331048784658615,0.02847562391140468,0.42570021012889675
-0.43393869960227055,0.01126141264406185,0.4496935504030832,0.42570021012889675
1.4166848517227308,-0.454245264702081,0.37651252352373676,0.42570021012889675
0.03707904911384715,-0.05052745722411741,0.6871069856113543,0.42570021012889675
-0.4638144978613917,0.42331048784658615,-0.0353458472832671,0.42570021012889675
-0.3619499485734086,0.18107980335980797,-0.5118744522804718,0.42570021012889675
-0.4638144978613917,0.08015035149031698,-0.2821188381762128,0.42570021012889675
0.2891578325976617,-0.33405731351567597,-0.05917227598402396,0.42570021012889675
-0.5027184287198198,-0.3129440320847938,0.27014340486595084,0.42570021012889675
0.6125714358946295,-0.05052745722411741,0.779009231253058,0.42570021012889675
-0.603277933619462,-0.1514569090936082,0.5739309162380932,0.42570021012889675
0.7943841341880361,0.28200925522929876,-0.3391333586554099,0.42570021012889675
-0.29898933014385387,-0.11108512834581181,0.5739309162380932,0.42570021012889675
-0.07078592254664805,-0.33405731351567597,0.04719684267376203,0.42570021012889675
-0.400853879431837,-0.1514569090936082,0.31949800304453974,0.42570021012889675
-0.5656790471493744,0.42331048784658615,-0.15873234272974004,0.42570021012889675
0.2904628769860025,0.48386815896828056,-0.37147058004531225,0.42570021012889675
0.8197458661475037,0.38293870709878974,-0.15873234272974004,0.42570021012889675
-0.3075998412930478,-0.020779100379174048,-0.5118744522804718,0.42570021012889675
-0.08302307705726801,-0.11108512834581181,0.6803000348958795,0.42570021012889675
-0.02909059122702044,-0.13003981997322536,0.17058333812023474,0.42570021012889675
0.7565489379523535,-0.1514569090936082,0.4998990189702095,0.42570021012889675
0.27371165617572896,-0.020779100379174048,-0.5118744522804718,0.42570021012889675
-0.12192700791569629,1.5096232219715804,0.3509843540459048,0.42570021012889675
-0.19712478085587085,-0.19275608089838858,0.30843670658279027,0.42570021012889675
0.3067964763461628,-0.23312786164618496,0.30843670658279027,0.42570021012889675
-0.29898933014385387,-0.11108512834581181,0.6232855144166826,0.42570021012889675
1.2813178608142006,0.18107980335980797,-0.26510146138752605,0.42570021012889675
-0.400853879431837,-0.11108512834581181,0.5739309162380932,0.42570021012889675
0.05192629240114869,1.5701808930932748,0.400338952224494,0.42570021012889675
0.9125822828361794,0.07240744791998548,0.5101094450434215,0.42570021012889675
0.414661448006658,-0.19275608089838858,0.2446152353881185,0.42570021012889675
1.842380625757795,-0.6368456691241489,-0.2251064188936114,0.42570021012889675
1.3217081477454873,-0.454245264702081,0.31949800304453974,0.42570021012889675
-0.08302307705726801,-0.1514569090936082,0.5739309162380932,0.42570021012889675
0.14476270908982458,0.38293870709878974,-0.08470044546185629,0.42570021012889675
-0.19712478085587085,-0.19275608089838858,0.2446152353881185,0.42570021012889675
-0.29898933014385387,-0.19182868984140464,0.4360775477755378,0.42570021012889675
-0.15501182808612998,-0.19275608089838858,0.3577913047613795,0.42570021012889675
0.11619195521904425,1.5701808930932748,0.400338952224494,0.42570021012889675
-0.3995488350434959,-0.08966803922542899,0.1807937641934468,0.42570021012889675
1.047531652294596,1.5701808930932748,0.3577913047613795,0.42570021012889675
0.0731294908448688,0.3425669263509934,-0.37147058004531225,0.42570021012889675
-0.09526023156788803,-0.11108512834581181,0.6871069856113543,0.42570021012889675
0.2556553909771146,1.5701808930932748,0.4496935504030832,0.42570021012889675
1.4731082033113492,1.4692514412237843,0.2446152353881185,0.42570021012889675
0.4159664923949988,1.6992653399441722,0.02847562391140468,0.42570021012889675
-0.3995488350434959,-0.1514569090936082,0.5101094450434215,0.42570021012889675
0.8018088239672,-0.11108512834581181,0.6232855144166826,0.42570021012889675
0.8432657092502062,0.3425669263509934,-0.2225538139244118,0.42570021012889675
0.3366722746052837,-0.23312786164618496,0.13824611673033252,0.42570021012889675
-0.18809664825656366,0.38293870709878974,-0.148521916656528,0.42570021012889675
0.8166560672545017,0.01126141264406185,0.40714590293996866,0.42570021012889675
-0.012401459082953906,-0.1514569090936082,0.5739309162380932,0.42570021012889675
0.13424822041765863,0.05833183514325143,-0.148521916656528,0.42570021012889675
-0.03414150199509821,-0.11108512834581181,0.6232855144166826,0.42570021012889675
-0.3963398131321833,-0.13219840977669417,-0.10597637039000923,0.42570021012889675
-0.5027184287198198,-0.05052745722411741,0.2548235602647348,0.42570021012889675
-0.36646401487306224,-0.05052745722411741,0.24461313419152284,0.42570021012889675
0.47928264360846,0.01126141264406185,0.40714590293996866,0.42570021012889675
-0.09526023156788803,-0.13219840977669417,0.23014836237203598,0.42570021012889675
1.0624409842481048,-0.1514569090936082,0.46756179758030725,0.42570021012889675
0.10080786746331853,-0.04929625847763256,0.29396983356670775,0.42570021012889675
-0.1563789611406778,-0.05052745722411741,0.46756179758030725,0.42570021012889675
0.9125822828361794,-0.13219840977669417,0.23014836237203598,0.42570021012889675
-0.3601080597166437,-0.05052745722411741,0.2871607816546373,1.9342910731241403
0.9261865704013473,-0.05052745722411741,0.29737120772784925,-1.082890652866347
-0.1690908714535149,-0.04929625847763256,0.29396983356670775,0.42570021012889675
1.0449215635179145,-0.05052745722411741,0.3467258059064385,-1.082890652866347
0.5871476152689551,-0.13219840977669417,0.48117780020785217,0.42570021012889675
0.5618479719756945,0.48386815896828056,-0.446355448898329,-1.082890652866347
-0.0875371433569216,1.5701808930932748,0.2795029605506252,0.42570021012889675
-0.400853879431837,-0.05052745722411741,0.29737120772784925,-1.082890652866347
0.9125822828361794,-0.13219840977669417,0.18760071490892172,0.42570021012889675
-0.43072967769095777,-0.13219840977669417,-0.14852401785312372,1.9342910731241403
-0.44159969914702996,-0.1514569090936082,0.18079166299685104,1.9342910731241403
-0.400853879431837,-0.05052745722411741,0.29737120772784925,0.42570021012889675
0.6953109853612527,0.48386815896828056,-0.446355448898329,-1.082890652866347
0.9845710338650413,-0.13219840977669417,0.23695531308751092,0.42570021012889675
-0.29898933014385387,-0.05052745722411741,0.3467258059064385,-1.082890652866347
-0.06087036700911334,-0.05052745722411741,0.6088186414005999,0.42570021012889675
-0.7051424829074447,-0.08966803922542899,-0.19107166531623798,-1.082890652866347
-0.10161618672430654,-0.05052745722411741,0.5594640432220107,0.42570021012889675
-0.5045603175765847,0.48386815896828056,-0.47783969870309856,1.9342910731241403
0.37391562829146485,0.38293870709878974,-0.2974386827774285,-1.082890652866347
0.5094018422183055,-0.05052745722411741,0.2548235602647348,-1.082890652866347
0.528701063139054,1.6307385642149697,0.41735632901318037,0.42570021012889675
-0.501413384331479,-0.19059749109491997,0.13824611673033252,0.42570021012889675
-0.21482551327057897,0.07181908376575641,0.13058619442972466,0.42570021012889675
0.9601588135100084,1.7598230110658666,0.01400875089532209,0.42570021012889675
-0.09526023156788803,0.01003021389757719,0.47436874829578196,0.42570021012889675
0.2765030566369285,0.01126141264406185,0.48117780020785217,0.42570021012889675
-0.09526023156788803,0.01003021389757719,0.47436874829578196,0.42570021012889675
-0.1563789611406778,-0.05052745722411741,0.5169163957588965,0.42570021012889675
-0.05635630070945974,0.5444258300899751,0.08804064816320563,0.42570021012889675
0.3077459879505972,1.7598230110658666,-0.04981272029934963,0.42570021012889675
0.048717270489835894,-0.07164073865499958,0.23695531308751092,0.42570021012889675
0.24977419162291334,0.01003021389757719,0.7466720098631553,0.42570021012889675
-0.35493297161615217,0.5646117204638733,-1.0079877598045581,0.42570021012889675
0.38472356108133005,1.5701808930932748,0.555209697475736,0.42570021012889675
-0.08439021011181586,-0.13219840977669417,0.13058619442972466,0.42570021012889675
0.7864247362114742,-0.07164073865499958,0.26843956289227994,0.42570021012889675
0.3752206726798056,0.01126141264406185,0.2795029605506252,0.42570021012889675
-0.2976842857555131,0.07181908376575641,0.26843956289227994,0.42570021012889675
-1.2488550939061345,0.01003021389757719,-0.21065005805692003,0.42570021012889675
-0.03414150199509821,0.030216104271475402,0.714334788473253,0.42570021012889675
-1.2157702737357006,0.030216104271475402,-0.2429872794468224,0.42570021012889675
-0.09526023156788803,-0.07164073865499958,0.26843956289227994,0.42570021012889675
-1.3176348230236836,0.01003021389757719,-0.3170191767147062,0.42570021012889675
0.4458422906541197,1.5701808930932748,0.640304992401965,0.42570021012889675
-0.0875371433569216,1.4288796604759877,0.18760071490892172,0.42570021012889675
-0.4251990568065597,0.5444258300899751,-1.188388775730228,0.42570021012889675
-1.3176348230236836,0.030216104271475402,-0.3493563981046086,0.42570021012889675
-0.19462187019826796,0.5646117204638733,-1.0505354072676725,0.42570021012889675
-0.15501182808612998,0.1733368997894763,0.4701123013529112,0.42570021012889675
0.6533172556098225,-0.04929625847763256,0.26843956289227994,0.42570021012889675
0.595949346730873,0.030216104271475402,-0.45572551676239464,0.42570021012889675
-0.17187022701548207,0.5646117204638733,-1.178178349657016,0.42570021012889675
0.06362660244334452,0.42331048784658615,-0.1246975891523666,0.42570021012889675
-0.23656555618272326,0.030216104271475402,0.6079656698154668,0.42570021012889675
-1.2787308921652552,0.5646117204638733,-0.9654401123414437,0.42570021012889675
0.2300051692140508,0.5646117204638733,-1.025858108178378,0.42570021012889675
-1.1768663428772725,0.42331048784658615,-0.9118290672199839,0.42570021012889675
-0.5423284708319576,0.030216104271475402,-0.3919040455677229,0.42570021012889675
0.5423053507042216,0.5646117204638733,-0.9833104607152636,0.42570021012889675
-1.584324540029204,0.24000484850833503,-1.0896795793730496,0.42570021012889675
-0.5701931134490281,0.030216104271475402,-0.32467909901531405,0.42570021012889675
0.26718643423402466,-0.05145484828110137,-0.6114471324021743,0.42570021012889675
-0.9101766258717516,0.01003021389757719,-0.1681024105938056,1.9342910731241403
-1.4194993723116662,0.030216104271475402,-0.3672267464784283,0.42570021012889675
-0.7791423895783574,0.25408046128506906,-0.4310482176731001,1.9342910731241403
-0.1264410742153499,1.6509244545888677,-0.36977514905443704,1.9342910731241403
-0.19462187019826796,0.5646117204638733,-1.025858108178378,1.9342910731241403
0.9890851001646949,-0.05145484828110137,-0.7603638985230748,0.42570021012889675
-0.3645600373500902,0.5444258300899751,-0.7629123010990835,1.9342910731241403
-0.7051424829074447,0.01126141264406185,-0.35871175139609157,1.9342910731241403
0.5607792373529493,0.5646117204638733,-0.9833104607152636,1.9342910731241403
0.7763278689894219,0.07181908376575641,-0.3272275015913226,1.9342910731241403
-1.3176348230236836,0.030216104271475402,-0.32467909901531405,1.9342910731241403
-0.7240861710442869,-0.05052745722411741,-0.11449136547234577,1.9342910731241403
-0.06348045578579516,0.031447303017959984,-0.334034452306797,1.9342910731241403
-0.16665004946211873,0.23389457091117086,-0.07960364030983924,1.9342910731241403
-1.1736573209659595,-0.19182868984140464,0.048892273664637255,1.9342910731241403
0.03968913789052871,1.6307385642149697,-0.2208583829335363,1.9342910731241403
-0.06087036700911334,0.01003021389757719,0.002088179258652234,1.9342910731241403
0.007203250854726025,-0.09182662902889778,-0.39445244814373165,1.9342910731241403
-0.8083120765837686,0.030216104271475402,0.2820513631266336,1.9342910731241403
-0.3995488350434959,0.5444258300899751,-0.7382350020097889,1.9342910731241403
-1.5544487417700832,0.030216104271475402,-0.21830998035752783,1.9342910731241403
-0.5027184287198198,0.19352279016337445,-0.022589119830642417,1.9342910731241403
-0.2713059992113012,0.3520417793456821,0.34927420848244695,1.9342910731241403
0.5436103950925624,1.800194791813663,-0.4863525925888396,1.9342910731241403
0.7297008499200274,1.800194791813663,-0.5501740637835111,1.9342910731241403
-0.19842982524421185,0.01003021389757719,-0.07960364030983924,1.9342910731241403
-0.35874092666209584,-0.010155676476321021,-0.04045946820446226,1.9342910731241403
-0.6974193946964785,0.031447303017959984,-0.35190480068061714,1.9342910731241403
-1.3176348230236836,0.030216104271475402,-0.1366181607890362,1.9342910731241403
0.15118075291244992,-0.010155676476321021,-0.04045946820446226,1.9342910731241403
-0.3619499485734086,1.820380682187561,-0.5893182358888883,1.9342910731241403
-0.32886512840297494,-0.07164073865499958,-0.3450978499651425,1.9342910731241403
0.10906780014270911,-0.09182662902889778,-0.3272275015913226,1.9342910731241403
-0.29898933014385387,0.1733368997894763,0.01995852763247208,1.9342910731241403
-0.04993825688683435,0.07181908376575641,-0.1961810838442417,1.9342910731241403
0.7067749856378528,-0.029110368103734352,-0.1817142108281594,1.9342910731241403
0.5708761045750017,-0.07164073865499958,-0.30255020250202797,1.9342910731241403
-0.024039680458942708,-0.030341566850219232,0.0693131258110613,1.9342910731241403
0.8107177335481967,-0.05145484828110137,-0.17150378475494713,1.9342910731241403
1.9247025537743045,1.6307385642149697,-0.13235961264957022,1.9342910731241403
-0.3619499485734086,0.42331048784658615,-0.46848224421501977,1.9342910731241403
0.2402713032213889,1.6509244545888677,-0.083005014470981,1.9342910731241403
0.0731294908448688,0.38293870709878974,-0.3621131255572334,1.9342910731241403
0.8538994209406826,0.01003021389757719,0.26418101475281364,1.9342910731241403
-0.501413384331479,-0.029110368103734352,-0.1570369117388648,1.9342910731241403
0.3294860308627415,0.07181908376575641,-0.022587018634046625,1.9342910731241403
0.6966160297495935,-0.05145484828110137,-0.14682648566565248,1.9342910731241403
-0.22884246797175686,-0.04929625847763256,-0.1144892642757503,1.9342910731241403
-0.1645768051538613,0.5646117204638733,-0.32722540039472675,1.9342910731241403
0.17018652971549894,-0.07164073865499958,-0.23532525594961892,1.9342910731241403
-0.19712478085587085,-0.07164073865499958,-0.15022996102338992,1.9342910731241403
-0.2976842857555131,0.07181908376575641,-0.10768231356027565,1.9342910731241403
0.791475646979552,-0.07164073865499958,-0.217454907575799,1.9342910731241403
0.43307324598917857,-0.05145484828110137,-0.04045736700786651,1.9342910731241403
0.6546843886643704,-0.05052745722411741,0.19695606820040457,1.9342910731241403
0.7158031182371601,-0.07164073865499958,-0.06513466609716116,1.9342910731241403
-0.15370678369778917,0.031447303017959984,-0.022587018634046625,1.9342910731241403
0.5047064642341343,0.48386815896828056,-0.461675293499545,1.9342910731241403
-0.1563789611406778,-0.05145484828110137,-0.083005014470981,1.9342910731241403
0.9125822828361794,-0.05145484828110137,0.0020902804552480245,1.9342910731241403
0.38341851669298904,0.030216104271475402,0.2463106663789938,1.9342910731241403
0.9125822828361794,-0.05145484828110137,-0.04045736700786651,1.9342910731241403
0.24478536952104246,1.6307385642149697,-0.008120145617964036,1.9342910731241403
1.6940632784998062,1.8405665725614593,-0.1749051589160887,1.9342910731241403
0.048717270489835894,-0.05145484828110137,-0.04045736700786651,1.9342910731241403
-0.08302307705726801,-0.05052745722411741,0.09824687184322649,1.9342910731241403
0.6845601869234915,-0.09182662902889778,-0.2208583829335363,1.9342910731241403
0.14606775347816534,0.5646117204638733,-0.23872663011076045,1.9342910731241403
0.11482482216449659,1.6509244545888677,0.15441052193388607,1.9342910731241403
-0.400853879431837,-0.05052745722411741,0.034425400648555,1.9342910731241403
-0.16273491629709635,0.030216104271475402,0.2888583138421083,1.9342910731241403
-0.09526023156788803,-0.05145484828110137,0.0020902804552480245,1.9342910731241403
0.9669323901165403,-0.030341566850219232,0.25737406403733903,1.9342910731241403
0.34884734044969684,0.5646117204638733,-0.1995824580053833,1.9342910731241403
1.5138540230265425,0.5646117204638733,-0.24213010546849778,1.9342910731241403
2.0088663706475796,-0.05145484828110137,0.06591175164991976,1.9342910731241403
-0.06948087815830727,0.48386815896828056,-0.3476462525411506,1.9342910731241403
0.20772332751937936,0.0516331933918582,0.07357167395052738,1.9342910731241403
0.24211319207815377,0.07181908376575641,0.16547391959223104,1.9342910731241403
-0.32886512840297494,-0.05145484828110137,0.27864998896549203,1.9342910731241403
0.18366663994825264,1.6509244545888677,0.17228087030770575,1.9342910731241403
0.03968913789052871,1.6509244545888677,0.21482851777082024,1.9342910731241403
0.9737010124089691,-0.05145484828110137,0.12973322284459152,1.9342910731241403
0.9737010124089691,-0.05145484828110137,0.12973322284459152,1.9342910731241403
0.14060417557407717,0.23092643710229313,0.682848437471888,1.9342910731241403
1.1493962015825792,1.6509244545888677,0.21482851777082024,1.9342910731241403
-0.501413384331479,-0.19059749109491997,-0.1808612392430259,1.9342910731241403
0.9737010124089691,-0.05145484828110137,0.12973322284459152,1.9342910731241403
0.8163005344705953,0.09200497413965462,0.17228087030770575,1.9342910731241403
-0.1563789611406778,0.01126141264406185,0.14079662050293645,1.9342910731241403
0.5178310416829817,1.8405665725614593,-0.1995824580053833,1.9342910731241403
0.8163005344705953,0.25408046128506906,0.5015965511576805,1.9342910731241403
-0.2976842857555131,0.07181908376575641,0.14079662050293645,1.9342910731241403
-0.19712478085587085,0.01003021389757719,0.40969430551597713,1.9342910731241403
0.9737010124089691,-0.05145484828110137,0.12973322284459152,1.9342910731241403
-0.09526023156788803,0.23389457091117086,0.4522419529790913,1.9342910731241403
0.4517234900083211,0.09200497413965462,0.21482851777082024,1.9342910731241403
0.10983600006262571,-0.05145484828110137,0.12973322284459152,1.9342910731241403
1.1901420212977725,1.6307385642149697,0.27864998896549203,1.9342910731241403
0.2855311892362356,1.6509244545888677,0.21482851777082024,1.9342910731241403
0.04420320419018231,0.38293870709878974,-0.47783969870309856,1.9342910731241403
0.9870069015423345,0.030216104271475402,0.5015965511576805,1.9342910731241403
-0.1283450517383217,0.09200497413965462,0.21482851777082024,1.9342910731241403
1.7164593888986854,-0.02852200394950551,0.2616305109802098,1.9342910731241403
0.01563245031940221,0.09200497413965462,0.21482851777082024,1.9342910731241403
1.0642207844386629,0.48386815896828056,-0.0506656918844828,1.9342910731241403
0.5734861933516834,0.28200925522929876,-0.3119055557935111,1.9342910731241403
-0.15822084999744276,0.5646117204638733,-0.15703481054226903,1.9342910731241403
0.020146516619055792,0.09200497413965462,0.21482851777082024,1.9342910731241403
1.1901420212977725,1.6509244545888677,0.27864998896549203,1.9342910731241403
0.10983600006262571,0.030216104271475402,0.5015965511576805,1.9342910731241403
-0.09526023156788803,-0.13219840977669417,0.14079662050293645,1.9342910731241403
-0.19581973646753006,0.01126141264406185,0.14079662050293645,1.9342910731241403
-0.09710212042465294,0.48386815896828056,-0.23106670781015284,1.9342910731241403
0.14024864279017094,0.01003021389757719,0.3850170064266825,1.9342910731241403
-0.2913283305990945,0.09200497413965462,0.17228087030770575,1.9342910731241403
0.9737010124089691,-0.05145484828110137,0.17228087030770575,1.9342910731241403
0.8647694423967548,0.07181908376575641,0.055701325576707705,1.9342910731241403
0.7088531842602136,0.1733368997894763,0.2616305109802098,1.9342910731241403
1.1901420212977725,1.6307385642149697,0.27864998896549203,1.9342910731241403
-0.400853879431837,0.23389457091117086,0.4701123013529112,1.9342910731241403
0.8604916858626966,0.48386815896828056,-0.3050986050780364,1.9342910731241403
1.4850469593901667,0.5646117204638733,0.013155779310188956,1.9342910731241403
0.7144359851826122,0.23389457091117086,0.5586110716368776,1.9342910731241403
-0.21613055765891978,0.1733368997894763,0.35353275662191325,1.9342910731241403
0.9125822828361794,-0.07164073865499958,0.16547391959223104,1.9342910731241403
1.3518202557702041,0.09200497413965462,0.3424714601601637,1.9342910731241403
0.42820364690561874,0.01003021389757719,0.5586110716368776,1.9342910731241403
1.7833972291594697,0.01003021389757719,0.5586110716368776,1.9342910731241403
0.11482482216449659,1.6307385642149697,0.29311686198157455,1.9342910731241403
-0.03414150199509821,0.23389457091117086,0.5586110716368776,1.9342910731241403
0.071824446456528,0.3318558889717839,0.682848437471888,1.9342910731241403
-0.1238309854386681,-0.05145484828110137,0.3424714601601637,1.9342910731241403
-0.29898933014385387,0.1127792286677819,0.3467258059064385,1.9342910731241403
0.048717270489835894,0.030216104271475402,0.6717871410101385,1.9342910731241403
0.6069886349722305,0.1127792286677819,0.2616305109802098,1.9342910731241403
0.050022314878176675,0.09200497413965462,0.38501910762327823,1.9342910731241403
0.6142320130668767,1.8405665725614593,0.013155779310188956,1.9342910731241403
-0.29898933014385387,0.1733368997894763,0.3960804040850277,1.9342910731241403
-0.23787060057106404,0.01003021389757719,0.42756465388979675,1.9342910731241403
-0.22569553472665113,0.3425669263509934,-0.3119055557935111,1.9342910731241403
0.775554714755402,0.01003021389757719,0.533933772547583,1.9342910731241403
0.006604317720095028,-0.05145484828110137,0.3424714601601637,1.9342910731241403
-0.21933957957023256,0.28200925522929876,-0.4038078014352147,1.9342910731241403
0.27685858942083486,0.5444258300899751,-0.1246975891523666,1.9342910731241403
-0.15501182808612998,0.1127792286677819,0.2616305109802098,1.9342910731241403
0.3484918076657905,0.5444258300899751,-0.06087611795769485,1.9342910731241403
0.7864247362114742,0.3318558889717839,0.7253960849350025,1.9342910731241403
-0.021966436150685276,0.5646117204638733,0.05570342677330345,1.9342910731241403
1.1901420212977725,1.6509244545888677,0.3424714601601637,1.9342910731241403
0.01563245031940221,0.07181908376575641,0.20461809169760822,1.9342910731241403
-0.256876377374113,-0.08966803922542899,-0.1808612392430259,1.9342910731241403
0.43853682389326676,0.4125994504673767,0.9372813506654415,1.9342910731241403
-0.3601080597166437,0.1127792286677819,0.2616305109802098,1.9342910731241403
-0.5027184287198198,-0.19182868984140464,0.010601073144393328,1.9342910731241403
1.2486506620938804,0.1127792286677819,0.304178158443324,1.9342910731241403
1.2616560165244168,0.3722276697195803,0.8879267524868523,1.9342910731241403
0.3697570947757176,0.4636822685943824,-0.26255095761492186,1.9342910731241403
0.9859381669195891,0.25408046128506906,0.544144198620795,1.9342910731241403
-0.28811930868778174,0.23092643710229313,0.5415915936515954,1.9342910731241403
-0.15501182808612998,0.07240744791998548,0.2548235602647348,1.9342910731241403
0.048717270489835894,-0.010155676476321021,0.5586110716368776,1.9342910731241403
0.876887373889064,-0.19182868984140464,0.07442254433906507,1.9342910731241403
1.3097693916666702,-0.008924477729836363,0.06676472323505293,1.9342910731241403
-0.28811930868778174,0.2712982178500895,0.5909461918301845,1.9342910731241403
-0.15501182808612998,0.07240744791998548,0.2548235602647348,1.9342910731241403
1.1219562710007511,0.25408046128506906,0.6079656698154668,1.9342910731241403
0.14476270908982458,0.5040540493421787,-0.21319635943633294,1.9342910731241403
-0.21482551327057897,-0.008924477729836363,0.13058619442972466,1.9342910731241403
0.0012028284822139061,0.05833183514325143,-0.446355448898329,1.9342910731241403
1.0144468321241624,-0.05145484828110137,0.27864998896549203,1.9342910731241403
0.7178813168595206,0.42331048784658615,-0.3544532032566256,1.9342910731241403
-0.44159969914702996,0.07240744791998548,0.29737120772784925,1.9342910731241403
0.10401688937463134,-0.008924477729836363,0.10931237069816742,1.9342910731241403
0.13424822041765863,0.42331048784658615,-0.18426261340416758,1.9342910731241403
-0.21613055765891978,0.1127792286677819,0.4105472771011103,1.9342910731241403
0.10983600006262571,0.01003021389757719,0.4522419529790913,1.9342910731241403
-0.26008539928542557,0.5040540493421787,-0.12810106451010397,1.9342910731241403
0.18681357319335856,-0.05145484828110137,0.3424714601601637,1.9342910731241403
1.1086503818673858,1.5499950027193767,0.23695531308751092,1.9342910731241403
1.1766619110650185,-0.11108512834581181,0.47436874829578196,1.9342910731241403
-0.015610480994266504,0.5444258300899751,0.048896476057828486,1.9342910731241403
0.071824446456528,0.23092643710229313,0.6905083597724958,1.9342910731241403
0.9737010124089691,-0.05145484828110137,0.38501910762327823,1.9342910731241403
-0.18488762634525105,0.1531510094155781,0.4599018752796995,1.9342910731241403
-0.14414180663005785,0.1531510094155781,0.48117569901125673,1.9342910731241403
1.0279890310231232,0.09200497413965462,0.21482851777082024,1.9342910731241403
-0.5656790471493744,0.017960054395455005,-0.47783969870309856,1.9342910731241403
-0.02511336939579099,0.07181908376575641,0.335664509444689,1.9342910731241403
0.312796898718675,0.6810988400980668,0.8955866747874605,1.9342910731241403
0.8528306863179375,0.2712982178500895,0.8036844291457568,1.9342910731241403
1.7833972291594697,1.590366783467173,0.2863099112660999,1.9342910731241403
-0.400853879431837,-0.19182868984140464,0.2871607816546373,1.9342910731241403
0.8058481344646365,0.2712982178500895,0.7611367816826423,1.9342910731241403
-0.5358032488902537,-0.008924477729836363,0.1944076656243964,1.9342910731241403
-0.1690908714535149,0.09200497413965462,0.27864998896549203,1.9342910731241403
-0.49505742917506046,-0.008924477729836363,0.23695531308751092,1.9342910731241403
0.20623697144652056,0.4636822685943824,-0.18426261340416758,1.9342910731241403
1.1901420212977725,1.6509244545888677,0.42756675508639247,1.9342910731241403
1.0279890310231232,0.09200497413965462,0.38501910762327823,1.9342910731241403
-0.400853879431837,0.1733368997894763,0.5237233464743712,1.9342910731241403
0.10532193376297212,-0.07164073865499958,0.335664509444689,1.9342910731241403
0.032383671129675794,0.4434963782204844,-0.24808408459883932,1.9342910731241403
0.3262770089514289,1.6105526738410714,0.3535348578185087,1.9342910731241403
1.0551926518393557,-0.05145484828110137,0.38501910762327823,1.9342910731241403
0.020146516619055792,0.07181908376575641,0.29311686198157455,1.9342910731241403
0.4163220251789052,0.5646117204638733,0.05570342677330345,1.9342910731241403
0.25880232422222055,1.6509244545888677,0.42756675508639247,1.9342910731241403
0.8120227779365373,0.09200497413965462,0.38501910762327823,1.9342910731241403
-0.09526023156788803,0.23389457091117086,0.6649801902946638,1.9342910731241403
-0.09526023156788803,0.25408046128506906,0.714334788473253,1.9342910731241403
1.0144468321241624,0.09200497413965462,0.38501910762327823,1.9342910731241403
0.42220322453310644,0.07181908376575641,0.26843956289227994,1.9342910731241403
-0.1238309854386681,0.5444258300899751,-0.03619881886840027,1.9342910731241403
-0.23656555618272326,-0.008924477729836363,0.13058619442972466,1.9342910731241403
0.6142320130668767,1.8405665725614593,0.09825107423641771,1.9342910731241403
0.3366722746052837,0.39241356009347855,0.8879267524868523,1.9342910731241403
-0.09526023156788803,0.23389457091117086,0.6224325428315493,1.9342910731241403
-0.06948087815830727,0.017960054395455005,-0.43529205123998405,1.9342910731241403
0.2633163905218741,-0.05145484828110137,0.42756675508639247,1.9342910731241403
1.3431476559548035,0.4125994504673767,1.0861981167863421,1.9342910731241403
0.6798648089393199,0.24000484850833503,0.16207254543108943,1.9342910731241403
-0.02511336939579099,0.07181908376575641,0.335664509444689,1.9342910731241403
0.3081015207345036,0.38293870709878974,-0.13490801522557838,1.9342910731241403
0.6142320130668767,1.8405665725614593,0.09825107423641771,1.9342910731241403
0.4517234900083211,0.09200497413965462,0.38501910762327823,1.9342910731241403
0.9125822828361794,-0.05052745722411741,0.5092564734582884,1.9342910731241403
1.622074527470944,1.8405665725614593,0.09825107423641771,1.9342910731241403
1.1991701538970796,0.4125994504673767,1.0436504693232278,1.9342910731241403
0.4593844895530805,1.6509244545888677,0.49138822628106427,1.9342910731241403
0.19536694999044846,0.48386815896828056,-0.09236036776246388,1.9342910731241403
0.771276958221344,0.031447303017959984,0.24376226380298538,1.9342910731241403
0.078593068748957,0.4125994504673767,1.0011028218601132,1.9342910731241403
0.047350137435288264,-0.05145484828110137,0.38501910762327823,1.9342910731241403
0.13424822041765863,0.4636822685943824,-0.19872948642025012,1.9342910731241403
-0.051842234409806155,0.09200497413965462,0.38501910762327823,1.9342910731241403
0.9845710338650413,-0.030341566850219232,0.5092564734582884,1.9342910731241403
0.23575723692173525,0.09200497413965462,0.3424714601601637,1.9342910731241403
0.020146516619055792,0.09200497413965462,0.38501910762327823,1.9342910731241403
-0.03414150199509821,0.25408046128506906,0.714334788473253,1.9342910731241403
0.10080786746331853,0.01126141264406185,0.1944076656243964,1.9342910731241403
-0.011096414694612922,0.09200497413965462,0.42756675508639247,1.9342910731241403
0.5404013731812496,0.4125994504673767,1.1500195879810138,1.9342910731241403
0.2180565045070273,1.6509244545888677,0.42756675508639247,1.9342910731241403
-0.023271480539026057,0.39241356009347855,0.9696185720553441,1.9342910731241403
0.5776447268674306,0.4125994504673767,1.0011028218601132,1.9342910731241403
0.23575723692173525,0.09200497413965462,0.38501910762327823,1.9342910731241403
0.47928264360846,0.4125994504673767,1.0011028218601132,1.9342910731241403
-0.15507391675233684,0.09200497413965462,0.38501910762327823,1.9342910731241403
-0.09526023156788803,0.01003021389757719,0.6828505386684834,1.9342910731241403
0.8514635532633896,0.01003021389757719,0.6403028912053692,1.9342910731241403
0.3077459879505972,0.09200497413965462,0.38501910762327823,1.9342910731241403
-0.33207415031428755,0.07181908376575641,0.3535348578185087,1.9342910731241403
0.078593068748957,0.4125994504673767,1.0436504693232278,1.9342910731241403
-0.15507391675233684,0.09200497413965462,0.38501910762327823,1.9342910731241403
0.8107177335481967,0.01003021389757719,0.6828505386684834,1.9342910731241403
0.8541357307062781,0.5444258300899751,-0.06087611795769485,1.9342910731241403
-0.15501182808612998,0.01003021389757719,0.5977552437422547,1.9342910731241403
0.2855311892362356,1.6509244545888677,0.38501910762327823,1.9342910731241403
-0.011096414694612922,0.09200497413965462,0.42756675508639247,1.9342910731241403
-0.08308516572347487,0.5646117204638733,0.09825107423641771,1.9342910731241403
-0.09526023156788803,0.01003021389757719,0.5977552437422547,1.9342910731241403
-0.1563789611406778,-0.030341566850219232,0.4599018752796995,1.9342910731241403
0.6002150583656987,1.6509244545888677,0.38501910762327823,1.9342910731241403
0.11167788891939068,0.39241356009347855,0.9270709245922295,1.9342910731241403
1.2976514601743612,0.5646117204638733,0.05570342677330345,1.9342910731241403
-0.015610480994266504,0.5646117204638733,0.09825107423641771,1.9342910731241403
0.9737010124089691,-0.07164073865499958,0.26843956289227994,1.9342910731241403
1.5542443099578296,0.25408046128506906,0.714334788473253,1.9342910731241403
1.1901420212977725,1.6509244545888677,0.42756675508639247,1.9342910731241403
0.5056559758385687,-0.07164073865499958,0.26843956289227994,1.9342910731241403
-0.08308516572347487,0.5646117204638733,0.09825107423641771,1.9342910731241403
0.6183905465826239,0.4125994504673767,1.0436504693232278,1.9342910731241403
-0.08759923202312847,0.09200497413965462,0.42756675508639247,1.9342910731241403
0.7473394936685281,1.8405665725614593,0.16207254543108943,1.9342910731241403
0.38923762738098366,0.5646117204638733,0.09825107423641771,1.9342910731241403
0.10983600006262571,0.030216104271475402,0.6717871410101385,1.9342910731241403
0.5332151294387075,0.09200497413965462,0.42756675508639247,1.9342910731241403
0.2180565045070273,1.6509244545888677,0.38501910762327823,1.9342910731241403
-0.09258805412499936,0.09200497413965462,0.3424714601601637,1.9342910731241403
-0.2732099767342731,-1.1310030709435739,-2.0691032096614297,0.42570021012889675
-0.7707131901136813,0.28200925522929876,-0.5331482760120291,0.42570021012889675
-0.5669840915377153,-0.1217085522486648,-1.5713007809326676,0.42570021012889675
0.5064291300725884,-1.545210735949567,-1.8078654469489972,0.42570021012889675
-0.4651195422497325,0.38293870709878974,-0.5629349936293272,0.42570021012889675
0.1066940211316229,-0.32356745598764663,-1.745747817727996,0.42570021012889675
-0.8712726950133235,-1.1310030709435739,-2.0691032096614297,0.42570021012889675
-0.8368828304545487,-0.22263800411815585,-0.6522783245156316,0.42570021012889675
0.10306737777019674,-0.2737208222451614,-0.25574189950643905,0.42570021012889675
-0.6026790004848307,-0.4463154242042031,-0.8692730087740744,0.42570021012889675
-0.2613904436737666,0.38293870709878974,-0.2863752851190833,0.42570021012889675
-0.19522080333289907,0.48386815896828056,-0.09916731847793882,0.42570021012889675
0.8438025537186302,1.1664630856153113,0.00464919521064755,0.42570021012889675
0.6155991461214243,1.0533168479794301,-0.6139871239953875,0.42570021012889675
-0.43934018884015175,-0.32356745598764663,-1.2266715652676767,0.42570021012889675
-0.9731372443013063,0.18107980335980797,-0.26510146138752605,0.42570021012889675
-0.704543549772814,-0.749103779812676,-1.3968621551201348,0.42570021012889675
0.14024864279017094,1.5701808930932748,0.45990397647629494,0.42570021012889675
0.20083548220863948,-0.49338584670339275,-0.41657083247762666,0.42570021012889675
0.6454749443805453,-1.2819345762895449,0.1986662137638624,0.42570021012889675
0.6454749443805453,0.04402232928452084,0.28376150869009137,0.42570021012889675
1.263497905381182,-0.1456197886880708,0.10250541998269273,0.42570021012889675
1.19150915435232,0.04402232928452084,-0.14171496594105307,0.42570021012889675
0.3697570947757176,0.04402232928452084,0.04974944764296193,0.42570021012889675
0.6454749443805453,0.04402232928452084,0.4071480041365641,0.42570021012889675
1.322125769195601,-0.8500332316821669,-0.8735294557169447,0.42570021012889675
0.6953109853612527,0.08015035149031698,-0.30339266190777003,0.42570021012889675
-0.004198660755667216,-0.19059749109491997,-0.08895899360132226,0.42570021012889675
0.2670051225495071,1.4692514412237843,-0.0038636986750935076,0.42570021012889675
-1.2157702737357006,-0.1514569090936082,-0.11704186924494997,0.42570021012889675
0.6454749443805453,0.04402232928452084,0.1348447425691909,0.42570021012889675
-1.3462055768944639,-0.020779100379174048,-0.7458865133276015,0.42570021012889675
-0.4593004315617381,-0.1217085522486648,-0.19276709630711353,0.42570021012889675
-0.09526023156788803,-0.05052745722411741,0.4318211008326675,0.42570021012889675
0.9845710338650413,-0.1514569090936082,0.9423928703900409,0.42570021012889675
-0.4021589238201777,-0.19059749109491997,-0.2080890421049247,0.42570021012889675
-0.30029437453219465,0.8636747300068386,-0.14001112396738266,0.42570021012889675
-0.6688486408256984,0.48386815896828056,-0.37147058004531225,0.42570021012889675
-0.7694081457253404,0.08015035149031698,-0.4310356042971133,0.42570021012889675
-1.0120411751597347,-0.555174716571572,-0.2574457414801096,0.42570021012889675
-0.5728032022257099,-0.1217085522486648,-0.6820650421329297,0.42570021012889675
0.4703165996753596,-0.1217085522486648,-0.5288918290691588,1.9342910731241403
-0.8096171209721095,-0.8971036541813563,0.08974449013687656,0.42570021012889675
-0.4917863185975407,-0.8971036541813563,-0.42082727942049697,0.42570021012889675
-0.8712726950133235,-0.5472448760736942,-0.5374047229548995,1.9342910731241403
-0.8070070321954278,-0.9980331060508473,-0.6037787991187712,0.42570021012889675
-1.0419169734188556,-1.242422380341094,-0.33147553755139764,0.42570021012889675
-0.8413968967542024,-1.199892009789829,-0.6846176471021295,0.42570021012889675
-0.012339370416746862,0.01126141264406185,0.16632689117736446,0.42570021012889675
0.2670051225495071,-0.49338584670339275,-0.24638024262516867,0.42570021012889675
-0.26590450997342024,1.2673925374848023,0.19185716185179202,0.42570021012889675
-0.7395323474662195,-0.2523863609630992,0.32970842911775183,0.42570021012889675
-0.43393869960227055,-0.39245639483390177,-0.5825049753872139,0.42570021012889675
-0.4638144978613917,0.18107980335980797,-0.5969697472067008,0.42570021012889675
1.2200799082231002,0.01126141264406185,0.4428865996876085,0.42570021012889675
-0.7694081457253404,-0.22263800411815585,-1.0394635986265321,0.42570021012889675
-0.6222216217563038,-0.2523863609630992,0.14250046247660733,0.42570021012889675
-0.3632549929617494,-0.1217085522486648,-0.8905468325056315,0.42570021012889675
-0.5312891825906001,-0.32356745598764663,-0.25658856750178505,0.42570021012889675
1.3219444575110832,-0.020779100379174048,-0.6607912184013726,0.42570021012889675
0.06998255759976306,-0.39245639483390177,0.085488043194006,0.42570021012889675
0.5513334833035288,-0.39245639483390177,0.09400093707974706,1.9342910731241403
0.7776329133777627,-0.020779100379174048,-0.49060062854891456,0.42570021012889675
-0.3619499485734086,0.28200925522929876,-0.3289229325821978,0.42570021012889675
0.3095878768073621,-0.39245639483390177,0.238661256257777,-1.082890652866347
0.009813339631407847,0.48386815896828056,0.1348447425691909,0.42570021012889675
0.2395031033014722,-0.555174716571572,-0.21489809401699514,0.42570021012889675
-0.6675435964373575,0.08015035149031698,-0.5161308992233423,0.42570021012889675
0.1596099523771261,-0.020779100379174048,0.1391011895120612,0.42570021012889675
-0.15952589438578355,0.48386815896828056,-0.09916731847793882,0.42570021012889675
0.4943732872464861,-0.35331581283259,0.24461313419152284,0.42570021012889675
-0.5656790471493744,0.08015035149031698,-0.3842315098911285,0.42570021012889675
0.10306737777019674,-0.3746502741146525,0.2463169761651934,0.42570021012889675
-0.3619499485734086,0.48386815896828056,0.07102327137451918,0.42570021012889675
0.4494689340155458,-0.6952447504423747,-0.18255877143049692,0.42570021012889675
-0.26008539928542557,0.01126141264406185,0.059957772519578234,0.42570021012889675
1.5815100194402685,-0.7961742023118653,-0.39104056180319896,1.9342910731241403
-0.29898933014385387,0.12999698523280215,0.8504885235517415,0.42570021012889675
0.4776220664362127,0.3318558889717839,1.101517961387558,0.42570021012889675
0.13424822041765863,0.38293870709878974,-0.056619671014824326,0.42570021012889675
-0.4638144978613917,0.38293870709878974,-0.09916731847793882,0.42570021012889675
-0.26008539928542557,0.48386815896828056,-0.0396022942261376,0.42570021012889675
0.5120119309949872,-0.05052745722411741,1.0657793658365138,0.42570021012889675
0.25928203433854063,-0.454245264702081,0.12548308568792058,0.42570021012889675
-0.3619499485734086,0.38293870709878974,0.1348447425691909,0.42570021012889675
-0.3619499485734086,-0.020779100379174048,-0.3076491088506405,0.42570021012889675
0.443232201877438,-0.05052745722411741,1.0232317183733992,0.42570021012889675
0.9349163045688518,0.23092643710229313,1.0589703139244435,0.42570021012889675
-0.4638144978613917,-0.4463154242042031,-0.133202072055312,0.42570021012889675
-0.42942463330261704,0.28200925522929876,-0.24808408459883932,0.42570021012889675
-0.43393869960227055,-0.49338584670339275,0.12803569065712025,0.42570021012889675
-0.011034326028406071,-0.1514569090936082,0.4318211008326675,0.42570021012889675
-0.26008539928542557,0.08015035149031698,-0.031089400340396534,0.42570021012889675
0.34136765258945506,-0.1514569090936082,0.5594640432220107,0.42570021012889675
1.2740123940533479,0.07240744791998548,0.7296546330744688,0.42570021012889675
-0.501413384331479,-0.19059749109491997,0.400338952224494,0.42570021012889675
-0.3619499485734086,0.38293870709878974,0.0029453532369769033,0.42570021012889675
0.6155991461214243,1.658893559196376,0.1773923900323052,0.42570021012889675
-0.18488762634525105,0.1733368997894763,0.5764814200106975,0.42570021012889675
-0.26008539928542557,0.18107980335980797,0.1561185663007479,0.42570021012889675
-0.5358032488902537,-0.8971036541813563,-0.2251064188936114,0.42570021012889675
-0.011034326028406071,-0.2303809076884873,0.37651252352373676,0.42570021012889675
-0.1803735600455975,-0.5331692632969601,0.040387790761691585,0.42570021012889675
-0.43393869960227055,-0.02852200394950551,0.26588695792308004,0.42570021012889675
0.384785649747537,0.07240744791998548,0.5594640432220107,0.42570021012889675
0.7971755346492357,0.38293870709878974,0.1348447425691909,0.42570021012889675
0.7311872059928858,-0.33131035955797833,0.6700896088226674,0.42570021012889675
0.4943732872464861,-0.5331692632969601,0.14250046247660733,0.42570021012889675
0.5962378365344692,-0.4322398114274691,0.47862519523865227,0.42570021012889675
-0.15822084999744276,0.48386815896828056,-0.014072023551709814,0.42570021012889675
0.07728802436061621,1.7598230110658666,0.0072018001798474325,0.42570021012889675
0.24704487982792067,-0.2303809076884873,0.040387790761691585,0.42570021012889675
-0.4217015450916506,-0.555174716571572,-0.2744631182687964,0.42570021012889675
0.251141324677461,-0.08966803922542899,0.40459539916736426,0.42570021012889675
0.251141324677461,-0.19059749109491997,0.3195001042411355,0.42570021012889675
0.251141324677461,-0.19059749109491997,0.00039274826777700955,0.42570021012889675
-0.3619499485734086,0.08015035149031698,-0.7671603370591585,0.42570021012889675
-0.4638144978613917,0.18107980335980797,-0.6607912184013726,0.42570021012889675
-0.5656790471493744,-0.5472448760736942,-0.6310045007840742,0.42570021012889675
0.3113105426458164,-0.07186191850617966,0.3526860948229796,0.42570021012889675
-0.32886512840297494,-0.17279137037567072,0.45905521348076556,0.42570021012889675
-0.15822084999744276,0.38293870709878974,-0.3884879568339988,0.42570021012889675
-0.3995488350434959,-0.5943152985728836,-0.11873730023582542,0.42570021012889675
-0.35743588227375506,-0.39245639483390177,-0.033642005309596414,0.42570021012889675
-0.4638144978613917,0.18107980335980797,-0.49060062854891456,0.42570021012889675
0.5468194170038752,-0.020779100379174048,-0.29913621496489956,0.42570021012889675
-0.26008539928542557,0.28200925522929876,-0.32466648563932726,0.42570021012889675
0.7943841341880361,0.18107980335980797,-0.40550533362268587,0.42570021012889675
-0.5312891825906001,-0.1217085522486648,-0.6565347714585019,0.42570021012889675
-0.4982043624201662,-0.17279137037567072,0.03357873884962115,0.42570021012889675
0.3983278486464976,-0.49338584670339275,-0.033642005309596414,0.42570021012889675
-0.26008539928542557,0.18107980335980797,-0.7629038901162882,0.42570021012889675
-0.6675435964373575,-0.07186191850617966,0.2888646236283079,0.42570021012889675
0.617085502194283,0.2975669229940013,0.6462631801219104,0.42570021012889675
-0.5669840915377153,-0.020779100379174048,-0.8650165618312039,0.42570021012889675
-0.6331537318785828,0.08015035149031698,-0.9330944799687458,0.42570021012889675
-0.3619499485734086,-0.020779100379174048,-0.3842315098911285,0.42570021012889675
-0.28223810933358034,-0.7570336203105539,0.1339959795736616,0.42570021012889675
-0.43393869960227055,-0.19059749109491997,-0.10171992344713847,0.42570021012889675
1.1240344696231117,1.3818232862846973,0.6249893563903531,0.42570021012889675
-0.4638144978613917,-0.4463154242042031,-0.4225227104113724,0.42570021012889675
0.4750119776595309,-0.7570336203105539,-0.3127543187890404,0.42570021012889675
-0.39182574683252974,-0.5943152985728836,-0.5399573279240997,0.42570021012889675
-0.23020960102630472,-0.49338584670339275,0.07272711334818982,0.42570021012889675
-0.09074616526823438,1.1542462998489211,-0.6778085951900592,0.42570021012889675
-0.4217015450916506,-0.49338584670339275,-0.620796175907458,0.42570021012889675
0.7522711814182953,-0.6952447504423747,-0.008111734635168974,0.42570021012889675
0.5648756822024895,-0.3746502741146525,0.2931210705711784,0.42570021012889675
0.5152209529063,-0.07186191850617966,0.45905521348076556,0.42570021012889675
-0.603277933619462,-0.49338584670339275,-0.2633976194138557,0.42570021012889675
0.8904295727880246,-0.47449896133361724,-1.1798674708616916,0.42570021012889675
1.0264476768691868,-0.5943152985728836,-0.6676002703134429,0.42570021012889675
-0.1414696291871692,-0.49338584670339275,-0.3272190906085272,0.42570021012889675
-0.4638144978613917,0.08015035149031698,-0.8054515375794026,0.42570021012889675
0.2904628769860025,-0.8387045728631306,-0.5357008809812289,0.42570021012889675
-0.1264410742153499,-0.1217085522486648,-0.801195090636532,0.42570021012889675
0.11037284453104985,-0.1217085522486648,-0.6948259719787461,0.42570021012889675
0.23350268092895987,-0.1217085522486648,-0.6948259719787461,0.42570021012889675
1.0056000112093728,-0.6952447504423747,-0.5357008809812289,0.42570021012889675
-0.5027184287198198,-0.6561041684410628,-0.06172488095322417,0.42570021012889675
0.21093234943069195,-0.17279137037567072,0.41650756601765115,0.42570021012889675
0.3925087379585033,-0.3746502741146525,0.01656136206093441,0.42570021012889675
0.6112663915062885,-0.49338584670339275,-0.6250526228503285,0.42570021012889675
0.291949233058861,-0.7570336203105539,-0.18511137639969688,0.42570021012889675
-0.24784824477480585,-0.2915269429644108,-0.05491582904115366,0.42570021012889675
-0.5656790471493744,-0.020779100379174048,-0.6395173946698153,0.42570021012889675
-0.07399494445796084,-0.49338584670339275,-0.22084997195074121,0.42570021012889675
0.4943732872464861,-0.7570336203105539,0.25738247502013434,0.42570021012889675
0.52745810741692,-0.4755797259841432,-0.15362922779152333,0.42570021012889675
1.1929955104251786,-0.08966803922542899,0.12803569065712025,0.42570021012889675
1.0702832954773818,-0.2303809076884873,0.21483482755701985,0.42570021012889675
0.4045645807846054,-0.5943152985728836,-0.7314217415081147,0.42570021012889675
0.35490985148841586,-0.6561041684410628,-0.10427252841633866,0.42570021012889675
0.17333346296060462,-0.2303809076884873,0.2956736755403783,0.42570021012889675
-0.2613904436737666,-0.020779100379174048,-0.8522556319853876,0.42570021012889675
1.2200799082231002,-0.5943152985728836,-0.07193320582984046,0.42570021012889675
0.0025078728705546873,-0.5943152985728836,-0.6250526228503285,0.42570021012889675
-0.5358032488902537,-0.49338584670339275,-0.20383259516205418,0.42570021012889675
-0.3619499485734086,0.08015035149031698,-0.5969697472067008,0.42570021012889675
-0.2012212257054112,0.08015035149031698,-0.6565347714585019,0.42570021012889675
-0.2315146454146455,1.1664630856153113,-0.20383259516205418,0.42570021012889675
-0.5312891825906001,0.38293870709878974,-0.8692730087740744,0.42570021012889675
0.4464412237887509,0.08015035149031698,-0.5288918290691588,0.42570021012889675
0.2395031033014722,-0.33131035955797833,0.08293543822480608,0.42570021012889675
-0.23109702396453227,0.18107980335980797,-0.9926595042205473,0.42570021012889675
-0.7694081457253404,0.18107980335980797,-0.6820650421329297,0.42570021012889675
-0.4638144978613917,0.08015035149031698,-0.7629038901162882,0.42570021012889675
-0.4936902961205125,-0.33131035955797833,-0.3382845894634681,0.42570021012889675
-0.23109702396453227,0.18107980335980797,-0.7160997957103032,0.42570021012889675
-0.7694081457253404,0.18107980335980797,-0.5331482760120291,0.42570021012889675
-0.4638144978613917,0.08015035149031698,-0.6778085951900592,0.42570021012889675
-0.4936902961205125,-0.33131035955797833,-0.16809399961101038,0.42570021012889675
0.36263293969938215,-0.4322398114274691,-0.5510228267790404,0.42570021012889675
0.6383507893042101,-0.17279137037567072,0.19951288175920867,0.42570021012889675
-0.5656790471493744,-0.1217085522486648,-0.5927133002638304,0.42570021012889675
0.78060562552348,-0.02852200394950551,-0.07023777483896491,0.42570021012889675
-0.603277933619462,-0.49338584670339275,-0.5399573279240997,0.42570021012889675
-0.32886512840297494,-0.17279137037567072,0.8717623472832988,0.42570021012889675
-0.5358032488902537,-0.49338584670339275,-0.18255877143049692,0.42570021012889675
-0.32886512840297494,-0.17279137037567072,0.9355838184779706,0.42570021012889675
0.6581297203412787,0.08015035149031698,-1.009676881009234,0.42570021012889675
0.8528306863179375,1.0655336337458203,-0.476135856729428,0.42570021012889675
-0.256876377374113,-0.8387045728631306,-0.37402318501451215,0.42570021012889675
0.23350268092895987,0.08015035149031698,-0.5331482760120291,0.42570021012889675
0.4763170220478718,-0.33131035955797833,-0.10852897535920891,0.42570021012889675
0.28292110045955393,-0.4322398114274691,-0.06598132789609466,0.42570021012889675
-0.26008539928542557,-0.020779100379174048,-0.809707984522273,0.42570021012889675
-0.21797244651568473,-0.8387045728631306,-0.14426757091025297,0.42570021012889675
0.13163813164097704,-0.2737208222451614,0.15696523429609419,0.42570021012889675
-0.16534500507377797,-0.39245639483390177,0.25142218610359324,0.42570021012889675
1.029893008546095,1.658893559196376,0.09655354204894673,0.42570021012889675
-0.24333417847515226,-0.39245639483390177,-0.22084997195074121,0.42570021012889675
0.812204089621055,0.02906753336331132,0.36970347161166645,0.42570021012889675
0.2141413713420047,-0.02852200394950551,0.22759575740283633,0.42570021012889675
0.9744191685619109,-0.749103779812676,-0.9884030572776767,-1.082890652866347
0.07449662389941665,-0.39245639483390177,-0.3527493612829549,0.42570021012889675
0.4045645807846054,-0.020779100379174048,-0.7841777138478454,0.42570021012889675
0.7507298272643589,-0.22263800411815585,-0.618243570938258,0.42570021012889675
0.17072337418392305,-0.6561041684410628,-0.2106416470741249,0.42570021012889675
-0.030395635615361256,-0.6340987151664509,-0.3553019662521546,-1.082890652866347
0.23350268092895987,-0.4244969078571377,-0.9884030572776767,0.42570021012889675
-0.37507452602225616,-0.32356745598764663,-1.0564809754152187,0.42570021012889675
0.09897093292065673,-0.8971036541813563,-1.148385322253518,0.42570021012889675
0.3218250313179822,-0.39245639483390177,0.05145328961663257,0.42570021012889675
-0.255571332985772,-0.7961742023118653,-0.45060558605499995,0.42570021012889675
-0.2613904436737666,-0.22263800411815585,-0.9118206562371887,0.42570021012889675
0.3398812965165965,0.7505284923709574,-0.924581586083005,0.42570021012889675
0.6581297203412787,-0.32356745598764663,-0.7160997957103032,0.42570021012889675
0.4887904863240872,-0.32356745598764663,-0.8437427380996465,0.42570021012889675
-0.4638144978613917,-0.5254263597266285,-0.6778085951900592,0.42570021012889675
0.3218250313179822,-0.39245639483390177,0.276952456778021,0.42570021012889675
0.6443512116767224,-0.7961742023118653,-0.6037787991187712,0.42570021012889675
-0.2613904436737666,-0.22263800411815585,-0.6310045007840742,0.42570021012889675
0.10585877823139629,-0.49338584670339275,-0.4378446562091837,0.42570021012889675
0.5934464360732696,-0.32356745598764663,-0.6948259719787461,0.42570021012889675
-0.7350182811665659,-0.4244969078571377,-0.6352609477269447,0.42570021012889675
0.07449662389941665,-0.1217085522486648,-0.5714394765322731,0.42570021012889675
-0.4638144978613917,-0.22263800411815585,-0.7203562426531737,0.42570021012889675
-0.03188199168822,-0.1217085522486648,-0.8224689143680893,0.42570021012889675
0.5141522182835548,-0.32356745598764663,-1.077754799146776,0.42570021012889675
0.3701747162258309,-0.020779100379174048,-0.8650165618312039,0.42570021012889675
0.03577400472550633,-0.7350281670359419,-0.03619461027879639,0.42570021012889675
0.6551020101144837,-0.33131035955797833,-0.3127543187890404,0.42570021012889675
-0.6675435964373575,-0.1217085522486648,-0.8054515375794026,0.42570021012889675
0.07449662389941665,-0.22263800411815585,-0.8862903855627611,0.42570021012889675
1.839589225296595,-0.9980331060508473,-0.680361200159259,0.42570021012889675
-0.34519872776313515,-0.7961742023118653,-0.5995223521759007,0.42570021012889675
0.9533901912175794,-0.22263800411815585,-0.9501118567574328,0.42570021012889675
0.566362038275348,-0.6561041684410628,-0.05746843401035364,0.42570021012889675
-0.15952589438578355,0.28200925522929876,-0.7926906077335861,0.42570021012889675
0.7460344492801875,0.23092643710229313,0.833471146763055,0.42570021012889675
0.3800902717633656,0.01126141264406185,0.17058333812023474,0.42570021012889675
-0.04091012428752716,-0.4322398114274691,-0.06172488095322417,0.42570021012889675
-0.15952589438578355,-0.22263800411815585,-0.6139871239953875,0.42570021012889675
-0.8070070321954278,-0.8971036541813563,-0.620796175907458,0.42570021012889675
0.5906550356120702,-0.1217085522486648,-0.6990824189216164,0.42570021012889675
-0.489176229820859,-0.6952447504423747,-0.1783023244876267,0.42570021012889675
-0.6643345745260447,0.07240744791998548,0.350982252849309,0.42570021012889675
0.24271212521278504,-0.6774386297231252,-0.04726010913373709,0.42570021012889675
1.0462266079062552,-0.020779100379174048,-0.6990824189216164,0.42570021012889675
-0.0273679253885664,-0.5254263597266285,-1.0139333279521043,0.42570021012889675
-0.23020960102630472,-1.199892009789829,-0.1783023244876267,0.42570021012889675
1.3191530570498837,-0.2303809076884873,-0.08299870468478142,0.42570021012889675
0.2990733881351964,0.07240744791998548,0.35523869979217954,0.42570021012889675
-0.5656790471493744,0.48386815896828056,-0.3289229325821978,0.42570021012889675
-0.9387473797425318,-0.1217085522486648,-1.0394635986265321,0.42570021012889675
0.20493192705817978,-0.4244969078571377,-0.9884030572776767,0.42570021012889675
0.2782257224753825,0.48386815896828056,0.07102327137451918,0.42570021012889675
0.6037796130609179,-0.08966803922542899,-0.06342872292689473,0.42570021012889675
1.0236562764079873,-0.19059749109491997,0.468416870362036,0.42570021012889675
-0.21024935830471836,-0.5765091778536342,0.2292995993765069,0.42570021012889675
0.1795701950987123,-0.33131035955797833,0.4020427941981646,0.42570021012889675
-0.0576613450978005,0.08015035149031698,-0.4310356042971133,0.42570021012889675
-0.16273491629709635,0.1733368997894763,0.6871069856113543,0.42570021012889675
-0.36646401487306224,-0.02852200394950551,-0.07023777483896491,0.42570021012889675
-0.03960507989918616,-0.39245639483390177,0.025923018942204796,0.42570021012889675
0.2977683437468556,-0.5331692632969601,0.2318522043457066,0.42570021012889675
-0.2315146454146455,-0.33131035955797833,0.12548308568792058,0.42570021012889675
0.4430508901929204,0.02906753336331132,0.7441194048939556,0.42570021012889675
-0.2645994655850792,-0.2303809076884873,0.589250760839309,0.42570021012889675
-0.2645994655850792,-0.19059749109491997,-0.06342872292689473,0.42570021012889675
1.1285485359227652,0.01126141264406185,0.23014836237203598,0.42570021012889675
-0.26008539928542557,0.18107980335980797,-0.23957119071309826,0.42570021012889675
0.12973415411800504,-0.1294514558189963,0.4573513715070951,0.42570021012889675
0.34718676327744963,0.02906753336331132,0.8930361710148561,0.42570021012889675
0.6469613004534039,-0.02852200394950551,0.819006374943568,0.42570021012889675
0.9248194373467994,-0.33131035955797833,0.42331661792972186,0.42570021012889675
0.8229548880588163,-0.2303809076884873,0.6956198794970954,0.42570021012889675
0.24211319207815377,-0.2915269429644108,0.40459539916736426,0.42570021012889675
0.11037284453104985,0.12999698523280215,0.6590241099677266,0.42570021012889675
-0.06087036700911334,0.1733368997894763,0.9806840709102848,0.42570021012889675
-0.25236231107445944,-0.33131035955797833,0.3169474992719356,0.42570021012889675
0.1972088388472134,-0.02852200394950551,0.5424466664333241,0.42570021012889675
0.34718676327744963,0.12999698523280215,0.8760187942261696,0.42570021012889675
1.061073851193557,0.07240744791998548,0.9423928703900409,0.42570021012889675
0.1849716843365934,0.3318558889717839,0.8887797240719856,-1.082890652866347
0.5509158618534155,0.23092643710229313,1.0376964901928865,0.42570021012889675
-0.2645994655850792,-0.02852200394950551,0.580737866953568,0.42570021012889675
0.959209301905574,-0.02852200394950551,0.5424466664333241,0.42570021012889675
0.2691975898760754,-0.02852200394950551,0.8360237517322547,0.42570021012889675
0.5150396412217823,0.39241356009347855,0.8632494533975578,0.42570021012889675
-0.15049776178647636,-0.02852200394950551,0.37651252352373676,0.42570021012889675
-0.16273491629709635,0.07240744791998548,0.6913634325542245,0.42570021012889675
0.917096349135833,-0.02852200394950551,0.5467031133761948,0.42570021012889675
0.8089950677097422,0.12999698523280215,1.0589703139244435,0.42570021012889675
0.2990733881351964,0.07240744791998548,0.6062681376279958,0.42570021012889675
0.5272767957324023,0.12999698523280215,0.4930899670581394,0.42570021012889675
0.4490513125654325,0.23092643710229313,1.2717085512400157,0.42570021012889675
0.5541248837647283,0.01126141264406185,0.43863015274473777,0.42570021012889675
0.4490513125654325,0.02906753336331132,0.5952026387730548,0.42570021012889675
-0.5358032488902537,-0.08966803922542899,0.7364636849865388,-1.082890652866347
-0.0065202597287524755,-0.2523863609630992,0.33396487606062236,0.42570021012889675
-0.26008539928542557,0.08015035149031698,-0.26510146138752605,0.42570021012889675
0.5150396412217823,0.3318558889717839,0.8036844291457568,0.42570021012889675
0.7999669351104349,0.07240744791998548,0.4148037240439808,0.42570021012889675
0.9261244817351401,-0.08966803922542899,0.25142218610359324,0.42570021012889675
0.2064182831310383,-0.1294514558189963,0.5849943138964385,0.42570021012889675
0.5242490855056072,-0.2303809076884873,0.3977863472552941,0.42570021012889675
0.7370063166808802,0.01126141264406185,0.16632689117736446,0.42570021012889675
0.5794866157241956,-0.02852200394950551,0.8147499280006976,0.42570021012889675
0.41014738170700443,-0.33131035955797833,0.4998990189702095,0.42570021012889675
-0.06087036700911334,0.07240744791998548,0.7764587274804535,0.42570021012889675
-0.2645994655850792,-0.02852200394950551,0.6275419613595531,0.42570021012889675
-0.10838480901673553,-0.33131035955797833,0.2743998518088211,0.42570021012889675
0.3141019431070157,0.38293870709878974,-0.15873234272974004,0.42570021012889675
0.05323133678948951,0.07240744791998548,0.6445593381482397,0.42570021012889675
0.25435034658877376,-0.2915269429644108,0.25567863304646377,0.42570021012889675
0.9529725697674661,0.07240744791998548,0.8360237517322547,0.42570021012889675
-0.29898933014385387,-0.02852200394950551,0.350982252849309,0.42570021012889675
0.6858652313118322,0.18107980335980797,-0.031089400340396534,0.42570021012889675
0.5870283922506442,0.1733368997894763,1.0657793658365138,0.42570021012889675
0.1972088388472134,0.1733368997894763,0.8998452229269264,0.42570021012889675
0.8601361530787904,-0.2915269429644108,0.085488043194006,0.42570021012889675
0.6858652313118322,-0.07186191850617966,1.1270482320619857,0.42570021012889675
0.1972088388472134,-0.17279137037567072,0.9823879128839555,0.42570021012889675
0.05323133678948951,-0.02852200394950551,0.8360237517322547,0.42570021012889675
1.6189275942258383,-0.08966803922542899,0.23014836237203598,0.42570021012889675
0.6559894330527111,-0.1294514558189963,0.6275419613595531,0.42570021012889675
0.34718676327744963,-0.2737208222451614,0.7100846513165822,0.42570021012889675
0.16733304058809254,-0.07186191850617966,0.7909234992999407,0.42570021012889675
0.845107598106971,0.1733368997894763,0.857297575463812,0.42570021012889675
0.5541248837647283,-0.02852200394950551,0.5849943138964385,0.42570021012889675
0.2751980122485876,0.07240744791998548,0.22333931045996555,0.42570021012889675
0.11037284453104985,-0.020779100379174048,-0.3629576861595713,-1.082890652866347
0.1972088388472134,-0.02852200394950551,0.26588695792308004,0.42570021012889675
0.28143474438669536,-0.1294514558189963,0.819006374943568,0.42570021012889675
0.3411863409049373,0.12999698523280215,0.7271020281052688,0.42570021012889675
-0.09074616526823438,-0.1294514558189963,0.819006374943568,0.42570021012889675
0.5840006820238491,0.23092643710229313,0.8930361710148561,0.42570021012889675
0.2691975898760754,-0.07186191850617966,0.7653932286255126,0.42570021012889675
-0.06087036700911334,0.1733368997894763,0.7466720098631553,0.42570021012889675
0.1972088388472134,0.1733368997894763,0.8147499280006976,0.42570021012889675
1.4568938269695,-0.2303809076884873,0.44033399471840856,0.42570021012889675
0.5150396412217823,0.23092643710229313,1.1270482320619857,0.42570021012889675
-0.29447526384420025,0.12999698523280215,0.8504885235517415,0.42570021012889675
0.731005894308368,0.23092643710229313,0.8717623472832988,0.42570021012889675
0.832870443596351,0.3318558889717839,0.0548525625811784,-1.082890652866347
0.41317509193379925,-0.17279137037567072,0.6845543806421545,0.42570021012889675
0.5449154394809032,0.3318558889717839,0.7568887457225669,-1.082890652866347
0.8388708659688632,0.07240744791998548,0.6913634325542245,0.42570021012889675
0.9529725697674661,-0.2303809076884873,0.16377428620816456,-1.082890652866347
-0.04863321249849332,-0.1294514558189963,0.18079166299685104,-1.082890652866347
0.07449662389941665,-0.22263800411815585,-0.6352609477269447,-1.082890652866347
0.785356001588729,-0.2303809076884873,0.05740516755037833,-1.082890652866347
0.3113105426458164,-0.07186191850617966,0.36970347161166645,-1.082890652866347
-0.4683285641610453,-0.1294514558189963,0.2871607816546373,-1.082890652866347
0.9729328124890526,0.3318558889717839,1.07598769071313,-1.082890652866347
0.03559269304098837,-0.17279137037567072,0.15696523429609419,-1.082890652866347
0.09855331147054314,0.08015035149031698,-0.618243570938258,-1.082890652866347
0.1374572423289714,-0.07186191850617966,0.13994785750740715,-1.082890652866347
0.24271212521278504,0.18107980335980797,-0.8479991850425171,-1.082890652866347
1.659317881157125,-0.2303809076884873,0.2531260280772638,-1.082890652866347
1.1888990655756384,-0.33131035955797833,-0.08299870468478142,-1.082890652866347
0.36263293969938215,-0.2303809076884873,-0.06598132789609466,-1.082890652866347
0.8022885340835204,-0.2303809076884873,-0.29573694200035366,-1.082890652866347
0.07770564581072947,-0.1294514558189963,-0.06598132789609466,-1.082890652866347
0.8633451749901031,-0.07186191850617966,0.4930899670581394,-1.082890652866347
0.1374572423289714,-0.3746502741146525,0.13994785750740715,-1.082890652866347
-0.25236231107445944,-0.02852200394950551,0.2871607816546373,-1.082890652866347
-0.2645994655850792,-0.02852200394950551,0.16377428620816456,-1.082890652866347
0.653615654041625,-0.2303809076884873,-0.06598132789609466,-1.082890652866347
-0.3121139075927014,-0.4755797259841432,-0.21319425204332454,-1.082890652866347
-0.25236231107445944,-0.1294514558189963,0.16377428620816456,-1.082890652866347
0.09534428955923058,-0.19059749109491997,-0.04215489919533749,-1.082890652866347
0.09534428955923058,-0.02852200394950551,0.2871607816546373,-1.082890652866347
-0.5701931134490281,-0.5331692632969601,-0.4361408142355134,-1.082890652866347
0.2691975898760754,-0.9802269853315978,-0.3876328778558575,-1.082890652866347
0.4223845362176242,-0.8359576189054329,-0.7892829237862452,-1.082890652866347
0.2485312359007794,-0.6340987151664509,-0.559527309681986,-1.082890652866347
-0.04863321249849332,-0.17279137037567072,0.2463169761651934,-1.082890652866347
0.1972088388472134,-0.1294514558189963,0.16377428620816456,-1.082890652866347
0.1972088388472134,-0.1294514558189963,0.16377428620816456,-1.082890652866347
-0.3121139075927014,-0.4322398114274691,-0.3127543187890404,-1.082890652866347
0.6772547201626383,-0.5765091778536342,-0.3535981242784843,-1.082890652866347
0.5186662845832083,-0.9980331060508473,-1.1356159814249065,-1.082890652866347
0.4430508901929204,-0.3746502741146525,-0.00045601472775230284,-1.082890652866347
0.3067964763461628,-0.17279137037567072,0.2463169761651934,-1.082890652866347
0.5487233945268472,-0.7350281670359419,-0.6829138051284591,-1.082890652866347
0.611502701271884,-0.8359576189054329,-0.6999311819171457,-1.082890652866347
1.2531647283935339,-0.4322398114274691,-0.3127543187890404,-1.082890652866347
0.8334693767309821,-0.33131035955797833,-0.08299870468478142,-1.082890652866347
-0.25236231107445944,-0.5331692632969601,-0.32977169557772706,-1.082890652866347
-0.6598205082263912,-0.6340987151664509,-0.559527309681986,-1.082890652866347
-0.24463922286349307,-0.6952447504423747,-0.6590873764277019,-1.082890652866347
0.13424822041765863,0.08015035149031698,-0.7246126895960443,-1.082890652866347
0.4703165996753596,-0.6263558115961193,-1.375579920405782,-1.082890652866347
0.566362038275348,-0.02852200394950551,0.2871607816546373,-1.082890652866347
0.4254122464444192,-0.3746502741146525,0.2463169761651934,-1.082890652866347
-0.4593004315617381,-0.7961742023118653,-0.7654564950854881,-1.082890652866347
0.05323133678948951,-0.49338584670339275,-0.18255877143049692,-1.082890652866347
-0.6000689117081492,-0.3746502741146525,0.12293048071872065,-1.082890652866347
0.014926339065692407,-0.02852200394950551,0.16377428620816456,-1.082890652866347
-0.3963398131321833,0.12999698523280215,0.5101073438468259,-1.082890652866347
0.6084749910450892,0.23092643710229313,0.6334938392932988,-1.082890652866347
0.3113105426458164,0.23092643710229313,0.739862957951085,-1.082890652866347
0.4430508901929204,-0.07186191850617966,0.5994590857159255,-1.082890652866347
0.6110850798217707,0.08015035149031698,-0.7246126895960443,-1.082890652866347
0.653615654041625,-0.33131035955797833,0.2531260280772638,-1.082890652866347
-0.25236231107445944,-0.33131035955797833,0.48288164218152313,-1.082890652866347
0.5870283922506442,-0.2303809076884873,0.7126372562857819,-1.082890652866347
-0.6720576627370112,-0.7350281670359419,0.006353037184318085,-1.082890652866347
-0.62994470996727,-0.02852200394950551,0.07442254433906507,-1.082890652866347
-0.4982043624201662,0.23092643710229313,0.4930899670581394,-1.082890652866347
-0.15049776178647636,-0.4322398114274691,0.14675690941947783,-1.082890652866347
-0.19261071455621723,0.28200925522929876,-0.6012261941495712,-1.082890652866347
0.9748367900120245,-0.4322398114274691,-0.08299870468478142,-1.082890652866347
-0.9387473797425318,-0.22263800411815585,-1.077754799146776,-1.082890652866347
-0.803798010284115,-0.17279137037567072,-0.08980775659685158,-1.082890652866347
-0.45609140965042533,-0.1294514558189963,0.040387790761691585,-1.082890652866347
-0.07850901075761442,0.07240744791998548,0.18079166299685104,-1.082890652866347
-0.4262156113913042,-0.2303809076884873,-0.08299870468478142,-1.082890652866347
0.8511080204794833,0.12999698523280215,0.6164764625046121,-1.082890652866347
-0.5579559589384081,-0.6561041684410628,0.023370413973004833,-1.082890652866347
-0.25236231107445944,-0.9588925240495355,-0.11703345826215487,-1.082890652866347
-0.1758594937459439,-0.6952447504423747,-0.4293317623234427,-1.082890652866347
0.6039609247454355,-0.17279137037567072,0.01656136206093441,-1.082890652866347
0.6169041905097651,0.12999698523280215,0.9526011952666572,-1.082890652866347
0.09273420078254872,-0.7961742023118653,-0.3229626436656567,-1.082890652866347
0.08994280032134945,0.07240744791998548,-0.0319465743187212,-1.082890652866347
-0.4438542551398053,-0.07186191850617966,0.13994785750740715,-1.082890652866347
0.41317509193379925,-0.5765091778536342,0.10591310393003395,-1.082890652866347
-0.4982043624201662,-0.02852200394950551,0.05740516755037833,-1.082890652866347
-0.5325942269789409,-0.3746502741146525,0.2463169761651934,-1.082890652866347
0.10758144406985033,0.12999698523280215,0.6164764625046121,-1.082890652866347
0.2094459933578334,-0.07186191850617966,0.47607259026945264,-1.082890652866347
-0.03639605798787358,-0.5754284132031082,-1.1117895527241495,-1.082890652866347
1.2349271515104017,0.02906753336331132,0.8292146998201844,-1.082890652866347
0.9529725697674661,-0.07186191850617966,0.4930899670581394,-1.082890652866347
0.23932179161695447,0.02906753336331132,0.26333435295388014,-1.082890652866347
0.002689184555072388,-0.555174716571572,-0.08299870468478142,-1.082890652866347
-0.10838480901673553,-0.19059749109491997,-0.14852401785312372,-1.082890652866347
0.2990733881351964,-0.08966803922542899,0.08123159625113548,-1.082890652866347
0.7554802033296079,-0.33131035955797833,0.040387790761691585,-1.082890652866347
-0.5701931134490281,-0.5331692632969601,0.023370413973004833,-1.082890652866347
-0.1758594937459439,-0.39245639483390177,-0.39529700874606943,-1.082890652866347
0.4599834226877116,-0.6561041684410628,-0.08299870468478142,-1.082890652866347
-0.0065202597287524755,-0.2303809076884873,0.16377428620816456,-1.082890652866347
-0.6331537318785828,-0.22263800411815585,-0.9713856804889901,-1.082890652866347
1.249955706482221,-0.19059749109491997,0.18760071490892172,-1.082890652866347
0.1374572423289714,-0.07186191850617966,0.26333435295388014,-1.082890652866347
0.5753901708746553,-0.1217085522486648,-0.741630066384731,-1.082890652866347
0.4404408014162385,-0.22263800411815585,-0.5118744522804718,-1.082890652866347
-0.3619499485734086,-0.4463154242042031,-0.5118744522804718,-1.082890652866347
1.293972636774934,-0.6561041684410628,0.023370413973004833,-1.082890652866347
-0.25236231107445944,-0.5331692632969601,-0.08299870468478142,-1.082890652866347
0.16733304058809254,-0.17279137037567072,0.26333435295388014,-1.082890652866347
-0.0065202597287524755,-0.1294514558189963,0.18079166299685104,-1.082890652866347
0.5210400635942944,-0.02852200394950551,0.4105472771011103,-1.082890652866347
1.4628942493420123,0.07240744791998548,0.533933772547583,-1.082890652866347
0.6981023858224522,-0.2303809076884873,0.2871607816546373,-1.082890652866347
0.05323133678948951,-0.02852200394950551,0.4105472771011103,-1.082890652866347
0.7370063166808802,-0.02852200394950551,0.5169163957588965,-1.082890652866347
-0.25236231107445944,0.07240744791998548,0.2871607816546373,-1.082890652866347
0.4430508901929204,-0.5765091778536342,0.4930899670581394,-1.082890652866347
0.4430508901929204,-0.6774386297231252,0.5994590857159255,-1.082890652866347
1.9687194840670177,-0.2303809076884873,0.3935299003124235,-1.082890652866347
0.9263057934196578,-0.1294514558189963,0.6232855144166826,-1.082890652866347
0.2691975898760754,0.02906753336331132,0.6164764625046121,-1.082890652866347
0.28143474438669536,-0.02852200394950551,0.5169163957588965,-1.082890652866347
0.4430508901929204,-0.5765091778536342,0.4930899670581394,-1.082890652866347
0.4430508901929204,0.23092643710229313,0.5101073438468259,-1.082890652866347
0.10176233338185592,0.3318558889717839,0.739862957951085,-1.082890652866347
0.5573339056760409,-0.8359576189054329,0.27014340486595084,-1.082890652866347
0.3411863409049373,0.23092643710229313,0.6334938392932988,-1.082890652866347
1.5587583762574828,-0.6340987151664509,0.3935299003124235,-1.082890652866347
-0.25236231107445944,-0.02852200394950551,0.4105472771011103,-1.082890652866347
0.6953109853612527,-1.3406048782528874,0.12973953263079083,-1.082890652866347
-0.4683285641610453,-0.7350281670359419,0.16377428620816456,-1.082890652866347
0.11298293330773146,-0.07186191850617966,0.8462320766088713,-1.082890652866347
0.31731096501832856,-0.1294514558189963,0.3935299003124235,-1.082890652866347
0.050022314878176675,-0.49338584670339275,0.17058333812023474,-1.082890652866347
0.12522008781835145,-0.33131035955797833,0.27014340486595084,-1.082890652866347
1.6008713290272236,-0.4322398114274691,0.3935299003124235,-1.082890652866347
-0.36646401487306224,-0.6340987151664509,0.37651252352373676,-1.082890652866347
0.2990733881351964,-0.2303809076884873,0.5169163957588965,-1.082890652866347
0.5449154394809032,0.02906753336331132,0.5101073438468259,-1.082890652866347
1.2286904193722938,-0.02852200394950551,0.7296546330744688,-1.082890652866347
0.35300587396544403,-0.49338584670339275,0.17058333812023474,-1.082890652866347
0.5449154394809032,0.12999698523280215,0.739862957951085,-1.082890652866347
-0.2645994655850792,-0.1294514558189963,0.4998990189702095,-1.082890652866347
0.15509588607747252,-0.19059749109491997,0.29396983356670775,-1.082890652866347
0.5449154394809032,0.23092643710229313,0.5101073438468259,-1.082890652866347
-0.19801220379409837,-0.11223369925397608,-0.48294700983809385,0.42570021012889675
0.5761583707945722,0.39241356009347855,0.25737196284074343,-1.082890652866347
-0.19261071455621723,-0.2737208222451614,-0.4089151125702101,1.9342910731241403
1.0330970761433045,0.403124597472688,-0.77992967788777,0.42570021012889675
0.2752601009147945,-0.1217085522486648,-1.3968621551201348,0.42570021012889675
0.2977062550806486,0.05222155754608726,-0.26936211072358807,1.9342910731241403
0.8124975337387544,0.07240744791998548,0.3858699780118157,0.42570021012889675
-0.18940169264490467,-0.10926556544509809,0.11441968802957538,-1.082890652866347
-0.42758274444585204,-0.16982323656679274,-0.26936211072358807,-1.082890652866347
0.5038761756480106,0.23389457091117086,0.6079656698154668,0.42570021012889675
0.13472297621987595,0.21370868053727266,0.657320267994056,-1.082890652866347
0.5323848408525839,0.07240744791998548,0.13909698711886995,0.42570021012889675
-0.06087036700911334,0.2742663516589673,0.1254746747051252,-1.082890652866347
0.829842733369556,-0.19059749109491997,-0.04215489919533749,0.42570021012889675
-0.11111907512583101,0.23092643710229313,0.010598971947797539,0.42570021012889675
-0.17989880424338014,-0.1620803329964612,-0.8156619636526146,-1.082890652866347
0.941570658157073,0.032035667172189086,0.040387790761691585,0.42570021012889675
-0.007887392783300307,-0.3722705044600036,-0.43699168462405075,0.42570021012889675
0.8108369565665071,0.1127792286677819,0.5586110716368776,-1.082890652866347
0.4946667313641857,0.049253423737209534,0.7151856588617904,0.42570021012889675
-0.41671272298977985,-0.1496373461928945,-0.565489699795123,0.42570021012889675
0.6576500102249584,0.00888164298941311,-0.13746482258796977,-1.082890652866347
-0.4887014740186419,-0.4322398114274691,0.015710491672397006,0.42570021012889675
-0.5720350023057931,0.12052213223811337,-0.5195343745810795,0.42570021012889675
0.3316834525034131,-0.3746502741146525,-0.00045601472775230284,-1.082890652866347
0.0967114226137782,-0.03149013775838324,0.2956715743437826,-1.082890652866347
0.44168375713837243,0.1531510094155781,0.2378061834760481,-1.082890652866347
-0.6847695730498483,-0.697403340245843,0.24291770320064754,1.9342910731241403
-0.14236200643949973,0.1329651190416801,0.43522457619040494,0.42570021012889675
0.8356047097054468,-0.3437533463615448,-0.5305893612566297,-1.082890652866347
-0.08848665496135599,0.22145158410760413,-0.2974386827774285,-1.082890652866347
0.3099434095912686,-0.05167602813228145,0.6658310606832013,-1.082890652866347
0.5354125510793789,-0.2737208222451614,0.19696237798660451,1.9342910731241403
0.8781924182774049,-0.2309692718427164,-0.19021869373110478,0.42570021012889675
0.3520563623610095,-0.11223369925397608,0.09825318162942608,0.42570021012889675
0.5041696197657103,-0.3948361644885507,0.43268038220400035,-1.082890652866347
0.7380179169515216,-0.1620803329964612,-0.5935662718489634,1.9342910731241403
-0.5230913385774164,-0.10926556544509809,0.2131288843867535,-1.082890652866347
0.8184408217591627,0.5444258300899751,-0.5331566869948244,1.9342910731241403
0.6372771003673617,-0.13241958962787428,0.7151856588617904,0.42570021012889675
-0.3338539505048456,0.2742663516589673,0.1254746747051252,1.9342910731241403
0.32081343104734067,0.12999698523280215,0.28204926193003815,0.42570021012889675
0.39280218207620266,-0.13241958962787428,0.3203488734330772,0.42570021012889675
0.5761583707945722,0.10981109485890395,0.394380770700961,0.42570021012889675
0.4335480017913959,0.25111232747619133,0.03527627103709211,1.9342910731241403
0.5354125510793789,0.02906753336331132,0.7151856588617904,0.42570021012889675
0.41317509193379925,0.23092643710229313,0.4684126679688448,0.42570021012889675
0.17683592898961678,0.19352279016337445,0.4599018752796995,1.9342910731241403
0.6169041905097651,-0.09204780888007787,-0.00045601472775230284,0.42570021012889675
-0.12198909658190311,-0.31112446918408015,0.015710491672397006,-1.082890652866347
0.3316834525034131,0.1703687659805985,0.05995357012638669,1.9342910731241403
0.2094459933578334,0.3520417793456821,0.9866359488440306,0.42570021012889675
1.1833113103391366,0.07240744791998548,-0.24468481163429345,-1.082890652866347
-0.2668540215778546,-0.08133677150086842,0.0369885177971457,0.42570021012889675
-0.36830590372982713,-0.1217085522486648,-0.7169527672954364,1.9342910731241403
-0.08937903221368654,-0.19000912694069091,-0.17065291436640972,1.9342910731241403
0.5916616815686088,0.1703687659805985,0.3203488734330772,-1.082890652866347
0.7587463595930247,-0.25353493187126325,0.556066877650473,0.42570021012889675
0.0034573844749890745,0.5040540493421787,-0.32211598186672313,0.42570021012889675
-0.05000034555304115,0.5444258300899751,-0.0506656918844828,0.42570021012889675
0.47489275464122005,0.09259333829388368,0.533933772547583,0.42570021012889675
-0.11925483047280765,-0.008336113575607299,0.08974238894028076,0.42570021012889675
0.33981920785038966,0.11219086451355283,-0.5740004924842682,0.42570021012889675
0.04420320419018231,-0.04870789432340372,0.2131288843867535,-1.082890652866347
0.5797850141559981,0.011849776798290875,-0.03364410650619222,0.42570021012889675
0.0967114226137782,-0.19000912694069091,0.08974238894028076,1.9342910731241403
-0.15822084999744276,-0.08907967507120014,0.3118380807439319,1.9342910731241403
0.2909376327882198,0.09259333829388368,0.5092564734582884,0.42570021012889675
1.1819441772845887,-0.08907967507120014,0.36119267892252105,-1.082890652866347
0.0029826286727720253,-0.16982323656679274,0.2624834825653427,1.9342910731241403
-0.3619499485734086,0.26182336485540053,0.13569771415432377,0.42570021012889675
0.3520563623610095,-0.11223369925397608,0.9509036630791862,-1.082890652866347
0.4023050704777271,0.2712982178500895,1.370417747597194,0.42570021012889675
0.573073526215673,-0.21019501731458912,0.015710491672397006,1.9342910731241403
0.23391534806497039,1.820380682187561,-0.001311093705893639,-1.082890652866347
1.1912728445867244,1.6105526738410714,0.17994079260831364,-1.082890652866347
-0.3555939934169901,0.08015035149031698,-0.79098466456332,0.42570021012889675
-0.4026957682886018,0.4636822685943824,-0.24808408459883932,-1.082890652866347
-0.025526036531801227,0.5847976108377716,-0.1740521873309555,0.42570021012889675
-0.34198970585182226,0.15018287560670032,0.41905806979025556,-1.082890652866347
0.36155925076253387,0.25111232747619133,0.9866359488440306,0.42570021012889675
0.10758144406985033,-0.3140926029929578,0.1476077798080153,0.42570021012889675
0.4742938215065891,0.12999698523280215,0.8879267524868523,0.42570021012889675
0.2326103036766295,0.3425669263509934,0.38247070504726954,0.42570021012889675
0.4226779803353238,-0.512983372923062,0.05401010317543631,-1.082890652866347
0.2596947014745511,-0.6750588600684764,-0.26425059099898857,0.42570021012889675
0.44168375713837243,0.1733368997894763,1.0904566649258083,0.42570021012889675
1.120825447711799,-0.5937269344186548,-0.06937639227103672,0.42570021012889675
0.5916616815686088,0.049253423737209534,1.1236447567042482,0.42570021012889675
-0.759905257323816,0.05222155754608726,0.08974238894028076,0.42570021012889675
0.37242927221860606,-0.011304247384485025,1.1483220557935427,0.42570021012889675
0.5354125510793789,0.25111232747619133,0.5424445652367283,0.42570021012889675
0.4226779803353238,0.19055465635449673,0.9372813506654415,-1.082890652866347
1.0597067181390092,0.1329651190416801,0.5586110716368776,0.42570021012889675
0.07360424664708613,-0.5735410440447565,-0.2174401868068042,1.9342910731241403
0.13472297621987595,0.2742663516589673,1.1891658612829865,-1.082890652866347
1.2318994412836066,-0.31112446918408015,-0.4284808919349052,0.42570021012889675
0.10716382261973705,1.6509244545888677,0.7611409840758334,-1.082890652866347
0.36155925076253387,0.02906753336331132,0.41905806979025556,-1.082890652866347
1.203684220196733,0.032035667172189086,0.8683609731221571,-1.082890652866347
0.7187687397977482,0.02906753336331132,0.7288079712755352,0.42570021012889675
0.6169041905097651,0.06943931411110753,1.1236447567042482,0.42570021012889675
0.5856612591960964,0.12999698523280215,1.0989674576149537,0.42570021012889675
0.10211291185165942,-0.06889378469730194,0.9423928703900409,-1.082890652866347
-0.020124547293920103,-0.19000912694069091,0.49820148678273846,0.42570021012889675
-0.14776349567738087,-0.2737208222451614,0.4573576812932946,-1.082890652866347
0.4430508901929204,-0.11223369925397608,1.02493556034707,-1.082890652866347
-0.12739058581978427,0.10981109485890395,1.1236447567042482,-1.082890652866347
0.8138646667933024,-0.04870789432340372,0.72029717858639,1.9342910731241403
0.023830294332585693,0.4434963782204844,0.4071480041365641,0.42570021012889675
0.15509588607747252,-0.1496373461928945,-0.10767600377407599,0.42570021012889675
-0.09614765450611555,0.1703687659805985,1.2963858503293102,0.42570021012889675
1.0583395850844615,0.1329651190416801,1.164488562193692,0.42570021012889675
-0.13470100689474018,-0.2915269429644108,-0.2889278900882832,1.9342910731241403
0.51640677427633,-0.3918680306796727,-0.06937639227103672,0.42570021012889675
0.03559269304098837,0.39241356009347855,1.5184815421329614,0.42570021012889675
0.6147688575353008,-0.16982323656679274,0.48457917436899406,0.42570021012889675
0.2583275684200032,-0.10926556544509809,0.8436836740328625,0.42570021012889675
-0.12062196352735527,-0.04870789432340372,0.5228787858720331,-1.082890652866347
-0.4357184997928287,-0.31112446918408015,-0.28041709739913784,-1.082890652866347
0.00024836256367655185,-0.008336113575607299,0.5092564734582884,0.42570021012889675
0.39909604856641434,0.18107980335980797,-0.06172067856003268,1.9342910731241403
-0.13012485192887976,0.1329651190416801,0.657320267994056,0.42570021012889675
0.012485517074296274,0.19352279016337445,0.657320267994056,0.42570021012889675
0.15372875302292466,0.1329651190416801,0.3118380807439319,1.9342910731241403
-0.21749769071346745,-0.10926556544509809,-0.18170790104195947,-1.082890652866347
0.2008926165607435,-0.2511551622166146,0.16888580593276373,-1.082890652866347
-0.19261071455621723,-0.07186191850617966,0.556066877650473,0.42570021012889675
0.5136725081672344,0.02906753336331132,1.2470312521507212,-1.082890652866347
0.5245425296233065,-0.05167602813228145,0.8768717658113024,0.42570021012889675
0.0029826286727720253,-0.008336113575607299,0.18845158529745917,-1.082890652866347
-0.3745997702200388,0.09259333829388368,0.8930382722114517,0.42570021012889675
-0.25236231107445944,-0.008336113575607299,0.8436836740328625,0.42570021012889675
-0.5905660233066247,-0.04870789432340372,0.5969106831399169,-1.082890652866347
-0.20074646990319409,-0.008336113575607299,0.2871607816546373,1.9342910731241403
-0.36646401487306224,-0.10926556544509809,0.8436836740328625,0.42570021012889675
0.26153659033131604,-0.11223369925397608,0.9755809621684808,-1.082890652866347
-0.2645994655850792,-0.6340987151664509,0.300783094068382,0.42570021012889675
1.0094580100222916,0.2742663516589673,0.3118380807439319,-1.082890652866347
-0.32298392904877354,0.09259333829388368,0.5092564734582884,-1.082890652866347
-0.7535493021673974,-0.02852200394950551,0.43522457619040494,1.9342910731241403
0.17683592898961678,-0.16982323656679274,0.5475560849613278,1.9342910731241403
-0.07850901075761442,0.25408046128506906,0.657320267994056,0.42570021012889675
-0.1518648948410242,0.43278534084127496,0.9866359488440306,-1.082890652866347
0.1374572423289714,-0.11223369925397608,0.9262263639898917,0.42570021012889675
0.9890851001646949,0.31166999859788574,1.5184815421329614,-1.082890652866347
-0.6000689117081492,-0.011304247384485025,0.9755809621684808,-1.082890652866347
0.7432430488189882,0.01003021389757719,0.657320267994056,0.42570021012889675
0.3805650275655827,0.21370868053727266,0.3365153798332265,0.42570021012889675
0.9623562351506797,0.1608939129859098,-0.13575257582791647,0.42570021012889675
1.3462945891999094,0.25408046128506906,0.657320267994056,-1.082890652866347
1.3571646106559812,-0.011304247384485025,0.024221284361542274,-1.082890652866347
0.6138193459308662,0.019592680368622373,-0.012366080381443453,0.42570021012889675
-0.5529671368365374,-0.13241958962787428,-0.00045601472775230284,1.9342910731241403
0.8904867071401287,-0.011304247384485025,0.7534852703648296,0.42570021012889675
0.1792146623148061,0.07181908376575641,0.22929539078690278,-1.082890652866347
-0.20348073601228958,-0.2909385788101819,0.5475560849613278,1.9342910731241403
-0.5701931134490281,-0.1294514558189963,0.16377428620816456,-1.082890652866347
0.013852650128844143,-0.2707526884362837,-0.7135534943308902,-1.082890652866347
0.17546879593506917,-0.2511551622166146,-0.461668983713345,0.42570021012889675
-0.009254525837847952,-0.008336113575607299,0.657320267994056,0.42570021012889675
-0.5389501821353594,-0.6946563862881455,0.05401010317543631,1.9342910731241403
0.1333558431653281,0.1733368997894763,0.3365153798332265,0.42570021012889675
0.37242927221860606,0.15018287560670032,1.3457404485078996,1.9342910731241403
-0.6064248668645678,-0.1418944426225631,-0.555266660345924,1.9342910731241403
-0.07037325541063777,0.049253423737209534,1.0496128594363647,-1.082890652866347
-0.4593004315617381,1.6711103449627658,-0.1408640955525156,1.9342910731241403
0.09397715650468275,0.1329651190416801,0.16377428620816456,0.42570021012889675
0.1501691526418085,0.12999698523280215,1.1483220557935427,-1.082890652866347
0.13609010927442358,-0.1496373461928945,-0.03364410650619222,0.42570021012889675
1.862753535615391,0.039778570742520565,-0.5059120621673351,-1.082890652866347
0.13472297621987595,0.05222155754608726,0.2871607816546373,0.42570021012889675
-0.03407941332889133,-0.45301406595559635,0.14420850684346917,-1.082890652866347
1.1910915329022067,0.2712982178500895,1.3950950466864886,-1.082890652866347
0.9227412387244387,-0.513571737077291,0.11953120775417451,0.42570021012889675
0.13609010927442358,0.05222155754608726,0.4599018752796995,0.42570021012889675
0.03559269304098837,0.3722276697195803,1.5184815421329614,0.42570021012889675
0.22168314786845333,0.29148410822398774,0.9866359488440306,0.42570021012889675
0.15646301913202018,0.032035667172189086,0.6956198794970954,-1.082890652866347
0.17683592898961678,-0.5331692632969601,-0.5271900882920836,1.9342910731241403
0.42131084728077584,0.1531510094155781,0.3365153798332265,0.42570021012889675
-0.23335653427141043,-0.35446438374075423,0.19696237798660451,-1.082890652866347
-0.44795565430344864,0.2742663516589673,1.1891658612829865,-1.082890652866347
0.3180791649382453,-0.008336113575607299,0.4105472771011103,0.42570021012889675
0.17006730669718803,0.1531510094155781,0.657320267994056,-1.082890652866347
0.38253109375476146,-0.3746502741146525,0.43268038220400035,1.9342910731241403
0.05780749175535014,-0.5456122501005267,-1.0981672403104048,0.42570021012889675
-0.2836052423881281,-0.02852200394950551,0.657320267994056,-1.082890652866347
0.22168314786845333,0.23092643710229313,1.3950950466864886,0.42570021012889675
-0.4248484783367566,-0.1716427994675064,0.2131288843867535,-1.082890652866347
0.31944629799279306,0.05222155754608726,0.5092564734582884,0.42570021012889675
0.21484748259571454,0.011849776798290875,0.2624834825653427,0.42570021012889675
-0.07037325541063777,-0.5148029358237757,0.2624834825653427,-1.082890652866347
0.24609041390938335,0.09259333829388368,0.5586110716368776,-1.082890652866347
0.07360424664708613,-0.2707526884362837,-0.10767600377407599,-1.082890652866347
0.769497158030786,1.8607524629353573,-0.0506656918844828,0.42570021012889675
-0.007887392783300307,0.032035667172189086,-0.24468481163429345,-1.082890652866347
0.04550824857852309,-0.37168214030577446,-0.1323533028633703,-1.082890652866347
0.22708463710633445,-0.1496373461928945,0.18845158529745917,0.42570021012889675
0.832870443596351,0.29148410822398774,1.4444496448650777,-1.082890652866347
-0.2573511331763301,-0.21019501731458912,-0.0583214055954868,0.42570021012889675
0.15967204104333296,0.3722276697195803,1.4444496448650777,0.42570021012889675
-0.5090743838762383,-0.9570729611488219,-0.9960587709886806,1.9342910731241403
-0.11111907512583101,0.1329651190416801,0.9670701694793357,1.9342910731241403
-0.11337363111860621,1.679079449570274,0.4071480041365641,0.42570021012889675
-0.1382606072758564,-0.011304247384485025,0.7645402570403795,0.42570021012889675
0.9564750357964784,0.21370868053727266,1.0904566649258083,0.42570021012889675
-0.272735220932056,-0.06889378469730194,0.5722333840506223,-1.082890652866347
-0.04049745715151668,0.1127792286677819,0.9423928703900409,-1.082890652866347
-0.2632323325305315,-0.33131035955797833,0.18845158529745917,0.42570021012889675
0.486530976017209,0.08962520448500573,1.4691269439543724,1.9342910731241403
-0.3307070172597399,-0.20408473971742494,-0.07534299097377745,-1.082890652866347
-0.4370856328473763,-0.08907967507120014,0.7943290758542734,-1.082890652866347
-0.43435136673828084,-0.2303809076884873,-0.008966807416897607,0.42570021012889675
-0.12062196352735527,-0.2707526884362837,0.015710491672397006,-1.082890652866347
-0.8146680317401872,-0.4322398114274691,-0.2310624992205487,0.42570021012889675
0.21621461565026243,0.1733368997894763,1.041102066747219,0.42570021012889675
1.035294497783976,-0.0005932100052758368,0.08634311597573463,0.42570021012889675
-0.3899838579757646,-0.2737208222451614,0.270994275254488,1.9342910731241403
0.5712887717110121,-0.11223369925397608,0.7041306721862406,-1.082890652866347
-0.3899838579757646,-0.07186191850617966,1.197676653972132,1.9342910731241403
-0.42758274444585204,-0.04870789432340372,-0.5901669988844175,0.42570021012889675
1.2304130852107482,-0.3918680306796727,0.029332804086141733,0.42570021012889675
0.2990733881351964,0.09259333829388368,0.48457917436899406,-1.082890652866347
0.5948707034799213,-0.2303809076884873,-0.1323533028633703,0.42570021012889675
0.21621461565026243,0.011849776798290875,0.2378061834760481,1.9342910731241403
-0.06900612235608992,-0.21019501731458912,-0.008966807416897607,0.42570021012889675
-0.313481040647249,0.09259333829388368,0.5832883707261721,-1.082890652866347
0.9795822117631706,-0.47261159217526555,-0.0583214055954868,0.42570021012889675
0.18770595044568913,0.10981109485890395,0.8028398685434187,1.9342910731241403
-0.4203344120371029,-1.5424637819918694,-1.7423401337806543,-1.082890652866347
0.6382315662858994,-0.9802269853315978,-0.7160976883172951,1.9342910731241403
0.1311012871725529,1.5579641073268846,0.14505516864240298,1.9342910731241403
-0.23787060057106404,-0.33131035955797833,-0.36210891696762953,-1.082890652866347
0.3249719645630879,-0.49338584670339275,-0.6837646755169965,1.9342910731241403
-0.2243284016721033,-0.39245639483390177,0.03953692037315415,1.9342910731241403
0.36566064992617736,-0.5331692632969601,-0.559527309681986,1.9342910731241403
-0.011864614614529775,0.38293870709878974,-0.09236036776246388,1.9342910731241403
-0.05261043432972279,0.38293870709878974,-0.14171496594105307,1.9342910731241403
-0.43435136673828084,-0.02852200394950551,0.2131288843867535,1.9342910731241403
-0.009254525837847952,-0.07186191850617966,0.7058282043737116,1.9342910731241403
0.4187007585040942,-0.08966803922542899,0.08889151855174333,1.9342910731241403
0.6508813879325297,0.1733368997894763,0.7960266080417444,0.42570021012889675
-0.09074616526823438,0.23092643710229313,0.47607259026945264,0.42570021012889675
0.22708463710633445,-0.5943152985728836,-0.5033636595913265,0.42570021012889675
-0.3460911050154656,-0.49338584670339275,-0.6199432043223247,0.42570021012889675
0.8624527977377726,-0.07186191850617966,0.8045374007308896,0.42570021012889675
-0.20348073601228958,-0.6340987151664509,-0.28211462958660893,0.42570021012889675
0.21859334897545143,-0.1217085522486648,-1.136466851813444,1.9342910731241403
-0.6267977767221643,-0.32356745598764663,-1.4496118176736656,0.42570021012889675
-0.6064248668645678,-0.020779100379174048,-0.35615073544409653,1.9342910731241403
0.00024836256367655185,-0.4322398114274691,-0.29743447418782465,1.9342910731241403
0.2578528126177859,-0.17279137037567072,0.6394562294064357,1.9342910731241403
2.5799067797949156,-0.37168214030577446,0.12973953263079083,1.9342910731241403
0.1842034844166767,-0.4755797259841432,0.17994500119791776,1.9342910731241403
-0.2931081307896524,0.07240744791998548,0.08974238894028076,0.42570021012889675
-0.3619499485734086,-0.5254263597266285,-1.3185653999265852,1.9342910731241403
0.020621272421272912,0.23389457091117086,0.5509511493362697,0.42570021012889675
-0.5829050237618655,-0.39245639483390177,0.14505306744580723,1.9342910731241403
-0.25372944412900705,0.3318558889717839,0.7738977115284585,0.42570021012889675
0.6215374798277297,-0.1294514558189963,0.2480166095492601,0.42570021012889675
-0.4982043624201662,0.1733368997894763,0.779009231253058,0.42570021012889675
-0.3963398131321833,-0.07186191850617966,0.19696237798660451,0.42570021012889675
-0.6408147314233424,0.07240744791998548,0.2429156020040518,0.42570021012889675
-0.23198940121686282,-0.33131035955797833,0.22759575740283633,0.42570021012889675
-0.1722378046986206,0.3318558889717839,1.093005067501817,0.42570021012889675
0.5186662845832083,-0.49338584670339275,-0.4540090614127373,1.9342910731241403
0.21484748259571454,0.23092643710229313,0.6420067331790399,0.42570021012889675
-0.09074616526823438,0.23092643710229313,0.9696185720553441,0.42570021012889675
0.32354769715643616,0.39241356009347855,1.1993741861596028,0.42570021012889675
0.6758875871080904,-0.4322398114274691,-0.1808549294568266,1.9342910731241403
0.06588115843611975,0.48386815896828056,-0.0506656918844828,1.9342910731241403
0.08174000199406269,-0.1294514558189963,0.2454661057766562,0.42570021012889675
-0.24422655572748256,0.07240744791998548,0.4003368510278982,1.9342910731241403
-0.36646401487306224,-0.2303809076884873,0.3441753021338343,0.42570021012889675
0.3384520747958419,0.07240744791998548,0.5594640432220107,0.42570021012889675
0.09350240070246539,0.48386815896828056,-0.001311093705893639,1.9342910731241403
0.5388028846752095,0.28200925522929876,-0.6105836486376501,1.9342910731241403
-0.5045603175765847,-0.49338584670339275,-0.2991383161614952,1.9342910731241403
-0.272735220932056,0.1733368997894763,0.5934987967993842,0.42570021012889675
2.437296410791739,0.07240744791998548,0.657320267994056,1.9342910731241403
0.020621272421272912,0.1733368997894763,0.5237233464743712,0.42570021012889675
-0.07850901075761442,0.23389457091117086,0.533933772547583,0.42570021012889675
-0.020124547293920103,0.1733368997894763,0.7636893866518423,0.42570021012889675
0.1333558431653281,0.2712982178500895,0.41991104137538854,0.42570021012889675
-0.22385364586988618,0.1733368997894763,0.7636893866518423,0.42570021012889675
0.7120001175053193,0.07240744791998548,0.7960266080417444,0.42570021012889675
-0.25372944412900705,-0.02852200394950551,0.14675690941947783,1.9342910731241403
-0.325718195157869,0.1733368997894763,0.6232855144166826,0.42570021012889675
0.1741016628805214,0.3318558889717839,0.8887797240719856,0.42570021012889675
-0.13149198498342762,0.1127792286677819,0.42586712170232577,0.42570021012889675
-0.3791759251858993,0.12999698523280215,0.6581711383825933,0.42570021012889675
0.39280218207620266,0.1127792286677819,0.7117842847006489,0.42570021012889675
-0.007887392783300307,0.032035667172189086,0.7322051368470727,0.42570021012889675
0.6522485209870773,0.07240744791998548,0.040387790761691585,0.42570021012889675
0.07223711359253852,0.3318558889717839,1.1355527149649312,0.42570021012889675
0.024722671584916256,0.19055465635449673,0.739862957951085,0.42570021012889675
-0.2116164913592662,-0.1294514558189963,0.350982252849309,0.42570021012889675
0.6318756111294807,0.07240744791998548,0.5092564734582884,0.42570021012889675
0.0967114226137782,0.19055465635449673,0.8802668301862444,0.42570021012889675
-0.19261071455621723,0.2712982178500895,0.9696185720553441,0.42570021012889675
0.6351417673928973,-0.1294514558189963,0.18845158529745917,1.9342910731241403
0.7275655169455627,-0.16982323656679274,-0.23872242152115652,0.42570021012889675
-0.1319046521194379,-0.5337576274511889,-0.461668983713345,1.9342910731241403
-0.7802781671814127,-0.02852200394950551,0.22333931045996555,0.42570021012889675
0.6223727227279564,0.1733368997894763,0.5415936948481911,0.42570021012889675
-0.08937903221368654,0.1733368997894763,0.48457917436899406,0.42570021012889675
0.3384520747958419,0.1733368997894763,0.7636893866518423,0.42570021012889675
-0.020124547293920103,-0.08907967507120014,0.6079656698154668,0.42570021012889675
0.6382315662858994,-0.33189872371220713,-0.37742666037224953,1.9342910731241403
0.6006326798158119,0.1127792286677819,0.5977552437422547,0.42570021012889675
-0.17087067164407296,0.1733368997894763,0.5662709939374857,0.42570021012889675
-0.5185772722777627,0.1329651190416801,0.5909482930267803,0.42570021012889675
-0.007887392783300307,0.23389457091117086,0.5832883707261721,0.42570021012889675
0.3625708510331753,0.07240744791998548,0.42501415011719273,0.42570021012889675
-0.2931081307896524,-0.2909385788101819,-0.03364410650619222,1.9342910731241403
1.2929610365042927,-0.06115088112697021,-0.8479991850425171,1.9342910731241403
-0.04863321249849332,-0.1294514558189963,0.1246301141027874,0.42570021012889675
0.48979713228062566,-0.08907967507120014,-0.2659502243830553,0.42570021012889675
-0.4887014740186419,-0.02852200394950551,0.18845158529745917,0.42570021012889675
-0.16950353858952513,-0.02852200394950551,0.48457917436899406,0.42570021012889675
0.5028024867111623,0.1733368997894763,0.304178158443324,0.42570021012889675
0.045095581442512876,0.19055465635449673,0.7143326872766572,0.42570021012889675
0.10758144406985033,0.2712982178500895,0.4930899670581394,0.42570021012889675
0.32081343104734067,0.3318558889717839,0.7738977115284585,0.42570021012889675
-0.005153126674204607,0.3318558889717839,1.0504574200387025,0.42570021012889675
0.5883955253051919,0.29148410822398774,0.788364584544541,0.42570021012889675
0.10621431101530271,0.3318558889717839,0.43607544657894204,0.42570021012889675
0.5069038858748057,0.3318558889717839,0.922814477649359,0.42570021012889675
-0.007887392783300307,0.032035667172189086,0.3935299003124235,0.42570021012889675
-0.9654141560903402,-0.33131035955797833,0.2871607816546373,0.42570021012889675
-0.48596720790954623,0.1733368997894763,0.09143992112775175,0.42570021012889675
-0.4982043624201662,0.23389457091117086,0.6403028912053692,0.42570021012889675
0.947571080529585,-0.4322398114274691,-0.29573694200035366,0.42570021012889675
-0.03639605798787358,-0.5765091778536342,-0.055773003019478073,0.42570021012889675
-0.029978014165247962,0.08015035149031698,-0.3544532032566256,-1.082890652866347
-0.1436620965137374,0.23389457091117086,0.6403028912053692,0.42570021012889675
-0.7616850575143741,0.07240744791998548,0.18079166299685104,0.42570021012889675
-0.5701931134490281,0.1733368997894763,0.4599018752796995,0.42570021012889675
-0.15049776178647636,0.23389457091117086,0.42756465388979675,0.42570021012889675
0.36845205038737655,-0.1217085522486648,-0.6905779360186708,0.42570021012889675
0.38692593703610445,0.08015035149031698,-0.3544532032566256,-1.082890652866347
0.19632141590898597,0.3318558889717839,0.8632494533975578,-1.082890652866347
-0.8757867613129772,0.07240744791998548,0.2548235602647348,0.42570021012889675
0.6531980325915119,0.09200497413965462,0.49138822628106427,-1.082890652866347
-0.28223810933358034,0.032035667172189086,0.4599018752796995,0.42570021012889675
-0.5579559589384081,-0.2303809076884873,0.18079166299685104,0.42570021012889675
0.09766588853231577,0.1733368997894763,0.304178158443324,-1.082890652866347
-0.3121139075927014,-0.02852200394950551,0.304178158443324,0.42570021012889675
0.41317509193379925,0.4125994504673767,0.9372813506654415,0.42570021012889675
-0.0065202597287524755,0.1733368997894763,0.533933772547583,0.42570021012889675
0.5150396412217823,0.4125994504673767,1.0683277684125223,0.42570021012889675
-0.0875371433569216,-0.2915269429644108,0.17058333812023474,-1.082890652866347
-0.3243510621033214,-0.02852200394950551,0.36119267892252105,0.42570021012889675
1.355029277681517,0.39241356009347855,0.7568803347397716,0.42570021012889675
0.31731096501832856,0.23389457091117086,0.6403028912053692,0.42570021012889675
0.09534428955923058,0.1733368997894763,0.533933772547583,0.42570021012889675
0.1496943968395914,-0.08907967507120014,0.18079166299685104,0.42570021012889675
-0.6720576627370112,0.23389457091117086,0.42756465388979675,0.42570021012889675
-0.20252627009375193,0.01126141264406185,0.08123159625113548,-1.082890652866347
-0.09074616526823438,-0.05145484828110137,0.17228087030770575,0.42570021012889675
0.713367250559867,-0.23312786164618496,0.06676472323505293,0.42570021012889675
-0.10838480901673553,0.21370868053727266,0.3850170064266825,0.42570021012889675
0.09534428955923058,0.23389457091117086,0.5586110716368776,0.42570021012889675
0.630508478074933,0.07240744791998548,0.2548235602647348,0.42570021012889675
-0.3121139075927014,0.032035667172189086,0.22333931045996555,0.42570021012889675
0.3996328930348385,-1.4017509135288109,-0.2251064188936114,-1.082890652866347
-0.3963398131321833,-0.07164073865499958,0.08037862466600228,0.42570021012889675
0.4742938215065891,-0.112012519402796,0.07357167395052738,0.42570021012889675
-0.5701931134490281,0.23389457091117086,0.42756465388979675,0.42570021012889675
-0.3963398131321833,0.23389457091117086,0.4947896004422058,0.42570021012889675
-0.62994470996727,0.19352279016337445,0.4028873548005021,0.42570021012889675
0.3534234954155573,0.25408046128506906,0.4343716046052717,0.42570021012889675
1.031198052934436,-0.09182662902889778,0.27864998896549203,0.42570021012889675
-0.45609140965042533,0.23389457091117086,0.4947896004422058,0.42570021012889675
-0.3963398131321833,0.23389457091117086,0.4522419529790913,0.42570021012889675
-0.29447526384420025,-0.05145484828110137,0.1901512186815256,0.42570021012889675
-0.7630521905689217,0.25408046128506906,0.3850170064266825,0.42570021012889675
-0.6598205082263912,0.25408046128506906,0.42756465388979675,0.42570021012889675
-0.5688259803944805,0.1733368997894763,0.2718409370534218,0.42570021012889675
0.713367250559867,-0.112012519402796,0.03102402648741313,0.42570021012889675
0.3642935168716294,0.09200497413965462,0.25397268987619737,0.42570021012889675
-0.4370856328473763,-0.09182662902889778,0.14079662050293645,0.42570021012889675
-0.5878317571975292,0.23389457091117086,0.3850170064266825,0.42570021012889675
0.6522485209870773,-0.07164073865499958,0.12292627212911654,0.42570021012889675
-0.18577504928347852,-0.7377751209936395,-0.5118765534770674,0.42570021012889675
-0.15049776178647636,0.23389457091117086,0.4947896004422058,0.42570021012889675
0.42677937949896716,0.25408046128506906,0.5832883707261721,0.42570021012889675
-0.5470859374823359,0.21370868053727266,0.42756465388979675,0.42570021012889675
0.16329868440475911,-0.45301406595559635,-0.21489599282039937,0.42570021012889675
-0.1260234527652364,0.23389457091117086,0.4947896004422058,0.42570021012889675
-0.8445438299993082,0.23389457091117086,0.4522419529790913,0.42570021012889675
0.4797623537247801,-0.09182662902889778,0.08037862466600228,0.42570021012889675
0.10081282177742172,-0.02852200394950551,0.29737120772784925,0.42570021012889675
0.060067002062228404,0.23389457091117086,0.40969430551597713,0.42570021012889675
0.16193155135021145,0.25408046128506906,0.5832883707261721,0.42570021012889675
-0.7616850575143741,0.23389457091117086,0.4522419529790913,0.42570021012889675
0.2705647229306232,-0.05145484828110137,0.10505592375529686,0.42570021012889675
-0.12465631971068876,-0.3946149846373706,-0.05662177221142004,0.42570021012889675
0.19275686121376687,-0.38575775308250854,-0.38168100611852435,1.9342910731241403
-0.7694081457253404,0.22145158410760413,-0.37147058004531225,1.9342910731241403
0.016586916237939658,0.23389457091117086,0.6649801902946638,0.42570021012889675
0.061553358135086944,-0.13003981997322536,-0.1808612392430259,1.9342910731241403
-0.6285775769127224,0.1127792286677819,0.3960804040850277,0.42570021012889675
-0.7630521905689217,0.19352279016337445,0.3850170064266825,0.42570021012889675
-0.5878317571975292,0.23389457091117086,0.47691925206838587,0.42570021012889675
0.28006761133214747,-0.05145484828110137,0.06591175164991976,0.42570021012889675
0.06867751321142228,-0.04259761672623955,-0.2974386827774285,0.42570021012889675
-0.701933460996132,0.1531510094155781,0.4947896004422058,0.42570021012889675
-0.6408147314233424,-0.3138714231417778,0.10250541998269273,0.42570021012889675
-0.6598205082263912,0.1531510094155781,0.4028873548005021,0.42570021012889675
0.6160167675715376,0.5040540493421787,0.006348828594714223,0.42570021012889675
-0.8368828304545487,0.302195145603197,-0.2974386827774285,-1.082890652866347
-0.24012515656383945,-0.112012519402796,0.11611932141364188,0.42570021012889675
-0.29987675308208145,-0.4753585461329632,-0.26510356258412177,0.42570021012889675
0.6772547201626383,-1.2827941610888904,-0.05151235368341637,-1.082890652866347
-0.6408147314233424,0.19352279016337445,0.4028873548005021,0.42570021012889675
-0.4153455899352321,0.032035667172189086,0.4105472771011103,0.42570021012889675
-0.02320939187281898,0.07240744791998548,0.3960804040850277,-1.082890652866347
-0.21024935830471836,-0.08907967507120014,0.3756595519386036,0.42570021012889675
-0.6598205082263912,0.1531510094155781,0.4454350022636166,0.42570021012889675
-0.6675435964373575,0.22145158410760413,-0.4455024773131961,-1.082890652866347
-0.5643119140948268,-0.16982323656679274,0.008050569371789143,0.42570021012889675
0.37332164947093666,0.3520417793456821,1.1006649898024246,-1.082890652866347
-0.62994470996727,-0.04870789432340372,0.2624834825653427,0.42570021012889675
-0.1993793368486462,-0.3138714231417778,-0.12384671876382913,0.42570021012889675
0.07770564581072947,0.032035667172189086,0.36119267892252105,0.42570021012889675
-0.6408147314233424,-0.04929625847763256,0.024217075771938434,0.42570021012889675
-0.6190746885111978,0.1531510094155781,0.4028873548005021,0.42570021012889675
-0.7005663279415844,-0.2909385788101819,0.07272501215159402,0.42570021012889675
-0.6408147314233424,0.032035667172189086,0.29737120772784925,0.42570021012889675
-0.4982043624201662,-0.3946149846373706,0.02166657199933426,0.42570021012889675
-0.701933460996132,0.1127792286677819,0.310985109158799,0.42570021012889675
-0.7630521905689217,0.1531510094155781,0.4028873548005021,0.42570021012889675
-0.4370856328473763,-0.4753585461329632,0.032729969657679214,0.42570021012889675
-0.4230686781461985,-0.2303809076884873,0.44033399471840856,-1.082890652866347
-0.34335683890637014,0.1531510094155781,0.3603397073373878,0.42570021012889675
-0.3841026586215634,0.1531510094155781,0.4028873548005021,0.42570021012889675
-0.6408147314233424,-0.3138714231417778,-0.017477600106042893,0.42570021012889675
-0.6285775769127224,-0.08907967507120014,0.32630495376001445,0.42570021012889675
-0.7630521905689217,-0.08907967507120014,0.1135667164444422,0.42570021012889675
-0.6408147314233424,0.1531510094155781,0.31779205987427334,0.42570021012889675
-0.7223063708537286,-0.1294514558189963,0.10675976572896727,0.42570021012889675
-0.6815605511385354,-0.3542432038895742,-0.03875142383760014,0.42570021012889675
-0.04637370219161515,-0.21316315112346684,0.31694539807533983,-1.082890652866347
-0.6000689117081492,-0.08907967507120014,0.19866201137067097,0.42570021012889675
-0.5905660233066247,-0.19182868984140464,0.12718061787539156,0.42570021012889675
-0.5905660233066247,-0.07071334759801562,0.2752444124111589,0.42570021012889675
0.007084027836415115,-0.04870789432340372,0.46075484686483237,0.42570021012889675
-0.6000689117081492,-0.3946149846373706,-0.17320131694241833,0.42570021012889675
-0.8350409415977836,-1.3002330975050909,0.22759575740283633,0.42570021012889675
0.17006730669718803,-0.1294514558189963,0.2480166095492601,-1.082890652866347
-0.7942951218825905,-1.1791177552617018,0.04379126611942893,0.42570021012889675
-0.6408147314233424,-0.5157303268807596,-0.26510356258412177,0.42570021012889675
-0.6675435964373575,0.26182336485540053,-0.14171496594105307,-1.082890652866347
-0.5593230919929559,-0.3138714231417778,0.05315082180410354,0.42570021012889675
0.25155894612757423,0.032035667172189086,0.5952047399696506,0.42570021012889675
0.25155894612757423,-0.008336113575607299,0.5033024943279468,0.42570021012889675
-0.5185772722777627,-0.19275608089838858,0.10250541998269273,0.42570021012889675
-0.4370856328473763,-0.23312786164618496,0.1807937641934468,0.42570021012889675
-0.6408147314233424,-0.6772174498719449,-0.554424200940182,0.42570021012889675
0.03381289285043051,-0.008336113575607299,0.24120965883378545,-1.082890652866347
-0.9165325810281703,-1.4837256737708886,0.17824115922424713,0.42570021012889675
-0.7223063708537286,-0.3946149846373706,-0.08129907130071463,0.42570021012889675
0.4440053561114578,-0.4340593743281828,0.18504810993972184,-1.082890652866347
-0.4968372293656185,-0.1294514558189963,0.5101094450434215,0.42570021012889675
-1.0387700401737499,-1.3809766590006838,0.2565295034350012,-1.082890652866347
-0.7128034824522045,-0.16982323656679274,0.23440270811831077,-1.082890652866347
-0.33111968439575007,-1.4846530648278724,-0.249783717982906,0.42570021012889675
-0.6720576627370112,-0.1294514558189963,0.24120965883378545,0.42570021012889675
-0.02415890347725358,-0.1294514558189963,0.46075484686483237,0.42570021012889675
-0.4968372293656185,-0.16982323656679274,0.23440270811831077,0.42570021012889675
-0.8490578962989619,-0.2909385788101819,-0.16894697119614333,-1.082890652866347
0.13882437538351933,-0.21019501731458912,-0.49400830629984327,0.42570021012889675
-0.3555939934169901,-0.3542432038895742,-0.2719105132995964,0.42570021012889675
-0.7630521905689217,-1.2194895360094982,0.07953196286706875,0.42570021012889675
-0.7223063708537286,-0.1294514558189963,-0.0770447255544396,0.42570021012889675
-0.5375830490808116,-0.2505667980623855,0.0012436186563144307,0.42570021012889675
-1.0387700401737499,-1.3002330975050909,0.07272501215159402,0.42570021012889675
-0.6598205082263912,-0.21019501731458912,0.19185506065519622,0.42570021012889675
0.14571717500836198,-0.5859840308483232,-0.9399014306842205,1.9342910731241403
-0.35285972730789467,-0.21019501731458912,-0.04811097952227474,0.42570021012889675
-0.7942951218825905,-0.16982323656679274,-0.041304028806800064,0.42570021012889675
1.0473574311952076,-0.25353493187126325,0.2743977506122253,1.9342910731241403
0.057332735953132895,-0.08907967507120014,0.014857520087264079,0.42570021012889675
-0.3936055470230877,-0.2505667980623855,0.13569351176113262,0.42570021012889675
-0.02415890347725358,-0.1294514558189963,0.19185506065519622,0.42570021012889675
-0.47509718645347404,-0.33131035955797833,0.0012436186563144307,0.42570021012889675
-0.7318092592552531,-0.21019501731458912,0.22759575740283633,0.42570021012889675
-0.5688259803944805,-0.08907967507120014,0.28375730629689994,0.42570021012889675
-0.5593230919929559,-0.16982323656679274,-0.1332062744485035,0.42570021012889675
0.34528774006858076,0.032035667172189086,0.20546896208614562,0.42570021012889675
-0.645328797722996,-0.1294514558189963,0.0012436186563144307,0.42570021012889675
-0.45609140965042533,-0.08907967507120014,-0.03449707809132511,0.42570021012889675
-0.47783145256256954,-0.3138714231417778,-0.22255591512100756,0.42570021012889675
0.642745632585553,-0.5964738883763524,-0.6956810447604745,0.42570021012889675
-0.5593230919929559,-0.556102107628556,-0.6037787991187712,0.42570021012889675
-0.45609140965042533,-0.04870789432340372,0.09995281501349283,0.42570021012889675
0.18907308350023677,-0.2734996423939814,-0.04555837455307484,0.42570021012889675
-0.5375830490808116,-0.008336113575607299,0.021664470802738516,0.42570021012889675
-0.631311843021818,-0.1294514558189963,-0.1263993237330288,0.42570021012889675
0.2828018774412432,-0.17041160072102177,-0.17320131694241833,0.42570021012889675
0.34528774006858076,-0.08907967507120014,-0.03449707809132511,0.42570021012889675
-0.7128034824522045,-0.008336113575607299,-0.02088317666037598,0.42570021012889675
-0.6000689117081492,-0.16982323656679274,-0.04811097952227474,0.42570021012889675
0.3095307424552583,-0.3722705044600036,-0.5118765534770674,0.42570021012889675
-0.4248484783367566,0.032035667172189086,0.0710190689813277,0.42570021012889675
-0.631311843021818,-0.04870789432340372,0.05740516755037833,0.42570021012889675
-0.3841026586215634,0.07240744791998548,0.12037366715991689,0.42570021012889675
-0.3745997702200388,0.032035667172189086,0.1135667164444422,0.42570021012889675
-0.4153455899352321,-0.1294514558189963,-0.08385167626991431,0.42570021012889675
-0.1491306287319285,-0.08907967507120014,0.008050569371789143,0.42570021012889675
-0.5498202035914316,-0.04870789432340372,0.09995281501349283,0.42570021012889675
-0.13962774033040423,0.07240744791998548,0.1629213146230314,0.42570021012889675
-0.5230913385774164,0.032035667172189086,0.0710190689813277,0.42570021012889675
-0.6000689117081492,-0.23312786164618496,-0.25148966115317234,0.42570021012889675
-0.487334340964094,-0.08907967507120014,0.008050569371789143,0.42570021012889675
-0.5498202035914316,-0.04870789432340372,0.09995281501349283,0.42570021012889675
0.4675251992141602,0.032035667172189086,0.24120965883378545,0.42570021012889675
-0.5905660233066247,-0.08907967507120014,-0.03449707809132511,0.42570021012889675
-0.03805663516012081,-0.1294514558189963,-0.2114946186592578,0.42570021012889675
0.09807855566832609,-0.08907967507120014,-0.03449707809132511,0.42570021012889675
0.021220205555904054,-0.08907967507120014,-0.0770447255544396,0.42570021012889675
-0.09614765450611555,-0.1294514558189963,-0.16894697119614333,0.42570021012889675
-0.5090743838762383,-0.08907967507120014,0.008050569371789143,0.42570021012889675
-0.2618651994759837,-0.08907967507120014,-0.03449707809132511,0.42570021012889675
0.3054914319578218,0.26182336485540053,-0.5586785466864568,-1.082890652866347
-0.06763898930154229,0.1127792286677819,0.36119267892252105,0.42570021012889675
-0.12739058581978427,-0.3946149846373706,-0.4063604064044144,0.42570021012889675
0.13882437538351933,-0.08907967507120014,0.008050569371789143,0.42570021012889675
-0.803798010284115,-0.2303809076884873,-0.4914578025272392,-1.082890652866347
-1.3851095077528919,0.2742663516589673,-0.40637091858380553,-1.082890652866347
-0.36646401487306224,-0.2303809076884873,-0.4914578025272392,-1.082890652866347
-0.803798010284115,-0.2303809076884873,-0.4914578025272392,0.42570021012889675
-0.36646401487306224,-0.7350281670359419,-1.1083902797596037,0.42570021012889675
0.6151815246713109,-0.07186191850617966,-1.3109201921985596,1.9342910731241403
0.35882498465343843,0.2742663516589673,0.1254746747051252,0.42570021012889675
-0.8712726950133235,0.5847976108377716,-1.6819347575161194,-1.082890652866347
-0.8712726950133235,0.08015035149031698,-1.1500891642271889,1.9342910731241403
-0.8712726950133235,0.5847976108377716,-1.6819347575161194,-1.082890652866347
0.713367250559867,-0.5359162172546578,-0.8207734833772139,1.9342910731241403
1.7986000052306776,-0.03126895790720316,-0.2038410061448496,0.42570021012889675
1.7986000052306776,-0.03126895790720316,-0.2038410061448496,1.9342910731241403
-0.36646401487306224,-0.2303809076884873,-0.4914578025272392,0.42570021012889675
0.5693897485021432,0.2742663516589673,0.1254746747051252,-1.082890652866347
-0.8712726950133235,0.08015035149031698,-1.1500891642271889,1.9342910731241403
-0.6598205082263912,-0.2303809076884873,-0.4914578025272392,-1.082890652866347
0.35882498465343843,0.2742663516589673,0.1254746747051252,0.42570021012889675
-0.15049776178647636,0.2742663516589673,0.1254746747051252,-1.082890652866347
0.060067002062228404,0.2742663516589673,0.1254746747051252,-1.082890652866347
0.35882498465343843,0.2742663516589673,1.1891658612829865,0.42570021012889675
0.7862434245269565,-0.03126895790720316,0.32800458714408115,1.9342910731241403
0.7862434245269565,-0.5359162172546578,-0.2889278900882832,1.9342910731241403
0.5028024867111623,0.2742663516589673,0.657320267994056,0.42570021012889675
0.35882498465343843,0.2742663516589673,0.657320267994056,-1.082890652866347
0.6953109853612527,0.08015035149031698,-0.618243570938258,1.9342910731241403
-0.8712726950133235,0.08015035149031698,-0.618243570938258,1.9342910731241403
0.5693897485021432,0.2742663516589673,0.1254746747051252,-1.082890652866347
0.713367250559867,-0.5359162172546578,-0.2889278900882832,0.42570021012889675
0.7187687397977482,-0.03126895790720316,0.32800458714408115,0.42570021012889675
0.35882498465343843,-0.2303809076884873,0.5722333840506223,-1.082890652866347
0.1374572423289714,-0.03126895790720316,-0.8207734833772139,-1.082890652866347
0.2094459933578334,-1.0405634766021123,-0.9058603673206477,-1.082890652866347
1.222689996999782,-0.03126895790720316,-0.2038410061448496,0.42570021012889675
-0.6598205082263912,-0.7350281670359419,-0.5765446864706728,0.42570021012889675
0.1374572423289714,-0.5359162172546578,-0.8207734833772139,-1.082890652866347
0.060067002062228404,-0.2303809076884873,0.1254746747051252,0.42570021012889675
0.1374572423289714,-0.03126895790720316,-0.8207734833772139,-1.082890652866347
-0.15049776178647636,0.2742663516589673,0.1254746747051252,0.42570021012889675
-0.42942463330261704,0.08015035149031698,-0.001311093705893639,1.9342910731241403
-0.3619499485734086,0.5847976108377716,-0.5331566869948244,1.9342910731241403
-0.3619499485734086,0.5847976108377716,-0.5331566869948244,1.9342910731241403
0.687170275700173,-0.749103779812676,-0.618243570938258,-1.082890652866347
-0.3619499485734086,0.5847976108377716,-0.5331566869948244,1.9342910731241403
0.14737279786650614,-0.929144167204592,-0.08639797764932733,1.9342910731241403
-0.8712726950133235,0.5847976108377716,0.5305344995830371,1.9342910731241403
-0.8712726950133235,0.5847976108377716,-1.065002280283755,1.9342910731241403
-0.3619499485734086,0.5847976108377716,-0.5331566869948244,-1.082890652866347
-0.3619499485734086,0.08015035149031698,-0.001311093705893639,1.9342910731241403
0.14737279786650614,0.5847976108377716,-0.5331566869948244,1.9342910731241403
-0.8712726950133235,0.5847976108377716,-0.5331566869948244,1.9342910731241403
0.140847575924802,-0.03126895790720316,0.32800458714408115,1.9342910731241403
-0.42942463330261704,-1.2537510391601305,-0.7033304548816917,1.9342910731241403
-0.3619499485734086,0.5847976108377716,-0.5331566869948244,-1.082890652866347
-0.3619499485734086,0.08015035149031698,-0.618243570938258,1.9342910731241403
-0.3619499485734086,0.08015035149031698,-0.618243570938258,1.9342910731241403
-0.7363233255549066,-0.5359162172546578,-0.2038410061448496,1.9342910731241403
0.34979685205413125,0.08015035149031698,-0.5331566869948244,-1.082890652866347
-0.8712726950133235,0.5847976108377716,-1.065002280283755,1.9342910731241403
-0.3619499485734086,-0.4244969078571377,-0.618243570938258,-1.082890652866347
-0.8712726950133235,-0.4244969078571377,-1.1500891642271889,-1.082890652866347
-0.8712726950133235,0.5847976108377716,-1.065002280283755,1.9342910731241403
-0.8712726950133235,0.08015035149031698,-1.065002280283755,1.9342910731241403
-0.8712726950133235,-0.4244969078571377,-1.1500891642271889,-1.082890652866347
0.34979685205413125,-1.2537510391601305,-0.08639797764932733,-1.082890652866347
-0.3619499485734086,-0.4244969078571377,-0.618243570938258,-1.082890652866347
-0.8712726950133235,0.08015035149031698,-0.5331566869948244,1.9342910731241403
-0.3619499485734086,0.08015035149031698,-0.5331566869948244,1.9342910731241403
-0.8712726950133235,-0.4244969078571377,-1.1500891642271889,1.9342910731241403
-0.2270005791149919,-0.5359162172546578,0.32800458714408115,-1.082890652866347
-0.8712726950133235,0.08015035149031698,-0.5331566869948244,-1.082890652866347
-0.8712726950133235,-0.4244969078571377,-1.1500891642271889,-1.082890652866347
-0.3619499485734086,-0.929144167204592,-0.618243570938258,-1.082890652866347
-0.8712726950133235,0.5847976108377716,-1.065002280283755,1.9342910731241403
0.07989811313729778,0.5847976108377716,0.5305344995830371,-1.082890652866347
-0.3619499485734086,0.08015035149031698,-1.1500891642271889,1.9342910731241403
-0.3619499485734086,0.5847976108377716,-0.001311093705893639,-1.082890652866347
-0.3619499485734086,0.5847976108377716,-1.065002280283755,1.9342910731241403
-0.8712726950133235,0.08015035149031698,-1.065002280283755,1.9342910731241403
-0.8712726950133235,-0.4244969078571377,-1.1500891642271889,-1.082890652866347
-0.6688486408256984,-0.749103779812676,-0.618243570938258,-1.082890652866347
-0.3619499485734086,0.5847976108377716,-0.5331566869948244,-1.082890652866347
-0.8712726950133235,-0.749103779812676,-1.767021641459553,1.9342910731241403
0.41727153678333967,-0.4244969078571377,-0.618243570938258,-1.082890652866347
-1.3805954414532382,-1.2537510391601305,-1.2351760481706224,-1.082890652866347
-0.8712726950133235,0.08015035149031698,-1.1500891642271889,-1.082890652866347
-0.6688486408256984,0.5847976108377716,-0.5331566869948244,-1.082890652866347
-1.3805954414532382,0.5347955573612919,-1.852108525402987,-1.082890652866347
-0.42942463330261704,0.08015035149031698,-1.065002280283755,-1.082890652866347
-0.6688486408256984,-0.749103779812676,-1.767021641459553,-1.082890652866347
-0.15952589438578355,-0.4244969078571377,-1.767021641459553,-1.082890652866347
-0.8712726950133235,0.08015035149031698,-1.1500891642271889,-1.082890652866347
-0.42942463330261704,-0.749103779812676,-2.2988672347484838,-1.082890652866347
-0.8712726950133235,0.5847976108377716,-1.065002280283755,-1.082890652866347
-1.3805954414532382,-0.4244969078571377,-1.767021641459553,-1.082890652866347
-0.8712726950133235,0.08015035149031698,-1.1500891642271889,-1.082890652866347
-0.8712726950133235,-0.4244969078571377,-1.767021641459553,-1.082890652866347
-0.8712726950133235,0.08015035149031698,-0.618243570938258,-1.082890652866347
-1.178171387265613,0.5347955573612919,-1.852108525402987,-1.082890652866347
-1.2456460719948215,-1.0405634766021123,-0.9058603673206477,-1.082890652866347
-1.3805954414532382,-0.4244969078571377,-1.767021641459553,-1.082890652866347
-0.8712726950133235,0.5847976108377716,-0.5331566869948244,-1.082890652866347
-0.8712726950133235,-0.749103779812676,-1.767021641459553,-1.082890652866347
-0.2270005791149919,-1.545210735949567,0.24291770320064754,-1.082890652866347
-0.3619499485734086,0.5847976108377716,-0.001311093705893639,-1.082890652866347
-1.3805954414532382,0.5847976108377716,-1.1500891642271889,-1.082890652866347
-0.8712726950133235,0.08015035149031698,-2.2988672347484838,-1.082890652866347
-1.3805954414532382,0.5847976108377716,-1.065002280283755,-1.082890652866347
-0.3619499485734086,0.5847976108377716,-0.5331566869948244,-1.082890652866347
-1.3805954414532382,-0.4244969078571377,-0.618243570938258,-1.082890652866347
-0.3619499485734086,0.5847976108377716,-0.5331566869948244,-1.082890652866347
-1.3805954414532382,-0.24445652046522137,-2.2988672347484838,-1.082890652866347
-0.3619499485734086,0.5847976108377716,-1.065002280283755,-1.082890652866347
-0.09834012183268381,-0.929144167204592,-1.767021641459553,-1.082890652866347
-0.42942463330261704,-1.2537510391601305,-0.618243570938258,-1.082890652866347
-1.3805954414532382,-0.4244969078571377,-0.618243570938258,-1.082890652866347
-1.3805954414532382,-0.749103779812676,-1.767021641459553,-1.082890652866347
-1.3805954414532382,0.08015035149031698,-1.1500891642271889,-1.082890652866347
0.2823221673249229,0.11219086451355283,-0.2038410061448496,-1.082890652866347
-0.9387473797425318,-0.749103779812676,-1.1500891642271889,-1.082890652866347
0.41727153678333967,0.5847976108377716,-0.5331566869948244,-1.082890652866347
-1.3805954414532382,0.08015035149031698,-1.1500891642271889,-1.082890652866347
-0.8712726950133235,0.5847976108377716,-0.5331566869948244,-1.082890652866347
-1.3805954414532382,-0.749103779812676,-1.767021641459553,-1.082890652866347
0.6196955909709647,0.5847976108377716,0.5305344995830371,-1.082890652866347
0.11037284453104985,0.08015035149031698,-0.001311093705893639,-1.082890652866347
0.5522209062417563,0.08015035149031698,-0.001311093705893639,-1.082890652866347
0.41727153678333967,0.08015035149031698,-0.001311093705893639,-1.082890652866347
-1.3805954414532382,0.08015035149031698,-1.1500891642271889,-1.082890652866347
-1.3805954414532382,0.08015035149031698,-1.1500891642271889,-1.082890652866347
-1.2456460719948215,-0.8971036541813563,-0.2889278900882832,-1.082890652866347
-0.8712726950133235,0.08015035149031698,-1.1500891642271889,-1.082890652866347
-1.178171387265613,0.08015035149031698,-0.001311093705893639,-1.082890652866347
-0.15952589438578355,0.5847976108377716,-0.5331566869948244,-1.082890652866347
-0.2270005791149919,-0.5359162172546578,-0.8207734833772139,-1.082890652866347
-0.7363233255549066,-1.0405634766021123,0.8598501804330119,-1.082890652866347
-1.3805954414532382,-0.4244969078571377,-0.618243570938258,-1.082890652866347
-0.8712726950133235,0.5847976108377716,-0.5331566869948244,-1.082890652866347
-1.3805954414532382,0.08015035149031698,-1.1500891642271889,-1.082890652866347
-1.2456460719948215,-0.39245639483390177,-0.2889278900882832,-1.082890652866347
-0.15952589438578355,0.08015035149031698,-0.5331566869948244,-1.082890652866347
-0.15952589438578355,0.08015035149031698,-0.001311093705893639,-1.082890652866347
-0.8712726950133235,0.5847976108377716,-0.5331566869948244,-1.082890652866347
-1.3805954414532382,0.08015035149031698,-1.1500891642271889,-1.082890652866347
-1.3805954414532382,-0.4244969078571377,-0.618243570938258,-1.082890652866347
-1.3805954414532382,0.5847976108377716,-0.5331566869948244,-1.082890652866347
-1.3805954414532382,-0.749103779812676,-0.618243570938258,-1.082890652866347
-1.3805954414532382,-0.4244969078571377,-0.618243570938258,-1.082890652866347
-0.8712726950133235,0.08015035149031698,-0.5331566869948244,-1.082890652866347
0.14737279786650614,0.5847976108377716,-0.001311093705893639,-1.082890652866347
-1.3805954414532382,-1.2537510391601305,-1.2351760481706224,-1.082890652866347
-0.8712726950133235,0.5847976108377716,-1.1500891642271889,-1.082890652866347
0.9203053710471457,-0.4244969078571377,-1.767021641459553,-1.082890652866347
-0.6688486408256984,0.08015035149031698,-0.001311093705893639,-1.082890652866347
-0.525758561706202,-1.0405634766021123,-0.2889278900882832,-1.082890652866347
-0.15952589438578355,0.08015035149031698,-0.001311093705893639,-1.082890652866347
-0.15952589438578355,0.08015035149031698,-0.001311093705893639,-1.082890652866347
-0.5338992713672815,-0.24445652046522137,-1.1500891642271889,-1.082890652866347
-1.3805954414532382,-0.749103779812676,-0.08639797764932733,-1.082890652866347
0.07989811313729778,0.5847976108377716,0.5305344995830371,-1.082890652866347
-1.3805954414532382,-1.2537510391601305,-1.2351760481706224,-1.082890652866347
-0.3619499485734086,0.5847976108377716,-0.001311093705893639,-1.082890652866347
-0.3619499485734086,0.5847976108377716,-0.001311093705893639,-1.082890652866347
-0.3619499485734086,0.5847976108377716,-0.001311093705893639,-1.082890652866347
-0.803798010284115,-0.5359162172546578,-0.8207734833772139,-1.082890652866347
-0.8712726950133235,-0.4244969078571377,-0.08639797764932733,-1.082890652866347
-0.8712726950133235,0.5847976108377716,-1.1500891642271889,-1.082890652866347
-1.3805954414532382,0.08015035149031698,-1.1500891642271889,-1.082890652866347
-0.8712726950133235,0.5847976108377716,-1.1500891642271889,-1.082890652866347
-1.3805954414532382,-0.24445652046522137,0.5305344995830371,-1.082890652866347
-1.3805954414532382,-0.24445652046522137,-1.1500891642271889,-1.082890652866347
-0.8712726950133235,-0.749103779812676,-1.1500891642271889,-1.082890652866347
-0.15952589438578355,0.08015035149031698,-0.001311093705893639,-1.082890652866347
-1.3805954414532382,0.08015035149031698,-1.1500891642271889,-1.082890652866347
-0.8712726950133235,0.5847976108377716,-1.065002280283755,-1.082890652866347
-0.3619499485734086,0.5847976108377716,-1.065002280283755,-1.082890652866347
-0.3619499485734086,0.5847976108377716,-1.065002280283755,-1.082890652866347
-0.020062458627713258,-0.5765091778536342,0.36970347161166645,1.9342910731241403
0.4398418682816075,-0.9791462206810718,-0.7033304548816917,-1.082890652866347
0.34979685205413125,-0.749103779812676,0.5305344995830371,-1.082890652866347
1.4321310281446635,0.08015035149031698,-1.1500891642271889,-1.082890652866347
1.7929622062272008,-0.07186191850617966,-0.16214212167726436,-1.082890652866347
-0.3619499485734086,0.5847976108377716,-0.5331566869948244,-1.082890652866347
0.21283632695366395,-0.2303809076884873,0.1254746747051252,-1.082890652866347
0.21283632695366395,-0.2303809076884873,-0.4914578025272392,-1.082890652866347
-0.5573570258037772,-1.086345580922152,-0.5765446864706728,-1.082890652866347
0.08691509009455435,0.2742663516589673,0.657320267994056,-1.082890652866347
-0.35493297161615217,-0.2303809076884873,-0.4914578025272392,1.9342910731241403
2.0863186995805294,0.43278534084127496,0.9866359488440306,-1.082890652866347
0.00790936210843581,-0.07186191850617966,1.5184815421329614,-1.082890652866347
-1.178171387265613,0.08015035149031698,-1.1500891642271889,1.9342910731241403
-0.8712726950133235,-0.749103779812676,-0.618243570938258,1.9342910731241403
-1.3805954414532382,0.5847976108377716,-0.5331566869948244,1.9342910731241403
-1.3805954414532382,0.5847976108377716,-1.852108525402987,1.9342910731241403
-0.42942463330261704,0.5847976108377716,-0.001311093705893639,1.9342910731241403
-0.3619499485734086,0.5847976108377716,-0.5331566869948244,1.9342910731241403
-0.06948087815830727,0.08015035149031698,-0.001311093705893639,-1.082890652866347
0.14737279786650614,-0.749103779812676,0.5305344995830371,-1.082890652866347
-0.803798010284115,0.11219086451355283,0.8598501804330119,-1.082890652866347
0.14737279786650614,0.5847976108377716,-0.001311093705893639,1.9342910731241403
0.6637125212636775,-0.2303809076884873,0.040387790761691585,-1.082890652866347
1.1730352677035922,-0.2303809076884873,0.040387790761691585,1.9342910731241403
0.00790936210843581,0.5847976108377716,-0.001311093705893639,1.9342910731241403
1.1730352677035922,-0.2303809076884873,1.1891658612829865,-1.082890652866347
0.14737279786650614,0.08015035149031698,-0.618243570938258,1.9342910731241403
-0.7992839439844616,-0.07186191850617966,1.5184815421329614,1.9342910731241403
-0.0920512096565752,-0.749103779812676,-0.08639797764932733,-1.082890652866347
0.6196955909709647,0.08015035149031698,-0.618243570938258,1.9342910731241403
-0.8712726950133235,0.5847976108377716,-0.001311093705893639,1.9342910731241403
0.06885882489594002,-0.9588925240495355,0.5722333840506223,-1.082890652866347
-0.4651195422497325,-0.749103779812676,-1.2734756596736616,0.42570021012889675
-0.03188199168822,-0.020779100379174048,-0.8139644314651435,0.42570021012889675
-0.6675435964373575,-0.749103779812676,-0.8139644314651435,0.42570021012889675
-0.8712726950133235,0.38293870709878974,-0.9926679152033424,0.42570021012889675
-0.04542419058718076,-0.020779100379174048,-0.6012261941495712,0.42570021012889675
0.21223739381903292,0.18107980335980797,-0.14171496594105307,0.42570021012889675
0.42820364690561874,0.02906753336331132,0.17398261108478086,0.42570021012889675
-0.4470632770511182,-0.8387045728631306,-0.2719105132995964,0.42570021012889675
-0.6675435964373575,-0.020779100379174048,-0.8139644314651435,0.42570021012889675
1.2200799082231002,0.02906753336331132,0.3867208484003531,0.42570021012889675
-1.0750017935892893,0.38293870709878974,-0.5671914405721978,0.42570021012889675
-0.04221516867586798,-0.49338584670339275,-0.2719105132995964,0.42570021012889675
-0.26590450997342024,0.23092643710229313,0.42075560197772655,0.42570021012889675
-0.37507452602225616,0.38293870709878974,-0.8139644314651435,0.42570021012889675
-0.4638144978613917,0.48386815896828056,-0.3544532032566256,0.42570021012889675
0.4159664923949988,0.48386815896828056,0.1944097668209919,0.42570021012889675
-0.9387473797425318,-0.22263800411815585,-0.26510146138752605,0.42570021012889675
-0.24333417847515226,-0.2915269429644108,-0.05917227598402396,0.42570021012889675
-0.26008539928542557,0.48386815896828056,-0.24808408459883932,0.42570021012889675
0.4159664923949988,0.48386815896828056,-0.0353458472832671,0.42570021012889675
0.008508295243066807,-0.4463154242042031,-0.40550533362268587,0.42570021012889675
0.11037284453104985,0.38293870709878974,-0.26510146138752605,0.42570021012889675
-0.6331537318785828,-0.4244969078571377,-0.494857075491785,0.42570021012889675
0.31540698749535656,0.48386815896828056,-0.0353458472832671,0.42570021012889675
-1.0750017935892893,-0.22263800411815585,-0.5118744522804718,0.42570021012889675
-0.1238309854386681,0.38293870709878974,-0.15873234272974004,0.42570021012889675
-0.4651195422497325,0.18107980335980797,-0.494857075491785,0.42570021012889675
-0.8712726950133235,-0.5472448760736942,-0.5118744522804718,0.42570021012889675
0.0032881176897035327,-0.4244969078571377,-0.741630066384731,0.42570021012889675
0.0032881176897035327,-0.4244969078571377,-0.741630066384731,0.42570021012889675
-0.8712726950133235,-0.3453859723347124,-0.5118744522804718,0.42570021012889675
0.37706256153657053,-0.5331692632969601,0.12973953263079083,0.42570021012889675
-1.2144652293473597,-0.5765091778536342,-0.00045601472775230284,0.42570021012889675
-0.13356522929168513,-0.7570336203105539,0.023370413973004833,-1.082890652866347
-1.0750017935892893,-0.3453859723347124,-0.8650165618312039,0.42570021012889675
-0.5325942269789409,-0.6952447504423747,-0.4123143855347562,0.42570021012889675
-0.46963360854938613,-0.7783680815926161,0.12293048071872065,0.42570021012889675
0.21223739381903292,0.38293870709878974,-0.0353458472832671,0.42570021012889675
0.25476796803888696,-0.020779100379174048,-0.741630066384731,0.42570021012889675
1.2681932833653533,-0.6952447504423747,-0.07618965277271095,0.42570021012889675
0.37706256153657053,-0.5331692632969601,0.12973953263079083,0.42570021012889675
-0.6675435964373575,-0.020779100379174048,-0.741630066384731,0.42570021012889675
-0.5656790471493744,-0.22263800411815585,-0.9713856804889901,0.42570021012889675
-0.4638144978613917,0.38293870709878974,-0.37147058004531225,0.42570021012889675
-0.5190520280799801,-0.39245639483390177,-0.4123143855347562,0.42570021012889675
-0.5656790471493744,0.08015035149031698,-0.741630066384731,0.42570021012889675
-0.3619499485734086,0.38293870709878974,-0.37147058004531225,0.42570021012889675
-0.3619499485734086,0.48386815896828056,-0.4608223219144116,0.42570021012889675
-0.7694081457253404,-0.22263800411815585,-0.9713856804889901,0.42570021012889675
-0.1264410742153499,-0.6263558115961193,-0.8820339386198904,0.42570021012889675
0.07016386928428076,-0.2303809076884873,0.040387790761691585,0.42570021012889675
-0.4638144978613917,0.08015035149031698,-0.618243570938258,0.42570021012889675
-0.3619499485734086,0.48386815896828056,-0.3544532032566256,0.42570021012889675
-0.4638144978613917,0.38293870709878974,-0.47783969870309856,0.42570021012889675
-0.701933460996132,-0.6368456691241489,-0.4123143855347562,0.42570021012889675
-0.5923458234971828,-0.1294514558189963,-0.06598132789609466,0.42570021012889675
-0.5656790471493744,0.08015035149031698,-0.8479991850425171,0.42570021012889675
-0.6675435964373575,-0.1217085522486648,-0.741630066384731,0.42570021012889675
-0.4638144978613917,-0.020779100379174048,-0.618243570938258,0.42570021012889675
-0.3677690592614031,-0.8971036541813563,-0.4293317623234427,0.42570021012889675
-0.6675435964373575,-0.22263800411815585,-0.741630066384731,0.42570021012889675
-0.2698196431384426,-0.02852200394950551,-0.15533306976519393,0.42570021012889675
-0.6675435964373575,0.38293870709878974,-0.5842088173608845,0.42570021012889675
-0.5656790471493744,-0.020779100379174048,-0.8479991850425171,0.42570021012889675
0.007203250854726025,-0.5943152985728836,-0.4123143855347562,0.42570021012889675
-0.13356522929168513,-0.1294514558189963,-0.06598132789609466,0.42570021012889675
-0.6675435964373575,0.08015035149031698,-0.7246126895960443,0.42570021012889675
0.005898206466385243,-0.2915269429644108,-0.37827963195738246,0.42570021012889675
-0.5656790471493744,0.38293870709878974,-0.5842088173608845,0.42570021012889675
-0.4638144978613917,0.28200925522929876,-0.47783969870309856,0.42570021012889675
-0.5656790471493744,0.28200925522929876,-0.7075953128073573,0.42570021012889675
-0.6675435964373575,-0.020779100379174048,-0.7246126895960443,0.42570021012889675
0.678741076235497,-0.2303809076884873,0.040387790761691585,0.42570021012889675
0.18372872861445966,-0.2939067126190597,0.3126889511324693,-1.082890652866347
-0.09383100984713331,-0.5068730953258976,-0.8820339386198904,-1.082890652866347
0.49668993190546834,0.07240744791998548,0.44458203067848373,-1.082890652866347
0.1727966184921805,1.1946180805967177,-1.0624349545455605,-1.082890652866347
-0.035983390851863084,0.403124597472688,-0.10002029006307202,-1.082890652866347
0.3929834937607204,-0.2511551622166146,-0.3042477346894989,-1.082890652866347
0.6406674339631923,-0.37168214030577446,-0.3791262937563163,-1.082890652866347
0.8353683999398512,-0.15260548000177243,0.37736339391227425,-1.082890652866347
1.2681932833653533,-0.7377751209936395,-0.6190902327371915,-1.082890652866347
-0.7757641008817591,-0.0005932100052758368,-0.4701797764024904,0.42570021012889675
0.05412371404182007,0.42331048784658615,-0.8233218859532226,-1.082890652866347
-0.0372884352402039,-0.35208461408610536,-0.1655413946418102,0.42570021012889675
1.3090011917467537,-0.8377771818061465,-0.6829138051284591,0.42570021012889675
0.2529832135342259,0.28200925522929876,-0.5195343745810795,-1.082890652866347
-0.10422627550098813,-0.3948361644885507,-0.02513331381704688,-1.082890652866347
-0.17989880424338014,-0.06115088112697021,-0.8156619636526146,0.42570021012889675
-0.32933988420519206,0.02906753336331132,-0.008115937028360165,0.42570021012889675
0.1415536871785117,-0.13003981997322536,0.17994079260831364,-1.082890652866347
0.31731096501832856,-0.1294514558189963,-0.06598132789609466,0.42570021012889675
-0.8725777394016642,0.08015035149031698,-1.201141294593249,0.42570021012889675
-1.2787308921652552,-0.020779100379174048,-0.9713856804889901,0.42570021012889675
-1.31312075672403,-0.33405731351567597,-1.101581227847533,0.42570021012889675
0.38692593703610445,-0.22263800411815585,-1.660652522801767,0.42570021012889675
-0.9744422886896472,0.38293870709878974,-1.890408136906026,0.42570021012889675
-0.6688486408256984,0.18107980335980797,-1.201141294593249,0.42570021012889675
-0.5669840915377153,0.28200925522929876,-1.4308969086975079,0.42570021012889675
-0.824645675943929,-0.07186191850617966,0.2463169761651934,0.42570021012889675
0.02395447166499957,-0.1294514558189963,-0.5425099328932993,0.42570021012889675
-0.7350182811665659,0.28200925522929876,-0.7246126895960443,0.42570021012889675
-0.8368828304545487,0.18107980335980797,-1.201141294593249,0.42570021012889675
-0.5312891825906001,-0.9509626835516577,-0.9884030572776767,0.42570021012889675
-0.15952589438578355,0.38293870709878974,-0.8479991850425171,0.42570021012889675
0.42559355812893696,-0.2303809076884873,-0.3127543187890404,0.42570021012889675
-0.7571709912147205,0.12999698523280215,0.03357873884962115,0.42570021012889675
-0.5203570724683209,0.1733368997894763,-0.2787195652116669,0.42570021012889675
0.17072337418392305,-0.33131035955797833,-0.3127543187890404,0.42570021012889675
-0.5656790471493744,-0.1217085522486648,-0.741630066384731,1.9342910731241403
0.3100054982574754,-0.020779100379174048,-1.1841239178045624,1.9342910731241403
0.008508295243066807,0.38293870709878974,-0.494857075491785,0.42570021012889675
-0.16403996068543716,-0.6368456691241489,-0.5357008809812289,0.42570021012889675
-0.2698196431384426,-0.02852200394950551,-0.08299870468478142,0.42570021012889675
-0.5656790471493744,0.28200925522929876,-0.9373509269116166,1.9342910731241403
0.3983278486464976,-0.07186191850617966,0.47607259026945264,0.42570021012889675
-0.4184925231803378,0.1733368997894763,-0.06598132789609466,0.42570021012889675
-0.3632549929617494,0.18107980335980797,-0.741630066384731,0.42570021012889675
0.14024864279017094,-0.33131035955797833,-0.08299870468478142,0.42570021012889675
-0.400853879431837,-0.2303809076884873,-0.4191234374468264,1.9342910731241403
-0.267209554361761,-0.07186191850617966,0.13994785750740715,0.42570021012889675
-0.11681400848141153,-0.02852200394950551,-0.18936782334256766,0.42570021012889675
-1.3163297786353427,-0.37414152914333965,0.21228222258781992,1.9342910731241403
0.7655770705516605,-0.48076886970520655,-0.22340257691994084,0.42570021012889675
-0.5203570724683209,0.1733368997894763,-0.2787195652116669,0.42570021012889675
-0.011034326028406071,-0.555174716571572,-0.20638520013125414,1.9342910731241403
0.2751980122485876,-0.2303809076884873,-0.18936782334256766,1.9342910731241403
-0.6675435964373575,0.18107980335980797,-0.5118744522804718,0.42570021012889675
0.3757575171482297,-0.37983941783571584,-0.1000160814734679,0.42570021012889675
0.8990400839372185,1.658893559196376,-0.618243570938258,1.9342910731241403
-0.30290446330887644,-0.555174716571572,-0.20638520013125414,0.42570021012889675
-0.8712726950133235,0.08015035149031698,-1.077754799146776,0.42570021012889675
-0.6675435964373575,0.08015035149031698,-0.8479991850425171,0.42570021012889675
-0.8413968967542024,-0.17279137037567072,0.12293048071872065,0.42570021012889675
-0.6331537318785828,0.28200925522929876,-0.618243570938258,0.42570021012889675
-0.4638144978613917,0.18107980335980797,-0.618243570938258,0.42570021012889675
-0.3619499485734086,0.28200925522929876,-0.618243570938258,0.42570021012889675
0.5573339056760409,0.07240744791998548,-0.18936782334256766,1.9342910731241403
-0.06609054456247672,0.1733368997894763,-0.29573694200035366,1.9342910731241403
0.023355538530368623,0.07240744791998548,-0.18936782334256766,1.9342910731241403
-0.22569553472665113,1.7598230110658666,-0.6012261941495712,0.42570021012889675
-0.4638144978613917,0.38293870709878974,-0.618243570938258,1.9342910731241403
0.5648756822024895,-0.02852200394950551,-0.06598132789609466,0.42570021012889675
-0.2613904436737666,0.28200925522929876,-0.5118744522804718,0.42570021012889675
0.7655770705516605,-0.02852200394950551,-0.08299870468478142,1.9342910731241403
0.7011300960492471,0.07240744791998548,-0.06598132789609466,0.42570021012889675
0.9693061691276262,0.1733368997894763,0.16377428620816456,1.9342910731241403
1.023238654957874,0.08015035149031698,-0.8479991850425171,0.42570021012889675
-0.5656790471493744,0.28200925522929876,-0.618243570938258,0.42570021012889675
0.7655770705516605,-0.1294514558189963,0.040387790761691585,0.42570021012889675
-0.4638144978613917,0.18107980335980797,-0.618243570938258,0.42570021012889675
-0.5656790471493744,0.48386815896828056,-0.3884879568339988,0.42570021012889675
-0.3619499485734086,0.38293870709878974,-0.3884879568339988,0.42570021012889675
1.139063024594931,0.07240744791998548,0.040387790761691585,1.9342910731241403
-0.6045829780078028,0.1733368997894763,0.05740516755037833,1.9342910731241403
0.52745810741692,-0.02852200394950551,-0.06598132789609466,1.9342910731241403
0.2725879234719058,-0.02852200394950551,-0.06598132789609466,1.9342910731241403
0.6293226567049028,-0.02852200394950551,0.040387790761691585,1.9342910731241403
0.03838409350218789,0.1733368997894763,0.27014340486595084,1.9342910731241403
0.41787046991797056,-0.1294514558189963,-0.08299870468478142,0.42570021012889675
1.0015035663598326,0.07240744791998548,-0.06598132789609466,0.42570021012889675
-0.6675435964373575,0.18107980335980797,-0.741630066384731,0.42570021012889675
-0.26008539928542557,0.48386815896828056,-0.494857075491785,1.9342910731241403
-0.4262156113913042,0.07240744791998548,0.040387790761691585,0.42570021012889675
-0.05635630070945974,0.48386815896828056,-0.26510146138752605,1.9342910731241403
0.5934464360732696,-0.24445652046522137,-0.6352609477269447,0.42570021012889675
0.6202945241055957,-0.02852200394950551,0.14675690941947783,0.42570021012889675
-0.3619499485734086,0.38293870709878974,-0.3884879568339988,1.9342910731241403
-0.26008539928542557,0.48386815896828056,-0.3884879568339988,1.9342910731241403
-0.15822084999744276,0.48386815896828056,-0.3884879568339988,1.9342910731241403
-0.29898933014385387,0.1733368997894763,0.05740516755037833,1.9342910731241403
-0.400853879431837,0.07240744791998548,0.16377428620816456,1.9342910731241403
0.5137345968334416,0.48386815896828056,-0.47783969870309856,1.9342910731241403
-0.15822084999744276,0.38293870709878974,-0.3884879568339988,1.9342910731241403
-0.05635630070945974,0.28200925522929876,-0.3884879568339988,1.9342910731241403
0.5962378365344692,0.07240744791998548,0.27014340486595084,1.9342910731241403
-0.3619499485734086,0.18107980335980797,-0.40550533362268587,0.42570021012889675
-0.05635630070945974,0.28200925522929876,-0.3884879568339988,1.9342910731241403
0.5573339056760409,0.1733368997894763,0.18079166299685104,1.9342910731241403
0.5573339056760409,0.07240744791998548,0.27014340486595084,1.9342910731241403
0.6202945241055957,0.07240744791998548,0.27014340486595084,1.9342910731241403
0.7655770705516605,-0.33131035955797833,0.2531260280772638,0.42570021012889675
0.5781815713358548,-0.2303809076884873,0.2531260280772638,0.42570021012889675
-0.3619499485734086,0.38293870709878974,-0.3884879568339988,1.9342910731241403
0.5197350192059537,0.07240744791998548,0.27014340486595084,0.42570021012889675
-0.0576613450978005,0.28200925522929876,-0.29913621496489956,0.42570021012889675
0.4776220664362127,-0.1294514558189963,0.2531260280772638,0.42570021012889675
0.6591984549640238,0.1733368997894763,0.18079166299685104,1.9342910731241403
-0.400853879431837,0.1733368997894763,0.18079166299685104,1.9342910731241403
-0.3619499485734086,0.28200925522929876,-0.494857075491785,1.9342910731241403
-0.3619499485734086,0.48386815896828056,-0.47783969870309856,1.9342910731241403
-0.3619499485734086,0.38293870709878974,-0.3884879568339988,1.9342910731241403
0.4776220664362127,-0.1294514558189963,0.2531260280772638,0.42570021012889675
-0.3619499485734086,0.38293870709878974,-0.3884879568339988,1.9342910731241403
0.6202945241055957,0.07240744791998548,0.16377428620816456,1.9342910731241403
-0.3619499485734086,0.38293870709878974,-0.3884879568339988,1.9342910731241403
-0.3619499485734086,0.38293870709878974,-0.3884879568339988,1.9342910731241403
0.5781815713358548,-0.02852200394950551,0.14675690941947783,0.42570021012889675
-0.26008539928542557,0.08015035149031698,-0.40550533362268587,0.42570021012889675
-0.26008539928542557,0.08015035149031698,-0.5118744522804718,0.42570021012889675
-0.3619499485734086,0.38293870709878974,-0.494857075491785,1.9342910731241403
0.680046120623838,-0.02852200394950551,0.2531260280772638,0.42570021012889675
0.9680011247392857,-0.02852200394950551,0.2531260280772638,0.42570021012889675
-0.3619499485734086,0.28200925522929876,-0.3884879568339988,0.42570021012889675
0.5872097039351619,0.07240744791998548,0.2871607816546373,0.42570021012889675
2.247047422448527,1.8607524629353573,-0.4438049451257251,1.9342910731241403
-0.09074616526823438,1.8607524629353573,-0.33743582646793885,0.42570021012889675
-0.07850901075761442,0.1733368997894763,0.2871607816546373,0.42570021012889675
0.7655770705516605,0.1733368997894763,0.2871607816546373,0.42570021012889675
-0.15822084999744276,0.5847976108377716,-0.23106670781015284,1.9342910731241403
-0.26008539928542557,0.28200925522929876,-0.2821188381762128,1.9342910731241403
0.8990400839372185,-0.04259761672623955,-0.2821188381762128,0.42570021012889675
0.4490513125654325,-0.43498676538516684,0.030179465885075325,0.42570021012889675
0.8330517552808688,-0.02852200394950551,0.27014340486595084,0.42570021012889675
0.7311872059928858,0.07240744791998548,0.3935299003124235,0.42570021012889675
0.6953109853612527,0.08015035149031698,-0.3884879568339988,0.42570021012889675
0.5573339056760409,-0.454245264702081,0.2531260280772638,0.42570021012889675
0.5872097039351619,0.07240744791998548,0.2871607816546373,0.42570021012889675
0.7655770705516605,-0.02852200394950551,0.37651252352373676,0.42570021012889675
0.5872097039351619,-0.02852200394950551,0.27014340486595084,0.42570021012889675
0.8990400839372185,0.28200925522929876,-0.05236322407195378,0.42570021012889675
0.7655770705516605,-0.35331581283259,0.2531260280772638,0.42570021012889675
0.413356403618317,-0.19059749109491997,-0.39529700874606943,0.42570021012889675
0.52745810741692,-0.02852200394950551,-0.06598132789609466,0.42570021012889675
0.7311872059928858,-0.1514569090936082,0.27014340486595084,0.42570021012889675
0.353604807100075,0.07240744791998548,-0.048963951107407665,0.42570021012889675
0.6293226567049028,-0.02852200394950551,-0.06598132789609466,0.42570021012889675
0.6501703223647168,-0.19059749109491997,-0.05917227598402396,0.42570021012889675
0.4599834226877116,-0.555174716571572,0.14675690941947783,0.42570021012889675
0.6020569472224636,-0.5359162172546578,0.04719684267376203,0.42570021012889675
-0.06948087815830727,-0.3453859723347124,-0.40550533362268587,0.42570021012889675
-0.2613904436737666,0.38293870709878974,-0.6012261941495712,0.42570021012889675
0.9200690612815503,0.28200925522929876,-0.26510146138752605,0.42570021012889675
0.353604807100075,-0.454245264702081,0.05740516755037833,0.42570021012889675
0.09534428955923058,-0.555174716571572,0.37651252352373676,0.42570021012889675
-0.35743588227375506,-0.5359162172546578,-0.05917227598402396,0.42570021012889675
-0.05314727879814692,-0.1294514558189963,0.3935299003124235,0.42570021012889675
0.11167788891939068,1.5579641073268846,-0.26510146138752605,0.42570021012889675
0.5300681961936016,-0.49338584670339275,-0.2889278900882832,0.42570021012889675
0.7655770705516605,-0.1294514558189963,0.27014340486595084,0.42570021012889675
0.7971755346492357,-0.24445652046522137,-0.5118744522804718,0.42570021012889675
-0.2854471312448931,-0.454245264702081,0.05740516755037833,0.42570021012889675
0.7971755346492357,-0.17171060572514443,-0.741630066384731,0.42570021012889675
0.42820364690561874,-0.6368456691241489,-0.07618965277271095,0.42570021012889675
0.04420320419018231,0.18107980335980797,-0.37147058004531225,0.42570021012889675
0.7460344492801875,-0.02852200394950551,0.16377428620816456,0.42570021012889675
0.04420320419018231,-0.3453859723347124,-0.618243570938258,0.42570021012889675
-0.3619499485734086,-0.020779100379174048,-0.618243570938258,0.42570021012889675
-0.35874092666209584,-0.7570336203105539,-0.08299870468478142,0.42570021012889675
0.5618479719756945,-0.2789099659662247,-0.08299870468478142,0.42570021012889675
0.6293226567049028,-0.33131035955797833,0.14675690941947783,0.42570021012889675
-0.1713454274462903,-0.3453859723347124,-0.7246126895960443,0.42570021012889675
0.8016896009488894,-0.555174716571572,0.040387790761691585,0.42570021012889675
0.4599834226877116,-0.2789099659662247,-0.18936782334256766,0.42570021012889675
0.6637125212636775,-0.1294514558189963,0.27014340486595084,0.42570021012889675
0.7655770705516605,-0.2303809076884873,0.14675690941947783,0.42570021012889675
0.7460344492801875,-0.19059749109491997,0.04719684267376203,0.42570021012889675
0.4599834226877116,-0.555174716571572,0.040387790761691585,0.42570021012889675
-0.4638144978613917,-0.020779100379174048,-0.8479991850425171,0.42570021012889675
-0.3619499485734086,-0.020779100379174048,-0.618243570938258,0.42570021012889675
0.5618479719756945,-0.555174716571572,0.040387790761691585,0.42570021012889675
0.4599834226877116,-0.454245264702081,-0.18936782334256766,0.42570021012889675
0.9349163045688518,0.07240744791998548,0.27014340486595084,0.42570021012889675
-0.4638144978613917,-0.020779100379174048,-0.618243570938258,0.42570021012889675
0.9200690612815503,-0.4463154242042031,-0.5118744522804718,0.42570021012889675
0.21223739381903292,-0.020779100379174048,-0.5118744522804718,0.42570021012889675
0.4159664923949988,0.18107980335980797,-0.15873234272974004,0.42570021012889675
-0.2976842857555131,0.12999698523280215,0.5994590857159255,0.42570021012889675
0.443232201877438,-0.555174716571572,0.040387790761691585,0.42570021012889675
-0.26008539928542557,-0.020779100379174048,-0.618243570938258,0.42570021012889675
1.6145948396107024,-0.454245264702081,0.040387790761691585,0.42570021012889675
0.5644580607523763,0.23092643710229313,0.8292146998201844,0.42570021012889675
0.3276441420059765,-0.07186191850617966,0.5994590857159255,0.42570021012889675
0.4776220664362127,0.07240744791998548,0.3935299003124235,0.42570021012889675
1.7164593888986854,-0.1294514558189963,0.040387790761691585,0.42570021012889675
-0.4638144978613917,-0.020779100379174048,-0.618243570938258,0.42570021012889675
0.6351417673928973,-0.454245264702081,0.14675690941947783,0.42570021012889675
0.8990400839372185,0.18107980335980797,-0.3884879568339988,0.42570021012889675
0.4159664923949988,0.28200925522929876,-0.15873234272974004,0.42570021012889675
-0.09656527595622881,0.02906753336331132,0.36970347161166645,0.42570021012889675
-0.0862320989685808,-0.020779100379174048,-0.5118744522804718,0.42570021012889675
-0.3619499485734086,0.38293870709878974,-0.7246126895960443,0.42570021012889675
-0.1128988753163891,0.07240744791998548,-0.06598132789609466,0.42570021012889675
-0.4638144978613917,-0.1435270685957304,-0.618243570938258,0.42570021012889675
-0.4638144978613917,-0.24445652046522137,-0.618243570938258,0.42570021012889675
0.5573339056760409,-0.1294514558189963,-0.06598132789609466,0.42570021012889675
-0.15822084999744276,0.18107980335980797,-0.15873234272974004,0.42570021012889675
0.6501703223647168,-0.5359162172546578,-0.2889278900882832,0.42570021012889675
0.6501703223647168,-0.08966803922542899,-0.05917227598402396,0.42570021012889675
-0.4638144978613917,0.28200925522929876,-0.7246126895960443,0.42570021012889675
-0.3619499485734086,0.38293870709878974,-0.618243570938258,0.42570021012889675
-0.3619499485734086,0.38293870709878974,-0.618243570938258,0.42570021012889675
-0.4638144978613917,0.28200925522929876,-0.7246126895960443,0.42570021012889675
-0.26008539928542557,0.38293870709878974,-0.494857075491785,0.42570021012889675
-0.15822084999744276,0.38293870709878974,-0.26510146138752605,0.42570021012889675
-0.26008539928542557,0.38293870709878974,-0.494857075491785,0.42570021012889675
0.6501703223647168,-0.2915269429644108,-0.1655413946418102,0.42570021012889675
-0.26008539928542557,0.28200925522929876,-0.26510146138752605,0.42570021012889675
0.5483057730767338,-0.2915269429644108,-0.39529700874606943,0.42570021012889675
-0.3619499485734086,0.28200925522929876,-0.494857075491785,0.42570021012889675
-0.093356254044916,0.08015035149031698,-0.8479991850425171,0.42570021012889675
-0.26008539928542557,0.18107980335980797,-0.618243570938258,0.42570021012889675
-0.6675435964373575,-0.1435270685957304,-0.7246126895960443,0.42570021012889675
-0.5656790471493744,-0.24445652046522137,-0.7246126895960443,0.42570021012889675
-0.4638144978613917,0.18107980335980797,-0.7246126895960443,0.42570021012889675
0.11037284453104985,-0.020779100379174048,-0.618243570938258,0.42570021012889675
-0.26008539928542557,0.38293870709878974,-0.494857075491785,0.42570021012889675
-0.4638144978613917,0.28200925522929876,-0.6012261941495712,0.42570021012889675
-0.2613904436737666,0.08015035149031698,-0.7246126895960443,0.42570021012889675
-0.4638144978613917,0.18107980335980797,-0.6012261941495712,0.42570021012889675
-0.4638144978613917,0.28200925522929876,-0.6012261941495712,0.42570021012889675
-0.5338992713672815,-0.8782167688115808,-1.094772175935463,1.9342910731241403
-1.2787308921652552,0.18107980335980797,-1.2734756596736616,1.9342910731241403
-0.8083120765837686,-0.5331692632969601,-0.6488790515510856,1.9342910731241403
-0.7376283699432475,0.18107980335980797,-1.094772175935463,-1.082890652866347
-0.7350182811665659,0.18107980335980797,-1.2734756596736616,1.9342910731241403
-0.6675435964373575,0.18107980335980797,-1.2734756596736616,1.9342910731241403
-0.6675435964373575,0.18107980335980797,-1.2734756596736616,1.9342910731241403
-0.8757867613129772,-0.9368870707749236,-0.6829138051284591,-1.082890652866347
0.22637852585262463,-0.9854161290526612,-0.7169485587058322,-1.082890652866347
-0.4438542551398053,-0.49338584670339275,-1.4036712070322048,0.42570021012889675
1.127424803218942,-0.9509626835516577,-1.554283404143981,1.9342910731241403
0.5934464360732696,-0.4244969078571377,-1.554283404143981,0.42570021012889675
-0.8070070321954278,0.19663747112451033,-0.3195633707011108,0.42570021012889675
0.009107228377698043,-0.33131035955797833,-0.4361408142355134,1.9342910731241403
-0.1713454274462903,0.38293870709878974,-1.2734756596736616,1.9342910731241403
-0.650792375627084,-0.17279137037567072,-0.10682513338553855,1.9342910731241403
-0.26008539928542557,0.18107980335980797,-1.0607374223580894,1.9342910731241403
0.232197636540619,-0.49338584670339275,-0.9781947324010604,-1.082890652866347
-0.1713454274462903,0.18107980335980797,-1.5202486505666073,1.9342910731241403
-0.5113289398690136,-0.3746502741146525,-0.5663363615940565,1.9342910731241403
-0.06288152265116391,-1.0405634766021123,-0.7654564950854881,1.9342910731241403
-0.47354874171440864,-0.7835572253136794,0.023370413973004833,1.9342910731241403
-1.0120411751597347,-0.9588925240495355,-0.6829138051284591,1.9342910731241403
-0.6675435964373575,0.38293870709878974,-1.2734756596736616,1.9342910731241403
-0.9952899543494612,-0.9854161290526612,0.48288164218152313,-1.082890652866347
-1.283244958464909,-0.9854161290526612,0.48288164218152313,-1.082890652866347
-0.3519052613893571,-0.9854161290526612,0.48288164218152313,-1.082890652866347
-0.6746677515136928,-0.17279137037567072,-0.7790745989096287,1.9342910731241403
-0.8083120765837686,-0.33131035955797833,-0.6488790515510856,0.42570021012889675
-0.6475833537157711,-0.6952447504423747,-1.4377059606095781,1.9342910731241403
-0.4638144978613917,0.18107980335980797,-2.0137946323524987,0.42570021012889675
-1.0750017935892893,0.18107980335980797,-1.3075104132510351,0.42570021012889675
-0.37507452602225616,-0.22263800411815585,-1.3075104132510351,1.9342910731241403
-1.2157702737357006,-0.555174716571572,-0.18936782334256766,1.9342910731241403
-0.32756008401463393,0.38293870709878974,-1.5202486505666073,1.9342910731241403
-0.8712726950133235,0.18107980335980797,-1.767021641459553,1.9342910731241403
-0.6746677515136928,0.02906753336331132,-0.532301608016683,1.9342910731241403
-0.5113289398690136,-0.020779100379174048,-1.3075104132510351,1.9342910731241403
-0.7350182811665659,-0.020779100379174048,-1.5202486505666073,1.9342910731241403
-0.2698196431384426,-0.1294514558189963,-0.6488790515510856,1.9342910731241403
-0.5371082932785946,0.18107980335980797,-1.0607374223580894,1.9342910731241403
0.04782984755160835,-0.555174716571572,-0.18936782334256766,1.9342910731241403
-0.2698196431384426,-0.1294514558189963,-0.6488790515510856,1.9342910731241403
-0.32756008401463393,-0.020779100379174048,-1.767021641459553,1.9342910731241403
-1.2787308921652552,0.18107980335980797,-1.3075104132510351,0.42570021012889675
-0.13487027368002588,-0.555174716571572,-0.4361408142355134,1.9342910731241403
-0.2613904436737666,0.38293870709878974,-1.0267026687807157,1.9342910731241403
-0.9400524241308726,-0.8387045728631306,-0.9781947324010604,1.9342910731241403
-0.37507452602225616,-0.020779100379174048,-1.5202486505666073,1.9342910731241403
-1.2787308921652552,-0.5472448760736942,-1.3415451668284086,0.42570021012889675
-0.37507452602225616,-0.22263800411815585,-1.5202486505666073,1.9342910731241403
-0.9387473797425318,-0.5472448760736942,-1.3075104132510351,1.9342910731241403
-0.8725777394016642,0.18107980335980797,-0.8139644314651435,1.9342910731241403
-0.8083120765837686,-0.7350281670359419,-0.6829138051284591,0.42570021012889675
0.07016386928428076,-0.3746502741146525,-0.7790745989096287,-1.082890652866347
-0.37507452602225616,-0.3453859723347124,-1.5202486505666073,1.9342910731241403
-0.9400524241308726,-0.6368456691241489,-0.9781947324010604,1.9342910731241403
-0.8083120765837686,-0.7350281670359419,-0.6829138051284591,0.42570021012889675
-0.8083120765837686,-0.1294514558189963,-0.4021060606581399,1.9342910731241403
-0.25818142176245384,0.8022141823414559,0.8462320766088713,1.9342910731241403
-0.2698196431384426,-0.35331581283259,0.023370413973004833,1.9342910731241403
-0.8712726950133235,0.38293870709878974,-1.0607374223580894,0.42570021012889675
-0.7350182811665659,-0.020779100379174048,-1.5202486505666073,1.9342910731241403
-0.6520974200154249,-0.35331581283259,-0.18936782334256766,1.9342910731241403
-0.6520974200154249,-0.43498676538516684,-0.5186835041925425,1.9342910731241403
1.0825204499880017,-0.2915269429644108,-0.5186835041925425,1.9342910731241403
-0.3075998412930478,-0.3453859723347124,-0.8479991850425171,1.9342910731241403
-1.0750017935892893,0.38293870709878974,-0.8479991850425171,1.9342910731241403
-0.4619105203384197,-0.37414152914333965,0.3526860948229796,1.9342910731241403
0.365841961610695,-0.618445164887102,-0.30594526687696993,1.9342910731241403
-0.8712726950133235,-0.47449896133361724,-0.6352609477269447,1.9342910731241403
-0.8083120765837686,-0.5331692632969601,-0.4361408142355134,0.42570021012889675
-0.3346842390909694,-0.17279137037567072,0.13994785750740715,1.9342910731241403
-0.06027143387448238,-0.618445164887102,-0.7654564950854881,0.42570021012889675
-1.1424764783184977,-1.1528215872906395,-1.1288069295128362,1.9342910731241403
0.07146891367262158,-1.362610331527499,-0.6829138051284591,1.9342910731241403
-0.13226018490334435,-1.362610331527499,-0.22340257691994084,1.9342910731241403
-0.3301701727913158,-0.3453859723347124,-0.17574971951842652,1.9342910731241403
0.09985835585888415,-0.22263800411815585,-1.3075104132510351,1.9342910731241403
0.5618479719756945,-0.33131035955797833,-0.18936782334256766,1.9342910731241403
-0.8712726950133235,-0.749103779812676,-1.554283404143981,1.9342910731241403
0.43141266881693136,-0.33131035955797833,-0.6488790515510856,1.9342910731241403
-0.3301701727913158,-0.3453859723347124,-0.17574971951842652,1.9342910731241403
-0.782532723174188,0.38293870709878974,-0.77992967788777,1.9342910731241403
-0.24333417847515226,-0.17279137037567072,0.13994785750740715,1.9342910731241403
-0.6675435964373575,-0.020779100379174048,-1.0607374223580894,0.42570021012889675
-0.1264410742153499,-0.22263800411815585,-1.094772175935463,1.9342910731241403
-0.8083120765837686,-0.33131035955797833,-0.18936782334256766,1.9342910731241403
-0.6720576627370112,-0.7350281670359419,-0.22340257691994084,0.42570021012889675
-0.6675435964373575,-0.020779100379174048,-0.8479991850425171,1.9342910731241403
0.21283632695366395,-0.5331692632969601,0.023370413973004833,1.9342910731241403
1.2071366424587706,-0.5331692632969601,-0.6488790515510856,1.9342910731241403
-0.6720576627370112,-0.5331692632969601,0.023370413973004833,0.42570021012889675
-0.8757867613129772,-0.6952447504423747,0.1535659613315483,0.42570021012889675
-0.6675435964373575,-0.9509626835516577,-0.8820339386198904,1.9342910731241403
-0.650792375627084,-0.3746502741146525,0.13994785750740715,1.9342910731241403
-0.8083120765837686,-0.33131035955797833,0.05740516755037833,0.42570021012889675
0.002689184555072388,-1.362610331527499,-0.6829138051284591,0.42570021012889675
-0.400853879431837,-0.7350281670359419,-0.6488790515510856,1.9342910731241403
-0.29898933014385387,-0.7350281670359419,-0.4191234374468264,1.9342910731241403
0.4599834226877116,-0.5331692632969601,-0.08299870468478142,1.9342910731241403
-0.3075998412930478,-0.9509626835516577,-0.9713856804889901,1.9342910731241403
-0.34971279406278866,-0.7783680815926161,0.13994785750740715,1.9342910731241403
-0.6254306436676165,-0.9802269853315978,-0.10682513338553855,1.9342910731241403
0.35811887339972853,-1.1607514277885174,-0.4191234374468264,1.9342910731241403
-0.5878317571975292,-1.564469235266481,0.6232855144166826,1.9342910731241403
-0.7739222120249941,-1.564469235266481,0.7466720098631553,1.9342910731241403
0.6714356094746439,-0.5331692632969601,-0.18936782334256766,1.9342910731241403
-0.4638144978613917,-0.1217085522486648,-0.9543683037003031,1.9342910731241403
-0.4184925231803378,-0.9368870707749236,-0.5425099328932993,1.9342910731241403
-0.1264410742153499,-1.1528215872906395,-0.05236322407195378,1.9342910731241403
-0.29898933014385387,-0.7350281670359419,-0.3127543187890404,1.9342910731241403
-0.28223810933358034,-0.8579630721800445,-0.4191234374468264,1.9342910731241403
-0.26590450997342024,-0.9802269853315978,0.7058282043737116,1.9342910731241403
0.3757575171482297,-1.1607514277885174,0.023370413973004833,1.9342910731241403
-0.17265047183463111,-0.7961742023118653,-0.6420699996390152,1.9342910731241403
0.8330517552808688,-0.2303809076884873,-0.08299870468478142,1.9342910731241403
-0.20103991402089347,-0.5331692632969601,-0.3127543187890404,1.9342910731241403
-0.7694081457253404,0.18107980335980797,-0.618243570938258,1.9342910731241403
-0.267209554361761,-0.2737208222451614,0.03357873884962115,1.9342910731241403
-0.5656790471493744,-0.4244969078571377,-0.8650165618312039,1.9342910731241403
-0.29708535262088187,-0.1217085522486648,-0.9543683037003031,1.9342910731241403
-0.05445232318648793,0.6003552786024741,0.7228455811623983,1.9342910731241403
0.9744191685619109,-0.6263558115961193,-1.3245277900397217,1.9342910731241403
0.24401716960112577,-0.4322398114274691,-0.18936782334256766,1.9342910731241403
-0.4638144978613917,-0.020779100379174048,-0.7246126895960443,1.9342910731241403
-0.3995488350434959,-0.17279137037567072,0.01656136206093441,1.9342910731241403
-0.2899611975445467,0.7012847304719649,0.9526011952666572,1.9342910731241403
-0.07078592254664805,-0.49338584670339275,0.06421421946244875,1.9342910731241403
-0.04091012428752716,-0.9588925240495355,-0.32977169557772706,1.9342910731241403
-0.9432614460421854,0.02906753336331132,0.9355838184779706,1.9342910731241403
-0.16534500507377797,0.2975669229940013,0.26333435295388014,1.9342910731241403
-0.2270005791149919,-0.19059749109491997,-0.6250526228503285,1.9342910731241403
-0.5955548454084956,0.19663747112451033,0.47607259026945264,1.9342910731241403
-0.24333417847515226,0.09570801925501954,0.2463169761651934,1.9342910731241403
-0.36646401487306224,-0.8579630721800445,0.2531260280772638,0.42570021012889675
0.17333346296060462,-0.33131035955797833,0.27014340486595084,1.9342910731241403
-0.16083093877412433,-0.020779100379174048,-0.741630066384731,1.9342910731241403
-0.1803735600455975,-0.2303809076884873,0.14675690941947783,0.42570021012889675
0.032383671129675794,0.18107980335980797,-0.2821188381762128,0.42570021012889675
-0.36646401487306224,-0.02852200394950551,-0.06598132789609466,0.42570021012889675
-0.2732099767342731,-0.020779100379174048,-0.741630066384731,0.42570021012889675
-0.3963398131321833,-0.5359162172546578,-0.18255877143049692,1.9342910731241403
-0.3619499485734086,-0.1217085522486648,-0.741630066384731,1.9342910731241403
0.4599834226877116,-0.7570336203105539,0.2531260280772638,1.9342910731241403
0.26789254548773456,0.18107980335980797,-0.2821188381762128,1.9342910731241403
0.6637125212636775,-0.33131035955797833,-0.20638520013125414,0.42570021012889675
0.28464376629800814,-0.3746502741146525,0.45905521348076556,1.9342910731241403
0.8182045119935673,0.08015035149031698,-0.17574971951842652,1.9342910731241403
1.6145948396107024,-0.02852200394950551,0.040387790761691585,0.42570021012889675
-0.3995488350434959,0.39849637486349226,0.9355838184779706,1.9342910731241403
0.7165762724711798,-0.4463154242042031,-0.5288918290691588,0.42570021012889675
-0.19261071455621723,-0.07186191850617966,0.2463169761651934,0.42570021012889675
-0.2315146454146455,-0.22263800411815585,-0.6352609477269447,1.9342910731241403
-0.15822084999744276,-0.47449896133361724,-0.5459092058578453,1.9342910731241403
-0.19522080333289907,0.38293870709878974,-0.37147058004531225,0.42570021012889675
-0.2899611975445467,-0.749103779812676,-0.6352609477269447,1.9342910731241403
-0.12062196352735527,-0.6561041684410628,0.040387790761691585,0.42570021012889675
-1.0107361307713936,-0.020779100379174048,-1.077754799146776,1.9342910731241403
-0.37507452602225616,0.48386815896828056,-0.77992967788777,1.9342910731241403
-0.24333417847515226,-0.2915269429644108,-0.14852401785312372,1.9342910731241403
-0.8096171209721095,-0.7377751209936395,-0.2889278900882832,1.9342910731241403
-0.15822084999744276,0.38293870709878974,-0.6905779360186708,0.42570021012889675
-0.19581973646753006,0.5094428806473239,-0.7552481702088715,0.42570021012889675
0.1720284185722638,-0.5331692632969601,0.023370413973004833,1.9342910731241403
-0.6389728425665773,-0.7961742023118653,-0.7484391182968011,0.42570021012889675
-0.03188199168822,-0.6952447504423747,-0.30594526687696993,1.9342910731241403
0.6469613004534039,-0.9588925240495355,0.040387790761691585,-1.082890652866347
-1.2067421411363932,-0.5254263597266285,-1.3245277900397217,0.42570021012889675
0.2878527882093209,-0.22263800411815585,-0.40550533362268587,0.42570021012889675
-0.6675435964373575,0.28200925522929876,-0.6012261941495712,1.9342910731241403
-0.3619499485734086,0.18107980335980797,-0.37147058004531225,-1.082890652866347
-0.4638144978613917,0.38293870709878974,-0.5842088173608845,0.42570021012889675
-0.7992839439844616,-0.22263800411815585,-1.1841239178045624,1.9342910731241403
0.9639046798897453,-0.8579630721800445,-0.29573694200035366,1.9342910731241403
0.7629669817749787,-0.02852200394950551,0.16377428620816456,0.42570021012889675
-0.0065202597287524755,-0.4322398114274691,0.023370413973004833,0.42570021012889675
0.3100054982574754,1.255175751718412,-0.618243570938258,0.42570021012889675
-1.0750017935892893,0.38293870709878974,-0.15873234272974004,-1.082890652866347
0.7161586510210666,-0.22263800411815585,-0.618243570938258,0.42570021012889675
-0.8083120765837686,0.07240744791998548,0.3935299003124235,0.42570021012889675
0.35811887339972853,-0.33131035955797833,0.37651252352373676,0.42570021012889675
-0.4638144978613917,0.38293870709878974,-0.26510146138752605,0.42570021012889675
0.6637125212636775,-0.555174716571572,0.14675690941947783,1.9342910731241403
-0.5701931134490281,-0.02852200394950551,0.16377428620816456,0.42570021012889675
0.03838409350218789,-0.1294514558189963,0.14675690941947783,0.42570021012889675
1.007322677047827,-0.555174716571572,0.040387790761691585,0.42570021012889675
-0.5656790471493744,-0.4463154242042031,-0.5118744522804718,1.9342910731241403
-0.2899611975445467,0.28200925522929876,-0.6012261941495712,0.42570021012889675
-0.1128988753163891,-0.1294514558189963,0.16377428620816456,0.42570021012889675
-0.2732099767342731,-0.5472448760736942,-0.2821188381762128,0.42570021012889675
-0.3619499485734086,-0.22263800411815585,-0.5288918290691588,-1.082890652866347
-0.6045829780078028,-0.0770510622272429,0.6062681376279958,-1.082890652866347
0.7971755346492357,-0.020779100379174048,-0.3884879568339988,1.9342910731241403
0.5001923979344807,-0.08966803922542899,-0.04215489919533749,0.42570021012889675
-0.36646401487306224,-0.02852200394950551,0.05740516755037833,0.42570021012889675
-0.2224865128153383,-0.555174716571572,0.05740516755037833,0.42570021012889675
-0.2645994655850792,-0.33131035955797833,0.16377428620816456,0.42570021012889675
-0.15952589438578355,0.08015035149031698,-0.494857075491785,0.42570021012889675
0.9394303708685053,-0.19059749109491997,0.06421421946244875,0.42570021012889675
0.7971755346492357,-0.020779100379174048,-0.494857075491785,-1.082890652866347
0.7165762724711798,-0.5472448760736942,-0.5118744522804718,0.42570021012889675
-0.26008539928542557,0.28200925522929876,-0.6012261941495712,0.42570021012889675
-0.3619499485734086,0.28200925522929876,-0.6012261941495712,-1.082890652866347
-0.10838480901673553,-0.555174716571572,0.37651252352373676,0.42570021012889675
-0.501413384331479,-0.08966803922542899,-0.14852401785312372,0.42570021012889675
-0.32886512840297494,-0.05052745722411741,0.3935299003124235,-1.082890652866347
0.06225946938879667,-0.5943152985728836,-0.05917227598402396,0.42570021012889675
-0.5656790471493744,-0.5472448760736942,-0.40550533362268587,-1.082890652866347
-0.4638144978613917,-0.4463154242042031,-0.40550533362268587,-1.082890652866347
-0.18809664825656366,0.38293870709878974,-0.47783969870309856,0.42570021012889675
-0.3619499485734086,0.38293870709878974,-0.47783969870309856,0.42570021012889675
-0.501413384331479,-0.19059749109491997,0.06421421946244875,0.42570021012889675
0.8330517552808688,-0.02852200394950551,0.16377428620816456,0.42570021012889675
0.5152209529063,-0.555174716571572,0.2531260280772638,1.9342910731241403
-0.4638144978613917,0.28200925522929876,-0.494857075491785,-1.082890652866347
0.02786960483002221,-0.39245639483390177,0.04719684267376203,0.42570021012889675
-0.24333417847515226,-0.8387045728631306,-0.2889278900882832,0.42570021012889675
-0.2224865128153383,0.28200925522929876,-0.3884879568339988,0.42570021012889675
-0.26008539928542557,0.08015035149031698,-0.3884879568339988,0.42570021012889675
0.38799467165884965,-0.555174716571572,0.14675690941947783,0.42570021012889675
-0.45609140965042533,-0.35331581283259,-0.08299870468478142,1.9342910731241403
0.04420320419018231,-0.020779100379174048,-0.15873234272974004,0.42570021012889675
-0.3619499485734086,0.28200925522929876,-0.2821188381762128,-1.082890652866347
0.5496108174650747,-0.2523863609630992,0.48288164218152313,0.42570021012889675
-0.4638144978613917,0.08015035149031698,-0.2821188381762128,0.42570021012889675
0.6637125212636775,-0.33131035955797833,0.37651252352373676,-1.082890652866347
-0.04091012428752716,-0.1294514558189963,0.3935299003124235,-1.082890652866347
-0.06027143387448238,0.7012847304719649,0.739862957951085,0.42570021012889675
-0.3619499485734086,0.28200925522929876,-0.2821188381762128,-1.082890652866347
0.413356403618317,0.2975669229940013,0.8121973230314978,-1.082890652866347
0.7655770705516605,-0.2303809076884873,0.6062681376279958,0.42570021012889675
-0.0065202597287524755,-0.1294514558189963,0.4998990189702095,0.42570021012889675
0.15438977482376268,-0.2523863609630992,0.27014340486595084,1.9342910731241403
0.1855706174712246,0.07240744791998548,0.4998990189702095,-1.082890652866347
0.6637125212636775,-0.2303809076884873,0.6062681376279958,-1.082890652866347
-0.24333417847515226,-0.39245639483390177,-0.18255877143049692,-1.082890652866347
0.10716382261973705,-0.08966803922542899,0.29396983356670775,-1.082890652866347
-0.0065202597287524755,-0.33131035955797833,0.023370413973004833,-1.082890652866347
0.22768357024096542,-0.454245264702081,0.6062681376279958,1.9342910731241403
-0.400853879431837,0.07240744791998548,0.16377428620816456,0.42570021012889675
-0.22830562350333272,-0.6368456691241489,-0.18255877143049692,-1.082890652866347
-0.02457652492736684,0.18107980335980797,-0.15873234272974004,-1.082890652866347
-0.3075998412930478,-0.4463154242042031,-0.8479991850425171,-1.082890652866347
-0.07078592254664805,-0.37983941783571584,-0.18936782334256766,-1.082890652866347
-0.3619499485734086,0.08015035149031698,-0.8479991850425171,-1.082890652866347
-0.5656790471493744,-0.4463154242042031,-0.8479991850425171,-1.082890652866347
-0.4638144978613917,-0.020779100379174048,-0.7246126895960443,-1.082890652866347
-0.5656790471493744,-0.5472448760736942,-0.741630066384731,-1.082890652866347
-0.6675435964373575,-0.47449896133361724,-0.40550533362268587,-1.082890652866347
-0.18488762634525105,-0.2303809076884873,0.16377428620816456,-1.082890652866347
0.7971755346492357,-0.3453859723347124,-0.618243570938258,-1.082890652866347
0.8089950677097422,-0.454245264702081,-0.29573694200035366,-1.082890652866347
-0.42942463330261704,-0.22263800411815585,-0.9713856804889901,-1.082890652866347
0.12522008781835145,-0.35331581283259,-0.06598132789609466,0.42570021012889675
-0.1679550938504597,-0.48076886970520655,-0.6488790515510856,-1.082890652866347
-0.6942103727851657,-0.48076886970520655,-0.6488790515510856,-1.082890652866347
-0.24333417847515226,-0.39245639483390177,-0.4123143855347562,-1.082890652866347
-0.1713454274462903,0.08015035149031698,-0.741630066384731,-1.082890652866347
0.3757575171482297,-0.555174716571572,0.3935299003124235,-1.082890652866347
0.3757575171482297,-0.555174716571572,0.3935299003124235,-1.082890652866347
0.3757575171482297,-0.555174716571572,0.5169163957588965,-1.082890652866347
0.6953109853612527,0.08015035149031698,-0.7246126895960443,-1.082890652866347
-0.3619499485734086,0.08015035149031698,-0.8479991850425171,-1.082890652866347
-0.3619499485734086,0.08015035149031698,-0.7560969394008135,-1.082890652866347
-0.002006193429098894,-0.49338584670339275,-0.2889278900882832,-1.082890652866347
0.13424822041765863,0.28200925522929876,-0.37147058004531225,-1.082890652866347
0.13424822041765863,0.28200925522929876,-0.37147058004531225,-1.082890652866347
0.8723733075894103,0.08015035149031698,-0.7246126895960443,-1.082890652866347
-0.08302307705726801,-0.6561041684410628,-0.08299870468478142,-1.082890652866347
0.24253081352826703,-0.4463154242042031,-0.5288918290691588,-1.082890652866347
0.680046120623838,-0.555174716571572,-0.08299870468478142,-1.082890652866347
-0.1128988753163891,-0.6561041684410628,-0.08299870468478142,-1.082890652866347
-0.7051424829074447,-0.24445652046522137,-0.8479991850425171,-1.082890652866347
-0.4683285641610453,-0.6561041684410628,-0.20638520013125414,-1.082890652866347
-0.3619499485734086,-0.5472448760736942,-1.094772175935463,-1.082890652866347
0.8184408217591627,0.08015035149031698,-0.7246126895960443,-1.082890652866347
-0.37507452602225616,-0.27264005759463555,-0.9884030572776767,-1.082890652866347
-0.4638144978613917,-0.020779100379174048,-0.8479991850425171,-1.082890652866347
-0.501413384331479,-0.6368456691241489,0.04719684267376203,-1.082890652866347
0.8650678408285574,-0.555174716571572,-0.18936782334256766,-1.082890652866347
0.7610630042520069,-0.555174716571572,0.6062681376279958,-1.082890652866347
-0.02457652492736684,-0.5943152985728836,-0.4123143855347562,-1.082890652866347
0.7655770705516605,-0.1294514558189963,0.040387790761691585,-1.082890652866347
0.7387289825193347,-0.555174716571572,0.37651252352373676,-1.082890652866347
-0.09074616526823438,-0.2523863609630992,-0.18936782334256766,-1.082890652866347
-0.5027184287198198,-0.48076886970520655,0.040387790761691585,-1.082890652866347
-0.15501182808612998,-0.33131035955797833,0.14675690941947783,-1.082890652866347
0.14927677538947817,-0.49338584670339275,0.17058333812023474,-1.082890652866347
0.33797731899362443,-0.39245639483390177,0.50670807088228,-1.082890652866347
-0.18488762634525105,-0.555174716571572,0.27014340486595084,-1.082890652866347
0.41317509193379925,-0.2303809076884873,-0.18936782334256766,-1.082890652866347
-0.255571332985772,-0.6952447504423747,-0.07618965277271095,-1.082890652866347
-0.5656790471493744,-0.3453859723347124,-0.5118744522804718,-1.082890652866347
-0.26008539928542557,0.08015035149031698,-0.741630066384731,-1.082890652866347
0.443232201877438,-0.2303809076884873,-0.08299870468478142,-1.082890652866347
1.6145948396107024,-0.1294514558189963,-0.06598132789609466,0.42570021012889675
0.1524857973007907,-0.6368456691241489,-0.05917227598402396,-1.082890652866347
-0.36646401487306224,-0.555174716571572,0.4998990189702095,-1.082890652866347
-0.4638144978613917,0.18107980335980797,-0.7246126895960443,-1.082890652866347
0.5496108174650747,-0.02852200394950551,0.27014340486595084,-1.082890652866347
-0.15952589438578355,-0.49338584670339275,-0.2889278900882832,-1.082890652866347
-0.3995488350434959,-0.5359162172546578,-0.1655413946418102,-1.082890652866347
-0.603277933619462,-0.43498676538516684,-0.2889278900882832,-1.082890652866347
-0.1414696291871692,-0.39245639483390177,0.17058333812023474,-1.082890652866347
-0.5656790471493744,-0.020779100379174048,-0.9713856804889901,-1.082890652866347
-0.5312891825906001,-0.49338584670339275,-0.2889278900882832,-1.082890652866347
1.3414870787825561,-0.2303809076884873,0.27014340486595084,-1.082890652866347
0.8723733075894103,-0.08966803922542899,-0.04215489919533749,0.42570021012889675
0.8149954900822545,-0.33405731351567597,-0.05917227598402396,-1.082890652866347
-0.2732099767342731,-0.020779100379174048,-0.5118744522804718,0.42570021012889675
2.145182873160544,-0.1217085522486648,-0.8479991850425171,-1.082890652866347
-0.1713454274462903,-0.020779100379174048,-0.40550533362268587,-1.082890652866347
0.6637125212636775,-0.2303809076884873,0.37651252352373676,0.42570021012889675
0.7520348716526999,0.6003552786024741,0.6164764625046121,-1.082890652866347
1.7267925658863332,-0.6561041684410628,-0.08299870468478142,0.42570021012889675
-0.2270005791149919,0.07240744791998548,0.18079166299685104,0.42570021012889675
0.31149185433033416,0.19663747112451033,0.36970347161166645,0.42570021012889675
-0.501413384331479,-0.39245639483390177,-0.05917227598402396,0.42570021012889675
0.24211319207815377,-0.5943152985728836,-0.5186835041925425,0.42570021012889675
-0.6000689117081492,-0.3746502741146525,0.5824417089272386,0.42570021012889675
0.5573339056760409,0.1733368997894763,0.6232855144166826,-1.082890652866347
0.17333346296060462,-0.2303809076884873,0.27014340486595084,0.42570021012889675
0.2395031033014722,-0.02852200394950551,0.040387790761691585,-1.082890652866347
-0.18488762634525105,-0.1294514558189963,0.040387790761691585,0.42570021012889675
-0.06948087815830727,0.08015035149031698,-0.5118744522804718,0.42570021012889675
0.692519584900053,0.08015035149031698,-0.8479991850425171,0.42570021012889675
0.41317509193379925,-0.33131035955797833,0.040387790761691585,0.42570021012889675
-0.03639605798787358,-0.2303809076884873,-0.18936782334256766,0.42570021012889675
0.5631530163640354,-0.2303809076884873,0.37651252352373676,0.42570021012889675
0.07449662389941665,-0.39245639483390177,-0.5186835041925425,-1.082890652866347
0.7733001587626268,-0.8579630721800445,0.6062681376279958,-1.082890652866347
-0.2899611975445467,-0.6952447504423747,0.276952456778021,0.42570021012889675
-0.4638144978613917,0.18107980335980797,-0.618243570938258,-1.082890652866347
-0.1414696291871692,-0.49338584670339275,0.04719684267376203,0.42570021012889675
0.6637125212636775,-0.2303809076884873,0.040387790761691585,-1.082890652866347
0.6351417673928973,-0.2303809076884873,0.040387790761691585,-1.082890652866347
-0.4638144978613917,0.18107980335980797,-0.618243570938258,-1.082890652866347
0.4254122464444192,-0.7570336203105539,0.37651252352373676,-1.082890652866347
-0.3619499485734086,-0.32356745598764663,-0.05236322407195378,0.42570021012889675
-0.42942463330261704,0.08015035149031698,-0.2821188381762128,0.42570021012889675
-0.4638144978613917,-0.020779100379174048,-0.3884879568339988,-1.082890652866347
-0.02457652492736684,-0.6952447504423747,0.276952456778021,-1.082890652866347
-0.39182574683252974,-0.020779100379174048,-0.618243570938258,-1.082890652866347
2.2248947124003724,0.28200925522929876,-0.6012261941495712,0.42570021012889675
0.08180209066026979,-0.39245639483390177,-0.1655413946418102,-1.082890652866347
-0.43072967769095777,-0.7570336203105539,0.4998990189702095,-1.082890652866347
1.1450634469674432,-0.020779100379174048,-0.494857075491785,0.42570021012889675
0.8618588189172445,-0.39245639483390177,-0.05917227598402396,-1.082890652866347
0.5631530163640354,-0.33131035955797833,0.4998990189702095,-1.082890652866347
-0.2899611975445467,0.08015035149031698,-0.3884879568339988,-1.082890652866347
1.2125381316966515,-0.7570336203105539,0.4998990189702095,-1.082890652866347
0.4254122464444192,-0.8579630721800445,0.6062681376279958,-1.082890652866347
-0.15822084999744276,0.28200925522929876,-0.3884879568339988,-1.082890652866347
-0.3243510621033214,-0.2303809076884873,-0.06598132789609466,-1.082890652866347
-0.29898933014385387,-0.2303809076884873,0.27014340486595084,-1.082890652866347
0.6637125212636775,-0.33131035955797833,0.27014340486595084,0.42570021012889675
0.4943732872464861,-0.5816983215746975,0.8360237517322547,-1.082890652866347
-0.26008539928542557,0.18107980335980797,-0.618243570938258,-1.082890652866347
0.17333346296060462,-0.6561041684410628,0.37651252352373676,-1.082890652866347
-0.18358258195691005,-0.19059749109491997,-0.05917227598402396,-1.082890652866347
0.78060562552348,-0.555174716571572,0.27014340486595084,-1.082890652866347
-0.09656527595622881,-0.7961742023118653,0.276952456778021,-1.082890652866347
-0.25236231107445944,-0.02852200394950551,0.16377428620816456,-1.082890652866347
-0.32886512840297494,-0.2737208222451614,0.47607259026945264,-1.082890652866347
0.5917237702348156,-0.555174716571572,0.040387790761691585,-1.082890652866347
0.4554693563880581,-0.02852200394950551,0.05740516755037833,-1.082890652866347
0.3757575171482297,-0.7961742023118653,0.400338952224494,-1.082890652866347
-0.3619499485734086,-0.22263800411815585,-0.2821188381762128,-1.082890652866347
-0.29447526384420025,0.39849637486349226,0.36970347161166645,-1.082890652866347
-0.07078592254664805,-0.1294514558189963,-0.06598132789609466,-1.082890652866347
-0.400853879431837,-0.555174716571572,0.27014340486595084,-1.082890652866347
0.3892997160471905,-0.48076886970520655,0.8360237517322547,-1.082890652866347
0.34136765258945506,-0.2303809076884873,0.16377428620816456,-1.082890652866347
0.4915818867852868,0.18107980335980797,-0.7246126895960443,-1.082890652866347
0.2395031033014722,-0.6561041684410628,-0.18936782334256766,-1.082890652866347
-0.1758594937459439,-0.172282625404358,0.36970347161166645,-1.082890652866347
-0.42942463330261704,-0.5943152985728836,-0.05917227598402396,-1.082890652866347
-0.3619499485734086,0.08015035149031698,-0.3884879568339988,-1.082890652866347
-0.03960507989918616,-0.6368456691241489,0.400338952224494,0.42570021012889675
-0.1459836954868228,-0.39245639483390177,-0.05917227598402396,-1.082890652866347
-0.2270005791149919,-0.17279137037567072,0.5994590857159255,-1.082890652866347
-0.1713454274462903,-0.020779100379174048,-0.618243570938258,-1.082890652866347
-0.6045829780078028,-0.2303809076884873,0.16377428620816456,-1.082890652866347
0.2725879234719058,0.07240744791998548,0.18079166299685104,-1.082890652866347
-0.2732099767342731,0.38293870709878974,-0.47783969870309856,-1.082890652866347
0.41787046991797056,-0.454245264702081,0.27014340486595084,-1.082890652866347
-0.8083120765837686,-0.02852200394950551,0.09143992112775175,-1.082890652866347
0.8240236226815618,-0.1294514558189963,0.4998990189702095,-1.082890652866347
-0.3619499485734086,0.28200925522929876,-0.47783969870309856,-1.082890652866347
-0.6720576627370112,-0.02852200394950551,0.07442254433906507,-1.082890652866347
-0.04411914619883974,-0.39245639483390177,0.17058333812023474,-1.082890652866347
-0.4593004315617381,-0.5359162172546578,-0.05917227598402396,-1.082890652866347
-0.5027184287198198,0.07240744791998548,0.18079166299685104,-1.082890652866347
-0.29898933014385387,-0.555174716571572,0.14675690941947783,0.42570021012889675
-0.5027184287198198,0.07240744791998548,0.18079166299685104,-1.082890652866347
-0.29447526384420025,0.6003552786024741,0.5101073438468259,0.42570021012889675
0.8240236226815618,-0.02852200394950551,0.2871607816546373,0.42570021012889675
0.2004178607585262,-0.49338584670339275,-0.18255877143049692,-1.082890652866347
-0.4638144978613917,0.18107980335980797,-0.5842088173608845,0.42570021012889675
1.0775887622382347,0.08015035149031698,-0.618243570938258,-1.082890652866347
0.2395031033014722,-0.37983941783571584,0.48288164218152313,-1.082890652866347
0.4974009974732812,-0.02852200394950551,0.18079166299685104,-1.082890652866347
-0.02457652492736684,-0.39245639483390177,0.276952456778021,-1.082890652866347
-0.400853879431837,-0.2303809076884873,0.27014340486595084,-1.082890652866347
-0.4683285641610453,-0.02852200394950551,0.3935299003124235,-1.082890652866347
0.740215338592193,0.39849637486349226,0.7228455811623983,-1.082890652866347
-0.256876377374113,-0.2303809076884873,0.27014340486595084,-1.082890652866347
0.032383671129675794,0.28200925522929876,-0.47783969870309856,0.42570021012889675
-0.29898933014385387,-0.2303809076884873,-0.06598132789609466,0.42570021012889675
-0.2899611975445467,-0.2915269429644108,-0.14852401785312372,0.42570021012889675
0.3757575171482297,-0.2303809076884873,-0.06598132789609466,-1.082890652866347
-0.12965009612666248,0.2975669229940013,0.4930899670581394,-1.082890652866347
-0.2645994655850792,-0.2303809076884873,0.6062681376279958,0.42570021012889675
-0.32756008401463393,0.08015035149031698,-0.2821188381762128,0.42570021012889675
0.09985835585888415,0.08015035149031698,-0.2821188381762128,0.42570021012889675
0.032383671129675794,0.08015035149031698,-0.3884879568339988,0.42570021012889675
0.8751647080506096,-0.39245639483390177,-0.39529700874606943,0.42570021012889675
-0.29898933014385387,-0.33131035955797833,-0.06598132789609466,0.42570021012889675
-0.29898933014385387,-0.33131035955797833,-0.06598132789609466,0.42570021012889675
0.8149954900822545,0.2975669229940013,0.36970347161166645,0.42570021012889675
-0.26008539928542557,0.08015035149031698,-0.618243570938258,0.42570021012889675
0.6953109853612527,0.08015035149031698,-0.7246126895960443,0.42570021012889675
0.35039578518876224,-0.1294514558189963,0.4998990189702095,-1.082890652866347
-0.29898933014385387,-0.33131035955797833,0.4998990189702095,-1.082890652866347
0.7971755346492357,0.08015035149031698,-0.2821188381762128,0.42570021012889675
-0.501413384331479,0.2975669229940013,0.26333435295388014,0.42570021012889675
-0.2899611975445467,0.2975669229940013,0.26333435295388014,0.42570021012889675
0.17636117318739972,-0.020779100379174048,-0.618243570938258,0.42570021012889675
-0.06948087815830727,0.18107980335980797,-0.7246126895960443,0.42570021012889675
1.152605223493892,0.2975669229940013,0.36970347161166645,0.42570021012889675
-0.26008539928542557,0.18107980335980797,-0.7246126895960443,0.42570021012889675
0.5450967511654211,-0.2303809076884873,0.040387790761691585,0.42570021012889675
-0.3619499485734086,0.18107980335980797,-0.7246126895960443,0.42570021012889675
-0.43393869960227055,-0.07186191850617966,0.26333435295388014,-1.082890652866347
0.680046120623838,-0.2303809076884873,0.27014340486595084,0.42570021012889675
0.2751980122485876,-0.2303809076884873,0.27014340486595084,-1.082890652866347
0.7311872059928858,-0.1294514558189963,0.040387790761691585,-1.082890652866347
-0.2645994655850792,-0.2303809076884873,0.27014340486595084,0.42570021012889675
0.03968913789052871,0.2975669229940013,0.5994590857159255,-1.082890652866347
0.7176450070939251,0.08015035149031698,-0.7246126895960443,-1.082890652866347
0.17915257364859902,0.18107980335980797,-0.05236322407195378,-1.082890652866347
0.14927677538947817,0.49942582673298314,0.8292146998201844,-1.082890652866347
-0.5358032488902537,-0.17279137037567072,0.03357873884962115,-1.082890652866347
-0.5358032488902537,0.02906753336331132,0.26333435295388014,-1.082890652866347
0.04741222610149511,0.2975669229940013,0.5994590857159255,0.42570021012889675
-0.5358032488902537,0.2975669229940013,0.26333435295388014,-1.082890652866347
-0.09526023156788803,-0.02852200394950551,0.7296546330744688,-1.082890652866347
0.2646835235764217,0.07240744791998548,0.7296546330744688,-1.082890652866347
0.7370063166808802,-0.02852200394950551,0.7296546330744688,-1.082890652866347
-0.2645994655850792,-0.1294514558189963,0.4998990189702095,-1.082890652866347
0.2751980122485876,-0.1294514558189963,0.4998990189702095,-1.082890652866347
-0.2645994655850792,-0.1294514558189963,0.4998990189702095,-1.082890652866347
-0.29898933014385387,-0.2303809076884873,0.27014340486595084,-1.082890652866347
0.3910223818856446,-0.49338584670339275,-0.2889278900882832,-1.082890652866347
1.0009046332252016,-0.020779100379174048,-0.15873234272974004,0.42570021012889675
0.7178813168595206,0.08015035149031698,-0.3884879568339988,1.9342910731241403
0.2517402578120922,-0.35331581283259,-0.4021060606581399,1.9342910731241403
-0.4638144978613917,0.08015035149031698,-0.618243570938258,-1.082890652866347
-0.30029437453219465,-0.24445652046522137,-0.8479991850425171,1.9342910731241403
-0.7395323474662195,-0.17279137037567072,-0.3195633707011108,-1.082890652866347
-0.8070070321954278,0.19663747112451033,-0.10682513338553855,-1.082890652866347
0.6112663915062885,0.19663747112451033,0.2463169761651934,0.42570021012889675
1.920188487474651,-0.4322398114274691,0.4998990189702095,-1.082890652866347
-0.42942463330261704,-0.24445652046522137,-0.618243570938258,0.42570021012889675
-0.42942463330261704,-0.24445652046522137,-0.618243570938258,0.42570021012889675
-0.603277933619462,-0.5359162172546578,-0.2889278900882832,0.42570021012889675
-0.5656790471493744,-0.24445652046522137,-0.8479991850425171,-1.082890652866347
-0.6376677981782365,-0.07186191850617966,0.13994785750740715,0.42570021012889675
-0.603277933619462,-0.07186191850617966,0.36970347161166645,1.9342910731241403
-0.603277933619462,-0.07186191850617966,0.36970347161166645,1.9342910731241403
-0.603277933619462,-0.07186191850617966,0.13994785750740715,0.42570021012889675
0.5857233478623035,0.08015035149031698,-0.3884879568339988,0.42570021012889675
0.34588171888910857,-0.6368456691241489,-0.2889278900882832,-1.082890652866347
0.443232201877438,-0.02852200394950551,0.27014340486595084,1.9342910731241403
-0.5656790471493744,-0.24445652046522137,-0.8479991850425171,1.9342910731241403
0.04420320419018231,0.08015035149031698,-0.15873234272974004,-1.082890652866347
-0.0576613450978005,0.28200925522929876,-0.3884879568339988,0.42570021012889675
0.04331578125195475,-0.35331581283259,0.4998990189702095,1.9342910731241403
0.22257057080668088,-0.7350281670359419,0.8360237517322547,-1.082890652866347
-0.501413384331479,0.49942582673298314,0.4930899670581394,1.9342910731241403
0.5934464360732696,0.18107980335980797,-0.7246126895960443,1.9342910731241403
0.5152209529063,-0.19059749109491997,-0.05917227598402396,0.42570021012889675
0.6994695188769998,-0.45301406595559635,-0.002157755504827145,0.42570021012889675
0.12629377675519973,0.05222155754608726,0.3058841016135904,0.42570021012889675
0.6587236991618066,-0.21078338146881817,0.7466741110597509,-1.082890652866347
0.07782486882904031,-0.4322398114274691,0.1399499587040029,0.42570021012889675
0.6610403438207889,-0.2909385788101819,-0.39784961371526917,1.9342910731241403
0.337745963542132,-0.49279748254916367,-0.2633997206104512,0.42570021012889675
-0.17668978233206736,0.4125994504673767,1.2206480098911603,-1.082890652866347
-0.26008539928542557,0.26182336485540053,-0.1442654697136575,-1.082890652866347
0.029236737884569857,0.25111232747619133,1.1551290065090176,1.9342910731241403
0.06962702481585666,-0.27134105259051255,-0.3697667380716417,0.42570021012889675
-0.3600459710504366,0.39849637486349226,0.5084098116593548,0.42570021012889675
0.40706253712810553,-0.3918680306796727,-0.2310624992205487,0.42570021012889675
0.6341922557884628,0.26182336485540053,-0.4625198541018826,1.9342910731241403
1.2274474636501602,-0.3722705044600036,0.15186001816128192,0.42570021012889675
-0.5765490686054466,0.4792399363590849,1.1542760349238848,1.9342910731241403
-0.48234551886222315,-0.10926556544509809,0.45820434309222846,1.9342910731241403
-0.14627713960452216,-0.2707526884362837,-0.08640218004251875,0.42570021012889675
0.13294317602931782,-0.4731999563294946,-0.556121733127653,0.42570021012889675
-0.0576613450978005,-0.020779100379174048,-0.6590852752311062,-1.082890652866347
0.6918085193322404,-0.31171283333830896,0.18845368649405467,0.42570021012889675
0.37445247275988897,-0.2309692718427164,0.1807937641934468,-1.082890652866347
0.5414750621180978,-0.2303809076884873,-0.2565927698949765,-1.082890652866347
-0.4325715665477227,-0.15260548000177243,0.031028235077017,-1.082890652866347
-0.09840716481299372,0.28200925522929876,0.017412226253059476,-1.082890652866347
-0.4905433628754068,-0.08133677150086842,-0.9007572585788436,0.42570021012889675
-0.44344158800379513,0.3627528167248915,0.185052312332913,-1.082890652866347
-0.16534500507377797,-0.512983372923062,-0.5654812888123276,-1.082890652866347
-0.45110258754855437,-0.6548729696945782,-0.6710037456711803,1.9342910731241403
-0.7082894161525508,0.4636822685943824,-0.148521916656528,0.42570021012889675
1.3283004126675018,-0.4744311550759792,0.5645734617500144,1.9342910731241403
-0.42758274444585204,-0.2707526884362837,0.1442064056468737,0.42570021012889675
0.6346670115906802,1.578149997700783,0.05655639835843662,-1.082890652866347
0.06416344691176867,0.18107980335980797,-0.31105258420837795,0.42570021012889675
0.1166095766691575,0.12999698523280215,0.48628301634266463,1.9342910731241403
0.8833004633975864,0.011849776798290875,0.2769503555814253,1.9342910731241403
0.1696496852470748,-0.025407322988369712,-0.24722900562069805,0.42570021012889675
1.1291425147432934,-0.33131035955797833,0.6879599571964872,0.42570021012889675
0.1842034844166767,-0.4731999563294946,-0.171495373772152,-1.082890652866347
0.502327730908945,1.800194791813663,0.261634713373401,-1.082890652866347
-0.6535266417361795,-0.10152266187476662,-1.3662224659177031,-1.082890652866347
-0.18571791493137457,-0.16982323656679274,0.6062681376279958,-1.082890652866347
0.43176820160083773,-0.08966803922542899,0.6624317877186554,-1.082890652866347
-0.8757867613129772,-0.2303809076884873,-0.4914578025272392,-1.082890652866347
0.1374572423289714,-0.8971036541813563,-0.9058603673206477,-1.082890652866347
1.9378271312231525,0.2742663516589673,0.657320267994056,-1.082890652866347
-0.8757867613129772,-0.2303809076884873,-0.4914578025272392,0.42570021012889675
-0.5158430061686673,-0.2303809076884873,0.040387790761691585,1.9342910731241403
0.46580253337570604,0.2742663516589673,0.040387790761691585,-1.082890652866347
-0.5158430061686673,-0.7350281670359419,-0.5765446864706728,0.42570021012889675
-0.24594426725183383,-0.2303809076884873,0.040387790761691585,0.42570021012889675
-0.6383739094319463,-0.8971036541813563,-0.9058603673206477,0.42570021012889675
-0.803798010284115,0.11219086451355283,0.32800458714408115,-1.082890652866347
0.4974009974732812,0.2742663516589673,0.040387790761691585,0.42570021012889675
-0.5212444954065484,-0.7350281670359419,-1.1083902797596037,-1.082890652866347
-0.4224076563453605,0.2742663516589673,0.1254746747051252,-1.082890652866347
1.1910915329022067,0.11219086451355283,-0.8207734833772139,-1.082890652866347
0.713367250559867,-0.2303809076884873,-0.4914578025272392,1.9342910731241403
-1.169143254666306,0.2742663516589673,0.1254746747051252,-1.082890652866347
-0.36646401487306224,-0.2303809076884873,0.040387790761691585,-1.082890652866347
-0.7318092592552531,-0.2303809076884873,-1.1083902797596037,-1.082890652866347
1.6546225031729538,0.11219086451355283,-2.5864840311308734,-1.082890652866347
-0.07850901075761442,-0.2303809076884873,0.040387790761691585,-1.082890652866347
-1.169143254666306,0.2742663516589673,-2.257168350280899,0.42570021012889675
0.4254122464444192,-0.39245639483390177,-0.2889278900882832,-1.082890652866347
0.1589038411234163,-0.2303809076884873,-1.1083902797596037,-1.082890652866347
-1.241132005695168,-0.2303809076884873,-2.257168350280899,0.42570021012889675
-0.6598205082263912,-0.2303809076884873,-1.1083902797596037,0.42570021012889675
0.713367250559867,-0.7350281670359419,-0.5765446864706728,0.42570021012889675
-0.15049776178647636,-0.2303809076884873,0.040387790761691585,-1.082890652866347
-0.5878317571975292,-0.2303809076884873,-1.1083902797596037,-1.082890652866347
-0.8757867613129772,-0.2303809076884873,-1.1083902797596037,0.42570021012889675
0.08691509009455435,-0.7350281670359419,0.040387790761691585,-1.082890652866347
1.1910915329022067,0.11219086451355283,-2.5864840311308734,-1.082890652866347
0.5693897485021432,-0.2303809076884873,0.040387790761691585,-1.082890652866347
-0.22788800205321946,0.2742663516589673,0.040387790761691585,1.9342910731241403
0.1374572423289714,-0.2303809076884873,-1.1083902797596037,1.9342910731241403
0.3938137823468441,-0.7350281670359419,0.040387790761691585,-1.082890652866347
-0.07850901075761442,-0.2303809076884873,0.040387790761691585,-1.082890652866347
0.4254122464444192,-0.39245639483390177,-0.2889278900882832,0.42570021012889675
1.1191027818733446,0.11219086451355283,-2.5864840311308734,-1.082890652866347
1.1191027818733446,0.11219086451355283,-2.5864840311308734,0.42570021012889675
-0.002006193429098894,0.5847976108377716,-0.618243570938258,-1.082890652866347
1.1910915329022067,0.11219086451355283,-2.5864840311308734,-1.082890652866347
1.1910915329022067,0.11219086451355283,-2.5864840311308734,-1.082890652866347
1.1910915329022067,0.11219086451355283,-2.5864840311308734,-1.082890652866347
0.681768786462292,-0.39245639483390177,-1.4377059606095781,-1.082890652866347
0.06998255759976306,0.08015035149031698,-0.618243570938258,0.42570021012889675
0.06998255759976306,0.08015035149031698,0.5305344995830371,-1.082890652866347
0.4254122464444192,-0.8971036541813563,-0.9058603673206477,-1.082890652866347
0.35882498465343843,0.2742663516589673,-0.4914578025272392,-1.082890652866347
0.6467799887688862,0.2742663516589673,-2.257168350280899,-1.082890652866347
1.0787124949420581,0.2742663516589673,0.657320267994056,0.42570021012889675
-0.13356522929168513,-0.2303809076884873,-1.1083902797596037,-1.082890652866347
-1.3805954414532382,-0.4244969078571377,-1.767021641459553,-1.082890652866347
-0.8712726950133235,0.08015035149031698,-1.767021641459553,-1.082890652866347
-0.2315146454146455,-0.20708033635345333,-0.7790745989096287,-1.082890652866347
-0.15049776178647636,-0.2303809076884873,-0.4914578025272392,-1.082890652866347
-0.7318092592552531,0.2742663516589673,-2.257168350280899,0.42570021012889675
-0.5158430061686673,0.2742663516589673,-2.257168350280899,0.42570021012889675
-0.5158430061686673,-0.2303809076884873,-1.1083902797596037,0.42570021012889675
-0.7058485941611546,-0.8971036541813563,-1.4377059606095781,-1.082890652866347
-0.07850901075761442,0.2742663516589673,0.657320267994056,0.42570021012889675
-0.803798010284115,0.11219086451355283,-0.8207734833772139,-1.082890652866347
-0.15049776178647636,0.2742663516589673,0.657320267994056,-1.082890652866347
-0.5878317571975292,-0.2303809076884873,-1.1083902797596037,-1.082890652866347
-0.15049776178647636,0.2742663516589673,-0.4914578025272392,0.42570021012889675
0.2094459933578334,-0.39245639483390177,-0.2889278900882832,0.42570021012889675
-0.8757867613129772,0.2742663516589673,-0.4914578025272392,-1.082890652866347
-0.22788800205321946,0.2742663516589673,0.657320267994056,1.9342910731241403
-1.3805954414532382,-0.749103779812676,-1.767021641459553,1.9342910731241403
0.4254122464444192,0.11219086451355283,0.32800458714408115,0.42570021012889675
-0.2224865128153383,0.2742663516589673,-0.4914578025272392,-1.082890652866347
-0.5158430061686673,-0.2303809076884873,-1.1083902797596037,-1.082890652866347
-0.35493297161615217,-1.46353978339699,-0.5765446864706728,0.42570021012889675
-0.6598205082263912,0.2742663516589673,-0.4914578025272392,0.42570021012889675
-0.07850901075761442,0.2742663516589673,0.657320267994056,-1.082890652866347
0.5693897485021432,-0.2303809076884873,0.040387790761691585,0.42570021012889675
-0.7318092592552531,-0.9588925240495355,0.040387790761691585,0.42570021012889675
0.5962378365344692,0.2742663516589673,0.1254746747051252,0.42570021012889675
-0.8712726950133235,-0.24445652046522137,-1.767021641459553,-1.082890652866347
-0.803798010284115,-0.03126895790720316,-0.8207734833772139,-1.082890652866347
-0.6598205082263912,-0.2303809076884873,-1.1083902797596037,0.42570021012889675
-0.8712726950133235,0.08015035149031698,-0.618243570938258,-1.082890652866347
-0.8757867613129772,0.2742663516589673,0.657320267994056,1.9342910731241403
-0.803798010284115,-0.03126895790720316,-0.2038410061448496,0.42570021012889675
0.3534234954155573,-0.2303809076884873,0.040387790761691585,-1.082890652866347
-0.5158430061686673,-0.2303809076884873,-0.4914578025272392,1.9342910731241403
-0.29447526384420025,-0.03126895790720316,-0.2038410061448496,-1.082890652866347
-0.6598205082263912,-0.454245264702081,-0.4914578025272392,0.42570021012889675
-0.4492557443776864,-1.46353978339699,-0.5765446864706728,0.42570021012889675
0.713367250559867,-0.454245264702081,-0.4914578025272392,0.42570021012889675
0.713367250559867,0.050401994645373614,-0.4914578025272392,-1.082890652866347
1.6950127901042402,0.050401994645373614,0.657320267994056,-1.082890652866347
-0.6598205082263912,-0.9588925240495355,-0.5765446864706728,0.42570021012889675
0.6537969657261428,-0.2303809076884873,-0.4914578025272392,-1.082890652866347
-0.15049776178647636,0.2742663516589673,-0.4914578025272392,0.42570021012889675
-0.15049776178647636,0.2742663516589673,0.1254746747051252,0.42570021012889675
-0.8757867613129772,-0.2303809076884873,-0.4914578025272392,-1.082890652866347
0.7187687397977482,-0.03126895790720316,0.32800458714408115,-1.082890652866347
0.18598823892133787,0.08015035149031698,-0.618243570938258,0.42570021012889675
1.1191027818733446,-0.03126895790720316,-0.2038410061448496,0.42570021012889675
-0.2270005791149919,-0.5359162172546578,-0.2889278900882832,1.9342910731241403
0.6467799887688862,-0.454245264702081,-0.4914578025272392,-1.082890652866347
0.15350235188553518,0.43278534084127496,-0.8641614828530626,1.9342910731241403
0.2868362336245765,0.2742663516589673,-0.6616315704141066,0.42570021012889675
0.7221590733935788,0.2742663516589673,-0.4914578025272392,-1.082890652866347
0.4974009974732812,0.2742663516589673,0.1254746747051252,-1.082890652866347
1.0787124949420581,0.2742663516589673,0.1254746747051252,-1.082890652866347
1.1910915329022067,-0.03126895790720316,0.32800458714408115,-1.082890652866347
1.1191027818733446,-0.03126895790720316,-0.9909472512640812,0.42570021012889675
1.1191027818733446,-0.03126895790720316,-0.9909472512640812,0.42570021012889675
1.222689996999782,-0.454245264702081,-0.4914578025272392,-1.082890652866347
0.3534234954155573,0.2742663516589673,0.657320267994056,-1.082890652866347
-0.4438542551398053,-1.545210735949567,-0.9058603673206477,-1.082890652866347
1.9109790431908262,-0.03126895790720316,-0.9909472512640812,0.42570021012889675
1.1910915329022067,-0.03126895790720316,0.32800458714408115,0.42570021012889675
0.14285873156685258,0.2742663516589673,0.1254746747051252,-1.082890652866347
-0.15049776178647636,0.2742663516589673,0.1254746747051252,0.42570021012889675
0.4254122464444192,-0.5359162172546578,-0.8207734833772139,-1.082890652866347
-0.8712726950133235,0.5847976108377716,-1.320262932114056,-1.082890652866347
-0.8712726950133235,-0.929144167204592,-1.2351760481706224,0.42570021012889675
-0.5878317571975292,0.2742663516589673,-0.6616315704141066,0.42570021012889675
0.21484748259571454,-0.03126895790720316,-0.2038410061448496,0.42570021012889675
-0.36646401487306224,-0.2303809076884873,-0.4914578025272392,0.42570021012889675
1.1856900436643256,-0.454245264702081,-0.4914578025272392,0.42570021012889675
0.21484748259571454,-0.03126895790720316,-2.5864840311308734,-1.082890652866347
1.006723743913196,0.2742663516589673,0.1254746747051252,0.42570021012889675
-0.07850901075761442,-0.2303809076884873,0.040387790761691585,0.42570021012889675
-0.07850901075761442,-0.07186191850617966,-0.16214212167726436,0.42570021012889675
0.5028024867111623,0.2742663516589673,0.657320267994056,1.9342910731241403
1.5778833760788427,0.2742663516589673,0.1254746747051252,-1.082890652866347
-0.7318092592552531,-0.2303809076884873,0.040387790761691585,-1.082890652866347
0.8986224624871052,0.050401994645373614,0.1254746747051252,0.42570021012889675
-0.5158430061686673,0.2742663516589673,-2.257168350280899,0.42570021012889675
-0.5878317571975292,-0.2303809076884873,-0.4914578025272392,-1.082890652866347
-0.8083120765837686,-0.2303809076884873,0.657320267994056,1.9342910731241403
-0.29898933014385387,-0.2303809076884873,0.657320267994056,1.9342910731241403
-0.8083120765837686,-0.2303809076884873,0.657320267994056,-1.082890652866347
-0.011921748966633597,0.2742663516589673,-2.257168350280899,1.9342910731241403
-0.6598205082263912,0.2742663516589673,-2.257168350280899,0.42570021012889675
-0.011921748966633597,0.2742663516589673,-1.6402358730485342,0.42570021012889675
-0.015548392328059657,0.2742663516589673,0.1254746747051252,0.42570021012889675
-0.09656527595622881,-1.0405634766021123,-0.2889278900882832,-1.082890652866347
-0.8757867613129772,-0.2303809076884873,-0.4914578025272392,0.42570021012889675
0.2712828790835651,-0.2303809076884873,-0.4914578025272392,-1.082890652866347
-1.3851095077528919,-0.2303809076884873,-1.6402358730485342,-1.082890652866347
-0.803798010284115,-0.03126895790720316,-1.969551553898509,-1.082890652866347
0.60978003543343,-0.5359162172546578,-0.8207734833772139,-1.082890652866347
0.6467799887688862,-0.03126895790720316,-2.5864840311308734,-1.082890652866347
-1.31312075672403,-0.03126895790720316,-2.5864840311308734,-1.082890652866347
0.5693897485021432,0.2742663516589673,0.1254746747051252,-1.082890652866347
-1.31312075672403,-0.03126895790720316,-1.969551553898509,-1.082890652866347
-1.3851095077528919,-0.2303809076884873,-1.6402358730485342,-1.082890652866347
-0.803798010284115,-0.5359162172546578,-1.4377059606095781,-1.082890652866347
-1.0971545036374442,-0.2303809076884873,-1.1083902797596037,1.9342910731241403
-0.803798010284115,-0.5359162172546578,-0.8207734833772139,-1.082890652866347
-0.8757867613129772,0.2742663516589673,-0.4914578025272392,-1.082890652866347
-0.803798010284115,-0.5359162172546578,-1.4377059606095781,-1.082890652866347
-1.3851095077528919,0.2742663516589673,-1.6402358730485342,-1.082890652866347
-1.169143254666306,0.43278534084127496,-1.927852669430924,0.42570021012889675
-1.0971545036374442,-0.2303809076884873,-1.1083902797596037,0.42570021012889675
-1.169143254666306,-0.2303809076884873,-1.6402358730485342,0.42570021012889675
-0.4438542551398053,-0.03126895790720316,-0.8207734833772139,0.42570021012889675
0.03838409350218789,-0.39245639483390177,0.32800458714408115,0.42570021012889675
0.934734992884334,-0.03126895790720316,-2.5864840311308734,0.42570021012889675
-0.5878317571975292,0.2742663516589673,-1.1083902797596037,1.9342910731241403
-0.8757867613129772,0.2742663516589673,-1.1083902797596037,-1.082890652866347
-0.44836832143945893,-0.9588925240495355,0.040387790761691585,-1.082890652866347
-1.0971545036374442,-0.2303809076884873,-1.1083902797596037,1.9342910731241403
1.006723743913196,-0.2303809076884873,-0.4914578025272392,-1.082890652866347
-0.0065202597287524755,-0.2303809076884873,-0.4914578025272392,-1.082890652866347
-0.3673514378112898,-0.749103779812676,-0.618243570938258,1.9342910731241403
-1.3851095077528919,0.2742663516589673,-1.6402358730485342,-1.082890652866347
0.14285873156685258,0.2742663516589673,0.657320267994056,0.42570021012889675
0.6953109853612527,-0.749103779812676,-0.618243570938258,0.42570021012889675
-0.2224865128153383,0.2742663516589673,0.1254746747051252,0.42570021012889675
-1.3851095077528919,-0.2303809076884873,-1.1083902797596037,-1.082890652866347
0.35882498465343843,0.2742663516589673,-0.6616315704141066,0.42570021012889675
-1.31312075672403,-0.03126895790720316,-2.5864840311308734,-1.082890652866347
-0.803798010284115,-0.5359162172546578,-0.8207734833772139,-1.082890652866347
-0.8083120765837686,-0.2303809076884873,-0.4914578025272392,-1.082890652866347
-0.5878317571975292,0.2742663516589673,0.1254746747051252,-1.082890652866347
1.9378271312231525,0.2742663516589673,0.657320267994056,0.42570021012889675
-0.2854471312448931,0.11219086451355283,0.32800458714408115,-1.082890652866347
-0.8712726950133235,0.5847976108377716,-1.1500891642271889,0.42570021012889675
-0.8757867613129772,0.2742663516589673,-0.4914578025272392,-1.082890652866347
0.19389263881682198,-0.03126895790720316,-0.9909472512640812,0.42570021012889675
1.7164593888986854,-1.46353978339699,-0.5765446864706728,-1.082890652866347
-1.3851095077528919,-0.2303809076884873,-1.6402358730485342,0.42570021012889675
-0.8712726950133235,0.08015035149031698,-1.1500891642271889,-1.082890652866347
-1.3851095077528919,0.050401994645373614,-1.6402358730485342,-1.082890652866347
-0.15952589438578355,0.08015035149031698,-0.001311093705893639,1.9342910731241403
-0.6058880223961436,0.11219086451355283,-0.9909472512640812,-1.082890652866347
-0.22788800205321946,-0.2303809076884873,-1.1083902797596037,-1.082890652866347
-0.0065202597287524755,0.2742663516589673,-1.6402358730485342,0.42570021012889675
-0.5158430061686673,0.2742663516589673,-1.6402358730485342,0.42570021012889675
-1.169143254666306,0.2742663516589673,-1.6402358730485342,-1.082890652866347
-1.169143254666306,0.2742663516589673,-1.6402358730485342,-1.082890652866347
-1.241132005695168,0.2742663516589673,-1.6402358730485342,-1.082890652866347
1.4968664924506732,0.26019073888223326,-2.2988672347484838,-1.082890652866347
1.037198475306948,0.2742663516589673,-1.1083902797596037,-1.082890652866347
-1.31312075672403,-0.5359162172546578,-1.4377059606095781,-1.082890652866347
-0.29987675308208145,0.11219086451355283,-1.969551553898509,0.42570021012889675
0.4254122464444192,-0.03126895790720316,-1.969551553898509,0.42570021012889675
-0.803798010284115,-0.03126895790720316,-1.969551553898509,-1.082890652866347
-1.169143254666306,0.2742663516589673,-1.6402358730485342,-1.082890652866347
-1.169143254666306,0.2742663516589673,-1.6402358730485342,-1.082890652866347
-0.8757867613129772,0.2742663516589673,-1.6402358730485342,-1.082890652866347
0.7907574908266102,0.2742663516589673,0.040387790761691585,0.42570021012889675
0.7907574908266102,0.2742663516589673,-1.6402358730485342,-1.082890652866347
-0.15049776178647636,0.2742663516589673,-1.6402358730485342,-1.082890652866347
-0.5158430061686673,0.2742663516589673,-1.6402358730485342,1.9342910731241403
-0.5158430061686673,0.2742663516589673,-1.6402358730485342,-1.082890652866347
-1.0971545036374442,0.2742663516589673,-1.1083902797596037,-1.082890652866347
-0.8712726950133235,0.5847976108377716,-2.2988672347484838,0.42570021012889675
0.43081373568230036,0.2742663516589673,0.040387790761691585,-1.082890652866347
-0.0065202597287524755,0.2742663516589673,-1.6402358730485342,0.42570021012889675
-1.169143254666306,0.2742663516589673,-1.6402358730485342,0.42570021012889675
0.35882498465343843,0.2742663516589673,0.040387790761691585,-1.082890652866347
-0.8757867613129772,0.2742663516589673,-1.6402358730485342,-1.082890652866347
0.5028024867111623,0.2742663516589673,-0.4914578025272392,0.42570021012889675
-0.15049776178647636,0.2742663516589673,-0.4914578025272392,-1.082890652866347
0.5693897485021432,0.2742663516589673,0.657320267994056,-1.082890652866347
-0.36646401487306224,0.2742663516589673,-0.4914578025272392,0.42570021012889675
0.537791284404568,-0.03126895790720316,-1.969551553898509,0.42570021012889675
1.1910915329022067,-0.03126895790720316,-1.4377059606095781,0.42570021012889675
-0.0065202597287524755,0.2742663516589673,-0.4914578025272392,-1.082890652866347
-0.9531770015797202,-0.03126895790720316,-1.4377059606095781,-1.082890652866347
-1.0971545036374442,0.2742663516589673,-1.6402358730485342,-1.082890652866347
-0.0065202597287524755,0.050401994645373614,-1.1083902797596037,-1.082890652866347
-0.36646401487306224,0.2742663516589673,-1.1083902797596037,-1.082890652866347
-0.6598205082263912,-0.2303809076884873,0.040387790761691585,0.42570021012889675
0.43081373568230036,0.2742663516589673,0.040387790761691585,-1.082890652866347
-0.803798010284115,-0.03126895790720316,0.32800458714408115,0.42570021012889675
-0.36646401487306224,0.2742663516589673,0.040387790761691585,-1.082890652866347
0.41727153678333967,0.5847976108377716,-1.767021641459553,0.42570021012889675
-0.29447526384420025,-0.5359162172546578,-0.05917227598402396,0.42570021012889675
1.045808986456142,-0.43498676538516684,0.17058333812023474,-1.082890652866347
-0.19783089210958063,-0.03126895790720316,-0.9781947324010604,1.9342910731241403
0.3897173374973037,0.18107980335980797,-0.3884879568339988,0.42570021012889675
-0.2645994655850792,0.2742663516589673,-1.0743555261822302,0.42570021012889675
-1.079515859888943,0.2742663516589673,-0.6488790515510856,0.42570021012889675
-1.079515859888943,0.2742663516589673,-1.0743555261822302,0.42570021012889675
1.1191027818733446,-0.03126895790720316,-1.4036712070322048,0.42570021012889675
-0.6720576627370112,0.2742663516589673,0.27014340486595084,0.42570021012889675
-0.8680636731020107,-0.7570336203105539,0.6956198794970954,-1.082890652866347
-0.986261821750154,0.08015035149031698,-2.473305860561017,0.42570021012889675
-0.4225889680298782,0.18107980335980797,-2.0137946323524987,0.42570021012889675
-0.8712726950133235,0.08015035149031698,-0.8820339386198904,1.9342910731241403
-1.7250930201756152,-0.1294514558189963,-1.9167955815587785,0.42570021012889675
-1.5824826511724392,0.032035667172189086,-1.3934628821555883,1.9342910731241403
-0.8232785428893812,-0.020779100379174048,-1.2181586713819357,0.42570021012889675
0.20546877152660392,-0.18226622337035944,-0.3416838624280141,0.42570021012889675
0.07146891367262158,-0.6774386297231252,-0.12384251017422504,0.42570021012889675
-0.4063174573359249,-0.9980331060508473,-0.716101896906899,0.42570021012889675
-0.9807982438460657,-1.1230924242345566,-0.7994912486628613,0.42570021012889675
0.1750561287990587,-0.798332792115334,-0.6888740940450001,0.42570021012889675
-1.1016685699370976,-1.187275032791643,-0.4233714734069016,1.9342910731241403
-0.43785383276729317,-1.2011232085363137,-0.8531043949809168,0.42570021012889675
0.5934464360732696,-0.18226622337035944,-0.618243570938258,0.42570021012889675
-0.06948087815830727,0.48386815896828056,-2.575426943258728,0.42570021012889675
-0.27588215417716183,-0.9588925240495355,-0.5569768059093819,0.42570021012889675
0.11037284453104985,0.3425669263509934,-0.218297366981541,0.42570021012889675
0.11037284453104985,0.48386815896828056,-0.148521916656528,0.42570021012889675
-0.631311843021818,-1.2011232085363137,-0.8531043949809168,1.9342910731241403
0.4404408014162385,-0.32356745598764663,-1.0454175777568737,0.42570021012889675
1.1142381371038879,0.032035667172189086,0.040387790761691585,-1.082890652866347
0.8736783519777513,-0.13003981997322536,-0.2889278900882832,0.42570021012889675
-0.3963398131321833,-0.2734996423939814,-0.18255877143049692,0.42570021012889675
0.11037284453104985,0.08015035149031698,-0.618243570938258,0.42570021012889675
0.681768786462292,-0.5359162172546578,-0.8862924867593566,0.42570021012889675
0.34944627358432784,0.3425669263509934,-0.618243570938258,0.42570021012889675
0.645656256065063,-0.13003981997322536,-0.18255877143049692,0.42570021012889675
0.04420320419018231,0.38293870709878974,-0.15873234272974004,0.42570021012889675
-0.3995488350434959,-0.2915269429644108,-0.2889278900882832,0.42570021012889675
-0.3995488350434959,-0.33189872371220713,-0.016624628520909696,0.42570021012889675
0.43307324598917857,-0.020779100379174048,-0.5118744522804718,0.42570021012889675
1.2736568612694412,-0.43498676538516684,-0.10852687416261313,0.42570021012889675
0.3562148958767568,-0.39245639483390177,-0.2251064188936114,0.42570021012889675
-0.501413384331479,-0.2915269429644108,-0.15107452162572763,0.42570021012889675
-0.501413384331479,-0.39245639483390177,-0.36295978735616696,0.42570021012889675
-0.400853879431837,-0.16982323656679274,0.17824115922424713,0.42570021012889675
0.03333318273411016,-0.5337576274511889,-0.14001112396738266,0.42570021012889675
0.1660279961997515,-0.020779100379174048,-1.5202486505666073,0.42570021012889675
-0.1238309854386681,0.05833183514325143,-0.47783969870309856,0.42570021012889675
0.12884673117977755,-0.21472735740913848,-0.39529700874606943,0.42570021012889675
-0.255571332985772,0.48386815896828056,-0.5671914405721978,0.42570021012889675
0.951249903929012,-0.08966803922542899,-0.14852401785312372,0.42570021012889675
0.9757242129502517,-0.5472448760736942,-1.0607374223580894,0.42570021012889675
-0.6675435964373575,0.18107980335980797,-0.47783969870309856,0.42570021012889675
-0.7992839439844616,-0.020779100379174048,-0.7246126895960443,0.42570021012889675
2.3729686593076367,-0.23312786164618496,0.06421421946244875,0.42570021012889675
0.1615139299000979,-0.5359162172546578,-0.2719105132995964,0.42570021012889675
-0.7350182811665659,-0.020779100379174048,-0.7246126895960443,0.42570021012889675
-0.400853879431837,-0.35331581283259,0.16377428620816456,0.42570021012889675
-0.8712726950133235,0.28200925522929876,-0.47783969870309856,0.42570021012889675
0.7610630042520069,0.07240744791998548,0.2871607816546373,0.42570021012889675
0.3276441420059765,0.2975669229940013,0.03357873884962115,0.42570021012889675
1.2211486428458453,-0.1514569090936082,0.3935299003124235,0.42570021012889675
0.2307112804677606,-0.7377751209936395,-0.4123143855347562,0.42570021012889675
-0.1713454274462903,-0.020779100379174048,-0.7246126895960443,0.42570021012889675
-1.0120411751597347,-0.37983941783571584,-0.4191234374468264,0.42570021012889675
0.9742378568773934,-0.2915269429644108,-0.2719105132995964,0.42570021012889675
-0.5358032488902537,-0.19059749109491997,-0.1655413946418102,0.42570021012889675
0.443232201877438,-0.1294514558189963,0.27014340486595084,0.42570021012889675
-0.4638144978613917,0.08015035149031698,-0.7246126895960443,0.42570021012889675
-0.4936902961205125,0.28200925522929876,-0.494857075491785,0.42570021012889675
0.15699986360044432,-0.6368456691241489,-0.2889278900882832,0.42570021012889675
-0.29898933014385387,-0.1294514558189963,0.05740516755037833,0.42570021012889675
-0.4606054759500789,-0.454245264702081,-0.29573694200035366,0.42570021012889675
0.23480772531730087,-0.33405731351567597,-0.04215489919533749,0.42570021012889675
-0.09526023156788803,0.1733368997894763,0.8530411285209415,0.42570021012889675
-0.400853879431837,-0.1514569090936082,0.4998990189702095,0.42570021012889675
-0.5027184287198198,-0.2303809076884873,0.05740516755037833,0.42570021012889675
-0.6045829780078028,-0.555174716571572,0.040387790761691585,0.42570021012889675
-0.3995488350434959,-0.2915269429644108,0.06421421946244875,0.42570021012889675
-0.29898933014385387,-0.33131035955797833,-0.06598132789609466,0.42570021012889675
0.14987570852410914,-0.2523863609630992,0.27014340486595084,0.42570021012889675
-0.2976842857555131,0.49942582673298314,0.739862957951085,0.42570021012889675
0.03968913789052871,1.4692514412237843,0.29396983356670775,0.42570021012889675
0.2517402578120922,-0.454245264702081,0.040387790761691585,0.42570021012889675
-0.5027184287198198,-0.1294514558189963,0.05740516755037833,0.42570021012889675
-0.6045829780078028,-0.02852200394950551,0.2871607816546373,0.42570021012889675
0.34136765258945506,-0.2303809076884873,0.16377428620816456,0.42570021012889675
0.954458925840325,-0.23312786164618496,0.29396983356670775,0.42570021012889675
-0.501413384331479,-0.2915269429644108,0.06421421946244875,0.42570021012889675
-0.21476342460437195,-0.555174716571572,-0.18936782334256766,0.42570021012889675
-0.400853879431837,-0.1294514558189963,0.16377428620816456,0.42570021012889675
0.13294317602931782,-0.43498676538516684,-0.2719105132995964,0.42570021012889675
-0.23020960102630472,-0.08966803922542899,0.29396983356670775,0.42570021012889675
1.1192840935578623,0.07240744791998548,0.6232855144166826,0.42570021012889675
-0.6045829780078028,-0.555174716571572,-0.18936782334256766,0.42570021012889675
-0.29898933014385387,-0.2303809076884873,0.16377428620816456,0.42570021012889675
-0.23020960102630472,-0.08966803922542899,0.29396983356670775,0.42570021012889675
-0.1128988753163891,-0.555174716571572,-0.06598132789609466,0.42570021012889675
-0.8070070321954278,-0.6952447504423747,-0.5357008809812289,0.42570021012889675
-0.7051424829074447,-0.6368456691241489,-0.30594526687696993,0.42570021012889675
-0.5923458234971828,-0.6340987151664509,-0.5425099328932993,0.42570021012889675
-0.29898933014385387,-0.02852200394950551,0.3935299003124235,0.42570021012889675
0.09083022325957697,0.07240744791998548,0.6232855144166826,0.42570021012889675
0.11940097713035706,-0.2915269429644108,-0.2889278900882832,0.42570021012889675
-0.15822084999744276,0.38293870709878974,0.07102327137451918,0.42570021012889675
-0.400853879431837,-0.1294514558189963,0.05740516755037833,0.42570021012889675
-0.29898933014385387,-0.2303809076884873,0.27014340486595084,0.42570021012889675
-0.19712478085587085,0.07240744791998548,0.6232855144166826,0.42570021012889675
1.3024018362396101,0.3318558889717839,1.0589703139244435,0.42570021012889675
-0.09526023156788803,0.07240744791998548,0.7296546330744688,0.42570021012889675
-0.2270005791149919,-0.17279137037567072,0.26333435295388014,0.42570021012889675
-0.3995488350434959,-0.39245639483390177,-0.05917227598402396,0.42570021012889675
0.49419197556196837,-0.19059749109491997,0.17058333812023474,0.42570021012889675
0.16281897428843892,-0.2303809076884873,0.16377428620816456,0.42570021012889675
-0.23020960102630472,-0.08966803922542899,0.17058333812023474,0.42570021012889675
0.18366663994825264,1.5701808930932748,0.29396983356670775,0.42570021012889675
-0.15822084999744276,0.38293870709878974,-0.26510146138752605,0.42570021012889675
-0.29898933014385387,-0.33131035955797833,0.040387790761691585,0.42570021012889675
-0.19712478085587085,0.07240744791998548,0.6232855144166826,0.42570021012889675
-0.09526023156788803,0.07240744791998548,0.4998990189702095,0.42570021012889675
-0.05314727879814692,0.07240744791998548,0.6232855144166826,0.42570021012889675
-0.15822084999744276,0.38293870709878974,-0.0353458472832671,0.42570021012889675
-0.2976842857555131,-0.2915269429644108,0.17058333812023474,0.42570021012889675
0.22577959271799367,-0.39245639483390177,-0.1655413946418102,0.42570021012889675
0.1415536871785117,1.3683219893542933,0.276952456778021,0.42570021012889675
-0.23020960102630472,-0.08966803922542899,0.17058333812023474,0.42570021012889675
0.01563245031940221,-0.08966803922542899,0.17058333812023474,0.42570021012889675
-0.35743588227375506,-0.49338584670339275,-0.39529700874606943,0.42570021012889675
0.01884147223071503,0.07240744791998548,0.3935299003124235,0.42570021012889675
-0.023271480539026057,0.23092643710229313,0.7228455811623983,0.42570021012889675
0.050022314878176675,-0.19059749109491997,0.5237254476709667,0.42570021012889675
0.03968913789052871,-0.39245639483390177,0.04719684267376203,0.42570021012889675
0.14606775347816534,0.48386815896828056,0.07102327137451918,0.42570021012889675
1.0563234751283077,0.23092643710229313,0.8292146998201844,0.42570021012889675
0.5734861933516834,1.7598230110658666,0.07102327137451918,0.42570021012889675
-0.23020960102630472,-0.08966803922542899,0.17058333812023474,0.42570021012889675
0.01884147223071503,-0.05052745722411741,0.6232855144166826,0.42570021012889675
1.0563234751283077,0.23092643710229313,0.8292146998201844,0.42570021012889675
0.01884147223071503,-0.1514569090936082,0.4998990189702095,0.42570021012889675
0.27685858942083486,0.08015035149031698,0.07102327137451918,0.42570021012889675
0.5327403736364903,0.38293870709878974,-0.15873234272974004,0.42570021012889675
-0.012401459082953906,-0.2523863609630992,0.3935299003124235,0.42570021012889675
0.10080786746331853,1.3683219893542933,0.04719684267376203,0.42570021012889675
-0.011034326028406071,-0.2523863609630992,0.27014340486595084,0.42570021012889675
0.3366722746052837,0.23092643710229313,0.7228455811623983,0.42570021012889675
-0.1563789611406778,0.07240744791998548,0.6232855144166826,0.42570021012889675
0.10716382261973705,0.01126141264406185,0.3577913047613795,0.42570021012889675
-0.012876214885171008,-0.13003981997322536,0.10676186692556301,0.42570021012889675
0.954458925840325,0.2712982178500895,0.9032465970880681,0.42570021012889675
-0.3601080597166437,0.1733368997894763,0.5662709939374857,0.42570021012889675
-0.21933957957023256,0.48386815896828056,0.02847562391140468,0.42570021012889675
-0.43393869960227055,-0.19059749109491997,0.2446152353881185,0.42570021012889675
-0.00972928164006528,-0.04929625847763256,0.1807937641934468,0.42570021012889675
0.47797759922011895,0.3425669263509934,-0.0353458472832671,0.42570021012889675
-0.23656555618272326,-0.08966803922542899,0.40714590293996866,0.42570021012889675
-0.05635630070945974,0.42331048784658615,0.02847562391140468,0.42570021012889675
-0.09526023156788803,0.07240744791998548,0.3935299003124235,0.42570021012889675
0.47797759922011895,0.28200925522929876,-0.08470044546185629,0.42570021012889675
-0.1690908714535149,-0.13003981997322536,0.29396983356670775,0.42570021012889675
-0.23787060057106404,-0.08907967507120014,0.3935299003124235,0.42570021012889675
0.020146516619055792,-0.19059749109491997,0.40714590293996866,0.42570021012889675
0.12070602151869785,-0.11108512834581181,0.5101094450434215,0.42570021012889675
-0.21482551327057897,-0.33189872371220713,0.06421421946244875,0.42570021012889675
0.8525943765523419,0.2712982178500895,0.8036844291457568,0.42570021012889675
-0.23656555618272326,-0.04929625847763256,0.29396983356670775,0.42570021012889675
0.09213526764791774,-0.19059749109491997,0.2446152353881185,0.42570021012889675
0.04420320419018231,0.28200925522929876,-0.19106956411964227,0.42570021012889675
0.5417685062357974,-0.2737208222451614,0.5824417089272386,0.42570021012889675
0.254288257922567,1.7598230110658666,0.07783022208999386,0.42570021012889675
-0.5656790471493744,0.18107980335980797,-0.4455024773131961,0.42570021012889675
-0.4638144978613917,-0.24445652046522137,-0.48039020247570247,0.42570021012889675
0.49419197556196837,-0.4244969078571377,-0.7160997957103032,0.42570021012889675
-0.02962743569544457,0.3581245941156959,0.5994590857159255,0.42570021012889675
-0.4230686781461985,0.42331048784658615,-0.24808408459883932,0.42570021012889675
-0.5045603175765847,-0.5754284132031082,-0.6846155459055336,0.42570021012889675
0.011118384019748628,0.19055465635449673,0.8292146998201844,0.42570021012889675
-0.5701931134490281,-0.454245264702081,0.040387790761691585,0.42570021012889675
-0.007887392783300307,0.07240744791998548,0.3935299003124235,0.42570021012889675
0.27692067808704174,-0.6769298847518123,0.34587914410750503,0.42570021012889675
0.5618479719756945,-0.16982323656679274,0.10420926195636333,0.42570021012889675
0.3757575171482297,0.42331048784658615,-0.19106956411964227,0.42570021012889675
-0.1645768051538613,0.28200925522929876,-0.08470044546185629,0.42570021012889675
-0.06087036700911334,0.42331048784658615,0.02847562391140468,0.42570021012889675
1.5320295112434676,-0.8359576189054329,0.006353037184318085,0.42570021012889675
1.3894191422402915,-0.9368870707749236,0.016563463257530203,0.42570021012889675
2.2322001791612256,-0.9212335204955746,-0.25914117247098495,0.42570021012889675
-0.6942103727851657,-0.4322398114274691,0.10420926195636333,0.42570021012889675
-0.016915525382607505,-0.32356745598764663,-0.6352609477269447,0.42570021012889675
-0.06948087815830727,-0.4244969078571377,-0.6420678984424194,0.42570021012889675
-0.6675435964373575,0.08015035149031698,-0.494857075491785,-1.082890652866347
-0.23656555618272326,-1.199892009789829,-0.15022155004059476,0.42570021012889675
-0.8083120765837686,-0.33131035955797833,-0.023433680432980164,0.42570021012889675
-0.7694081457253404,-0.020779100379174048,-0.48039020247570247,0.42570021012889675
-0.42942463330261704,-0.22263800411815585,-0.09491087153506828,0.42570021012889675
-0.32756008401463393,-0.1217085522486648,-0.40550533362268587,0.42570021012889675
0.10532193376297212,0.18107980335980797,-0.3391333586554099,0.42570021012889675
0.10532193376297212,0.18107980335980797,-0.3391333586554099,0.42570021012889675
0.7178813168595206,0.08015035149031698,-0.08470044546185629,0.42570021012889675
1.1240344696231117,-0.1217085522486648,-0.5442116736703742,0.42570021012889675
0.032383671129675794,0.28200925522929876,-0.2225538139244118,0.42570021012889675
-0.016915525382607505,0.08015035149031698,-0.3884879568339988,0.42570021012889675
0.19536694999044846,0.38293870709878974,-0.23361721158275675,0.42570021012889675
0.4159664923949988,0.48386815896828056,0.07783022208999386,0.42570021012889675
0.03968913789052871,1.0655336337458203,-0.009817677805435049,0.42570021012889675
0.4521982458105383,0.01126141264406185,0.29396983356670775,0.42570021012889675
-0.16403996068543716,0.25809801878989314,-0.2991383161614952,0.42570021012889675
-0.23109702396453227,-0.929144167204592,-1.660652522801767,0.42570021012889675
-0.400853879431837,1.518737399342233,0.2871607816546373,0.42570021012889675
1.1804028231306523,1.5096232219715804,0.29396983356670775,0.42570021012889675
-0.0065202597287524755,-0.02852200394950551,0.05059821683490364,0.42570021012889675
-0.07078592254664805,-0.4755797259841432,-0.025986285402179843,0.42570021012889675
-0.5358032488902537,-0.13003981997322536,0.06421421946244875,0.42570021012889675
0.5527006163580767,0.08015035149031698,-0.9543683037003031,0.42570021012889675
0.832870443596351,0.1733368997894763,0.810493481057827,0.42570021012889675
-0.631311843021818,-0.33131035955797833,-0.14001322516397846,0.42570021012889675
-0.6344587762669236,-0.011304247384485025,0.03357873884962115,0.42570021012889675
-0.7082894161525508,0.22145158410760413,-0.6820650421329297,-1.082890652866347
-0.09710212042465294,0.3425669263509934,0.01400875089532209,0.42570021012889675
0.1641240186767797,-0.04929625847763256,0.23014836237203598,0.42570021012889675
0.12842910972966423,-0.39245639483390177,-0.05236532526854954,0.42570021012889675
-0.20710242505961263,-0.6548729696945782,-0.10852687416261313,0.42570021012889675
0.7794748022345277,0.1127792286677819,0.7466720098631553,-1.082890652866347
-0.36830590372982713,0.28200925522929876,0.06421632065904448,0.42570021012889675
-0.644023753334655,-0.7961742023118653,-0.14001112396738266,0.42570021012889675
0.4163220251789052,0.28200925522929876,-0.02087897426718451,0.42570021012889675
0.060954425000455885,-0.5331692632969601,0.37651252352373676,0.42570021012889675
0.8886448182833636,0.3425669263509934,-0.0353458472832671,-1.082890652866347
-0.3555939934169901,-0.011304247384485025,0.43352494280633813,0.42570021012889675
-0.15822084999744276,0.38293870709878974,0.07783022208999386,-1.082890652866347
-0.05635630070945974,0.38293870709878974,0.01400875089532209,-1.082890652866347
-0.2645994655850792,-0.4322398114274691,0.48968859289699757,0.42570021012889675
-0.3008312190006188,-0.06115088112697021,-0.2225538139244118,-1.082890652866347
-0.28223810933358034,-0.7166618395627573,0.11441968802957538,0.42570021012889675
-0.43785383276729317,-0.97725885152272,-0.05746843401035364,-1.082890652866347
-0.4905433628754068,-0.06115088112697021,-0.5544220997435864,-1.082890652866347
-0.13356522929168513,-0.8359576189054329,0.12973953263079083,-1.082890652866347
0.6034240802770113,-0.5859840308483232,-0.5433587020852413,0.42570021012889675
0.2878527882093209,-0.6667275923439157,-0.79098466456332,0.42570021012889675
-0.34519872776313515,-0.7961742023118653,-0.18255877143049692,0.42570021012889675
-0.6344587762669236,-1.362610331527499,0.12973953263079083,-1.082890652866347
-0.09840716481299372,0.38293870709878974,-0.43529205123998405,-1.082890652866347
-0.4217015450916506,-1.4017509135288109,-0.5527182577699157,-1.082890652866347
1.1373403587564768,0.01126141264406185,0.024217075771938434,-1.082890652866347
-0.42942463330261704,-0.1217085522486648,-0.5442116736703742,-1.082890652866347
-0.7694081457253404,-0.5254263597266285,-0.8973537832211061,-1.082890652866347
0.8824701748114631,-0.5331692632969601,0.040387790761691585,-1.082890652866347
0.5618479719756945,-0.5331692632969601,-0.24638234382176447,-1.082890652866347
-0.8083120765837686,-0.8579630721800445,-0.23872242152115652,-1.082890652866347
0.35811887339972853,-0.8359576189054329,-0.4191234374468264,-1.082890652866347
0.12522008781835145,0.07240744791998548,0.36119267892252105,-1.082890652866347
0.4254122464444192,-0.2737208222451614,0.18930245568599635,-1.082890652866347
1.0999777820519852,0.38293870709878974,-0.23106670781015284,-1.082890652866347
-0.10066172080576918,-0.07186191850617966,0.7228455811623983,-1.082890652866347
-0.1128988753163891,-1.0378165226444145,0.006353037184318085,-1.082890652866347
0.6591984549640238,-0.1294514558189963,0.27014340486595084,-1.082890652866347
-0.7694081457253404,-0.828214715335101,-1.2351760481706224,-1.082890652866347
1.2052326649357985,-0.2523863609630992,0.4998990189702095,-1.082890652866347
-1.1126006800593766,-1.098962557920338,-0.5527182577699157,-1.082890652866347
-0.28223810933358034,-0.5331692632969601,0.2531260280772638,-1.082890652866347
-0.5312891825906001,-0.020779100379174048,-0.7756648199621045,-1.082890652866347
0.21325394840377707,-0.5331692632969601,0.6062681376279958,-1.082890652866347
-0.15952589438578355,-0.020779100379174048,-0.9713856804889901,-1.082890652866347
0.8261639099701291,0.9523873961099394,-0.741630066384731,-1.082890652866347
0.06416344691176867,-0.4244969078571377,-0.5118744522804718,-1.082890652866347
0.8949436390876783,-0.4755797259841432,-0.5663363615940565,-1.082890652866347
0.0048294718436399835,-0.7272852634656103,-1.2181586713819357,-1.082890652866347
-0.17846958252262546,-0.5943152985728836,-0.8718256137432742,-1.082890652866347
0.7943841341880361,-0.22263800411815585,-1.4308969086975079,-1.082890652866347
0.7971755346492357,-0.5254263597266285,-1.4138795319088213,-1.082890652866347
-0.5656790471493744,-0.6263558115961193,-0.9713856804889901,-1.082890652866347
-0.5669840915377153,-0.5254263597266285,-0.8650165618312039,-1.082890652866347
0.031078626741334787,-0.2737208222451614,-0.21319425204332454,-1.082890652866347
-1.1437815227068386,-0.17279137037567072,0.13994785750740715,-1.082890652866347
0.9203053710471457,-0.4244969078571377,-1.201141294593249,-1.082890652866347
-0.3976448575205242,-0.5254263597266285,-1.660652522801767,-1.082890652866347
-0.17395551622297187,-0.5254263597266285,-1.554283404143981,-1.082890652866347
-1.1424764783184977,-0.020779100379174048,-1.3075104132510351,-1.082890652866347
-0.9387473797425318,-0.22263800411815585,-1.4308969086975079,-1.082890652866347
0.7161586510210666,-0.6263558115961193,-1.4479142854861946,-1.082890652866347
1.2174698194464184,-0.8359576189054329,-0.8956520424440314,-1.082890652866347
-0.25236231107445944,-0.7350281670359419,-0.20638520013125414,-1.082890652866347
-0.4638144978613917,0.18107980335980797,-1.2734756596736616,-1.082890652866347
-0.06288152265116391,-0.17279137037567072,-0.10682513338553855,1.9342910731241403
-0.4638144978613917,-0.32356745598764663,-1.201141294593249,-1.082890652866347
-0.6675435964373575,-0.4244969078571377,-1.4479142854861946,-1.082890652866347
-0.3963398131321833,0.02906753336331132,-0.07279037980816512,-1.082890652866347
0.7116445847214129,-0.509868691961926,-0.6003711151714299,-1.082890652866347
0.3113105426458164,-0.10615088448396226,-0.42593248935889677,-1.082890652866347
-0.0493393237522032,-1.1387459745139055,-0.5765446864706728,1.9342910731241403
-0.8712726950133235,-0.4244969078571377,-1.201141294593249,-1.082890652866347
-1.2787308921652552,-1.4556099428991123,-1.4989664158522549,-1.082890652866347
-0.8070070321954278,-0.8971036541813563,-1.101581227847533,-1.082890652866347
-0.8083120765837686,-0.8359576189054329,-0.7552481702088715,-1.082890652866347
-0.9998040206491147,-1.0378165226444145,-0.7892829237862452,-1.082890652866347
-0.32756008401463393,0.38293870709878974,-1.2734756596736616,-1.082890652866347
-0.4047690125968593,-0.7350281670359419,-0.7552481702088715,-1.082890652866347
-0.08521554438383634,-1.5026803653983019,-1.1356159814249065,-1.082890652866347
0.32284158590272644,-1.1607514277885174,-0.7892829237862452,-1.082890652866347
-0.4651195422497325,-0.020779100379174048,-1.1841239178045624,-1.082890652866347
-0.8070070321954278,-0.8971036541813563,-0.9781947324010604,-1.082890652866347
-0.24012515656383945,1.6846116418931703,0.36970347161166645,-1.082890652866347
-0.2831255322718078,-0.2915269429644108,-0.9611773556123735,-1.082890652866347
-0.9387473797425318,-0.4244969078571377,-1.3075104132510351,-1.082890652866347
-0.4683285641610453,-0.8971036541813563,-0.8718256137432742,-1.082890652866347
-1.283244958464909,-0.7350281670359419,-0.7722655469975583,-1.082890652866347
0.4887904863240872,-0.22263800411815585,-1.5372660273552938,-1.082890652866347
0.27151918884916065,-0.9368870707749236,-0.5425099328932993,-1.082890652866347
0.031078626741334787,-0.9802269853315978,-0.21319425204332454,-1.082890652866347
-0.6772778402903743,-0.7570336203105539,-0.5254925561046127,-1.082890652866347
-1.1469905446181512,-0.6263558115961193,-1.3075104132510351,-1.082890652866347
0.6808813635240644,-0.4244969078571377,-1.3075104132510351,-1.082890652866347
-1.2157702737357006,-0.33131035955797833,-0.06598132789609466,-1.082890652866347
-0.37637957041059694,-0.20708033635345333,-0.3195633707011108,-1.082890652866347
-0.32756008401463393,0.28200925522929876,-1.1841239178045624,-1.082890652866347
-0.501413384331479,-0.49338584670339275,-1.0845638510588465,-1.082890652866347
-1.0107361307713936,-1.199892009789829,-0.8718256137432742,-1.082890652866347
0.232197636540619,-0.20708033635345333,-0.08980775659685158,-1.082890652866347
-0.7331143036435939,1.2673925374848023,-0.2719105132995964,-1.082890652866347
-0.6084981111728254,-0.7350281670359419,-0.4191234374468264,-1.082890652866347
-0.4638144978613917,-0.6263558115961193,-1.3075104132510351,-1.082890652866347
-0.23370711274121383,0.9523873961099394,-0.9543683037003031,-1.082890652866347
-0.6045829780078028,-1.1387459745139055,-0.3127543187890404,-1.082890652866347
-0.8680636731020107,-0.7350281670359419,-0.18936782334256766,-1.082890652866347
0.15438977482376268,0.07240744791998548,-0.6488790515510856,-1.082890652866347
-0.19261071455621723,0.02906753336331132,0.13994785750740715,0.42570021012889675
-0.578803624598222,-0.4244969078571377,-0.7246126895960443,-1.082890652866347
-0.9278152696202527,-0.33131035955797833,-0.29573694200035366,-1.082890652866347
0.2837563433597805,-1.098962557920338,-0.6420699996390152,-1.082890652866347
0.09273420078254872,-0.6952447504423747,-0.6250526228503285,-1.082890652866347
-0.37637957041059694,-0.7783680815926161,0.13994785750740715,-1.082890652866347
-1.3462055768944639,-1.0518921354211488,-1.1117895527241495,-1.082890652866347
-0.7363233255549066,-0.5765091778536342,0.2463169761651934,-1.082890652866347
0.15438977482376268,-0.33131035955797833,-0.06598132789609466,-1.082890652866347
0.8800963958003766,-1.1387459745139055,-0.20638520013125414,-1.082890652866347
-0.6688486408256984,-0.22263800411815585,-0.9543683037003031,0.42570021012889675
-0.8083120765837686,-0.7350281670359419,-0.18936782334256766,0.42570021012889675
-0.5312891825906001,-0.22263800411815585,-0.741630066384731,0.42570021012889675
-1.1424764783184977,-0.22263800411815585,-0.9543683037003031,0.42570021012889675
0.5966554579845824,-1.098962557920338,-0.2889278900882832,-1.082890652866347
0.05234391385126195,-1.0300736190740831,-0.9713856804889901,0.42570021012889675
-0.11420391970472993,-0.6952447504423747,-0.39529700874606943,-1.082890652866347
-0.26590450997342024,-0.2915269429644108,-0.1655413946418102,-1.082890652866347
-0.028672969776907215,-0.3746502741146525,0.13994785750740715,-1.082890652866347
0.18598823892133787,-0.020779100379174048,-0.618243570938258,-1.082890652866347
-0.2613904436737666,1.658893559196376,-0.26510146138752605,-1.082890652866347
-0.5936508678855236,-0.8971036541813563,-0.5186835041925425,-1.082890652866347
-0.06609054456247672,-0.555174716571572,0.040387790761691585,-1.082890652866347
1.2875545929523087,-0.7350281670359419,-0.5425099328932993,-1.082890652866347
-0.3211420401920086,-0.2915269429644108,-0.1655413946418102,-1.082890652866347
0.27151918884916065,-0.7570336203105539,0.14675690941947783,-1.082890652866347
0.6491015877419715,0.2975669229940013,0.26333435295388014,-1.082890652866347
-0.4606054759500789,-0.02852200394950551,0.040387790761691585,-1.082890652866347
-1.2157702737357006,-1.362610331527499,0.2531260280772638,-1.082890652866347
0.27692067808704174,-0.3746502741146525,0.01656136206093441,-1.082890652866347
-0.9400524241308726,-0.07186191850617966,0.47607259026945264,-1.082890652866347
0.885915506488371,-0.1217085522486648,-0.741630066384731,-1.082890652866347
-0.34971279406278866,-0.6952447504423747,-0.18255877143049692,-1.082890652866347
-0.4651195422497325,-0.1217085522486648,-0.40550533362268587,-1.082890652866347
-0.3619499485734086,0.08015035149031698,-1.201141294593249,-1.082890652866347
0.6160167675715376,0.18107980335980797,-0.7246126895960443,-1.082890652866347
-0.8966344269727909,-0.7961742023118653,-0.05917227598402396,-1.082890652866347
0.49288693117362753,-0.07186191850617966,0.4930899670581394,-1.082890652866347
0.8197458661475037,0.08015035149031698,-0.9543683037003031,-1.082890652866347
0.5618479719756945,-0.02852200394950551,-0.06598132789609466,-1.082890652866347
0.4612884670760524,-0.6561041684410628,-0.29573694200035366,-1.082890652866347
0.10585877823139629,-0.020779100379174048,-0.7246126895960443,-1.082890652866347
0.04159311541350071,0.02906753336331132,0.03357873884962115,-1.082890652866347
-0.015130770877946453,-0.4244969078571377,-0.5118744522804718,-1.082890652866347
0.4915818867852868,-0.24445652046522137,-0.7246126895960443,-1.082890652866347
-0.5656790471493744,0.18107980335980797,-0.7246126895960443,-1.082890652866347
0.07016386928428076,-0.9588925240495355,0.2531260280772638,-1.082890652866347
0.4898592209468325,-0.2303809076884873,0.16377428620816456,-1.082890652866347
-0.3619499485734086,0.28200925522929876,-0.7246126895960443,-1.082890652866347
-0.603277933619462,-0.4463154242042031,-0.618243570938258,-1.082890652866347
-0.4638144978613917,0.28200925522929876,-0.6012261941495712,-1.082890652866347
-0.5656790471493744,0.08015035149031698,-0.618243570938258,-1.082890652866347
0.29064418867052016,-0.555174716571572,0.14675690941947783,-1.082890652866347
-0.4638144978613917,0.18107980335980797,-0.7246126895960443,-1.082890652866347
-0.3619499485734086,0.28200925522929876,-0.8309818082538302,-1.082890652866347
-0.3619499485734086,0.08015035149031698,-0.7246126895960443,-1.082890652866347
0.29064418867052016,-0.7570336203105539,0.2531260280772638,-1.082890652866347
-0.5656790471493744,0.18107980335980797,-0.7246126895960443,-1.082890652866347
-0.3619499485734086,-0.020779100379174048,-0.7246126895960443,-1.082890652866347
0.04782984755160835,-0.1294514558189963,-0.29573694200035366,0.42570021012889675
-0.603277933619462,-0.5765091778536342,0.2463169761651934,-1.082890652866347
-0.3963398131321833,0.12999698523280215,0.26333435295388014,0.42570021012889675
-0.5027184287198198,-0.02852200394950551,-0.17235044655388065,1.9342910731241403
0.5618479719756945,-0.02852200394950551,-0.17235044655388065,0.42570021012889675
0.6637125212636775,-0.02852200394950551,-0.06598132789609466,0.42570021012889675
0.4599834226877116,-0.2303809076884873,-0.06598132789609466,-1.082890652866347
0.49288693117362753,-0.07186191850617966,0.26333435295388014,-1.082890652866347
0.43010762442859046,-0.6368456691241489,-0.05917227598402396,-1.082890652866347
-0.42942463330261704,0.18107980335980797,-0.618243570938258,-1.082890652866347
-0.0576613450978005,-0.020779100379174048,-0.618243570938258,-1.082890652866347
0.5573339056760409,-0.2303809076884873,0.27014340486595084,-1.082890652866347
-0.002006193429098894,-0.020779100379174048,-0.3884879568339988,-1.082890652866347
-0.5656790471493744,-0.020779100379174048,-0.5118744522804718,-1.082890652866347
0.9546952356059205,0.02906753336331132,0.4930899670581394,-1.082890652866347
-0.4683285641610453,-0.2737208222451614,0.5824417089272386,-1.082890652866347
0.03968913789052871,0.8636747300068386,0.04719684267376203,-1.082890652866347
-0.6331537318785828,-0.020779100379174048,-0.2821188381762128,-1.082890652866347
-0.5358032488902537,-0.8971036541813563,-0.4123143855347562,-1.082890652866347
-0.6675435964373575,-0.32356745598764663,-0.8650165618312039,-1.082890652866347
-0.5656790471493744,-0.020779100379174048,-0.9713856804889901,-1.082890652866347
-0.3301701727913158,-0.4244969078571377,-0.741630066384731,-1.082890652866347
-0.0576613450978005,-0.020779100379174048,-0.618243570938258,-1.082890652866347
0.14345766470148355,0.02906753336331132,0.13994785750740715,0.42570021012889675
0.5934464360732696,-0.4244969078571377,-0.8650165618312039,-1.082890652866347
0.3757575171482297,-0.7350281670359419,-0.20638520013125414,-1.082890652866347
0.04782984755160835,-0.5331692632969601,0.14675690941947783,-1.082890652866347
-0.7064475272957855,-1.1607514277885174,0.37651252352373676,-1.082890652866347
-0.5397183820552761,-0.7350281670359419,-0.08299870468478142,-1.082890652866347
0.23671170284027263,-0.22263800411815585,-0.9713856804889901,-1.082890652866347
1.0417125416066018,-0.49338584670339275,-0.8718256137432742,0.42570021012889675
-0.5312891825906001,-0.4244969078571377,-0.9884030572776767,-1.082890652866347
-0.8712726950133235,-0.020779100379174048,-1.1841239178045624,-1.082890652866347
0.5496108174650747,-0.4755797259841432,0.2463169761651934,-1.082890652866347
0.37706256153657053,-0.33131035955797833,-0.4191234374468264,-1.082890652866347
-0.05635630070945974,0.38293870709878974,-0.6012261941495712,-1.082890652866347
-0.4683285641610453,-0.4322398114274691,-0.18936782334256766,-1.082890652866347
-0.501413384331479,-0.1217085522486648,-0.3884879568339988,-1.082890652866347
-0.5656790471493744,0.08015035149031698,-0.9543683037003031,0.42570021012889675
-0.5325942269789409,-0.2737208222451614,0.2463169761651934,0.42570021012889675
-0.7064475272957855,-0.6561041684410628,-0.08299870468478142,-1.082890652866347
1.5632724425571365,0.12999698523280215,0.050596115638307904,0.42570021012889675
0.9529725697674661,-0.2303809076884873,-0.06598132789609466,-1.082890652866347
0.3276441420059765,-0.22263800411815585,-0.8650165618312039,0.42570021012889675
-0.13226018490334435,-0.33131035955797833,-0.06598132789609466,-1.082890652866347
-0.4638144978613917,0.18107980335980797,-0.8479991850425171,-1.082890652866347
-1.2787308921652552,-0.4244969078571377,-0.2821188381762128,-1.082890652866347
-0.43393869960227055,-0.020779100379174048,-0.5118744522804718,-1.082890652866347
0.6981023858224522,-0.1294514558189963,0.040387790761691585,-1.082890652866347
-0.8712726950133235,-0.020779100379174048,-0.5118744522804718,0.42570021012889675
-0.13617531806836683,-0.454245264702081,0.05740516755037833,-1.082890652866347
0.35811887339972853,-0.1294514558189963,0.040387790761691585,0.42570021012889675
-0.337294327867651,-0.33131035955797833,0.14675690941947783,1.9342910731241403
0.5618479719756945,-0.02852200394950551,0.040387790761691585,0.42570021012889675
-0.0576613450978005,0.28200925522929876,-0.8479991850425171,-1.082890652866347
-0.6675435964373575,-0.6263558115961193,-0.15873234272974004,0.42570021012889675
0.15438977482376268,-0.5331692632969601,0.37651252352373676,0.42570021012889675
0.35811887339972853,-0.8971036541813563,0.276952456778021,-1.082890652866347
0.33257582975574346,-0.8971036541813563,0.04719684267376203,0.42570021012889675
-0.7434474806312421,-0.454245264702081,-0.5425099328932993,0.42570021012889675
-0.15822084999744276,-0.020779100379174048,-0.5118744522804718,0.42570021012889675
-1.0120411751597347,-0.7570336203105539,-0.20638520013125414,0.42570021012889675
-1.2157702737357006,-0.4322398114274691,0.14675690941947783,0.42570021012889675
-0.8070070321954278,-0.49338584670339275,0.04719684267376203,0.42570021012889675
-0.011921748966633597,-0.6340987151664509,0.12973953263079083,0.42570021012889675
0.3113105426458164,-0.17279137037567072,0.36970347161166645,0.42570021012889675
0.3151184976917602,-0.7570336203105539,0.2531260280772638,0.42570021012889675
-0.8070070321954278,-0.19059749109491997,0.04719684267376203,0.42570021012889675
-0.24333417847515226,-0.5943152985728836,-0.05917227598402396,0.42570021012889675
-1.3462055768944639,-0.8971036541813563,-0.4123143855347562,0.42570021012889675
0.18729328330967862,-1.098962557920338,-0.6420699996390152,0.42570021012889675
0.13656981939074395,-0.020779100379174048,-0.494857075491785,0.42570021012889675
-0.23109702396453227,-0.4244969078571377,-0.8479991850425171,0.42570021012889675
0.3100054982574754,-0.828214715335101,-0.8650165618312039,0.42570021012889675
-0.2899611975445467,-0.6952447504423747,-0.05917227598402396,0.42570021012889675
-0.9984989762607738,-1.362610331527499,0.12973953263079083,0.42570021012889675
-0.8083120765837686,-0.555174716571572,0.6062681376279958,0.42570021012889675
0.1718471068877461,0.28200925522929876,-0.24808408459883932,0.42570021012889675
0.3800902717633656,-0.5765091778536342,0.01656136206093441,0.42570021012889675
-0.1713454274462903,1.0533168479794301,-0.741630066384731,0.42570021012889675
-0.30308577499339423,-0.6263558115961193,-0.5118744522804718,0.42570021012889675
-0.09526023156788803,-0.6340987151664509,-0.08299870468478142,0.42570021012889675
-1.0120411751597347,-0.6561041684410628,0.040387790761691585,0.42570021012889675
0.5934464360732696,-0.4244969078571377,-0.5118744522804718,0.42570021012889675
0.0025078728705546873,-0.5254263597266285,-0.5118744522804718,0.42570021012889675
-0.3995488350434959,-0.49338584670339275,0.04719684267376203,0.42570021012889675
-0.03960507989918616,-0.49338584670339275,0.17058333812023474,0.42570021012889675
-1.2144652293473597,-1.3406048782528874,0.12973953263079083,0.42570021012889675
-0.2976842857555131,0.08015035149031698,-0.3884879568339988,0.42570021012889675
0.048717270489835894,1.2673925374848023,0.06421421946244875,0.42570021012889675
-0.4638144978613917,-0.22263800411815585,-0.741630066384731,0.42570021012889675
0.6953109853612527,-0.4244969078571377,-0.5118744522804718,0.42570021012889675
0.9557639702286657,0.23092643710229313,0.8292146998201844,0.42570021012889675
0.23932179161695447,-0.17279137037567072,0.36970347161166645,0.42570021012889675
-0.6045829780078028,-0.5331692632969601,0.14675690941947783,0.42570021012889675
0.10585877823139629,-0.5331692632969601,0.14675690941947783,0.42570021012889675
0.6155991461214243,-0.6263558115961193,-0.2821188381762128,0.42570021012889675
0.3800902717633656,0.38293870709878974,-0.3884879568339988,0.42570021012889675
0.8184408217591627,-0.22263800411815585,-0.7756648199621045,0.42570021012889675
-0.42942463330261704,0.28200925522929876,-0.37147058004531225,0.42570021012889675
-0.8712726950133235,-0.020779100379174048,-0.8479991850425171,0.42570021012889675
-0.7051424829074447,-1.0405634766021123,-0.9058603673206477,0.42570021012889675
-0.6344587762669236,-0.5472448760736942,-0.9713856804889901,0.42570021012889675
-0.4683285641610453,-0.33131035955797833,0.040387790761691585,0.42570021012889675
-0.6045829780078028,-0.7350281670359419,0.12973953263079083,0.42570021012889675
0.3081015207345036,0.28200925522929876,-0.14171496594105307,0.42570021012889675
-0.15952589438578355,-0.6263558115961193,-0.5288918290691588,0.42570021012889675
-0.09526023156788803,1.4692514412237843,-0.04215489919533749,0.42570021012889675
-0.05635630070945974,0.38293870709878974,-0.3884879568339988,0.42570021012889675
-0.6000689117081492,-0.7783680815926161,0.3526860948229796,0.42570021012889675
0.3054914319578218,-0.19059749109491997,-0.1655413946418102,0.42570021012889675
0.6740456982513255,-0.828214715335101,-1.3415451668284086,0.42570021012889675
-0.29898933014385387,-0.33131035955797833,-0.06598132789609466,0.42570021012889675
-0.5955548454084956,-0.8971036541813563,-0.9952121091897469,0.42570021012889675
0.009813339631407847,-0.1217085522486648,-0.494857075491785,0.42570021012889675
-0.2976842857555131,-0.39245639483390177,-0.05917227598402396,0.42570021012889675
-0.6344587762669236,-0.7783680815926161,-0.00045601472775230284,0.42570021012889675
-0.7960749220731488,-1.2616808796580086,-0.08299870468478142,0.42570021012889675
-0.22569553472665113,0.08015035149031698,-0.26510146138752605,0.42570021012889675
-0.10387074271708195,-0.9980331060508473,-0.4123143855347562,0.42570021012889675
-0.7395323474662195,-0.49338584670339275,-0.39529700874606943,0.42570021012889675
-0.34519872776313515,-0.5943152985728836,0.06421421946244875,0.42570021012889675
-0.0273679253885664,-0.8971036541813563,-0.39529700874606943,0.42570021012889675
-0.8712726950133235,-0.020779100379174048,-0.2821188381762128,0.42570021012889675
-0.8381878748428897,-0.7778593366213032,0.2463169761651934,0.42570021012889675
-0.7150580384449796,-0.4244969078571377,-0.741630066384731,0.42570021012889675
0.23611276970564163,0.18107980335980797,-0.26510146138752605,-1.082890652866347
0.5934464360732696,-0.5254263597266285,-0.8650165618312039,0.42570021012889675
-0.803798010284115,1.658893559196376,-0.5118744522804718,0.42570021012889675
-0.9907758880498075,-1.199892009789829,-0.19957614821918399,0.42570021012889675
-0.9101766258717516,-0.6340987151664509,-0.08299870468478142,0.42570021012889675
-0.5656790471493744,1.7598230110658666,-0.47783969870309856,0.42570021012889675
-0.5669840915377153,0.38293870709878974,-0.26510146138752605,0.42570021012889675
-0.21885986945391225,-1.444281284080076,-0.5357008809812289,0.42570021012889675
-0.15952589438578355,0.3425669263509934,-0.7246126895960443,0.42570021012889675
0.27282423323750143,-0.7350281670359419,-0.29573694200035366,0.42570021012889675
-0.15822084999744276,-0.04929625847763256,0.06421421946244875,0.42570021012889675
-0.2012212257054112,-1.199892009789829,-1.101581227847533,1.9342910731241403
-0.11972958627502495,-0.1217085522486648,-0.741630066384731,1.9342910731241403
-0.14461656243227491,-0.6263558115961193,-1.3245277900397217,1.9342910731241403
0.4308758243485072,0.7505284923709574,-1.660652522801767,1.9342910731241403
1.1856279549981188,-0.2915269429644108,-0.39529700874606943,1.9342910731241403
-0.647170686579761,-0.4244969078571377,-1.3075104132510351,1.9342910731241403
-0.6267977767221643,-0.6263558115961193,-1.554283404143981,1.9342910731241403
-0.3071250854908305,-1.2616808796580086,-1.1254076565482902,1.9342910731241403
-0.48418740771898827,0.18107980335980797,-0.7246126895960443,1.9342910731241403
-0.05403470173637448,-0.6340987151664509,-0.5425099328932993,0.42570021012889675
-0.23109702396453227,-1.3546804910296215,-1.4819490390635683,0.42570021012889675
1.1074645604973559,-0.8971036541813563,-0.4123143855347562,0.42570021012889675
-0.8712726950133235,-1.2537510391601305,-1.145824306301523,0.42570021012889675
-0.32886512840297494,0.23092643710229313,0.40373822518903985,0.42570021012889675
0.2782257224753825,-0.020779100379174048,-0.6012261941495712,0.42570021012889675
-0.501413384331479,-0.49338584670339275,0.04719684267376203,0.42570021012889675
0.3800902717633656,-0.22263800411815585,-0.7246126895960443,0.42570021012889675
-0.6675435964373575,0.28200925522929876,-0.2821188381762128,0.42570021012889675
0.18729328330967862,-0.8792975334621072,0.19526484579913347,0.42570021012889675
-0.7694081457253404,-0.08966803922542899,0.06421421946244875,0.42570021012889675
0.1720284185722638,-1.0378165226444145,-0.4531581910241998,0.42570021012889675
0.9744191685619109,-0.7783680815926161,0.10591310393003395,0.42570021012889675
-0.6331537318785828,-0.4244969078571377,-1.094772175935463,0.42570021012889675
-0.6675435964373575,-0.020779100379174048,-0.618243570938258,0.42570021012889675
1.7254875214979926,-0.49338584670339275,-0.2719105132995964,0.42570021012889675
-0.031700680003702075,-1.1607514277885174,-0.3467890723664136,0.42570021012889675
-0.5325942269789409,-0.5765091778536342,-0.2302116288320113,0.42570021012889675
-0.35743588227375506,-0.39245639483390177,-0.2719105132995964,0.42570021012889675
-0.5312891825906001,-0.4244969078571377,-0.8650165618312039,0.42570021012889675
0.5902374141619571,-0.5943152985728836,-0.18255877143049692,0.42570021012889675
1.3913231197632634,-0.6774386297231252,-0.4429498661475835,0.42570021012889675
0.34890942911590367,1.255175751718412,-0.9713856804889901,0.42570021012889675
0.5259717513440613,0.35902747065938395,-1.3483542187404787,0.42570021012889675
-0.3632549929617494,-0.6263558115961193,-1.4479142854861946,0.42570021012889675
0.24834992421626167,-0.9509626835516577,-1.660652522801767,0.42570021012889675
-0.5312891825906001,0.08015035149031698,-0.9543683037003031,0.42570021012889675
-0.06348045578579516,-0.49338584670339275,-0.5186835041925425,0.42570021012889675
0.04741222610149511,-0.19059749109491997,-0.1655413946418102,0.42570021012889675
0.2782257224753825,0.38293870709878974,-0.26510146138752605,0.42570021012889675
-0.2613904436737666,-0.22263800411815585,-0.9713856804889901,0.42570021012889675
0.10437242215853774,-0.32356745598764663,-1.094772175935463,0.42570021012889675
-0.020062458627713258,1.658893559196376,-0.26510146138752605,0.42570021012889675
-0.5955548454084956,0.01126141264406185,0.08123159625113548,0.42570021012889675
0.1720284185722638,-0.6952447504423747,-0.5357008809812289,0.42570021012889675
-0.10387074271708195,-0.749103779812676,-1.3245277900397217,0.42570021012889675
-0.32756008401463393,0.28200925522929876,-0.494857075491785,0.42570021012889675
0.11209551036950394,-0.020779100379174048,-0.8479991850425171,0.42570021012889675
0.010230961081521142,-0.8500332316821669,-1.554283404143981,0.42570021012889675
-0.30308577499339423,-1.0405634766021123,-0.5527182577699157,0.42570021012889675
0.6441698999922046,-0.32356745598764663,-0.9713856804889901,0.42570021012889675
-0.2613904436737666,-0.8500332316821669,-1.4479142854861946,0.42570021012889675
-0.6675435964373575,-0.22263800411815585,-1.201141294593249,0.42570021012889675
-0.7739222120249941,-0.4322398114274691,-0.5254925561046127,0.42570021012889675
-0.8083120765837686,-0.1294514558189963,-0.06598132789609466,0.42570021012889675
0.0867337784100366,-1.0405634766021123,-0.7824738718741746,0.42570021012889675
-0.24463922286349307,-0.6340987151664509,-0.4361408142355134,0.42570021012889675
-0.26008539928542557,-0.22263800411815585,-0.8650165618312039,0.42570021012889675
0.23801674722861343,-0.8500332316821669,-1.3415451668284086,0.42570021012889675
-0.5656790471493744,-0.22263800411815585,-1.094772175935463,0.42570021012889675
0.14197130862862503,-0.8500332316821669,-1.4479142854861946,0.42570021012889675
-0.49048127420919974,-0.6340987151664509,-0.6488790515510856,0.42570021012889675
-0.32756008401463393,0.18107980335980797,-0.8479991850425171,0.42570021012889675
0.998113232764002,0.18107980335980797,-0.8479991850425171,0.42570021012889675
-0.5955548454084956,-0.6952447504423747,-0.7654564950854881,0.42570021012889675
-0.489176229820859,-1.242422380341094,-1.0122294859784338,0.42570021012889675
-0.5312891825906001,-0.32356745598764663,-1.201141294593249,0.42570021012889675
-0.15952589438578355,-0.22263800411815585,-0.9713856804889901,0.42570021012889675
-0.007825304117093276,-1.242422380341094,-0.9058603673206477,0.42570021012889675
-0.4606054759500789,-0.8971036541813563,-0.9952121091897469,0.42570021012889675
-0.603277933619462,-1.242422380341094,-1.0122294859784338,0.42570021012889675
0.4838587985743204,-0.6263558115961193,-1.4479142854861946,0.42570021012889675
-0.4638144978613917,-0.4244969078571377,-1.1117895527241495,0.42570021012889675
0.5450967511654211,-0.2303809076884873,0.023370413973004833,0.42570021012889675
0.008508295243066807,-0.8500332316821669,-1.2351760481706224,0.42570021012889675
0.03838409350218789,-1.199892009789829,-1.0122294859784338,0.42570021012889675
-0.3619499485734086,-0.32356745598764663,-1.3075104132510351,0.42570021012889675
0.031078626741334787,-0.3746502741146525,0.01656136206093441,0.42570021012889675
0.7161586510210666,-0.8500332316821669,-1.1117895527241495,0.42570021012889675
-0.21476342460437195,-0.7350281670359419,-0.559527309681986,0.42570021012889675
-0.5656790471493744,-0.9509626835516577,-1.1288069295128362,0.42570021012889675
-0.7064475272957855,-0.6340987151664509,-0.4361408142355134,0.42570021012889675
0.2904628769860025,-0.749103779812676,-1.1117895527241495,0.42570021012889675
-0.5656790471493744,-0.19059749109491997,-0.4123143855347562,0.42570021012889675
-0.22569553472665113,0.38293870709878974,-1.3245277900397217,0.42570021012889675
-0.8070070321954278,-1.1414929284716033,-0.6590873764277019,0.42570021012889675
0.11209551036950394,-0.4244969078571377,-1.3245277900397217,0.42570021012889675
-0.4638144978613917,0.28200925522929876,-0.741630066384731,0.42570021012889675
0.24211319207815377,1.3683219893542933,-0.5186835041925425,0.42570021012889675
-0.8083120765837686,-0.5331692632969601,-0.4361408142355134,0.42570021012889675
-0.31662797389235503,-0.7350281670359419,-0.559527309681986,0.42570021012889675
0.213960059657487,0.38293870709878974,-0.7246126895960443,0.42570021012889675
0.14024864279017094,-0.22263800411815585,-0.8650165618312039,0.42570021012889675
-0.19842982524421185,-0.5943152985728836,-0.7654564950854881,0.42570021012889675
0.27371165617572896,0.18107980335980797,-0.8309818082538302,0.42570021012889675
-0.5656790471493744,0.28200925522929876,-0.9543683037003031,0.42570021012889675
-0.5656790471493744,0.18107980335980797,-0.9543683037003031,0.42570021012889675
-0.2854471312448931,-1.242422380341094,-0.9058603673206477,0.42570021012889675
0.5092205305337879,-0.4244969078571377,-1.1117895527241495,0.42570021012889675
0.2782257224753825,-0.32356745598764663,-0.7586474431734175,0.42570021012889675
-0.3995488350434959,-0.49338584670339275,-0.4123143855347562,0.42570021012889675
1.0956450274368492,-0.5331692632969601,-0.4191234374468264,1.9342910731241403
0.27389296786024664,-0.2303809076884873,-0.4021060606581399,1.9342910731241403
-0.26008539928542557,-0.7961742023118653,-0.7654564950854881,0.42570021012889675
0.07016386928428076,-1.0598219759190266,-0.559527309681986,0.42570021012889675
-0.19581973646753006,-0.1294514558189963,-0.08299870468478142,0.42570021012889675
0.5618479719756945,-1.0598219759190266,-0.559527309681986,0.42570021012889675
0.38799467165884965,-0.2303809076884873,-0.4021060606581399,1.9342910731241403
0.23611276970564163,-0.22263800411815585,-0.741630066384731,0.42570021012889675
0.4507739784038867,-0.7783680815926161,-0.14085988696291182,0.42570021012889675
0.3141019431070157,0.28200925522929876,-0.7246126895960443,0.42570021012889675
0.7460344492801875,-0.22263800411815585,-0.9713856804889901,0.42570021012889675
-0.5027184287198198,-0.5331692632969601,-0.665896428339772,1.9342910731241403
0.3800902717633656,-0.020779100379174048,-0.741630066384731,0.42570021012889675
0.3800902717633656,0.48386815896828056,-0.26510146138752605,0.42570021012889675
0.2782257224753825,-0.4244969078571377,-1.2181586713819357,0.42570021012889675
-0.15822084999744276,0.01126141264406185,0.06421421946244875,0.42570021012889675
-0.400853879431837,-0.07186191850617966,-0.07279037980816512,1.9342910731241403
-0.4683285641610453,-1.1607514277885174,-0.4531581910241998,0.42570021012889675
-0.002006193429098894,-0.828214715335101,-1.4649316622748814,0.42570021012889675
-0.2976842857555131,-0.2915269429644108,-0.2889278900882832,0.42570021012889675
-0.24463922286349307,-0.9368870707749236,-0.665896428339772,1.9342910731241403
0.04420320419018231,-0.4244969078571377,-0.9884030572776767,0.42570021012889675
-0.1238309854386681,1.5579641073268846,-0.7246126895960443,0.42570021012889675
0.4464412237887509,-0.8792975334621072,-0.3535981242784843,0.42570021012889675
-0.22569553472665113,0.38293870709878974,-0.6012261941495712,0.42570021012889675
0.3457004072045909,-0.7961742023118653,-0.6590873764277019,0.42570021012889675
-0.2270005791149919,0.3318558889717839,0.5101073438468259,1.9342910731241403
-0.0576613450978005,0.38293870709878974,-0.47783969870309856,0.42570021012889675
0.5178310416829817,0.12999698523280215,0.7228455811623983,0.42570021012889675
0.35300587396544403,-0.08966803922542899,0.06421421946244875,0.42570021012889675
0.18366663994825264,1.4692514412237843,0.06421421946244875,0.42570021012889675
-0.501413384331479,-0.49338584670339275,-0.39529700874606943,0.42570021012889675
1.3369730124829025,-0.17279137037567072,0.4930899670581394,0.42570021012889675
0.04420320419018231,-0.4244969078571377,-0.6352609477269447,0.42570021012889675
-0.19842982524421185,-0.33131035955797833,0.16377428620816456,0.42570021012889675
-0.603277933619462,0.18107980335980797,-0.9373509269116166,1.9342910731241403
0.1415536871785117,1.3683219893542933,0.06421421946244875,0.42570021012889675
0.03968913789052871,1.4692514412237843,0.06421421946244875,0.42570021012889675
-0.501413384331479,-0.02852200394950551,0.2871607816546373,0.42570021012889675
-0.22569553472665113,0.48386815896828056,-0.26510146138752605,0.42570021012889675
-0.603277933619462,-0.39245639483390177,-0.1655413946418102,0.42570021012889675
-0.3619499485734086,0.28200925522929876,-0.26510146138752605,0.42570021012889675
-0.22569553472665113,0.48386815896828056,-0.26510146138752605,0.42570021012889675
0.11530453228081668,-0.2303809076884873,0.6232855144166826,0.42570021012889675
0.04420320419018231,0.38293870709878974,-0.37147058004531225,0.42570021012889675
0.9216104154354866,0.18107980335980797,-0.26510146138752605,0.42570021012889675
0.002689184555072388,-0.555174716571572,0.37651252352373676,0.42570021012889675
0.020146516619055792,-0.19059749109491997,0.400338952224494,0.42570021012889675
0.9216104154354866,-0.22263800411815585,-0.618243570938258,0.42570021012889675
-0.7064475272957855,-0.7350281670359419,0.2531260280772638,0.42570021012889675
0.43402275759361314,-0.39245639483390177,-0.05917227598402396,0.42570021012889675
0.6830738308506327,-0.020779100379174048,-0.40550533362268587,0.42570021012889675
-0.603277933619462,-0.49338584670339275,0.04719684267376203,0.42570021012889675
0.20623697144652056,0.08015035149031698,-0.494857075491785,0.42570021012889675
0.43141266881693136,-0.5331692632969601,0.35949514673505006,0.42570021012889675
-0.20103991402089347,-0.4322398114274691,0.14675690941947783,0.42570021012889675
1.5950522183392293,-0.17279137037567072,0.7058282043737116,0.42570021012889675
1.0009046332252016,-0.4244969078571377,-0.5288918290691588,0.42570021012889675
0.9216104154354866,0.08015035149031698,-0.37147058004531225,0.42570021012889675
0.3800902717633656,0.18107980335980797,-0.3544532032566256,0.42570021012889675
-0.29898933014385387,-0.2303809076884873,0.3935299003124235,0.42570021012889675
0.2646835235764217,-0.7350281670359419,0.023370413973004833,0.42570021012889675
0.11167788891939068,0.9523873961099394,-0.618243570938258,0.42570021012889675
0.8193282446973903,-0.5765091778536342,0.01656136206093441,0.42570021012889675
0.8990400839372185,-0.1217085522486648,-0.2821188381762128,0.42570021012889675
0.5390963287929088,-0.22263800411815585,-0.5118744522804718,0.42570021012889675
0.951249903929012,-0.7961742023118653,-0.4123143855347562,0.42570021012889675
-0.400853879431837,-0.9588925240495355,0.37651252352373676,0.42570021012889675
0.2659885679647625,-0.49338584670339275,0.17058333812023474,0.42570021012889675
-0.15822084999744276,-0.32356745598764663,-0.6352609477269447,0.42570021012889675
0.5390963287929088,0.48386815896828056,0.1944097668209919,0.42570021012889675
-0.15952589438578355,-0.020779100379174048,-0.5118744522804718,0.42570021012889675
0.34457667450076784,-0.2737208222451614,0.2463169761651934,0.42570021012889675
0.8244412441316751,-0.7350281670359419,-0.1000160814734679,0.42570021012889675
1.2426502397213683,-0.4755797259841432,0.2463169761651934,0.42570021012889675
0.6020569472224636,-0.9980331060508473,-0.5527182577699157,0.42570021012889675
1.2798315047413422,-0.8971036541813563,0.04719684267376203,0.42570021012889675
-0.6376677981782365,-0.39245639483390177,0.06421421946244875,0.42570021012889675
0.20623697144652056,0.28200925522929876,-0.15873234272974004,0.42570021012889675
0.17915257364859902,0.18107980335980797,-0.15873234272974004,0.42570021012889675
0.3141019431070157,-0.020779100379174048,-0.15873234272974004,0.42570021012889675
-0.021966436150685276,0.48386815896828056,-0.0353458472832671,0.42570021012889675
-0.1264410742153499,-0.17279137037567072,0.47607259026945264,0.42570021012889675
0.518847596267726,-0.2303809076884873,0.37651252352373676,0.42570021012889675
-0.05635630070945974,0.18107980335980797,-0.15873234272974004,0.42570021012889675
0.566362038275348,-0.4322398114274691,0.14675690941947783,0.42570021012889675
1.6760691019673988,0.02906753336331132,0.8292146998201844,0.42570021012889675
-0.06348045578579516,-0.1294514558189963,0.6062681376279958,0.42570021012889675
-0.5325942269789409,-0.4322398114274691,0.37651252352373676,0.42570021012889675
-0.42942463330261704,0.02906753336331132,0.9355838184779706,0.42570021012889675
-0.15822084999744276,0.18107980335980797,-0.15873234272974004,0.42570021012889675
-0.15822084999744276,0.08015035149031698,0.07102327137451918,0.42570021012889675
0.5349998839433686,-0.5331692632969601,0.4998990189702095,0.42570021012889675
0.11619195521904425,-0.19059749109491997,0.400338952224494,0.42570021012889675
0.6160167675715376,-0.1217085522486648,-0.5118744522804718,0.42570021012889675
0.3081015207345036,-0.020779100379174048,-0.2821188381762128,0.42570021012889675
0.5214576850444077,0.07240744791998548,0.7296546330744688,0.42570021012889675
0.298185965196969,-0.39245639483390177,0.276952456778021,0.42570021012889675
0.4776220664362127,-0.5943152985728836,0.04719684267376203,0.42570021012889675
0.6772547201626383,-0.5765091778536342,0.5824417089272386,0.42570021012889675
-0.15952589438578355,-0.6263558115961193,-0.5288918290691588,0.42570021012889675
0.6160167675715376,-0.4244969078571377,-0.8650165618312039,0.42570021012889675
0.6469613004534039,0.1733368997894763,0.8530411285209415,0.42570021012889675
0.8618588189172445,0.08015035149031698,-0.26510146138752605,0.42570021012889675
-0.6643345745260447,-0.6826277734441885,0.48288164218152313,0.42570021012889675
0.7971755346492357,-0.22263800411815585,-0.2821188381762128,0.42570021012889675
0.33257582975574346,-0.8971036541813563,-0.4123143855347562,0.42570021012889675
0.9198877495970325,0.08015035149031698,-0.0353458472832671,0.42570021012889675
-0.3619499485734086,0.28200925522929876,-0.14171496594105307,0.42570021012889675
0.6504066321303122,-0.6263558115961193,-0.7586474431734175,0.42570021012889675
-0.4638144978613917,0.38293870709878974,-0.018328470494580352,0.42570021012889675
-0.267209554361761,-0.6952447504423747,0.1535659613315483,0.42570021012889675
-0.3619499485734086,0.28200925522929876,-0.018328470494580352,0.42570021012889675
0.04420320419018231,0.18107980335980797,-0.14171496594105307,0.42570021012889675
-0.16534500507377797,-0.49338584670339275,0.17058333812023474,0.42570021012889675
0.6160167675715376,-0.22263800411815585,-0.494857075491785,0.42570021012889675
-0.11699532016592921,-0.32356745598764663,-0.40550533362268587,0.42570021012889675
0.5364862400162272,0.08015035149031698,-0.15873234272974004,0.42570021012889675
-0.1414696291871692,-0.19059749109491997,0.31098721035539445,0.42570021012889675
0.44174584580457954,-0.3746502741146525,0.7058282043737116,0.42570021012889675
0.3697570947757176,1.5579641073268846,-0.24808408459883932,0.42570021012889675
0.37445247275988897,-0.5943152985728836,-0.18255877143049692,0.42570021012889675
-0.3600459710504366,-0.9588925240495355,0.12973953263079083,0.42570021012889675
-0.4638144978613917,-0.020779100379174048,-0.26510146138752605,0.42570021012889675
-0.3619499485734086,0.38293870709878974,-0.018328470494580352,0.42570021012889675
0.06225946938879667,-0.19059749109491997,0.18760071490892172,0.42570021012889675
-0.1713454274462903,-0.32356745598764663,-0.741630066384731,0.42570021012889675
-0.16362233923532388,-0.4244969078571377,-0.7586474431734175,0.42570021012889675
0.7161586510210666,0.08015035149031698,-0.47783969870309856,0.42570021012889675
1.6040803509385366,0.28200925522929876,-0.0353458472832671,0.42570021012889675
-0.0920512096565752,1.255175751718412,-0.3884879568339988,0.42570021012889675
0.003994228943413207,-0.9980331060508473,-0.3229626436656567,0.42570021012889675
-0.16534500507377797,0.08015035149031698,-0.15873234272974004,0.42570021012889675
-0.15822084999744276,0.28200925522929876,-0.24808408459883932,0.42570021012889675
0.21223739381903292,-0.020779100379174048,-0.15873234272974004,0.42570021012889675
0.13424822041765863,0.28200925522929876,-0.3544532032566256,0.42570021012889675
-0.13226018490334435,-0.8359576189054329,0.006353037184318085,0.42570021012889675
0.18859832769801943,-0.22263800411815585,-0.2821188381762128,0.42570021012889675
0.8541357307062781,0.28200925522929876,-0.3544532032566256,0.42570021012889675
0.04420320419018231,0.38293870709878974,-0.24808408459883932,0.42570021012889675
0.2094459933578334,-0.2737208222451614,0.13994785750740715,0.42570021012889675
-0.7064475272957855,-0.9588925240495355,-0.1000160814734679,0.42570021012889675
-0.1238309854386681,0.18107980335980797,-0.5842088173608845,0.42570021012889675
-0.4638144978613917,-0.32356745598764663,-0.741630066384731,0.42570021012889675
-0.38861672492121696,0.5608863743983658,-0.44634913911212964,0.42570021012889675
0.3095878768073621,1.4692514412237843,0.08123159625113548,0.42570021012889675
-0.7395323474662195,-0.9588925240495355,-0.1000160814734679,0.42570021012889675
0.14606775347816534,0.28200925522929876,-0.3544532032566256,0.42570021012889675
-0.0576613450978005,-0.020779100379174048,-0.618243570938258,0.42570021012889675
0.5436103950925624,0.9523873961099394,-0.3884879568339988,0.42570021012889675
0.3141019431070157,-0.4244969078571377,-0.5118744522804718,0.42570021012889675
1.0655879174932104,-0.32356745598764663,-0.741630066384731,0.42570021012889675
-0.5312891825906001,0.23092643710229313,0.8462320766088713,0.42570021012889675
-0.03960507989918616,-0.7961742023118653,-0.4123143855347562,0.42570021012889675
0.2782257224753825,-0.1217085522486648,-0.7246126895960443,0.42570021012889675
-0.3619499485734086,-0.5254263597266285,-0.6522783245156316,0.42570021012889675
-0.19842982524421185,-0.8971036541813563,-0.19957614821918399,0.42570021012889675
0.14606775347816534,0.18107980335980797,-0.3544532032566256,0.42570021012889675
0.10585877823139629,0.9646041818763296,0.04719684267376203,0.42570021012889675
-0.03960507989918616,-0.6952447504423747,-0.18255877143049692,0.42570021012889675
-0.22569553472665113,-0.22263800411815585,-1.0607374223580894,0.42570021012889675
-0.05635630070945974,-0.4244969078571377,-0.8650165618312039,0.42570021012889675
0.4774407547516948,0.08015035149031698,-0.6012261941495712,0.42570021012889675
-0.4638144978613917,0.18107980335980797,-0.26510146138752605,0.42570021012889675
0.27371165617572896,-0.32356745598764663,-0.5118744522804718,0.42570021012889675
0.6160167675715376,-0.3746502741146525,0.3526860948229796,0.42570021012889675
0.39232742627398554,-0.1217085522486648,-0.741630066384731,0.42570021012889675
-0.5656790471493744,-0.22263800411815585,-0.2821188381762128,0.42570021012889675
-0.501413384331479,-0.8971036541813563,-0.19957614821918399,0.42570021012889675
0.011118384019748628,0.02906753336331132,0.5101073438468259,0.42570021012889675
-0.3619499485734086,-0.22263800411815585,-0.8479991850425171,0.42570021012889675
0.8633451749901031,-0.33131035955797833,0.040387790761691585,0.42570021012889675
0.7135485622443848,-0.7783680815926161,0.3186513412456062,0.42570021012889675
0.1718471068877461,-0.07186191850617966,0.4930899670581394,0.42570021012889675
0.27371165617572896,-0.1217085522486648,-0.7246126895960443,0.42570021012889675
-0.22569553472665113,0.38293870709878974,-0.5842088173608845,0.42570021012889675
0.566362038275348,-0.7570336203105539,-0.08299870468478142,0.42570021012889675
0.04420320419018231,0.28200925522929876,-0.26510146138752605,0.42570021012889675
0.5105255749221287,0.48386815896828056,-0.3544532032566256,0.42570021012889675
-0.0576613450978005,-0.4244969078571377,-0.7586474431734175,0.42570021012889675
-0.501413384331479,-0.9980331060508473,-0.7654564950854881,0.42570021012889675
0.2646835235764217,0.07240744791998548,0.2871607816546373,0.42570021012889675
-0.4638144978613917,-0.1217085522486648,-0.741630066384731,0.42570021012889675
0.4819548210513484,0.07181908376575641,0.41735632901318037,0.42570021012889675
0.2064182831310383,-0.33131035955797833,0.14675690941947783,0.42570021012889675
0.2725879234719058,-0.9802269853315978,-0.24722900562069805,0.42570021012889675
1.393933208539945,-0.4244969078571377,-0.6352609477269447,0.42570021012889675
0.7759102475393084,0.28200925522929876,-0.37147058004531225,0.42570021012889675
0.2782257224753825,-0.4244969078571377,-0.9713856804889901,0.42570021012889675
-0.6376677981782365,-0.929144167204592,-0.8990513154085772,0.42570021012889675
-0.011034326028406071,-0.9368870707749236,-0.5425099328932993,0.42570021012889675
0.7520348716526999,-0.2737208222451614,0.47607259026945264,0.42570021012889675
0.03968913789052871,-0.7272852634656103,-1.1117895527241495,0.42570021012889675
-0.03960507989918616,-0.7961742023118653,-0.19957614821918399,0.42570021012889675
-0.5312891825906001,-0.828214715335101,-1.005420434066363,0.42570021012889675
0.9153736832973788,-0.7783680815926161,-0.2302116288320113,0.42570021012889675
0.20623697144652056,-0.22263800411815585,-1.0607374223580894,0.42570021012889675
-0.30029437453219465,-0.9980331060508473,-0.44634913911212964,0.42570021012889675
0.23932179161695447,-0.17279137037567072,0.050596115638307904,0.42570021012889675
-0.4683285641610453,-0.454245264702081,-0.048963951107407665,0.42570021012889675
-0.6720576627370112,-0.2737208222451614,-0.1791594984659511,0.42570021012889675
1.2531647283935339,-1.1607514277885174,-0.559527309681986,0.42570021012889675
-0.03188199168822,-0.4244969078571377,-1.201141294593249,0.42570021012889675
-0.34519872776313515,-0.8579630721800445,-0.5254925561046127,0.42570021012889675
0.54379170677708,-0.9980331060508473,-0.9952121091897469,0.42570021012889675
-0.21024935830471836,-0.8359576189054329,-0.559527309681986,0.42570021012889675
-0.6720576627370112,-0.6561041684410628,-0.5084751793159259,0.42570021012889675
-0.2315146454146455,0.8636747300068386,-0.5186835041925425,0.42570021012889675
0.7713961812396549,-0.2915269429644108,-0.361262255168696,0.42570021012889675
0.9873624343262408,0.02906753336331132,0.2973691065312536,0.42570021012889675
-0.0576613450978005,-0.22263800411815585,-0.8479991850425171,0.42570021012889675
0.5133169753833279,1.5701808930932748,-0.4506139970377953,0.42570021012889675
0.20902837190772008,0.1733368997894763,0.09143992112775175,0.42570021012889675
-0.8757867613129772,-0.02852200394950551,-0.3680713070807662,0.42570021012889675
-0.4047690125968593,-0.1294514558189963,-0.4914578025272392,0.42570021012889675
-0.2315146454146455,-0.7961742023118653,-0.4123143855347562,0.42570021012889675
0.16193155135021145,-0.33131035955797833,-0.3850886838694529,0.42570021012889675
-0.24333417847515226,-0.49338584670339275,-0.5016661274038554,0.42570021012889675
0.23932179161695447,-0.07186191850617966,-0.055773003019478073,0.42570021012889675
0.3095878768073621,-0.33131035955797833,-0.15533306976519393,0.42570021012889675
0.2637961006381943,-0.33131035955797833,-0.3850886838694529,0.42570021012889675
0.7791192694506212,-0.07186191850617966,-0.055773003019478073,0.42570021012889675
-0.5027184287198198,-0.7377751209936395,-0.7314217415081147,0.42570021012889675
-0.19842982524421185,-0.4322398114274691,-0.3850886838694529,0.42570021012889675
0.5693897485021432,-0.2303809076884873,-0.26170218842297993,0.42570021012889675
-0.09656527595622881,-0.1294514558189963,-0.15533306976519393,0.42570021012889675
0.3095878768073621,-0.33131035955797833,-0.15533306976519393,0.42570021012889675
0.26337847918808094,-0.02852200394950551,-0.13831569297650717,0.42570021012889675
-0.19842982524421185,-0.1294514558189963,0.07442254433906507,0.42570021012889675
0.20772332751937936,-0.33131035955797833,-0.3850886838694529,0.42570021012889675
0.4911642653351735,-0.39245639483390177,-0.4846487506151687,0.42570021012889675
0.003994228943413207,-0.1294514558189963,-0.26170218842297993,0.42570021012889675
-0.09656527595622881,-0.17279137037567072,0.2803517297425671,0.42570021012889675
0.26337847918808094,-0.1294514558189963,-0.13831569297650717,0.42570021012889675
0.4675251992141602,-0.6561041684410628,-0.4914578025272392,0.42570021012889675
-0.36646401487306224,-0.2303809076884873,-0.15533306976519393,0.42570021012889675
-0.16273491629709635,-0.02852200394950551,0.304178158443324,0.42570021012889675
0.39232742627398554,-0.17279137037567072,0.2803517297425671,0.42570021012889675
0.20772332751937936,0.07240744791998548,-0.24468481163429345,0.42570021012889675
-0.501413384331479,-0.2303809076884873,-0.15533306976519393,0.42570021012889675
0.07146891367262158,-0.1294514558189963,-0.4914578025272392,0.42570021012889675
-0.3995488350434959,-0.2303809076884873,-0.26170218842297993,0.42570021012889675
0.10585877823139629,0.07240744791998548,-0.3510539302920795,0.42570021012889675
-0.16273491629709635,-0.02852200394950551,-0.0319465743187212,0.42570021012889675
0.713367250559867,0.02906753336331132,-0.055773003019478073,0.42570021012889675
0.07146891367262158,-0.3746502741146525,0.03357873884962115,0.42570021012889675
0.7116445847214129,-0.07186191850617966,-0.038755626230791394,0.42570021012889675
-0.4683285641610453,-0.1294514558189963,-0.15533306976519393,0.42570021012889675
0.8854978850382578,0.12999698523280215,0.40373822518903985,0.42570021012889675
0.10455373384305548,-0.7570336203105539,-0.4021060606581399,0.42570021012889675
-0.36646401487306224,-0.1294514558189963,-0.26170218842297993,0.42570021012889675
-0.10838480901673553,-0.2303809076884873,-0.3850886838694529,0.42570021012889675
0.8152317998478501,-0.07186191850617966,0.06761349242699488,0.42570021012889675
-0.3995488350434959,-0.1294514558189963,-0.26170218842297993,0.42570021012889675
0.713367250559867,-0.1294514558189963,-0.26170218842297993,0.42570021012889675
1.2531647283935339,-0.07186191850617966,0.06761349242699488,0.42570021012889675
1.1513001791055508,-0.3746502741146525,-0.07279037980816512,0.42570021012889675
0.7370063166808802,-0.19059749109491997,-0.361262255168696,0.42570021012889675
0.005716894781867506,-0.32356745598764663,-1.1841239178045624,0.42570021012889675
-0.4683285641610453,-0.2303809076884873,-0.3850886838694529,0.42570021012889675
-0.5701931134490281,-0.6561041684410628,-0.4021060606581399,0.42570021012889675
0.9153736832973788,0.12999698523280215,0.08463086921568135,0.42570021012889675
-0.36646401487306224,-0.2303809076884873,-0.3850886838694529,0.42570021012889675
-0.400853879431837,-0.1294514558189963,-0.26170218842297993,0.42570021012889675
0.5096381519839012,-0.5331692632969601,-0.5254925561046127,0.42570021012889675
0.002689184555072388,-0.4322398114274691,-0.29573694200035366,0.42570021012889675
-0.2645994655850792,-0.1294514558189963,-0.15533306976519393,0.42570021012889675
0.002689184555072388,-0.6340987151664509,-0.5254925561046127,0.42570021012889675
0.7370063166808802,-0.33131035955797833,-0.3850886838694529,0.42570021012889675
-0.6720576627370112,-0.1294514558189963,-0.26170218842297993,0.42570021012889675
-0.6720576627370112,-0.5331692632969601,-0.5254925561046127,0.42570021012889675
-0.7739222120249941,-0.6340987151664509,-0.7552481702088715,0.42570021012889675
-0.36646401487306224,-0.2303809076884873,-0.26170218842297993,0.42570021012889675
0.6834914523007459,-0.17279137037567072,-0.055773003019478073,0.42570021012889675
0.04420320419018231,0.08015035149031698,-0.7075953128073573,0.42570021012889675
-0.15049776178647636,-0.1294514558189963,-0.26170218842297993,0.42570021012889675
0.6261136347935903,-0.2915269429644108,-0.4846487506151687,0.42570021012889675
-0.26008539928542557,-0.07186191850617966,-0.055773003019478073,0.42570021012889675
-0.30029437453219465,-0.4322398114274691,-0.29573694200035366,0.42570021012889675
0.002689184555072388,-0.02852200394950551,-0.15533306976519393,0.42570021012889675
0.4675251992141602,-0.1294514558189963,-0.2787195652116669,0.42570021012889675
-0.47093865293772685,-0.6952447504423747,-0.7484391182968011,0.42570021012889675
0.17333346296060462,-0.1294514558189963,-0.3850886838694529,0.42570021012889675
0.09534428955923058,-0.2303809076884873,-0.4021060606581399,0.42570021012889675
-0.3619499485734086,0.18107980335980797,-1.0437200455694027,0.42570021012889675
0.05964938061211509,-0.33131035955797833,-0.048963951107407665,0.42570021012889675
-0.13226018490334435,-0.4322398114274691,-0.4021060606581399,0.42570021012889675
-0.5040234731081605,-0.33131035955797833,-0.5084751793159259,0.42570021012889675
-0.45609140965042533,-0.2303809076884873,-0.5084751793159259,0.42570021012889675
-0.501413384331479,-0.1294514558189963,-0.2787195652116669,0.42570021012889675
-0.19842982524421185,-0.1294514558189963,-0.2787195652116669,0.42570021012889675
-0.0065202597287524755,-0.2915269429644108,-0.7144043647194277,0.42570021012889675
0.46449748898736526,-0.2303809076884873,-0.4021060606581399,0.42570021012889675
1.049435629817568,-0.17279137037567072,-0.07279037980816512,0.42570021012889675
-0.7350182811665659,-0.5943152985728836,-0.6250526228503285,0.42570021012889675
-0.6720576627370112,-0.33131035955797833,-0.5084751793159259,0.42570021012889675
0.567667082663689,-0.2915269429644108,-0.6080352460616417,0.42570021012889675
0.10758144406985033,-0.3746502741146525,-0.19617687525463787,0.42570021012889675
-0.6389728425665773,-0.4322398114274691,-0.4021060606581399,0.42570021012889675
-0.19842982524421185,-0.2303809076884873,-0.2787195652116669,0.42570021012889675
0.26207343479974016,-0.3746502741146525,-0.4089151125702101,0.42570021012889675
0.002689184555072388,-0.2303809076884873,-0.5084751793159259,0.42570021012889675
1.2531647283935339,-0.1294514558189963,-0.2787195652116669,0.42570021012889675
0.40777360269591817,-0.3746502741146525,-0.19617687525463787,0.42570021012889675
0.713367250559867,-0.07186191850617966,-0.07279037980816512,0.42570021012889675
-0.21024935830471836,-0.2303809076884873,-0.5084751793159259,0.42570021012889675
-1.0107361307713936,-0.4322398114274691,-0.29573694200035366,0.42570021012889675
0.7700911368513141,-0.19059749109491997,-0.5910178692729547,0.42570021012889675
-0.24012515656383945,-0.4755797259841432,-0.3195633707011108,0.42570021012889675
-0.548927826339101,-0.33131035955797833,-0.4021060606581399,0.42570021012889675
0.4767346434979853,-0.4755797259841432,-0.3195633707011108,0.42570021012889675
0.2094459933578334,-0.2915269429644108,-0.7144043647194277,0.42570021012889675
-0.8070070321954278,-0.39245639483390177,-0.8377908601659007,0.42570021012889675
-0.6058880223961436,-0.33131035955797833,-0.29573694200035366,0.42570021012889675
-0.7739222120249941,-0.5331692632969601,-0.6488790515510856,0.42570021012889675
-0.4982043624201662,-0.17279137037567072,-0.2855286171237374,0.42570021012889675
-0.23412473419132715,-0.2303809076884873,-0.3850886838694529,0.42570021012889675
0.8856791967227755,-0.32356745598764663,-1.094772175935463,0.42570021012889675
-0.36646401487306224,-0.1294514558189963,-0.2787195652116669,0.42570021012889675
-0.6058880223961436,-0.33131035955797833,-0.29573694200035366,0.42570021012889675
-0.4683285641610453,-0.2303809076884873,-0.4021060606581399,0.42570021012889675
-0.3542268603624423,-0.1294514558189963,-0.3850886838694529,0.42570021012889675
-0.29447526384420025,0.02906753336331132,0.050596115638307904,0.42570021012889675
0.07467793558393436,-0.22263800411815585,-1.3245277900397217,0.42570021012889675
0.11809593274201628,-0.2303809076884873,-0.2787195652116669,0.42570021012889675
-0.1803735600455975,-0.1294514558189963,-0.2787195652116669,0.42570021012889675
-0.4683285641610453,-0.2303809076884873,-0.29573694200035366,0.42570021012889675
-0.3121139075927014,-0.2303809076884873,-0.5084751793159259,0.42570021012889675
0.812204089621055,-0.3746502741146525,-0.10682513338553855,0.42570021012889675
-0.0273679253885664,-0.32356745598764663,-0.9884030572776767,0.42570021012889675
-0.21024935830471836,-0.2303809076884873,-0.4021060606581399,0.42570021012889675
-0.16403996068543716,-0.1294514558189963,-0.06598132789609466,0.42570021012889675
0.07146891367262158,-0.2303809076884873,-0.29573694200035366,0.42570021012889675
-0.8070070321954278,-0.4244969078571377,-1.2181586713819357,0.42570021012889675
0.7971755346492357,0.07240744791998548,0.2871607816546373,0.42570021012889675
1.1435770908945848,0.07240744791998548,0.2871607816546373,0.42570021012889675
0.1795701950987123,-0.4755797259841432,-0.33658074748979727,0.42570021012889675
1.850103713968761,-0.6340987151664509,-0.6488790515510856,0.42570021012889675
0.63425434445467,-0.9368870707749236,-0.8063003005749318,0.42570021012889675
0.5693897485021432,-0.1294514558189963,-0.06598132789609466,0.42570021012889675
-0.19261071455621723,-0.07186191850617966,-0.07279037980816512,0.42570021012889675
0.04010675934064197,-0.7783680815926161,-0.47698461972495704,0.42570021012889675
0.016231383454033188,-0.9368870707749236,-0.9126694192327177,0.42570021012889675
0.5332772181049145,-0.6340987151664509,-0.665896428339772,0.42570021012889675
-0.0273679253885664,-0.32356745598764663,-1.3075104132510351,0.42570021012889675
-0.3015994189205355,-0.9368870707749236,-0.8063003005749318,0.42570021012889675
0.10758144406985033,-0.4755797259841432,-0.4429498661475835,0.42570021012889675
-0.0065202597287524755,-0.33131035955797833,-0.29573694200035366,0.42570021012889675
-0.19261071455621723,-0.17279137037567072,-0.07279037980816512,0.42570021012889675
-0.25236231107445944,-0.2303809076884873,-0.5084751793159259,0.42570021012889675
0.38027158344788337,-0.07186191850617966,-0.1791594984659511,0.42570021012889675
-0.4683285641610453,-0.33131035955797833,-0.5254925561046127,0.42570021012889675
0.33406218582860214,-0.5765091778536342,-0.5493189848053696,0.42570021012889675
0.365243028476064,-0.1294514558189963,-0.17235044655388065,0.42570021012889675
0.5753901708746553,-0.4755797259841432,-0.10682513338553855,0.42570021012889675
0.8003845565605484,-0.7961742023118653,-0.9781947324010604,0.42570021012889675
0.60978003543343,-0.4755797259841432,-0.3195633707011108,0.42570021012889675
-0.09074616526823438,0.12999698523280215,0.06761349242699488,0.42570021012889675
0.07449662389941665,-0.22263800411815585,-1.3075104132510351,0.42570021012889675
0.6473789219035172,-0.4755797259841432,-0.4429498661475835,0.42570021012889675
0.5079154861454468,-0.5765091778536342,-0.4429498661475835,0.42570021012889675
0.5079154861454468,-0.4755797259841432,-0.5493189848053696,0.42570021012889675
0.5079154861454468,-0.4755797259841432,-0.3195633707011108,0.42570021012889675
0.24080814768981304,-0.33131035955797833,-0.29573694200035366,0.42570021012889675
0.7700911368513141,-0.2303809076884873,-0.5084751793159259,0.42570021012889675
-0.16273491629709635,-0.02852200394950551,-0.26170218842297993,0.42570021012889675
0.40153687055781045,-0.5765091778536342,-0.4429498661475835,0.42570021012889675
0.3716610722986893,-0.5765091778536342,-0.4429498661475835,0.42570021012889675
0.60978003543343,-0.17279137037567072,-0.3025459939124238,0.42570021012889675
-0.36646401487306224,-0.2303809076884873,-0.4021060606581399,0.42570021012889675
-0.6720576627370112,-0.2303809076884873,-0.5084751793159259,0.42570021012889675
-0.7739222120249941,-0.33131035955797833,-0.7382307934201849,0.42570021012889675
-0.8757867613129772,-0.02852200394950551,-0.4744404257385522,0.42570021012889675
-0.603277933619462,-0.5331692632969601,-0.5425099328932993,0.42570021012889675
-0.0991753647329104,-0.33131035955797833,-0.7382307934201849,0.42570021012889675
1.4779228043138313,-0.2303809076884873,-0.4021060606581399,0.42570021012889675
0.1855706174712246,-0.6340987151664509,-0.7722655469975583,0.42570021012889675
-0.6000689117081492,-0.17279137037567072,-0.3025459939124238,0.42570021012889675
0.10758144406985033,-0.07186191850617966,-0.07279037980816512,0.42570021012889675
-0.09787032034456959,-0.2303809076884873,-0.5084751793159259,0.42570021012889675
-0.6720576627370112,-0.2303809076884873,-0.6148442979737122,0.42570021012889675
-0.09787032034456959,-0.5331692632969601,-0.6488790515510856,0.42570021012889675
-0.7739222120249941,-0.33131035955797833,-0.7382307934201849,0.42570021012889675
1.0838254943763426,-0.6340987151664509,-0.7722655469975583,0.42570021012889675
-0.1997348696325527,-0.2303809076884873,-0.5084751793159259,0.42570021012889675
-0.09787032034456959,-0.2303809076884873,-0.5084751793159259,0.42570021012889675
0.7823282913619339,-0.4755797259841432,-0.4429498661475835,0.42570021012889675
-0.7739222120249941,-0.2303809076884873,-0.6148442979737122,0.42570021012889675
-0.5701931134490281,-0.6340987151664509,-0.7722655469975583,0.42570021012889675
-0.6720576627370112,-0.2303809076884873,-0.5084751793159259,0.42570021012889675
0.10758144406985033,-0.07186191850617966,-0.1791594984659511,0.42570021012889675
-0.0065202597287524755,-0.5331692632969601,-0.6488790515510856,0.42570021012889675
0.8854978850382578,-0.2915269429644108,-0.6080352460616417,0.42570021012889675
0.8274689543584698,-0.07186191850617966,-0.2855286171237374,0.42570021012889675
1.0838254943763426,-0.2737208222451614,-0.3195633707011108,0.42570021012889675
-0.0065202597287524755,-0.33131035955797833,-0.4191234374468264,0.42570021012889675
-0.24012515656383945,-0.6774386297231252,-0.3535981242784843,0.42570021012889675
-0.6720576627370112,-0.2303809076884873,-0.5084751793159259,0.42570021012889675
0.05964938061211509,-0.5331692632969601,-0.6488790515510856,0.42570021012889675
1.0838254943763426,-0.6774386297231252,-0.4599672429362703,0.42570021012889675
0.9819609450883598,-0.5765091778536342,-0.4429498661475835,0.42570021012889675
0.32354769715643616,-0.07186191850617966,-0.1791594984659511,0.42570021012889675
0.4359267351165849,0.02906753336331132,-0.2855286171237374,0.42570021012889675
0.681768786462292,0.02906753336331132,-0.1791594984659511,0.42570021012889675
0.783633335750275,-0.3746502741146525,-0.21319425204332454,0.42570021012889675
-0.7739222120249941,-0.6340987151664509,-0.8786346656553444,0.42570021012889675
-0.6720576627370112,-0.5331692632969601,-0.6488790515510856,0.42570021012889675
1.317611702895947,-0.3746502741146525,-0.21319425204332454,0.42570021012889675
-0.20103991402089347,-0.8359576189054329,-0.8956520424440314,0.42570021012889675
0.5079154861454468,-0.07186191850617966,-0.1791594984659511,0.42570021012889675
-0.24012515656383945,-0.3746502741146525,-0.3195633707011108,0.42570021012889675
0.611502701271884,-0.2737208222451614,-0.3025459939124238,0.42570021012889675
0.60978003543343,-0.07186191850617966,-0.07279037980816512,0.42570021012889675
1.1513001791055508,-0.3746502741146525,-0.08980775659685158,0.42570021012889675
-0.7739222120249941,-0.5331692632969601,-0.6488790515510856,0.42570021012889675
1.1856900436643256,-0.17279137037567072,-0.3025459939124238,0.42570021012889675
-0.7739222120249941,-0.7350281670359419,-0.7892829237862452,0.42570021012889675
-0.3359892834793102,-0.6340987151664509,-0.559527309681986,0.42570021012889675
0.16020888551175708,-0.4322398114274691,-0.5425099328932993,0.42570021012889675
0.36263293969938215,-0.5331692632969601,-0.5425099328932993,0.42570021012889675
0.40777360269591817,-0.3746502741146525,-0.3195633707011108,0.42570021012889675
0.1750561287990587,-0.4755797259841432,0.01656136206093441,0.42570021012889675
0.2307112804677606,-0.5943152985728836,-0.6420699996390152,0.42570021012889675
1.049435629817568,-0.17279137037567072,-0.42593248935889677,0.42570021012889675
-0.5280801606792872,-0.22263800411815585,-1.4308969086975079,0.42570021012889675
1.1513001791055508,-0.2737208222451614,-0.21319425204332454,0.42570021012889675
0.5799042371743088,-0.4755797259841432,-0.4429498661475835,0.42570021012889675
-0.5669840915377153,-0.4244969078571377,-1.4479142854861946,0.42570021012889675
-0.030395635615361256,-0.4322398114274691,-0.6488790515510856,0.42570021012889675
-0.6598205082263912,-0.7350281670359419,-0.665896428339772,0.42570021012889675
0.2878527882093209,-0.6340987151664509,-0.4361408142355134,0.42570021012889675
-0.8757867613129772,-0.8971036541813563,-0.9952121091897469,0.42570021012889675
-0.10838480901673553,-0.7350281670359419,-0.665896428339772,0.42570021012889675
0.4797623537247801,0.02906753336331132,-0.2855286171237374,0.42570021012889675
-0.28223810933358034,-0.4322398114274691,-0.8616172888666579,0.42570021012889675
-0.7739222120249941,-0.4322398114274691,-0.7552481702088715,0.42570021012889675
0.5079154861454468,-0.3746502741146525,-0.21319425204332454,0.42570021012889675
-0.8757867613129772,-0.6340987151664509,-0.665896428339772,0.42570021012889675
0.20814094896949262,0.02906753336331132,-0.07279037980816512,0.42570021012889675
-0.9776513106009599,-0.7350281670359419,-0.4361408142355134,0.42570021012889675
-0.2577638003123404,-0.7350281670359419,-0.4361408142355134,0.42570021012889675
0.140847575924802,-0.22263800411815585,-1.1841239178045624,0.42570021012889675
-0.8413968967542024,-1.1607514277885174,-0.665896428339772,0.42570021012889675
-0.7350182811665659,-0.7272852634656103,-1.3415451668284086,0.42570021012889675
-0.8757867613129772,-0.9368870707749236,-0.5765446864706728,0.42570021012889675
-0.6720576627370112,-0.1294514558189963,-0.3850886838694529,0.42570021012889675
-0.8757867613129772,-0.8359576189054329,-0.559527309681986,0.42570021012889675
-0.7739222120249941,-0.6340987151664509,-0.32977169557772706,0.42570021012889675
-0.1758594937459439,-0.8971036541813563,-0.5527182577699157,0.42570021012889675
0.3100054982574754,-0.6952447504423747,-0.7484391182968011,0.42570021012889675
0.3568138290113878,-0.6340987151664509,-0.5425099328932993,0.42570021012889675
-0.701933460996132,-0.5765091778536342,-0.4429498661475835,0.42570021012889675
0.2064182831310383,-0.1294514558189963,-0.06598132789609466,0.42570021012889675
-0.42942463330261704,-0.7272852634656103,-1.2351760481706224,0.42570021012889675
0.09985835585888415,-0.4244969078571377,-1.094772175935463,0.42570021012889675
-0.26008539928542557,-0.4244969078571377,-1.201141294593249,0.42570021012889675
-0.14407971796385077,-0.33131035955797833,-0.5084751793159259,0.42570021012889675
0.02656456044168119,-1.3008214616593199,-0.7994912486628613,0.42570021012889675
-0.29447526384420025,0.02906753336331132,0.050596115638307904,0.42570021012889675
-0.43072967769095777,-0.5765091778536342,-0.33658074748979727,0.42570021012889675
0.5096381519839012,-0.17279137037567072,-0.07279037980816512,0.42570021012889675
0.10758144406985033,-0.6774386297231252,-0.33658074748979727,0.42570021012889675
0.10585877823139629,-1.1387459745139055,-0.6999311819171457,0.42570021012889675
-0.2645994655850792,-0.39245639483390177,-0.39529700874606943,0.42570021012889675
0.8854978850382578,0.12999698523280215,0.2803517297425671,0.42570021012889675
-0.7739222120249941,-0.1294514558189963,-0.17235044655388065,0.42570021012889675
-0.6000689117081492,-0.2737208222451614,-0.07279037980816512,0.42570021012889675
0.002689184555072388,-0.7350281670359419,-0.4361408142355134,0.42570021012889675
-0.0991753647329104,-0.02852200394950551,-0.048963951107407665,0.42570021012889675
-0.10838480901673553,-0.4322398114274691,-0.06598132789609466,0.42570021012889675
-0.8368828304545487,-0.020779100379174048,-1.0607374223580894,0.42570021012889675
-0.29987675308208145,-0.08966803922542899,-0.46763137382648196,0.42570021012889675
-0.06348045578579516,-0.4244969078571377,-1.1117895527241495,0.42570021012889675
0.7165762724711798,-0.22263800411815585,-1.201141294593249,0.42570021012889675
-0.4470632770511182,-0.7961742023118653,-0.9952121091897469,0.42570021012889675
-0.16813640553497752,-0.7783680815926161,-0.5663363615940565,0.42570021012889675
0.49027684239694597,-0.6774386297231252,-0.4599672429362703,0.42570021012889675
0.1589038411234163,-0.02852200394950551,-0.13831569297650717,0.42570021012889675
-0.05403470173637448,-0.5331692632969601,-0.5254925561046127,0.42570021012889675
-0.009130348505434075,-1.098962557920338,-1.1356159814249065,0.42570021012889675
0.30418638756948096,-0.8792975334621072,-0.9194784711447882,0.42570021012889675
0.4060509368574641,-0.4755797259841432,-0.532301608016683,0.42570021012889675
0.2023218382814982,-0.9802269853315978,-1.0428649665912613,0.42570021012889675
-0.30290446330887644,-0.4322398114274691,-0.29573694200035366,0.42570021012889675
-0.8712726950133235,-0.020779100379174048,-0.9373509269116166,0.42570021012889675
-0.8757867613129772,0.07240744791998548,-0.014929197530034225,0.42570021012889675
-0.3301701727913158,-0.7783680815926161,-0.5833537383827431,0.42570021012889675
-0.20103991402089347,-0.19059749109491997,-0.46763137382648196,0.42570021012889675
0.5079154861454468,-1.081156437201089,-1.0598823433799482,0.42570021012889675
0.8800963958003766,-0.8359576189054329,-0.8956520424440314,0.42570021012889675
-0.6598205082263912,-0.2303809076884873,-0.3680713070807662,0.42570021012889675
-1.0133462195480754,-1.4415343301223782,-1.2104945404917236,0.42570021012889675
-0.8757867613129772,-0.9368870707749236,-1.019038537890504,0.42570021012889675
-0.3963398131321833,-0.8792975334621072,-0.8131093524870021,0.42570021012889675
-0.4047690125968593,-0.33131035955797833,-0.5084751793159259,0.42570021012889675
-0.6000689117081492,0.12999698523280215,0.08463086921568135,0.42570021012889675
0.1978077719818446,-0.9802269853315978,-0.830126729275689,0.42570021012889675
0.10758144406985033,-0.17279137037567072,-0.1791594984659511,0.42570021012889675
0.26207343479974016,-0.8359576189054329,-0.8956520424440314,0.42570021012889675
0.10585877823139629,-0.1294514558189963,-0.06598132789609466,0.42570021012889675
0.7238817392320328,-0.7961742023118653,-0.9781947324010604,0.42570021012889675
0.9153736832973788,0.12999698523280215,-0.25149386354636366,0.42570021012889675
-0.8757867613129772,-0.4322398114274691,-0.18936782334256766,0.42570021012889675
0.2607683904113994,-0.33131035955797833,-0.17235044655388065,0.42570021012889675
-0.30290446330887644,-0.7350281670359419,-0.559527309681986,0.42570021012889675
0.4344403790437265,-0.08966803922542899,0.06421421946244875,0.42570021012889675
-0.603277933619462,-0.39245639483390177,-0.39529700874606943,0.42570021012889675
0.62201718994405,-1.199892009789829,-1.3483542187404787,0.42570021012889675
-0.8757867613129772,-0.5331692632969601,-0.7382307934201849,0.42570021012889675
-0.17265047183463111,0.02906753336331132,0.15696523429609419,0.42570021012889675
1.1259384471460836,-0.6774386297231252,-0.5493189848053696,0.42570021012889675
-0.5397183820552761,-0.2303809076884873,-0.6148442979737122,0.42570021012889675
-0.7739222120249941,-0.49338584670339275,-0.944159978823687,0.42570021012889675
0.363937984087723,-1.3008214616593199,-1.3653715955291654,0.42570021012889675
-0.21867855776939468,0.07240744791998548,-0.3510539302920795,0.42570021012889675
1.0838254943763426,-0.6340987151664509,-0.5254925561046127,0.42570021012889675
-0.4047690125968593,-0.33131035955797833,-0.4914578025272392,0.42570021012889675
-0.6177075554566502,-0.2303809076884873,-0.6148442979737122,0.42570021012889675
0.44685884523886416,-0.5765091778536342,-0.42593248935889677,0.42570021012889675
-0.6720576627370112,-0.17279137037567072,-0.4089151125702101,0.42570021012889675
0.8135091340093957,0.12999698523280215,-0.46423210086193606,0.42570021012889675
-0.0839104999954956,-0.5765091778536342,-0.5493189848053696,0.42570021012889675
0.3716610722986893,-0.6774386297231252,-0.4599672429362703,0.42570021012889675
-0.5040234731081605,-0.33131035955797833,-0.6148442979737122,0.42570021012889675
-0.37507452602225616,-0.32356745598764663,-1.7500042646708662,0.42570021012889675
0.20404450411995226,-0.4322398114274691,-0.6318616747623986,0.42570021012889675
-0.38992176930955774,-0.4322398114274691,-0.6148442979737122,0.42570021012889675
-0.7739222120249941,-0.2303809076884873,-0.7212134166314982,0.42570021012889675
-0.7318092592552531,-0.7350281670359419,-0.7722655469975583,0.42570021012889675
-0.4047690125968593,-0.4322398114274691,-0.6148442979737122,0.42570021012889675
-0.13356522929168513,-0.5331692632969601,-0.5254925561046127,1.9342910731241403
-0.5040234731081605,-0.4322398114274691,-0.6148442979737122,0.42570021012889675
-0.7195721047446332,-0.5331692632969601,-0.844599912077971,0.42570021012889675
-0.09614765450611555,-0.19059749109491997,-0.9101252252463131,0.42570021012889675
0.8135091340093957,0.23092643710229313,-0.2344764867576771,0.42570021012889675
-1.079515859888943,0.07240744791998548,-0.3510539302920795,0.42570021012889675
-1.181380409176926,-0.33131035955797833,-0.7041960398428114,0.42570021012889675
-0.7739222120249941,-0.5331692632969601,-0.5084751793159259,0.42570021012889675
0.46580253337570604,0.07240744791998548,-0.24468481163429345,0.42570021012889675
-0.3359892834793102,-0.33131035955797833,-0.5978269211850252,0.42570021012889675
-0.9088715814834106,-1.199892009789829,-1.3483542187404787,0.42570021012889675
-0.13226018490334435,-0.02852200394950551,-0.3680713070807662,0.42570021012889675
-0.26590450997342024,0.07240744791998548,-0.13831569297650717,0.42570021012889675
0.3113105426458164,-0.07186191850617966,-0.2855286171237374,0.42570021012889675
-0.36646401487306224,-0.02852200394950551,-0.26170218842297993,0.42570021012889675
-0.9776513106009599,0.07240744791998548,-0.3510539302920795,0.42570021012889675
0.7370063166808802,-0.04929625847763256,-0.23787575972222305,0.42570021012889675
-0.4047690125968593,0.032035667172189086,-0.3510539302920795,0.42570021012889675
-0.7739222120249941,0.1127792286677819,-0.17065291436640972,0.42570021012889675
-0.4614928988883065,-0.2303809076884873,-0.6148442979737122,0.42570021012889675
-0.4391588771556341,-0.2303809076884873,-0.6148442979737122,0.42570021012889675
-1.283244958464909,-0.33131035955797833,-0.7382307934201849,1.9342910731241403
-0.1997348696325527,0.1733368997894763,0.1084572979164385,0.42570021012889675
1.2875545929523087,-1.081156437201089,-0.8854437175674148,0.42570021012889675
0.884192840649917,0.12999698523280215,0.06761349242699488,0.42570021012889675
0.21996048202999907,0.1733368997894763,0.1084572979164385,0.42570021012889675
-1.181380409176926,-0.2303809076884873,-0.6148442979737122,0.42570021012889675
1.2531647283935339,0.23092643710229313,0.20801736466215429,0.42570021012889675
0.41317509193379925,-0.07186191850617966,-0.1791594984659511,1.9342910731241403
-0.578803624598222,0.18107980335980797,-1.0437200455694027,1.9342910731241403
-0.7195721047446332,-0.1294514558189963,-0.5978269211850252,0.42570021012889675
0.5812092815626498,-0.07186191850617966,-0.1791594984659511,0.42570021012889675
0.8854978850382578,0.23092643710229313,0.20801736466215429,0.42570021012889675
-0.7739222120249941,0.02906753336331132,0.050596115638307904,0.42570021012889675
0.8854978850382578,0.12999698523280215,0.1909999878734676,0.42570021012889675
-0.5158430061686673,0.1733368997894763,-0.1212983161878205,0.42570021012889675
0.30418638756948096,-0.7783680815926161,-0.4599672429362703,0.42570021012889675
-0.6688486408256984,-0.1217085522486648,-0.9543683037003031,1.9342910731241403
0.615780457805942,-0.22263800411815585,-1.2904930364623484,1.9342910731241403
-0.3632549929617494,-0.020779100379174048,-0.9373509269116166,1.9342910731241403
-0.5669840915377153,-0.020779100379174048,-0.8309818082538302,1.9342910731241403
0.9203053710471457,0.38293870709878974,-0.9033161733342431,0.42570021012889675
-0.19391575894455826,-0.32356745598764663,-1.4138795319088213,1.9342910731241403
0.478039687886326,-0.5765091778536342,-0.4429498661475835,0.42570021012889675
0.578599192785968,-0.4755797259841432,-0.3195633707011108,0.42570021012889675
0.5799042371743088,-0.3746502741146525,-0.19617687525463787,0.42570021012889675
0.8962486834760192,0.38293870709878974,-1.0096852919920292,0.42570021012889675
0.5799042371743088,-0.02852200394950551,-0.26170218842297993,0.42570021012889675
-0.5701931134490281,-0.5331692632969601,-0.5254925561046127,0.42570021012889675
0.8261639099701291,0.9523873961099394,-1.201141294593249,1.9342910731241403
-0.5158430061686673,-0.1294514558189963,-0.13831569297650717,0.42570021012889675
-0.8368828304545487,-0.7961742023118653,-0.5186835041925425,0.42570021012889675
0.1374572423289714,0.12999698523280215,0.08463086921568135,0.42570021012889675
0.09403924517088953,0.1733368997894763,0.19780903978553802,0.42570021012889675
0.1374572423289714,-0.07186191850617966,-0.038755626230791394,0.42570021012889675
-0.6720576627370112,0.07240744791998548,-0.22766743484560656,0.42570021012889675
0.003994228943413207,-0.4322398114274691,-0.4021060606581399,0.42570021012889675
-0.5701931134490281,-0.5331692632969601,-0.5254925561046127,0.42570021012889675
-0.03639605798787358,-0.2737208222451614,-0.1791594984659511,0.42570021012889675
0.22768357024096542,-0.02852200394950551,-0.24468481163429345,0.42570021012889675
-0.20103991402089347,-0.02852200394950551,-0.13831569297650717,0.42570021012889675
0.5753901708746553,-0.4755797259841432,-0.21319425204332454,0.42570021012889675
0.4254122464444192,0.02906753336331132,0.06761349242699488,0.42570021012889675
-0.3632549929617494,-0.1217085522486648,-1.0607374223580894,0.42570021012889675
-0.3632549929617494,-0.1217085522486648,-1.0607374223580894,0.42570021012889675
1.6463746153927954,0.07240744791998548,-0.1212983161878205,0.42570021012889675
-0.13226018490334435,-0.4322398114274691,-0.5084751793159259,0.42570021012889675
-0.5656790471493744,-0.22263800411815585,-1.1841239178045624,0.42570021012889675
-0.8368828304545487,-0.6340987151664509,-0.29573694200035366,0.42570021012889675
-0.13226018490334435,-0.1294514558189963,-0.13831569297650717,0.42570021012889675
0.05964938061211509,0.1127792286677819,-0.22766743484560656,0.42570021012889675
-0.15952589438578355,0.08015035149031698,-1.486213896989234,1.9342910731241403
-0.6598205082263912,-0.6340987151664509,-0.6488790515510856,0.42570021012889675
-0.13226018490334435,0.1127792286677819,-0.1212983161878205,0.42570021012889675
0.07146891367262158,0.07240744791998548,-0.014929197530034225,0.42570021012889675
-0.37037914803808475,-0.33131035955797833,-0.06598132789609466,0.42570021012889675
0.9819609450883598,-0.17279137037567072,-0.1791594984659511,0.42570021012889675
-0.29708535262088187,-0.6763578650725992,-1.1117895527241495,1.9342910731241403
-1.0107361307713936,-0.6952447504423747,-0.6250526228503285,1.9342910731241403
-0.3976448575205242,-0.4755797259841432,-0.10682513338553855,0.42570021012889675
-0.3619499485734086,-0.1217085522486648,-0.9543683037003031,1.9342910731241403
1.0477129639791138,-0.9509626835516577,-1.5372660273552938,1.9342910731241403
-0.07078592254664805,-0.7272852634656103,-1.2181586713819357,1.9342910731241403
0.44537248916600564,-0.4755797259841432,-0.08980775659685158,1.9342910731241403
0.34457667450076784,-0.020779100379174048,-1.0607374223580894,1.9342910731241403
1.0838254943763426,-0.7350281670359419,-0.5254925561046127,0.42570021012889675
-0.5669840915377153,-0.2915269429644108,-0.8548082369545874,1.9342910731241403
0.005898206466385243,-0.4755797259841432,-0.3195633707011108,1.9342910731241403
0.7116445847214129,-0.4322398114274691,-0.29573694200035366,0.42570021012889675
-0.0843281214456088,-0.5331692632969601,-0.18936782334256766,0.42570021012889675
