语例ID,主语(目标域),谓语(源域),谓语中心词,主语中心词,源域,源域名称,目标域,目标域名称,映射方向,映射方向标签,CFMC源域频次,C_entrench,BCC词频,L_entrench,余弦相似度,Sem_dist,修饰成分,Con_cue,D_reg客观基线,D_trans客观基线,CA客观基线,CA基线等级
xb_00001,总路线,建设社会主义的锐利武器,武器,总路线,WR,战争,SC,社会,2,具体→抽象,198,0.7472,,,,,,,0.2989,,0.1644,1
xb_00002,化验员,侦察兵,侦察兵,化验员,WR,战争,SC,社会,1,具体→具体,198,0.7472,,,,,,,0.2989,,0.1644,1
xb_00003,超国家的欧洲组织,垄断资本手中的新武器,武器,组织,WR,战争,SC,社会,2,具体→抽象,198,0.7472,,,,,,,0.2989,,0.1644,1
xb_00004,美国政府,威胁世界和平的罪魁祸首,罪魁祸首,政府,HM,人体,SC,社会,2,具体→抽象,1099,0.9885,,,,,,,0.3954,,0.2175,2
xb_00005,文艺,教育人民、揭露和打击敌人的武器,教育,文艺,WR,战争,AB,抽象,2,具体→抽象,198,0.7472,,,,,,,0.2989,,0.1644,1
xb_00006,人,万物之灵,万物之灵,人,AB,抽象,LF,光线,4,抽象→具体,515,0.8817,,,,,,,0.3527,,0.194,1
xb_00007,公社,我的家,家,公社,OB,物体,SC,社会,2,具体→抽象,1192,1.0,,,,,,,0.4,,0.22,2
xb_00008,党,救命恩人,恩人,党,HM,人体,SC,社会,2,具体→抽象,1099,0.9885,,,,,,,0.3954,,0.2175,2
xb_00009,身体,建设祖国的财富,财富,身体,EC,经济,BD,建筑,2,具体→抽象,129,0.6871,,,,,,,0.2748,,0.1512,1
xb_00010,共产党,劳动人民的太阳,太阳,共产党,NT,自然,SC,社会,2,具体→抽象,184,0.7369,,,,,,,0.2948,,0.1621,1
xb_00011,民歌,劳动人民集体智慧的结晶,结晶,民歌,OB,物体,AB,抽象,2,具体→抽象,1192,1.0,,,,,,,0.4,,0.22,2
xb_00012,美帝国主义,世界反动的支柱,支柱,帝国主义,OB,物体,SC,社会,2,具体→抽象,1192,1.0,,,,,,,0.4,,0.22,2
xb_00013,技术,劳动人民的结晶,结晶,技术,OB,物体,TH,思维,2,具体→抽象,1192,1.0,,,,,,,0.4,,0.22,2
xb_00014,人民,建设共产主义的决定性力量,力量,人民,FC,力量,SC,社会,2,具体→抽象,84,0.6271,,,,,,,0.2508,,0.138,1
xb_00015,人民,革命力量的源泉,源泉,人民,NT,自然,SC,社会,2,具体→抽象,184,0.7369,,,,,,,0.2948,,0.1621,1
xb_00016,农业,发展国民经济的基础,基础,农业,OB,物体,SC,社会,2,具体→抽象,1192,1.0,,,,,,,0.4,,0.22,2
xb_00017,水土保持,发展山区生产的生命线,生命线,水土,LV,生命,SC,社会,2,具体→抽象,263,0.7871,,,,,,,0.3148,,0.1732,1
xb_00018,心脏,循环系统的总枢纽,枢纽,心脏,SP,空间,LF,光线,4,抽象→具体,203,0.7507,,,,,,,0.3003,,0.1652,1
xb_00019,鱼群探测器,侦察鱼群的现代化利器,利器,探测器,WR,战争,AB,抽象,1,具体→具体,198,0.7472,,,,,,,0.2989,,0.1644,1
xb_00020,人的精神面貌,意气风发,风发,面貌,ST,结构,ST,结构,3,抽象→抽象,990,0.9738,,,,,,,0.3895,,0.2142,2
xb_00021,凯恩斯主义,垄断资本在世界资本主义体系总危机和衰落时期的基本经济学,经济学,凯恩斯主义,OB,物体,TH,思维,3,抽象→抽象,1192,1.0,,,,,,,0.4,,0.22,2
xb_00022,叛徒,革命事业最危险的敌人,敌人,叛徒,HM,人体,AB,抽象,1,具体→具体,1099,0.9885,,,,,,,0.3954,,0.2175,2
xb_00023,和平的敌人,侵略势力,势力,敌人,HM,人体,MR,机器,4,抽象→具体,1099,0.9885,,,,,,,0.3954,,0.2175,2
xb_00024,修正主义,麻醉人民的鸦片,鸦片,修正主义,HM,人体,TH,思维,2,具体→抽象,1099,0.9885,,,,,,,0.3954,,0.2175,2
xb_00025,美国政府,垄断资本集团的工具,工具,政府,OB,物体,SC,社会,2,具体→抽象,1192,1.0,,,,,,,0.4,,0.22,2
xb_00026,雷锋同志,劳动人民的好儿子,儿子,同志,HM,人体,SC,社会,1,具体→具体,1099,0.9885,,,,,,,0.3954,,0.2175,2
xb_00027,美国的国家机器,垄断资本实行阶级统治的工具,工具,机器,MC,医疗,SC,社会,2,具体→抽象,32,0.4936,,,,,,,0.1974,,0.1086,1
xb_00028,美帝国主义,革命文化的头号敌人,敌人,帝国主义,HM,人体,SC,社会,2,具体→抽象,1099,0.9885,,,,,,,0.3954,,0.2175,2
xb_00029,企业的各项规程制度,生产经验的结晶,结晶,制度,OB,物体,SC,社会,2,具体→抽象,1192,1.0,,,,,,,0.4,,0.22,2
xb_00030,美帝国主义,侵略元凶,侵略,帝国主义,HM,人体,SC,社会,2,具体→抽象,1099,0.9885,,,,,,,0.3954,,0.2175,2
xb_00031,美帝国主义,威胁世界和平、阻挠人民解放斗争的国际反动派的元凶,元凶,帝国主义,HM,人体,SC,社会,2,具体→抽象,1099,0.9885,,,,,,,0.3954,,0.2175,2
xb_00032,上校,屠杀人民的刽子手,刽子手,上校,BD,建筑,SC,社会,1,具体→具体,221,0.7626,,,,,,,0.3051,,0.1678,1
xb_00033,第三条,革命道路,道路,第三,TR,交通,SC,社会,2,具体→抽象,41,0.5276,,,,,,,0.211,,0.1161,1
xb_00034,这些影片,革命战争的忏悔录,忏悔录,影片,OB,物体,EV,事件,1,具体→具体,1192,1.0,,,,,,,0.4,,0.22,2
xb_00035,帝国主义和殖民主义,威胁世界和平和制造国际紧张局势的根源,根源,殖民主义,LV,生命,SC,社会,2,具体→抽象,263,0.7871,,,,,,,0.3148,,0.1732,1
xb_00036,忠孝节义,"麻醉人民的""精神毒药""",毒药,忠孝节义,HM,人体,TH,思维,2,具体→抽象,1099,0.9885,,,,,,,0.3954,,0.2175,2
xb_00037,工人阶级,革命队伍的先锋,先锋,阶级,WR,战争,SC,社会,2,具体→抽象,198,0.7472,,,,,,,0.2989,,0.1644,1
xb_00038,世界和平,发展两国经济的和社会的资源,资源,和平,EC,经济,SC,社会,2,具体→抽象,129,0.6871,,,,,,,0.2748,,0.1512,1
xb_00039,帝国主义,威胁人类和平的世界战争根源,根源,帝国主义,LV,生命,SC,社会,2,具体→抽象,263,0.7871,,,,,,,0.3148,,0.1732,1
xb_00040,我们青年,革命事业的接班人,接班人,青年,HM,人体,SC,社会,1,具体→具体,1099,0.9885,,,,,,,0.3954,,0.2175,2
xb_00041,美帝国主义,亚洲和世界人民的共同敌人,敌人,帝国主义,HM,人体,SC,社会,2,具体→抽象,1099,0.9885,,,,,,,0.3954,,0.2175,2
xb_00042,森林,"调节雨水的""能手""","手""",森林,BD,建筑,AB,抽象,1,具体→具体,221,0.7626,,,,,,,0.3051,,0.1678,1
xb_00043,干旱,庄稼的死对头,死对头,干旱,BD,建筑,AB,抽象,2,具体→抽象,221,0.7626,,,,,,,0.3051,,0.1678,1
xb_00044,辩证法,批判资本主义和同它斗争的武器,武器,辩证法,WR,战争,AB,抽象,2,具体→抽象,198,0.7472,,,,,,,0.2989,,0.1644,1
xb_00045,封建法律,束缚农民群众的锁链,锁链,法律,OB,物体,SC,社会,2,具体→抽象,1192,1.0,,,,,,,0.4,,0.22,2
xb_00046,青年,劳动主力军,主力军,青年,WR,战争,SC,社会,2,具体→抽象,198,0.7472,,,,,,,0.2989,,0.1644,1
xb_00047,病虫害,威胁农业生产和畜牧业生产的大敌,大敌,病虫害,WR,战争,SC,社会,2,具体→抽象,198,0.7472,,,,,,,0.2989,,0.1644,1
xb_00048,美帝国主义,侵略世界人民的元凶,元凶,帝国主义,HM,人体,SC,社会,2,具体→抽象,1099,0.9885,,,,,,,0.3954,,0.2175,2
xb_00049,毛主席著作,改造思想的锐利武器,武器,著作,WR,战争,TH,思维,1,具体→具体,198,0.7472,,,,,,,0.2989,,0.1644,1
xb_00050,柜台,革命岗位,岗位,柜台,WR,战争,AB,抽象,1,具体→具体,198,0.7472,,,,,,,0.2989,,0.1644,1
xb_00051,服务行业,革命行业,行业,行业,TR,交通,AB,抽象,3,抽象→抽象,41,0.5276,,,,,,,0.211,,0.1161,1
xb_00052,时代精神,革命精神,精神,精神,OB,物体,AB,抽象,3,抽象→抽象,1192,1.0,,,,,,,0.4,,0.22,2
xb_00053,水土保持,发展山区生产的生命线,生命线,水土,LV,生命,AB,抽象,2,具体→抽象,263,0.7871,,,,,,,0.3148,,0.1732,1
xb_00054,赵疃,革命武装斗争中全省闻名的英雄村庄之一,之一,赵疃,WR,战争,AB,抽象,1,具体→具体,198,0.7472,,,,,,,0.2989,,0.1644,1
xb_00055,贫农下中农,建设社会主义和共产主义事业在农村的社会基础,基础,农,OB,物体,SC,社会,4,抽象→具体,1192,1.0,,,,,,,0.4,,0.22,2
xb_00056,美帝国主义,侵略势力的头子,头子,帝国主义,BD,建筑,SC,社会,2,具体→抽象,221,0.7626,,,,,,,0.3051,,0.1678,1
xb_00057,材料供应部门,生产大军的后勤部,后勤部,部门,WR,战争,AB,抽象,1,具体→具体,198,0.7472,,,,,,,0.2989,,0.1644,1
xb_00058,连队,革命熔炉,熔炉,连队,MC,医疗,SC,社会,1,具体→具体,32,0.4936,,,,,,,0.1974,,0.1086,1
xb_00059,农村俱乐部,传播社会主义思想和文化的阵地,阵地,俱乐部,WR,战争,EM,情感,1,具体→具体,198,0.7472,,,,,,,0.2989,,0.1644,1
xb_00060,维尼纶,合成纤维的一个品种,品种,纶,OB,物体,AB,抽象,4,抽象→具体,1192,1.0,,,,,,,0.4,,0.22,2
xb_00061,美帝国主义,全世界人民最凶恶的敌人,敌人,帝国主义,HM,人体,SC,社会,2,具体→抽象,1099,0.9885,,,,,,,0.3954,,0.2175,2
xb_00062,毛泽东思想,革命人民和民族解放运动的灯塔,灯塔,思想,OB,物体,TH,思维,2,具体→抽象,1192,1.0,,,,,,,0.4,,0.22,2
xb_00063,粮食,劳动人民的血汗,血汗,粮食,BD,建筑,AB,抽象,1,具体→具体,221,0.7626,,,,,,,0.3051,,0.1678,1
xb_00064,毛泽东思想,革命英雄的思想武库,武库,思想,WR,战争,TH,思维,2,具体→抽象,198,0.7472,,,,,,,0.2989,,0.1644,1
xb_00065,人民战争,革命人民对付帝国主义及其走狗的法宝,法宝,战争,OB,物体,LF,光线,2,具体→抽象,1192,1.0,,,,,,,0.4,,0.22,2
xb_00066,现在的江山,革命先辈拼命流血打下来的成果,成果,江山,SP,空间,SC,社会,4,抽象→具体,203,0.7507,,,,,,,0.3003,,0.1652,1
xb_00067,他们的意见,检验县委工作最准确的标尺,标尺,意见,OB,物体,AB,抽象,2,具体→抽象,1192,1.0,,,,,,,0.4,,0.22,2
xb_00068,社会主义体系,革命力量的主要成果,成果,体系,OB,物体,SC,社会,3,抽象→抽象,1192,1.0,,,,,,,0.4,,0.22,2
xb_00069,三尺柜台,革命阵地,阵地,柜台,WR,战争,AB,抽象,1,具体→具体,198,0.7472,,,,,,,0.2989,,0.1644,1
xb_00070,毛泽东思想,指导人们从事科学实验的无比锐利的思想武器,武器,思想,WR,战争,TH,思维,2,具体→抽象,198,0.7472,,,,,,,0.2989,,0.1644,1
xb_00071,美国强盗,泥足巨人,泥足巨人,美国,LV,生命,MR,机器,1,具体→具体,263,0.7871,,,,,,,0.3148,,0.1732,1
xb_00072,青年,生产第一线的主力,主力,青年,WR,战争,AB,抽象,2,具体→抽象,198,0.7472,,,,,,,0.2989,,0.1644,1
xb_00073,美帝国主义,全世界人民的大仇人,大仇人,帝国主义,HM,人体,SC,社会,2,具体→抽象,1099,0.9885,,,,,,,0.3954,,0.2175,2
xb_00074,阶级观点,研究社会历史的基本方法,方法,观点,OB,物体,TM,时间,3,抽象→抽象,1192,1.0,,,,,,,0.4,,0.22,2
xb_00075,工厂,教育青少年的大课堂,课堂,工厂,OB,物体,EV,事件,1,具体→具体,1192,1.0,,,,,,,0.4,,0.22,2
xb_00076,封建地主阶级的官僚,劳动人民的死对头,死对头,官僚,HM,人体,SC,社会,1,具体→具体,1099,0.9885,,,,,,,0.3954,,0.2175,2
xb_00077,历史,劳动人民创造的,人民,历史,OB,物体,TM,时间,2,具体→抽象,1192,1.0,,,,,,,0.4,,0.22,2
xb_00078,车间,生产第一线,生产,车间,WR,战争,EV,事件,1,具体→具体,198,0.7472,,,,,,,0.2989,,0.1644,1
xb_00079,共产党,劳动人民的再生母亲,母亲,共产党,HM,人体,SC,社会,2,具体→抽象,1099,0.9885,,,,,,,0.3954,,0.2175,2
xb_00080,毛主席著作,革命人民必读的教科书,教科书,著作,OB,物体,TH,思维,1,具体→具体,1192,1.0,,,,,,,0.4,,0.22,2
xb_00081,毛泽东思想,革命人民战无不胜的强大武器,武器,思想,WR,战争,TH,思维,2,具体→抽象,198,0.7472,,,,,,,0.2989,,0.1644,1
xb_00082,毛泽东思想,革命人民的法宝,法宝,思想,OB,物体,TH,思维,2,具体→抽象,1192,1.0,,,,,,,0.4,,0.22,2
xb_00083,解放军,播种队,播种队,解放军,HM,人体,AB,抽象,1,具体→具体,1099,0.9885,,,,,,,0.3954,,0.2175,2
xb_00084,毛主席思想,革命人民心里的红太阳,太阳,思想,NT,自然,TH,思维,2,具体→抽象,184,0.7369,,,,,,,0.2948,,0.1621,1
xb_00085,毛泽东思想,革命哲学的精华,精华,思想,FD,食物,TH,思维,3,抽象→抽象,46,0.5435,,,,,,,0.2174,,0.1196,1
xb_00086,毛泽东思想,照亮世界革命道路的指路明灯,指路,思想,OB,物体,TH,思维,2,具体→抽象,1192,1.0,,,,,,,0.4,,0.22,2
xb_00087,这件事,教育职工的活教材,教材,事,OB,物体,LF,光线,2,具体→抽象,1192,1.0,,,,,,,0.4,,0.22,2
xb_00088,毛泽东思想,革命力量的无限源泉,源泉,思想,NT,自然,TH,思维,2,具体→抽象,184,0.7369,,,,,,,0.2948,,0.1621,1
xb_00089,毛主席著作,革命战士的粮食,战士,著作,FD,食物,AB,抽象,1,具体→具体,46,0.5435,,,,,,,0.2174,,0.1196,1
xb_00090,毛泽东思想,攀登科学高峰的金桥,金桥,思想,OB,物体,TH,思维,2,具体→抽象,1192,1.0,,,,,,,0.4,,0.22,2
xb_00091,毛主席的话,劳动人民的心里话,心里话,主席,SP,空间,CM,通讯,3,抽象→抽象,203,0.7507,,,,,,,0.3003,,0.1652,1
xb_00092,毛泽东思想,革命人民的命根子,命根子,思想,LV,生命,TH,思维,2,具体→抽象,263,0.7871,,,,,,,0.3148,,0.1732,1
xb_00093,美国政府,垄断资产阶级的代表,代表,政府,HM,人体,SC,社会,2,具体→抽象,1099,0.9885,,,,,,,0.3954,,0.2175,2
xb_00094,解放军,最好的毛泽东思想大学校,校,解放军,MC,医疗,AB,抽象,1,具体→具体,32,0.4936,,,,,,,0.1974,,0.1086,1
xb_00095,毛泽东思想,改造人们灵魂的锐利武器,武器,思想,WR,战争,TH,思维,2,具体→抽象,198,0.7472,,,,,,,0.2989,,0.1644,1
xb_00096,毛主席的书,革命的无价之宝,无价之宝,书,OB,物体,AB,抽象,1,具体→具体,1192,1.0,,,,,,,0.4,,0.22,2
xb_00097,枪,革命战士的第二条生命,生命,枪,LV,生命,OB,物体,4,抽象→具体,263,0.7871,,,,,,,0.3148,,0.1732,1
xb_00098,农民,革命活力的一个无穷无尽的泉源,泉源,农民,NT,自然,SC,社会,2,具体→抽象,184,0.7369,,,,,,,0.2948,,0.1621,1
xb_00099,毛主席著作,革命思想的最大源泉,源泉,著作,NT,自然,AB,抽象,2,具体→抽象,184,0.7369,,,,,,,0.2948,,0.1621,1
xb_00100,人民解放军,革命小将的最坚强的后盾,后盾,解放军,FC,力量,SC,社会,2,具体→抽象,84,0.6271,,,,,,,0.2508,,0.138,1
xb_00101,奴隶主义,剥削制度的产物,产物,奴隶主义,OB,物体,TH,思维,3,抽象→抽象,1192,1.0,,,,,,,0.4,,0.22,2
xb_00102,毛泽东思想,我们的命根子,命根子,思想,LV,生命,TH,思维,2,具体→抽象,263,0.7871,,,,,,,0.3148,,0.1732,1
xb_00103,毛主席著作,革命人民的无价之宝,人民,著作,OB,物体,AB,抽象,1,具体→具体,1192,1.0,,,,,,,0.4,,0.22,2
xb_00104,剥削制度,劳动人民苦难的根源,苦难,制度,LV,生命,SC,社会,2,具体→抽象,263,0.7871,,,,,,,0.3148,,0.1732,1
xb_00105,毛泽东思想,革命人民的灵魂,灵魂,思想,BD,建筑,TH,思维,3,抽象→抽象,221,0.7626,,,,,,,0.3051,,0.1678,1
xb_00106,毛泽东军事思想,革命人民争取解放的灯塔,灯塔,思想,OB,物体,TH,思维,2,具体→抽象,1192,1.0,,,,,,,0.4,,0.22,2
xb_00107,革命的大批判,活学活用毛主席著作最好的课堂,课堂,判,OB,物体,SC,社会,2,具体→抽象,1192,1.0,,,,,,,0.4,,0.22,2
xb_00108,工农兵,革命大批判的主力军,主力军,工农兵,WR,战争,SC,社会,2,具体→抽象,198,0.7472,,,,,,,0.2989,,0.1644,1
xb_00109,毛泽东思想,劳动人民革命的火车头,火车头,思想,BD,建筑,TH,思维,2,具体→抽象,221,0.7626,,,,,,,0.3051,,0.1678,1
xb_00110,毛泽东思想,革命力量的源泉,源泉,思想,NT,自然,TH,思维,2,具体→抽象,184,0.7369,,,,,,,0.2948,,0.1621,1
xb_00111,毛泽东思想,革命人民威力最大最可靠的思想武器,武器,思想,WR,战争,TH,思维,2,具体→抽象,198,0.7472,,,,,,,0.2989,,0.1644,1
xb_00112,无产阶级专政,劳动人民的命根子,命根子,专政,LV,生命,SC,社会,2,具体→抽象,263,0.7871,,,,,,,0.3148,,0.1732,1
xb_00113,毛主席的话,革命理论的精华,精华,主席,FD,食物,CM,通讯,3,抽象→抽象,46,0.5435,,,,,,,0.2174,,0.1196,1
xb_00114,毛主席的著作,革命人民的宝书,宝书,著作,OB,物体,AB,抽象,1,具体→具体,1192,1.0,,,,,,,0.4,,0.22,2
xb_00115,派性,革命队伍中的分裂主义者,分裂主义者,派性,HM,人体,AB,抽象,2,具体→抽象,1099,0.9885,,,,,,,0.3954,,0.2175,2
xb_00116,学习毛主席著作,革命战士生活的第一需要,需要,著作,OB,物体,TH,思维,3,抽象→抽象,1192,1.0,,,,,,,0.4,,0.22,2
xb_00117,毛主席的书,革命人民的精神食粮,食粮,书,FD,食物,AB,抽象,2,具体→抽象,46,0.5435,,,,,,,0.2174,,0.1196,1
xb_00118,毛主席著作,革命人民最好的教科书,教科书,著作,OB,物体,TH,思维,1,具体→具体,1192,1.0,,,,,,,0.4,,0.22,2
xb_00119,用毛泽东思想武装起来的人民群众,最坚固的铜墙铁壁,铜墙铁壁,群众,OB,物体,SC,社会,1,具体→具体,1192,1.0,,,,,,,0.4,,0.22,2
xb_00120,毛泽东思想,革命人民的灵魂,灵魂,思想,BD,建筑,TH,思维,3,抽象→抽象,221,0.7626,,,,,,,0.3051,,0.1678,1
xb_00121,毛泽东思想,革命人民的命根子,命根子,思想,LV,生命,TH,思维,2,具体→抽象,263,0.7871,,,,,,,0.3148,,0.1732,1
xb_00122,人民群众,革命政权力量的源泉,源泉,群众,NT,自然,LF,光线,2,具体→抽象,184,0.7369,,,,,,,0.2948,,0.1621,1
xb_00123,家家,革命大批判的战场,战场,家家,WR,战争,SC,社会,1,具体→具体,198,0.7472,,,,,,,0.2989,,0.1644,1
xb_00124,人人,革命大批判的战士,战士,人人,WR,战争,LF,光线,1,具体→具体,198,0.7472,,,,,,,0.2989,,0.1644,1
xb_00125,工人阶级,革命主力军,主力军,阶级,WR,战争,SC,社会,2,具体→抽象,198,0.7472,,,,,,,0.2989,,0.1644,1
xb_00126,大地主大资产阶级,劳动人民的死敌,死敌,资产阶级,HM,人体,SC,社会,2,具体→抽象,1099,0.9885,,,,,,,0.3954,,0.2175,2
xb_00127,革命路线,无产阶级和革命人民的生命线,生命线,路线,HM,人体,SC,社会,2,具体→抽象,1099,0.9885,,,,,,,0.3954,,0.2175,2
xb_00128,议会道路,一条走不通的死路,死路,道路,TR,交通,SC,社会,2,具体→抽象,41,0.5276,,,,,,,0.211,,0.1161,1
xb_00129,宗教,麻醉人民的鸦片,鸦片,宗教,HM,人体,AB,抽象,2,具体→抽象,1099,0.9885,,,,,,,0.3954,,0.2175,2
xb_00130,战无不胜的毛泽东思想,改造人们灵魂的强大武器,武器,思想,WR,战争,TH,思维,2,具体→抽象,198,0.7472,,,,,,,0.2989,,0.1644,1
xb_00131,广阔农村,改造思想的好课堂,课堂,农村,OB,物体,AB,抽象,1,具体→具体,1192,1.0,,,,,,,0.4,,0.22,2
xb_00132,人民军队,革命人民的铁拳头,铁拳头,军队,BD,建筑,SC,社会,1,具体→具体,221,0.7626,,,,,,,0.3051,,0.1678,1
xb_00133,美帝国主义,侵略强盗,侵略,帝国主义,HM,人体,SC,社会,2,具体→抽象,1099,0.9885,,,,,,,0.3954,,0.2175,2
xb_00134,资本主义利润,资本家发财致富的泉源,泉源,利润,NT,自然,MR,机器,2,具体→抽象,184,0.7369,,,,,,,0.2948,,0.1621,1
xb_00135,贫下中农登上讲台,教学领域的一场革命,革命,农登,HM,人体,EV,事件,3,抽象→抽象,1099,0.9885,,,,,,,0.3954,,0.2175,2
xb_00136,毛主席的书,革命战士的方向盘,方向盘,书,MC,医疗,AB,抽象,2,具体→抽象,32,0.4936,,,,,,,0.1974,,0.1086,1
xb_00137,关于'纸老虎'的理论,革命勇气和决心的源泉,源泉,理论,NT,自然,TH,思维,2,具体→抽象,184,0.7369,,,,,,,0.2948,,0.1621,1
xb_00138,毛泽东思想,革命的法宝,法宝,思想,OB,物体,TH,思维,2,具体→抽象,1192,1.0,,,,,,,0.4,,0.22,2
xb_00139,群众的意见,检查领导工作的一面镜子,镜子,意见,NT,自然,TM,时间,2,具体→抽象,184,0.7369,,,,,,,0.2948,,0.1621,1
xb_00140,工人,发展科学技术的主力军,主力军,工人,WR,战争,LF,光线,2,具体→抽象,198,0.7472,,,,,,,0.2989,,0.1644,1
xb_00141,干校,改造世界观的革命熔炉,熔炉,干校,MC,医疗,SC,社会,1,具体→具体,32,0.4936,,,,,,,0.1974,,0.1086,1
xb_00142,毛泽东思想,革命战士的命根子,命根子,思想,LV,生命,TH,思维,2,具体→抽象,263,0.7871,,,,,,,0.3148,,0.1732,1
xb_00143,毛主席的革命路线,劳动人民的生命线,生命线,路线,HM,人体,SC,社会,2,具体→抽象,1099,0.9885,,,,,,,0.3954,,0.2175,2
xb_00144,"""五·七""农民学校",批判资产阶级的战场,战场,学校,WR,战争,SC,社会,1,具体→具体,198,0.7472,,,,,,,0.2989,,0.1644,1
xb_00145,毛泽东思想,改造世界观的最锐利的武器,武器,思想,WR,战争,TH,思维,2,具体→抽象,198,0.7472,,,,,,,0.2989,,0.1644,1
xb_00146,"""三舒心""思想","改造世界观的""拦路虎""","虎""",思想,TR,交通,TH,思维,2,具体→抽象,41,0.5276,,,,,,,0.211,,0.1161,1
xb_00147,毛泽东思想,革命航道的明灯,航道,思想,OB,物体,TH,思维,2,具体→抽象,1192,1.0,,,,,,,0.4,,0.22,2
xb_00148,毛主席的书,劳动人民的命根子,命根子,书,LV,生命,AB,抽象,2,具体→抽象,263,0.7871,,,,,,,0.3148,,0.1732,1
xb_00149,毛泽东思想,革命战士力量的源泉,源泉,思想,NT,自然,TH,思维,2,具体→抽象,184,0.7369,,,,,,,0.2948,,0.1621,1
xb_00150,人民群众,教育革命的主力军,主力军,群众,WR,战争,LF,光线,2,具体→抽象,198,0.7472,,,,,,,0.2989,,0.1644,1
xb_00151,多种经营,生产领域中社会主义和资本主义两条道路斗争的重要阵地,阵地,经营,WR,战争,EV,事件,2,具体→抽象,198,0.7472,,,,,,,0.2989,,0.1644,1
xb_00152,杂草,危害农作物的大敌,大敌,杂草,HM,人体,AB,抽象,1,具体→具体,1099,0.9885,,,,,,,0.3954,,0.2175,2
xb_00153,教学领域,两条路线斗争的重要阵地,阵地,领域,WR,战争,AB,抽象,2,具体→抽象,198,0.7472,,,,,,,0.2989,,0.1644,1
xb_00154,党的报刊,宣传毛泽东思想的重要工具,工具,报刊,OB,物体,AB,抽象,1,具体→具体,1192,1.0,,,,,,,0.4,,0.22,2
xb_00155,革命青年,无产阶级革命事业的接班人,接班人,青年,HM,人体,AB,抽象,1,具体→具体,1099,0.9885,,,,,,,0.3954,,0.2175,2
xb_00156,灵魂,地主资产阶级,资产阶级,灵魂,HM,人体,AB,抽象,3,抽象→抽象,1099,0.9885,,,,,,,0.3954,,0.2175,2
xb_00157,毛主席的无产阶级革命路线,我们建设社会主义新农村的根本保证,保证,路线,OB,物体,SC,社会,3,抽象→抽象,1192,1.0,,,,,,,0.4,,0.22,2
xb_00158,妇女干部,各条战线上的骨干力量,力量,干部,BD,建筑,LF,光线,2,具体→抽象,221,0.7626,,,,,,,0.3051,,0.1678,1
xb_00159,原料,"工业生产的""粮食""","食""",原料,FD,食物,EV,事件,1,具体→具体,46,0.5435,,,,,,,0.2174,,0.1196,1
xb_00160,党的领导,革命事业胜利的保证,保证,领导,OB,物体,SC,社会,3,抽象→抽象,1192,1.0,,,,,,,0.4,,0.22,2
xb_00161,新干部,革命队伍的新鲜血液,血液,干部,BD,建筑,LF,光线,2,具体→抽象,221,0.7626,,,,,,,0.3051,,0.1678,1
xb_00162,钻井工人,开发油田的尖兵,尖兵,工人,OB,物体,LF,光线,1,具体→具体,1192,1.0,,,,,,,0.4,,0.22,2
xb_00163,马克思主义哲学,指导科学发展的明灯,发展,哲学,NT,自然,TH,思维,2,具体→抽象,184,0.7369,,,,,,,0.2948,,0.1621,1
xb_00164,疫病,发展牲畜的大敌,大敌,疫病,HM,人体,MR,机器,1,具体→具体,1099,0.9885,,,,,,,0.3954,,0.2175,2
xb_00165,党的基本路线,劳动人民的生命线,生命线,路线,LV,生命,SC,社会,2,具体→抽象,263,0.7871,,,,,,,0.3148,,0.1732,1
xb_00166,曲艺,革命文艺的轻武器,轻武器,曲艺,WR,战争,EV,事件,2,具体→抽象,198,0.7472,,,,,,,0.2989,,0.1644,1
xb_00167,人民,改造社会、改造自然的最伟大的动力,动力,人民,FC,力量,LF,光线,2,具体→抽象,84,0.6271,,,,,,,0.2508,,0.138,1
xb_00168,它,压迫的工具,工具,它,OB,物体,SC,社会,2,具体→抽象,1192,1.0,,,,,,,0.4,,0.22,2
xb_00169,贫农大众,革命先锋,先锋,大众,OB,物体,SC,社会,2,具体→抽象,1192,1.0,,,,,,,0.4,,0.22,2
xb_00170,科学技术,生产斗争知识的结晶,知识,技术,OB,物体,TH,思维,2,具体→抽象,1192,1.0,,,,,,,0.4,,0.22,2
xb_00171,爱国卫生运动中的群众积极分子队伍,移风易俗的重要突击队,突击队,队伍,OB,物体,SC,社会,1,具体→具体,1192,1.0,,,,,,,0.4,,0.22,2
xb_00172,毛主席的革命路线,灯塔,灯塔,路线,OB,物体,SC,社会,2,具体→抽象,1192,1.0,,,,,,,0.4,,0.22,2
xb_00173,旧社会,劳动人民的地狱,地狱,社会,SP,空间,SC,社会,2,具体→抽象,203,0.7507,,,,,,,0.3003,,0.1652,1
xb_00174,共产党,劳动人民的救星,救星,共产党,NT,自然,SC,社会,2,具体→抽象,184,0.7369,,,,,,,0.2948,,0.1621,1
xb_00175,贫下中农理论队伍,无产阶级理论队伍的主力,主力,队伍,OB,物体,TH,思维,2,具体→抽象,1192,1.0,,,,,,,0.4,,0.22,2
xb_00176,革命的创造精神,革命艺术的生命,生命,精神,LV,生命,AB,抽象,2,具体→抽象,263,0.7871,,,,,,,0.3148,,0.1732,1
xb_00177,风雪灾害,发展畜牧业的大敌,大敌,灾害,HM,人体,AB,抽象,2,具体→抽象,1099,0.9885,,,,,,,0.3954,,0.2175,2
xb_00178,党,劳动人民的大救星,救星,党,NT,自然,SC,社会,2,具体→抽象,184,0.7369,,,,,,,0.2948,,0.1621,1
xb_00179,"""均贫富""的口号",当时劳动群众反对地主阶级剥削压迫的战斗纲领,纲领,口号,WR,战争,SC,社会,3,抽象→抽象,198,0.7472,,,,,,,0.2989,,0.1644,1
xb_00180,我国医药学,宝贵的遗产,遗产,医药学,EC,经济,TH,思维,3,抽象→抽象,129,0.6871,,,,,,,0.2748,,0.1512,1
xb_00181,工人阶级,发展社会主义生产的决定力量,力量,阶级,FC,力量,SC,社会,2,具体→抽象,84,0.6271,,,,,,,0.2508,,0.138,1
xb_00182,中日两国政府联合声明,指导两国关系的准则,准则,声明,OB,物体,SC,社会,4,抽象→具体,1192,1.0,,,,,,,0.4,,0.22,2
xb_00183,毛主席的无产阶级革命路线,指引人们向沙漠胜利进军的灯塔,灯塔,路线,OB,物体,SC,社会,2,具体→抽象,1192,1.0,,,,,,,0.4,,0.22,2
xb_00184,中朝两国人民,一家人,一家人,人民,OB,物体,SC,社会,2,具体→抽象,1192,1.0,,,,,,,0.4,,0.22,2
xb_00185,批林批孔运动,发展社会主义生产的强大推动力,推动力,运动,FC,力量,SC,社会,3,抽象→抽象,84,0.6271,,,,,,,0.2508,,0.138,1
xb_00186,马克思主义,革命人民的有力武器,武器,马克思主义,WR,战争,TH,思维,2,具体→抽象,198,0.7472,,,,,,,0.2989,,0.1644,1
xb_00187,重工业,发展轻工业的宝库,宝库,重工业,EC,经济,SC,社会,2,具体→抽象,129,0.6871,,,,,,,0.2748,,0.1512,1
xb_00188,青年,革命事业的生力军,生力军,青年,WR,战争,SC,社会,1,具体→具体,198,0.7472,,,,,,,0.2989,,0.1644,1
xb_00189,阶级斗争,推动社会历史前进的动力,动力,斗争,FC,力量,SC,社会,3,抽象→抽象,84,0.6271,,,,,,,0.2508,,0.138,1
xb_00190,阶级斗争的理论,在整个无产阶级专政时期战胜困难和不断前进的动力,动力,理论,FC,力量,TH,思维,3,抽象→抽象,84,0.6271,,,,,,,0.2508,,0.138,1
xb_00191,人民群众,革命战争的主要力量,力量,群众,FC,力量,SC,社会,2,具体→抽象,84,0.6271,,,,,,,0.2508,,0.138,1
xb_00192,最强大的一种生产力,革命阶级本身,阶级,生产力,FC,力量,SC,社会,3,抽象→抽象,84,0.6271,,,,,,,0.2508,,0.138,1
xb_00193,棉蚜,危害棉花生长的顽敌,顽敌,棉蚜,HM,人体,MR,机器,1,具体→具体,1099,0.9885,,,,,,,0.3954,,0.2175,2
xb_00194,毛泽东同志,革命思想的巨人之一,之一,同志,SP,空间,AB,抽象,1,具体→具体,203,0.7507,,,,,,,0.3003,,0.1652,1
xb_00195,毛主席革命路线,革命人民的生命线,生命线,路线,LV,生命,SC,社会,2,具体→抽象,263,0.7871,,,,,,,0.3148,,0.1732,1
xb_00196,伟大的毛泽东思想,革命人民力量的源泉,源泉,思想,NT,自然,TH,思维,2,具体→抽象,184,0.7369,,,,,,,0.2948,,0.1621,1
xb_00197,毛泽东思想,革命传家宝,传家宝,思想,OB,物体,TH,思维,2,具体→抽象,1192,1.0,,,,,,,0.4,,0.22,2
xb_00198,他的思想,指引后代的灯塔,灯塔,思想,OB,物体,TH,思维,2,具体→抽象,1192,1.0,,,,,,,0.4,,0.22,2
xb_00199,毛主席的革命路线,劳动人民的生命线,生命线,路线,LV,生命,SC,社会,2,具体→抽象,263,0.7871,,,,,,,0.3148,,0.1732,1
xb_00200,帝国主义,革命人民的反面教员,教员,帝国主义,HM,人体,MR,机器,2,具体→抽象,1099,0.9885,,,,,,,0.3954,,0.2175,2
xb_00201,马克思主义,指引无产阶级夺取胜利的战斗旗帜,旗帜,马克思主义,WR,战争,TH,思维,2,具体→抽象,198,0.7472,,,,,,,0.2989,,0.1644,1
xb_00202,工会,学校,学校,工会,MC,医疗,SC,社会,1,具体→具体,32,0.4936,,,,,,,0.1974,,0.1086,1
xb_00203,古代文化,发展无产阶级新文化的借鉴,借鉴,文化,EC,经济,TM,时间,3,抽象→抽象,129,0.6871,,,,,,,0.2748,,0.1512,1
xb_00204,兴修水利,发展农业生产的关键,关键,水利,OB,物体,SC,社会,3,抽象→抽象,1192,1.0,,,,,,,0.4,,0.22,2
xb_00205,毛主席三个世界战略方针,指导世界革命的强大武器,武器,方针,WR,战争,TH,思维,2,具体→抽象,198,0.7472,,,,,,,0.2989,,0.1644,1
xb_00206,毛主席的革命路线,指引长征胜利的灯塔,灯塔,路线,OB,物体,SC,社会,2,具体→抽象,1192,1.0,,,,,,,0.4,,0.22,2
xb_00207,妇女,劳动大军,大军,妇女,WR,战争,SC,社会,1,具体→具体,198,0.7472,,,,,,,0.2989,,0.1644,1
xb_00208,最强大的生产力,革命阶级本身,阶级,生产力,FC,力量,SC,社会,3,抽象→抽象,84,0.6271,,,,,,,0.2508,,0.138,1
xb_00209,知识分子,革命力量,力量,知识分子,FC,力量,SC,社会,4,抽象→具体,84,0.6271,,,,,,,0.2508,,0.138,1
xb_00210,实用主义,垄断资产阶级的市侩哲学,市侩,实用主义,OB,物体,AB,抽象,3,抽象→抽象,1192,1.0,,,,,,,0.4,,0.22,2
xb_00211,女交通员,革命战争中千百万浴血献身的共产党人和无数革命先烈的一个代表,代表,女交,HM,人体,LF,光线,2,具体→抽象,1099,0.9885,,,,,,,0.3954,,0.2175,2
xb_00212,钢铁工业,现代化工业的基础,基础,工业,OB,物体,SC,社会,2,具体→抽象,1192,1.0,,,,,,,0.4,,0.22,2
xb_00213,我们的事业,服务人民,人民,事业,HM,人体,AB,抽象,3,抽象→抽象,1099,0.9885,,,,,,,0.3954,,0.2175,2
xb_00214,管好市场,发展农业生产的一个重要条件,条件,市场,HM,人体,EV,事件,3,抽象→抽象,1099,0.9885,,,,,,,0.3954,,0.2175,2
xb_00215,电力,发展基础工业的原动力,原动力,电力,FC,力量,AB,抽象,2,具体→抽象,84,0.6271,,,,,,,0.2508,,0.138,1
xb_00216,共产党,劳动人民的救命恩人,恩人,共产党,HM,人体,SC,社会,2,具体→抽象,1099,0.9885,,,,,,,0.3954,,0.2175,2
xb_00217,牧场,发展畜牧业的物质基础,基础,牧场,OB,物体,EV,事件,4,抽象→具体,1192,1.0,,,,,,,0.4,,0.22,2
xb_00218,毛泽东思想,检验真理的标准,标准,思想,OB,物体,TH,思维,3,抽象→抽象,1192,1.0,,,,,,,0.4,,0.22,2
xb_00219,四人帮的反革命政治纲领,迫害老干部的刀子,刀子,纲领,WR,战争,SC,社会,2,具体→抽象,198,0.7472,,,,,,,0.2989,,0.1644,1
xb_00220,霸权主义,威胁世界和平,和平,霸权主义,OB,物体,SC,社会,3,抽象→抽象,1192,1.0,,,,,,,0.4,,0.22,2
xb_00221,利润,发展国民经济、提高人民生活水平的一个来源,来源,利润,NT,自然,MR,机器,2,具体→抽象,184,0.7369,,,,,,,0.2948,,0.1621,1
xb_00222,电力工业,现代化工业的基本动力,动力,工业,FC,力量,SC,社会,3,抽象→抽象,84,0.6271,,,,,,,0.2508,,0.138,1
xb_00223,杂草,威胁作物生长的一大祸害,祸害,杂草,OB,物体,AB,抽象,4,抽象→具体,1192,1.0,,,,,,,0.4,,0.22,2
xb_00224,列车,活动标语牌,标语牌,列车,OB,物体,AB,抽象,1,具体→具体,1192,1.0,,,,,,,0.4,,0.22,2
xb_00225,知识分子,劳动人民一部分,人民,知识分子,OB,物体,SC,社会,2,具体→抽象,1192,1.0,,,,,,,0.4,,0.22,2
xb_00226,创造性精神,革命理论活的灵魂,灵魂,精神,BD,建筑,MR,机器,3,抽象→抽象,221,0.7626,,,,,,,0.3051,,0.1678,1
xb_00227,文艺,整个革命机器中的齿轮和螺丝钉,螺丝钉,文艺,MC,医疗,EV,事件,2,具体→抽象,32,0.4936,,,,,,,0.1974,,0.1086,1
xb_00228,情人的眼睛,测量爱情最灵敏的温度计,温度计,眼睛,OB,物体,ST,结构,1,具体→具体,1192,1.0,,,,,,,0.4,,0.22,2
xb_00229,宗教,麻醉人民的鸦片烟,烟,宗教,HM,人体,AB,抽象,2,具体→抽象,1099,0.9885,,,,,,,0.3954,,0.2175,2
xb_00230,发展配合饲料,现代化畜牧业的物质基础,基础,饲料,OB,物体,SC,社会,2,具体→抽象,1192,1.0,,,,,,,0.4,,0.22,2
xb_00231,法律,保护人民、打击敌人、惩罚犯罪的有力武器,武器,法律,WR,战争,SC,社会,2,具体→抽象,198,0.7472,,,,,,,0.2989,,0.1644,1
xb_00232,检验真理的标准,实践,实践,标准,OB,物体,SC,社会,3,抽象→抽象,1192,1.0,,,,,,,0.4,,0.22,2
xb_00233,办好生产队,发展农业生产的基础,基础,生产队,OB,物体,SC,社会,2,具体→抽象,1192,1.0,,,,,,,0.4,,0.22,2
xb_00234,科技人员,建设四个现代化的生力军,生力军,人员,WR,战争,TH,思维,1,具体→具体,198,0.7472,,,,,,,0.2989,,0.1644,1
xb_00235,共产党员,改造世界的人,人,共产党员,OB,物体,SC,社会,1,具体→具体,1192,1.0,,,,,,,0.4,,0.22,2
xb_00236,农民群众,建设社会主义的可靠同盟军,同盟军,群众,WR,战争,SC,社会,2,具体→抽象,198,0.7472,,,,,,,0.2989,,0.1644,1
xb_00237,市场,检验企业经营成败的试金石,试金石,市场,OB,物体,AB,抽象,2,具体→抽象,1192,1.0,,,,,,,0.4,,0.22,2
xb_00238,价格,调整供需矛盾、控制消耗、促进生产的一种手段或经济杠杆,杠杆,价格,OB,物体,TM,时间,3,抽象→抽象,1192,1.0,,,,,,,0.4,,0.22,2
xb_00239,白蚁,危害木材、房屋建筑的大敌,大敌,白蚁,OB,物体,MR,机器,1,具体→具体,1192,1.0,,,,,,,0.4,,0.22,2
xb_00240,群众,革命力量的源泉,源泉,群众,NT,自然,SC,社会,2,具体→抽象,184,0.7369,,,,,,,0.2948,,0.1621,1
xb_00241,社会,教育孩子的大课堂,大课堂,社会,OB,物体,SC,社会,2,具体→抽象,1192,1.0,,,,,,,0.4,,0.22,2
xb_00242,我国羽绒制品,出口商品中的一株新花,花,制品,LV,生命,AB,抽象,1,具体→具体,263,0.7871,,,,,,,0.3148,,0.1732,1
xb_00243,医院里,社会的缩影,缩影,医院,OB,物体,SC,社会,4,抽象→具体,1192,1.0,,,,,,,0.4,,0.22,2
xb_00244,爱国主义,建设社会主义的巨大精神力量,力量,爱国主义,FC,力量,MR,机器,3,抽象→抽象,84,0.6271,,,,,,,0.2508,,0.138,1
xb_00245,强大的武器,劳动生产率,生产率,武器,WR,战争,EV,事件,4,抽象→具体,198,0.7472,,,,,,,0.2989,,0.1644,1
xb_00246,主义,研究问题的指南针,指南针,主义,OB,物体,TH,思维,2,具体→抽象,1192,1.0,,,,,,,0.4,,0.22,2
xb_00247,革命的理论,革命运动的先导,先导,理论,OB,物体,TH,思维,3,抽象→抽象,1192,1.0,,,,,,,0.4,,0.22,2
xb_00248,中美建交公报以及和平共处五项原则,发展两国关系的基石,基石,原则,OB,物体,AB,抽象,2,具体→抽象,1192,1.0,,,,,,,0.4,,0.22,2
xb_00249,买办资产阶级,革命对象,对象,资产阶级,OB,物体,SC,社会,2,具体→抽象,1192,1.0,,,,,,,0.4,,0.22,2
xb_00250,劳动,财富的源泉,源泉,劳动,NT,自然,LF,光线,2,具体→抽象,184,0.7369,,,,,,,0.2948,,0.1621,1
xb_00251,老干部,我们党和国家的宝贵财富,财富,老干部,EC,经济,LF,光线,4,抽象→具体,129,0.6871,,,,,,,0.2748,,0.1512,1
xb_00252,群众,真正的英雄,英雄,群众,HM,人体,LF,光线,2,具体→抽象,1099,0.9885,,,,,,,0.3954,,0.2175,2
xb_00253,人民群众,历史的创造者,创造者,群众,HM,人体,SC,社会,2,具体→抽象,1099,0.9885,,,,,,,0.3954,,0.2175,2
xb_00254,党的基层组织,党的全部工作和战斗力的基础,基础,组织,OB,物体,SC,社会,2,具体→抽象,1192,1.0,,,,,,,0.4,,0.22,2
xb_00255,市场,企业的生命线,生命线,市场,LV,生命,AB,抽象,2,具体→抽象,263,0.7871,,,,,,,0.3148,,0.1732,1
xb_00256,群众,真正的铜墙铁壁,铜墙铁壁,群众,WR,战争,LF,光线,2,具体→抽象,198,0.7472,,,,,,,0.2989,,0.1644,1
xb_00257,我们的文学艺术,人民的文学艺术,艺术,艺术,OB,物体,EV,事件,3,抽象→抽象,1192,1.0,,,,,,,0.4,,0.22,2
xb_00258,人民,历史的主人,主人,人民,HM,人体,SC,社会,2,具体→抽象,1099,0.9885,,,,,,,0.3954,,0.2175,2
xb_00259,法律,保护人民群众权利的武器,武器,法律,WR,战争,SC,社会,2,具体→抽象,198,0.7472,,,,,,,0.2989,,0.1644,1
xb_00260,森林中的棒槌鸟,传播人参种子的媒鸟,媒鸟,棒槌鸟,OB,物体,MR,机器,1,具体→具体,1192,1.0,,,,,,,0.4,,0.22,2
xb_00261,妇女,"家庭中的""半边天""","天""",妇女,OB,物体,SC,社会,1,具体→具体,1192,1.0,,,,,,,0.4,,0.22,2
xb_00262,家庭,建设社会主义精神文明的一个重要阵地,阵地,家庭,WR,战争,SC,社会,2,具体→抽象,198,0.7472,,,,,,,0.2989,,0.1644,1
xb_00263,直辖市顾问委员会,同级党的委员会的政治上的助手和参谋,参谋,委员会,BD,建筑,SC,社会,1,具体→具体,221,0.7626,,,,,,,0.3051,,0.1678,1
xb_00264,中国共产党,统帅,统帅,共产党,WR,战争,SC,社会,2,具体→抽象,198,0.7472,,,,,,,0.2989,,0.1644,1
xb_00265,农民和知识分子,建设大军,大军,知识分子,WR,战争,TH,思维,1,具体→具体,198,0.7472,,,,,,,0.2989,,0.1644,1
xb_00266,首犯,犯罪集团的核心人物,人物,首犯,SP,空间,AB,抽象,2,具体→抽象,203,0.7507,,,,,,,0.3003,,0.1652,1
xb_00267,森林资源调查队伍,发展林业的侦察尖兵,尖兵,队伍,WR,战争,LF,光线,1,具体→具体,198,0.7472,,,,,,,0.2989,,0.1644,1
xb_00268,市场,检验社会商品生产最灵敏的尺子,生产,市场,OB,物体,AB,抽象,2,具体→抽象,1192,1.0,,,,,,,0.4,,0.22,2
xb_00269,1972年签署的德意志民主共和国和德意志联邦共和国的关系基础条约,发展两国关系的支柱,支柱,条约,FC,力量,AB,抽象,2,具体→抽象,84,0.6271,,,,,,,0.2508,,0.138,1
xb_00270,中青年知识分子,发展科学技术的重要力量,力量,知识分子,FC,力量,TH,思维,4,抽象→具体,84,0.6271,,,,,,,0.2508,,0.138,1
xb_00271,武装警察部队,执法护法的部队,部队,部队,WR,战争,AB,抽象,1,具体→具体,198,0.7472,,,,,,,0.2989,,0.1644,1
xb_00272,拐卖妇女,剥削制度的产物,产物,妇女,OB,物体,SC,社会,3,抽象→抽象,1192,1.0,,,,,,,0.4,,0.22,2
xb_00273,文风,透视党风的一个窗口,窗口,文风,BD,建筑,AB,抽象,2,具体→抽象,221,0.7626,,,,,,,0.3051,,0.1678,1
xb_00274,艺术遗迹和旅游景观的结合,"一个旅游的""黄金走廊""",走廊,结合,TR,交通,AB,抽象,2,具体→抽象,41,0.5276,,,,,,,0.211,,0.1161,1
xb_00275,现代汉语,祖国语言的重要组成部分,部分,汉语,OB,物体,CM,通讯,3,抽象→抽象,1192,1.0,,,,,,,0.4,,0.22,2
xb_00276,合同,致富的桥梁,桥梁,合同,OB,物体,AB,抽象,2,具体→抽象,1192,1.0,,,,,,,0.4,,0.22,2
xb_00277,老一辈革命家,指引方向的火炬,火炬,革命家,OB,物体,SC,社会,2,具体→抽象,1192,1.0,,,,,,,0.4,,0.22,2
xb_00278,条约中规定的原则,指导主权国家之间关系的普遍准则,准则,原则,OB,物体,AB,抽象,3,抽象→抽象,1192,1.0,,,,,,,0.4,,0.22,2
xb_00279,正确的批评与自我批评,为人治病的药石,药石,批评,OB,物体,LF,光线,2,具体→抽象,1192,1.0,,,,,,,0.4,,0.22,2
xb_00280,发展县级经济,发展农村商品生产的强大推动力,推动力,经济,FC,力量,EV,事件,3,抽象→抽象,84,0.6271,,,,,,,0.2508,,0.138,1
xb_00281,现在的人民子弟兵,建设精神文明的模范,文明,子弟兵,OB,物体,LF,光线,2,具体→抽象,1192,1.0,,,,,,,0.4,,0.22,2
xb_00282,小城镇,调节城乡人口分布的巨大蓄水库,蓄水库,城镇,MC,医疗,AB,抽象,1,具体→具体,32,0.4936,,,,,,,0.1974,,0.1086,1
xb_00283,少先队员,革命事业接班人,接班人,少先队员,HM,人体,SC,社会,1,具体→具体,1099,0.9885,,,,,,,0.3954,,0.2175,2
xb_00284,体育场,综合设施的中心工程,工程,体育场,SP,空间,AB,抽象,2,具体→抽象,203,0.7507,,,,,,,0.3003,,0.1652,1
xb_00285,这些车,发展矿业的宝贝,宝贝,车,OB,物体,AB,抽象,1,具体→具体,1192,1.0,,,,,,,0.4,,0.22,2
xb_00286,《瞭望》周刊海外版,传播友谊的桥梁,桥梁,海外版,OB,物体,AB,抽象,1,具体→具体,1192,1.0,,,,,,,0.4,,0.22,2
xb_00287,科学技术,实现四个现代化的关键,关键,技术,OB,物体,TH,思维,3,抽象→抽象,1192,1.0,,,,,,,0.4,,0.22,2
xb_00288,学生,教学过程中认识活动的主体,主体,学生,OB,物体,AB,抽象,4,抽象→具体,1192,1.0,,,,,,,0.4,,0.22,2
xb_00289,顾问委员会,过渡形式,形式,委员会,OB,物体,SC,社会,4,抽象→具体,1192,1.0,,,,,,,0.4,,0.22,2
xb_00290,小城镇,发展城市和农村商品经济的纽带和桥梁,桥梁,城镇,OB,物体,AB,抽象,1,具体→具体,1192,1.0,,,,,,,0.4,,0.22,2
xb_00291,环境,人类生存的条件,条件,环境,HM,人体,AB,抽象,3,抽象→抽象,1099,0.9885,,,,,,,0.3954,,0.2175,2
xb_00292,领导机关,决策机关,机关,机关,MC,医疗,SC,社会,1,具体→具体,32,0.4936,,,,,,,0.1974,,0.1086,1
xb_00293,政治经济学,消费经济学的理论基础,基础,经济学,OB,物体,TH,思维,2,具体→抽象,1192,1.0,,,,,,,0.4,,0.22,2
xb_00294,银行,调节国民经济的重要杠杆,杠杆,银行,OB,物体,SC,社会,2,具体→抽象,1192,1.0,,,,,,,0.4,,0.22,2
xb_00295,扬子鳄,节能大师,大师,扬子鳄,HM,人体,MR,机器,1,具体→具体,1099,0.9885,,,,,,,0.3954,,0.2175,2
xb_00296,中国,一个和平和稳定的力量,力量,中国,FC,力量,SC,社会,2,具体→抽象,84,0.6271,,,,,,,0.2508,,0.138,1
xb_00297,法律,实践经验的总结,总结,法律,FD,食物,AB,抽象,3,抽象→抽象,46,0.5435,,,,,,,0.2174,,0.1196,1
xb_00298,开展对外保险,发展我国对外贸易和经济往来的需要,需要,保险,OB,物体,AB,抽象,3,抽象→抽象,1192,1.0,,,,,,,0.4,,0.22,2
xb_00299,技术实力,这些公司的生存之本,本,实力,OB,物体,AB,抽象,3,抽象→抽象,1192,1.0,,,,,,,0.4,,0.22,2
xb_00300,青少年,建设体育强国的生力军,生力军,青少年,WR,战争,SC,社会,1,具体→具体,198,0.7472,,,,,,,0.2989,,0.1644,1
xb_00301,两个社会主义国家的根本利益,发展睦邻关系的客观基础,基础,利益,OB,物体,SC,社会,2,具体→抽象,1192,1.0,,,,,,,0.4,,0.22,2
xb_00302,影剧院,宣传社会主义精神文明的重要阵地,阵地,影剧院,WR,战争,AB,抽象,2,具体→抽象,198,0.7472,,,,,,,0.2989,,0.1644,1
xb_00303,冶金企业,耗能大户,大户,企业,OB,物体,SC,社会,1,具体→具体,1192,1.0,,,,,,,0.4,,0.22,2
xb_00304,钢架工事,他们的写作室,写作室,工事,SP,空间,AB,抽象,2,具体→抽象,203,0.7507,,,,,,,0.3003,,0.1652,1
xb_00305,出版社,生产精神食粮的,食粮,出版社,FD,食物,AB,抽象,2,具体→抽象,46,0.5435,,,,,,,0.2174,,0.1196,1
xb_00306,社会主义经济法,保障经济体制改革和现代化建设顺利进行的有力武器,武器,经济法,WR,战争,SC,社会,2,具体→抽象,198,0.7472,,,,,,,0.2989,,0.1644,1
xb_00307,文化站,建设农村集镇文化中心的阵地,阵地,文化站,WR,战争,SC,社会,2,具体→抽象,198,0.7472,,,,,,,0.2989,,0.1644,1
xb_00308,产品说明书,指导人们正确使用产品的老师,老师,说明书,HM,人体,AB,抽象,1,具体→具体,1099,0.9885,,,,,,,0.3954,,0.2175,2
xb_00309,音乐,启迪人们智慧的一把钥匙,钥匙,音乐,OB,物体,EV,事件,2,具体→抽象,1192,1.0,,,,,,,0.4,,0.22,2
xb_00310,商业,生产领域和消费领域之间的桥梁和中介,中介,商业,OB,物体,EV,事件,2,具体→抽象,1192,1.0,,,,,,,0.4,,0.22,2
xb_00311,自然保护区,研究鸟类的基地,基地,保护区,OB,物体,AB,抽象,1,具体→具体,1192,1.0,,,,,,,0.4,,0.22,2
xb_00312,马克思主义,人类文化的精华,精华,马克思主义,FD,食物,TH,思维,2,具体→抽象,46,0.5435,,,,,,,0.2174,,0.1196,1
xb_00313,土地,发展农业的最宝贵的资源,资源,土地,EC,经济,AB,抽象,4,抽象→具体,129,0.6871,,,,,,,0.2748,,0.1512,1
xb_00314,合同工,劳动制度改革的产物,产物,合同工,OB,物体,SC,社会,4,抽象→具体,1192,1.0,,,,,,,0.4,,0.22,2
xb_00315,金钱,竞选机器运转的燃料,燃料,金钱,FC,力量,AB,抽象,2,具体→抽象,84,0.6271,,,,,,,0.2508,,0.138,1
xb_00316,金钱,政治生活的母乳,母乳,金钱,FD,食物,AB,抽象,2,具体→抽象,46,0.5435,,,,,,,0.2174,,0.1196,1
xb_00317,法律,保护人民、打击犯罪的武器,武器,法律,WR,战争,SC,社会,2,具体→抽象,198,0.7472,,,,,,,0.2989,,0.1644,1
xb_00318,保证质量,发展成人教育的生命,生命,质量,LV,生命,AB,抽象,2,具体→抽象,263,0.7871,,,,,,,0.3148,,0.1732,1
xb_00319,人民军队,建设社会主义重要力量,力量,军队,FC,力量,SC,社会,4,抽象→具体,84,0.6271,,,,,,,0.2508,,0.138,1
xb_00320,村民委员会,政府和群众联系的桥梁,桥梁,委员会,OB,物体,SC,社会,1,具体→具体,1192,1.0,,,,,,,0.4,,0.22,2
xb_00321,实验科学,科学技术发展中很活跃的部分,发展,科学,OB,物体,AB,抽象,3,抽象→抽象,1192,1.0,,,,,,,0.4,,0.22,2
xb_00322,生活,创作的源泉,源泉,生活,NT,自然,LF,光线,2,具体→抽象,184,0.7369,,,,,,,0.2948,,0.1621,1
xb_00323,农业,发展国民经济的基础,基础,农业,OB,物体,SC,社会,2,具体→抽象,1192,1.0,,,,,,,0.4,,0.22,2
xb_00324,社会主义的根本任务,发展生产力,生产力,任务,OB,物体,SC,社会,3,抽象→抽象,1192,1.0,,,,,,,0.4,,0.22,2
xb_00325,云雾山,救命山,救命山,云雾山,HM,人体,AB,抽象,1,具体→具体,1099,0.9885,,,,,,,0.3954,,0.2175,2
xb_00326,我国的传统戏曲,娱乐剧也是道德剧,道德剧,戏曲,HM,人体,EV,事件,3,抽象→抽象,1099,0.9885,,,,,,,0.3954,,0.2175,2
xb_00327,经济改革的主题,发展社会主义商品经济,经济,主题,BD,建筑,AB,抽象,3,抽象→抽象,221,0.7626,,,,,,,0.3051,,0.1678,1
xb_00328,改善生态环境的实质,保护资源,资源,实质,BD,建筑,EV,事件,2,具体→抽象,221,0.7626,,,,,,,0.3051,,0.1678,1
xb_00329,接地刀启动开关,发电机组的控制中枢,中枢,接地刀,SP,空间,AB,抽象,1,具体→具体,203,0.7507,,,,,,,0.3003,,0.1652,1
xb_00330,朝中两国间的友谊,用鲜血凝成的,鲜血,友谊,BD,建筑,SC,社会,2,具体→抽象,221,0.7626,,,,,,,0.3051,,0.1678,1
xb_00331,豚草花粉,危害人民健康的重要致病源,病源,花粉,LV,生命,MR,机器,4,抽象→具体,263,0.7871,,,,,,,0.3148,,0.1732,1
xb_00332,法院,审判机关,机关,法院,LV,生命,AB,抽象,1,具体→具体,263,0.7871,,,,,,,0.3148,,0.1732,1
xb_00333,戏曲,表演艺术,艺术,戏曲,HM,人体,AB,抽象,3,抽象→抽象,1099,0.9885,,,,,,,0.3954,,0.2175,2
xb_00334,企业,生产单位,单位,企业,LV,生命,SC,社会,1,具体→具体,263,0.7871,,,,,,,0.3148,,0.1732,1
xb_00335,设计质量,设计所的生命,生命,质量,LV,生命,AB,抽象,2,具体→抽象,263,0.7871,,,,,,,0.3148,,0.1732,1
xb_00336,水,侵蚀黄土地的动力,动力,水,FC,力量,AB,抽象,4,抽象→具体,84,0.6271,,,,,,,0.2508,,0.138,1
xb_00337,工作在教学第一线的教师,教育事业的主力军,主力军,教师,WR,战争,AB,抽象,2,具体→抽象,198,0.7472,,,,,,,0.2989,,0.1644,1
xb_00338,掌握知识,发展能力的基础,基础,知识,OB,物体,TH,思维,2,具体→抽象,1192,1.0,,,,,,,0.4,,0.22,2
xb_00339,法律,保护农业的尚方宝剑,尚方宝剑,法律,WR,战争,SC,社会,2,具体→抽象,198,0.7472,,,,,,,0.2989,,0.1644,1
xb_00340,社会团体,建设社会主义民主政治的重要力量,力量,团体,FC,力量,SC,社会,4,抽象→具体,84,0.6271,,,,,,,0.2508,,0.138,1
xb_00341,开发部,教学科研的配角,配角,开发部,HM,人体,SC,社会,1,具体→具体,1099,0.9885,,,,,,,0.3954,,0.2175,2
xb_00342,火地岛独特的风光,发展旅游业的有利条件,条件,风光,HM,人体,AB,抽象,4,抽象→具体,1099,0.9885,,,,,,,0.3954,,0.2175,2
xb_00343,生产力标准,实践标准的具体化和深化,具体化,标准,TR,交通,AB,抽象,3,抽象→抽象,41,0.5276,,,,,,,0.211,,0.1161,1
xb_00344,中国大陆,"""自行车王国""",自行车,大陆,OB,物体,AB,抽象,1,具体→具体,1192,1.0,,,,,,,0.4,,0.22,2
xb_00345,纪律,约束人们行为的规范,规范,纪律,HM,人体,SC,社会,3,抽象→抽象,1099,0.9885,,,,,,,0.3954,,0.2175,2
xb_00346,这些著作,决策科学性的基础,基础,著作,OB,物体,TH,思维,4,抽象→具体,1192,1.0,,,,,,,0.4,,0.22,2
xb_00347,骨干力量,劳动党员突击队,党员,力量,BD,建筑,AB,抽象,2,具体→抽象,221,0.7626,,,,,,,0.3051,,0.1678,1
xb_00348,这次盛会,发展民族团结进步事业的进军会,进军,盛会,WR,战争,SC,社会,1,具体→具体,198,0.7472,,,,,,,0.2989,,0.1644,1
xb_00349,双轨制,舞弊的温床,温床,双轨制,OB,物体,SC,社会,2,具体→抽象,1192,1.0,,,,,,,0.4,,0.22,2
xb_00350,玩具,启迪儿童智慧的天使,天使,玩具,OB,物体,AB,抽象,1,具体→具体,1192,1.0,,,,,,,0.4,,0.22,2
xb_00351,救灾款,救命钱,救命钱,救灾款,HM,人体,AB,抽象,1,具体→具体,1099,0.9885,,,,,,,0.3954,,0.2175,2
xb_00352,"日本推进""科学技术立国""战略的主力军",民间企业,企业,主力军,WR,战争,AB,抽象,2,具体→抽象,198,0.7472,,,,,,,0.2989,,0.1644,1
xb_00353,承包制,发展生产力的法宝,法宝,承包制,OB,物体,SC,社会,2,具体→抽象,1192,1.0,,,,,,,0.4,,0.22,2
xb_00354,知识分子,革命阵营的人,人,知识分子,WR,战争,SC,社会,1,具体→具体,198,0.7472,,,,,,,0.2989,,0.1644,1
xb_00355,这种人,欢迎舆论监督的叶公,叶公,人,HM,人体,SC,社会,1,具体→具体,1099,0.9885,,,,,,,0.3954,,0.2175,2
xb_00356,传统与现代性,"现代化过程中生生不断的""连续体""",生生,现代性,OB,物体,TH,思维,3,抽象→抽象,1192,1.0,,,,,,,0.4,,0.22,2
xb_00357,青年人,建设大军的主力,主力,青年人,WR,战争,SC,社会,2,具体→抽象,198,0.7472,,,,,,,0.2989,,0.1644,1
xb_00358,住宅银行,发展住房建设的杠杆,杠杆,银行,OB,物体,SC,社会,1,具体→具体,1192,1.0,,,,,,,0.4,,0.22,2
xb_00359,新一代的劳模,现代化意识和现代化建设的优秀代表,代表,劳模,HM,人体,SC,社会,2,具体→抽象,1099,0.9885,,,,,,,0.3954,,0.2175,2
xb_00360,宅基,传世基业,基业,宅基,OB,物体,AB,抽象,4,抽象→具体,1192,1.0,,,,,,,0.4,,0.22,2
xb_00361,马克思主义,指导社会主义建设的理论武器,武器,马克思主义,WR,战争,TH,思维,2,具体→抽象,198,0.7472,,,,,,,0.2989,,0.1644,1
xb_00362,传统的轻纺工业,出口大头,大头,工业,BD,建筑,SC,社会,2,具体→抽象,221,0.7626,,,,,,,0.3051,,0.1678,1
xb_00363,马克思主义,指导思想的理论基础,基础,马克思主义,OB,物体,TH,思维,2,具体→抽象,1192,1.0,,,,,,,0.4,,0.22,2
xb_00364,我们的报纸,传播党的路线、方针、国家的政策、法令以及国内外新闻的重要工具,工具,报纸,OB,物体,AB,抽象,1,具体→具体,1192,1.0,,,,,,,0.4,,0.22,2
xb_00365,和平共处五项原则,建立国际政治新秩序的坚实基础,基础,原则,OB,物体,AB,抽象,2,具体→抽象,1192,1.0,,,,,,,0.4,,0.22,2
xb_00366,81/82次特别快车,传播社会主义精神文明的窗口,窗口,快车,OB,物体,AB,抽象,2,具体→抽象,1192,1.0,,,,,,,0.4,,0.22,2
xb_00367,这种信仰,一种动力,动力,信仰,FC,力量,ST,结构,3,抽象→抽象,84,0.6271,,,,,,,0.2508,,0.138,1
xb_00368,雷锋同志,劳动人民的好儿子,儿子,同志,HM,人体,LF,光线,1,具体→具体,1099,0.9885,,,,,,,0.3954,,0.2175,2
xb_00369,人民群众,建设社会主义和改革开放的主力军,主力军,群众,WR,战争,SC,社会,2,具体→抽象,198,0.7472,,,,,,,0.2989,,0.1644,1
xb_00370,科学技术,发展农村商品经济的支柱,支柱,技术,FC,力量,AB,抽象,2,具体→抽象,84,0.6271,,,,,,,0.2508,,0.138,1
xb_00371,农业,发展国民经济的基础,基础,农业,OB,物体,SC,社会,2,具体→抽象,1192,1.0,,,,,,,0.4,,0.22,2
xb_00372,维多利亚诗歌,研究世界诗歌流向的不可或缺的链条,链条,诗歌,OB,物体,EV,事件,2,具体→抽象,1192,1.0,,,,,,,0.4,,0.22,2
xb_00373,我们,人民的勤务员,勤务员,我们,HM,人体,SC,社会,1,具体→具体,1099,0.9885,,,,,,,0.3954,,0.2175,2
xb_00374,财政税收,调节经济的杠杆,杠杆,税收,OB,物体,TM,时间,2,具体→抽象,1192,1.0,,,,,,,0.4,,0.22,2
xb_00375,江泽民同志的重要讲话,指导新时期统战工作的纲领性文件,文件,讲话,OB,物体,CM,通讯,1,具体→具体,1192,1.0,,,,,,,0.4,,0.22,2
xb_00376,压缩机,制冷设备的心脏,心脏,压缩机,BD,建筑,AB,抽象,1,具体→具体,221,0.7626,,,,,,,0.3051,,0.1678,1
xb_00377,一大批新型科技企业,发展高技术的生力军,生力军,企业,WR,战争,AB,抽象,1,具体→具体,198,0.7472,,,,,,,0.2989,,0.1644,1
xb_00378,这家工厂,困境中一支绽开的花朵,花朵,工厂,LV,生命,AB,抽象,1,具体→具体,263,0.7871,,,,,,,0.3148,,0.1732,1
xb_00379,微电子技术,关键,关键,技术,OB,物体,AB,抽象,3,抽象→抽象,1192,1.0,,,,,,,0.4,,0.22,2
xb_00380,中医药,瑰宝,瑰宝,中医药,OB,物体,AB,抽象,2,具体→抽象,1192,1.0,,,,,,,0.4,,0.22,2
xb_00381,企业,细胞,细胞,企业,LV,生命,AB,抽象,1,具体→具体,263,0.7871,,,,,,,0.3148,,0.1732,1
xb_00382,市场,龙头,龙头,市场,LV,生命,AB,抽象,2,具体→抽象,263,0.7871,,,,,,,0.3148,,0.1732,1
xb_00383,森林,哨兵,哨兵,森林,WR,战争,AB,抽象,1,具体→具体,198,0.7472,,,,,,,0.2989,,0.1644,1
xb_00384,青年,生力军,生力军,青年,WR,战争,SC,社会,1,具体→具体,198,0.7472,,,,,,,0.2989,,0.1644,1
xb_00385,解放军,救命军,救命军,解放军,HM,人体,AB,抽象,1,具体→具体,1099,0.9885,,,,,,,0.3954,,0.2175,2
xb_00386,军转干部,力量,力量,干部,FC,力量,SC,社会,4,抽象→具体,84,0.6271,,,,,,,0.2508,,0.138,1
xb_00387,警卫人员,突击力量,力量,人员,WR,战争,SC,社会,4,抽象→具体,198,0.7472,,,,,,,0.2989,,0.1644,1
xb_00388,马克思主义,武器,武器,马克思主义,WR,战争,TH,思维,2,具体→抽象,198,0.7472,,,,,,,0.2989,,0.1644,1
xb_00389,村级农技推广服务组织,基础,基础,组织,OB,物体,SC,社会,4,抽象→具体,1192,1.0,,,,,,,0.4,,0.22,2
xb_00390,教练员,主力军,主力军,教练员,WR,战争,AB,抽象,2,具体→抽象,198,0.7472,,,,,,,0.2989,,0.1644,1
xb_00391,摩托车,支柱,支柱,摩托车,OB,物体,SC,社会,1,具体→具体,1192,1.0,,,,,,,0.4,,0.22,2
xb_00392,饭店,基地,基地,饭店,WR,战争,AB,抽象,1,具体→具体,198,0.7472,,,,,,,0.2989,,0.1644,1
xb_00393,适龄母畜,基础,基础,母畜,OB,物体,AB,抽象,2,具体→抽象,1192,1.0,,,,,,,0.4,,0.22,2
xb_00394,艺术团,桥梁,桥梁,艺术团,OB,物体,SC,社会,1,具体→具体,1192,1.0,,,,,,,0.4,,0.22,2
xb_00395,生产力,力量,力量,生产力,FC,力量,EV,事件,3,抽象→抽象,84,0.6271,,,,,,,0.2508,,0.138,1
xb_00396,群众体育,基础,基础,体育,OB,物体,SC,社会,2,具体→抽象,1192,1.0,,,,,,,0.4,,0.22,2
xb_00397,企业改革,核心,核心,改革,SP,空间,AB,抽象,2,具体→抽象,203,0.7507,,,,,,,0.3003,,0.1652,1
xb_00398,群众,革命力量的源泉,源泉,群众,NT,自然,SC,社会,2,具体→抽象,184,0.7369,,,,,,,0.2948,,0.1621,1
xb_00399,社会,教育孩子的大课堂,大课堂,社会,SP,空间,AB,抽象,2,具体→抽象,203,0.7507,,,,,,,0.3003,,0.1652,1
xb_00400,我国羽绒制品,出口商品中的一株新花,花,制品,LV,生命,AB,抽象,1,具体→具体,263,0.7871,,,,,,,0.3148,,0.1732,1
xb_00402,强大的武器,劳动生产率,生产率,武器,EC,经济,AB,抽象,4,抽象→具体,129,0.6871,,,,,,,0.2748,,0.1512,1
xb_00403,主义,研究问题的指南针,指南针,主义,OB,物体,AB,抽象,2,具体→抽象,1192,1.0,,,,,,,0.4,,0.22,2
xb_00404,能源,发展社会生产和提高人民生活的重要物质基础,基础,能源,OB,物体,AB,抽象,2,具体→抽象,1192,1.0,,,,,,,0.4,,0.22,2
xb_00405,中美建交公报以及和平共处五项原则,发展两国关系的基石,基石,原则,OB,物体,SC,社会,2,具体→抽象,1192,1.0,,,,,,,0.4,,0.22,2
xb_00406,臭椿树,抵抗大气污染的全能冠军,冠军,树,GM,游戏,AB,抽象,1,具体→具体,7,0.2935,,,,,,,0.1174,,0.0646,1
xb_00407,解放军,建设社会主义精神文明的标兵,标兵,解放军,WR,战争,SC,社会,2,具体→抽象,198,0.7472,,,,,,,0.2989,,0.1644,1
xb_00408,肝脏,"最主要的胆固醇合成""基地""",基地,肝脏,OB,物体,LF,光线,1,具体→具体,1192,1.0,,,,,,,0.4,,0.22,2
xb_00409,电力,发展国民经济的动力,动力,电力,MC,医疗,AB,抽象,2,具体→抽象,32,0.4936,,,,,,,0.1974,,0.1086,1
xb_00410,院校,培训干部的基地,基地,院校,OB,物体,SC,社会,1,具体→具体,1192,1.0,,,,,,,0.4,,0.22,2
xb_00411,虱子,革命虫,虫,虱子,SC,社会,LV,生命,4,抽象→具体,81,0.622,,,,,,,0.2488,,0.1369,1
xb_00412,科普书刊,建设社会主义精神文明的工具,工具,书刊,OB,物体,AB,抽象,2,具体→抽象,1192,1.0,,,,,,,0.4,,0.22,2
xb_00413,工农,革命运动的主力,主力,工农,WR,战争,SC,社会,4,抽象→具体,198,0.7472,,,,,,,0.2989,,0.1644,1
xb_00414,青少年,绿化祖国的生力军,生力军,青少年,WR,战争,SC,社会,1,具体→具体,198,0.7472,,,,,,,0.2989,,0.1644,1
xb_00415,学校,精神文明的摇篮,摇篮,学校,OB,物体,SC,社会,2,具体→抽象,1192,1.0,,,,,,,0.4,,0.22,2
xb_00416,交通部门,"传播精神文明的重要""窗口""",窗口,部门,OB,物体,SC,社会,2,具体→抽象,1192,1.0,,,,,,,0.4,,0.22,2
xb_00417,饲草饲料,发展草食动物的物质基础,基础,饲料,OB,物体,SC,社会,4,抽象→具体,1192,1.0,,,,,,,0.4,,0.22,2
xb_00418,首犯,犯罪集团的核心人物,人物,首犯,HM,人体,AB,抽象,2,具体→抽象,1099,0.9885,,,,,,,0.3954,,0.2175,2
xb_00419,森林资源调查队伍,发展林业的侦察尖兵,尖兵,队伍,WR,战争,SC,社会,1,具体→具体,198,0.7472,,,,,,,0.2989,,0.1644,1
xb_00421,关系基础条约,发展两国关系的支柱,支柱,条约,OB,物体,AB,抽象,2,具体→抽象,1192,1.0,,,,,,,0.4,,0.22,2
xb_00422,事实,鉴别真假的试金石,试金石,事实,OB,物体,AB,抽象,2,具体→抽象,1192,1.0,,,,,,,0.4,,0.22,2
xb_00423,生产责任制,发展经济的基础,基础,责任制,OB,物体,SC,社会,2,具体→抽象,1192,1.0,,,,,,,0.4,,0.22,2
xb_00424,合同制,实现计划经济的关键,关键,合同制,OB,物体,SC,社会,3,抽象→抽象,1192,1.0,,,,,,,0.4,,0.22,2
xb_00425,共产主义,革命导师根据社会发展的客观规律得出的科学真理,真理,共产主义,HM,人体,SC,社会,3,抽象→抽象,1099,0.9885,,,,,,,0.3954,,0.2175,2
xb_00426,甘祠森同志,革命知识分子优秀代表,代表,同志,HM,人体,LF,光线,2,具体→抽象,1099,0.9885,,,,,,,0.3954,,0.2175,2
xb_00427,企业,发展社会生产力的基本细胞,细胞,企业,LV,生命,SC,社会,1,具体→具体,263,0.7871,,,,,,,0.3148,,0.1732,1
xb_00428,军队院校,培训军队干部的基地,基地,院校,OB,物体,AB,抽象,1,具体→具体,1192,1.0,,,,,,,0.4,,0.22,2
xb_00429,台湾问题,发展两国关系的赘疣,关系,问题,BD,建筑,SC,社会,2,具体→抽象,221,0.7626,,,,,,,0.3051,,0.1678,1
xb_00430,稳定货币,发展经济的重要条件,条件,货币,EC,经济,SC,社会,3,抽象→抽象,129,0.6871,,,,,,,0.2748,,0.1512,1
xb_00431,创造性精神,革命理论的力量泉源,泉源,精神,NT,自然,AB,抽象,2,具体→抽象,184,0.7369,,,,,,,0.2948,,0.1621,1
xb_00432,国营企业,国民经济的主导力量,力量,企业,FC,力量,AB,抽象,4,抽象→具体,84,0.6271,,,,,,,0.2508,,0.138,1
xb_00433,美国的高利率,影响经济复苏的主要障碍,障碍,高利率,OB,物体,AB,抽象,3,抽象→抽象,1192,1.0,,,,,,,0.4,,0.22,2
xb_00434,文化知识,认识世界的手段,手段,知识,OB,物体,TH,思维,3,抽象→抽象,1192,1.0,,,,,,,0.4,,0.22,2
xb_00435,科学技术,改造世界的力量,力量,技术,FC,力量,AB,抽象,3,抽象→抽象,84,0.6271,,,,,,,0.2508,,0.138,1
xb_00436,中青年知识分子,发展科学技术的重要力量,力量,知识分子,FC,力量,LF,光线,4,抽象→具体,84,0.6271,,,,,,,0.2508,,0.138,1
xb_00437,剧团,传播真善美的使者,使者,剧团,HM,人体,SC,社会,1,具体→具体,1099,0.9885,,,,,,,0.3954,,0.2175,2
xb_00438,他们的英雄事迹,教育青年一代的很好教材,教材,事迹,OB,物体,AB,抽象,2,具体→抽象,1192,1.0,,,,,,,0.4,,0.22,2
xb_00439,我们的体育场馆,宣传社会主义精神文明的阵地,阵地,场馆,WR,战争,AB,抽象,2,具体→抽象,198,0.7472,,,,,,,0.2989,,0.1644,1
xb_00440,高等院校,建设社会主义精神文明的重要阵地,阵地,院校,WR,战争,SC,社会,2,具体→抽象,198,0.7472,,,,,,,0.2989,,0.1644,1
xb_00441,林业在三角洲,发展农业的先导,先导,三角洲,WR,战争,SC,社会,3,抽象→抽象,198,0.7472,,,,,,,0.2989,,0.1644,1
xb_00442,毛泽东文艺思想,发展社会主义文艺的指针,指针,思想,OB,物体,TH,思维,2,具体→抽象,1192,1.0,,,,,,,0.4,,0.22,2
xb_00443,运动员,教练员的镜子,镜子,运动员,OB,物体,SC,社会,1,具体→具体,1192,1.0,,,,,,,0.4,,0.22,2
xb_00444,这些专业知识,发展微电子技术的重要资源,资源,知识,EC,经济,TH,思维,2,具体→抽象,129,0.6871,,,,,,,0.2748,,0.1512,1
xb_00445,我们树木,生产氧气的'工厂',生产,树木,OB,物体,ST,结构,1,具体→具体,1192,1.0,,,,,,,0.4,,0.22,2
xb_00446,身体,革命本钱,本钱,身体,EC,经济,ST,结构,4,抽象→具体,129,0.6871,,,,,,,0.2748,,0.1512,1
xb_00447,孩子,革命事业的接班人,接班人,孩子,HM,人体,AB,抽象,1,具体→具体,1099,0.9885,,,,,,,0.3954,,0.2175,2
xb_00448,专利法,开发智力的一把钥匙,钥匙,专利法,OB,物体,SC,社会,2,具体→抽象,1192,1.0,,,,,,,0.4,,0.22,2
xb_00449,这,试验品,试验品,这,OB,物体,AB,抽象,2,具体→抽象,1192,1.0,,,,,,,0.4,,0.22,2
xb_00450,个体户,社会主义劳动者,劳动者,个体户,HM,人体,AB,抽象,1,具体→具体,1099,0.9885,,,,,,,0.3954,,0.2175,2
xb_00451,这个厂,全国纺织行业的一面旗帜,旗帜,厂,WR,战争,AB,抽象,1,具体→具体,198,0.7472,,,,,,,0.2989,,0.1644,1
xb_00452,他,"车间里的一把""钥匙""","匙""",他,OB,物体,LF,光线,1,具体→具体,1192,1.0,,,,,,,0.4,,0.22,2
xb_00453,这些黑土,黑土地的精华,精华,黑土,FD,食物,AB,抽象,1,具体→具体,46,0.5435,,,,,,,0.2174,,0.1196,1
xb_00454,四川,"有名的""天府之国""",国,四川,OB,物体,AB,抽象,1,具体→具体,1192,1.0,,,,,,,0.4,,0.22,2
xb_00455,四川的农业生产,跃上了一个新台阶,台阶,生产,SP,空间,ST,结构,2,具体→抽象,203,0.7507,,,,,,,0.3003,,0.1652,1
xb_00456,国家和地方银行,企业的后盾,后盾,地方银行,WR,战争,SC,社会,2,具体→抽象,198,0.7472,,,,,,,0.2989,,0.1644,1
xb_00457,文化水平低,"影响青年职工更好地掌握现代化生产技能的""拦路虎""","虎""",水平,LV,生命,AB,抽象,2,具体→抽象,263,0.7871,,,,,,,0.3148,,0.1732,1
xb_00458,这些车,"发展矿业的""宝贝""","贝""",车,OB,物体,AB,抽象,1,具体→具体,1192,1.0,,,,,,,0.4,,0.22,2
xb_00459,《瞭望》周刊海外版,传播友谊的'桥梁','桥,海外版,OB,物体,AB,抽象,1,具体→具体,1192,1.0,,,,,,,0.4,,0.22,2
xb_00460,《瞭望》周刊海外版,增强团结的'纽带','纽,海外版,OB,物体,AB,抽象,1,具体→具体,1192,1.0,,,,,,,0.4,,0.22,2
xb_00461,新经济政策,建设社会主义的必由之路,必由之路,政策,TR,交通,SC,社会,2,具体→抽象,41,0.5276,,,,,,,0.211,,0.1161,1
xb_00462,开发旅游资源,发展山区经济的重要门路,门路,资源,TR,交通,ST,结构,2,具体→抽象,41,0.5276,,,,,,,0.211,,0.1161,1
xb_00463,科学技术,实现四个现代化的关键,关键,技术,OB,物体,AB,抽象,3,抽象→抽象,1192,1.0,,,,,,,0.4,,0.22,2
xb_00464,我的生命,革命烈士的鲜血浇灌出来的,鲜血,生命,LV,生命,LF,光线,2,具体→抽象,263,0.7871,,,,,,,0.3148,,0.1732,1
xb_00465,学生,教学过程中认识活动的主体,主体,学生,HM,人体,AB,抽象,4,抽象→具体,1099,0.9885,,,,,,,0.3954,,0.2175,2
xb_00466,顾问委员会,过渡形式,形式,委员会,OB,物体,SC,社会,4,抽象→具体,1192,1.0,,,,,,,0.4,,0.22,2
xb_00467,小城镇,发展城市和农村商品经济的纽带和桥梁,桥梁,城镇,OB,物体,AB,抽象,1,具体→具体,1192,1.0,,,,,,,0.4,,0.22,2
xb_00468,领导机关,调动千军万马干四化的战斗指挥部,指挥部,机关,WR,战争,AB,抽象,1,具体→具体,198,0.7472,,,,,,,0.2989,,0.1644,1
xb_00469,气魄,实践经验的结晶,经验,气魄,OB,物体,MR,机器,2,具体→抽象,1192,1.0,,,,,,,0.4,,0.22,2
xb_00470,银行,调节国民经济的重要杠杆,杠杆,银行,OB,物体,SC,社会,1,具体→具体,1192,1.0,,,,,,,0.4,,0.22,2
xb_00471,扬子鳄,节能大师,大师,扬子鳄,HM,人体,AB,抽象,1,具体→具体,1099,0.9885,,,,,,,0.3954,,0.2175,2
xb_00472,中国,一个和平和稳定的力量,力量,中国,FC,力量,SC,社会,2,具体→抽象,84,0.6271,,,,,,,0.2508,,0.138,1
xb_00473,交通,发展商品经济的先行,经济,交通,WR,战争,AB,抽象,3,抽象→抽象,198,0.7472,,,,,,,0.2989,,0.1644,1
xb_00474,法律,实践经验的总结,总结,法律,HM,人体,AB,抽象,3,抽象→抽象,1099,0.9885,,,,,,,0.3954,,0.2175,2
xb_00475,法律,保护环境的一种有力武器,武器,法律,WR,战争,AB,抽象,2,具体→抽象,198,0.7472,,,,,,,0.2989,,0.1644,1
xb_00476,饲料,发展养殖业的物质基础,基础,饲料,OB,物体,EV,事件,4,抽象→具体,1192,1.0,,,,,,,0.4,,0.22,2
xb_00477,易县,革命根据地,根据地,易县,WR,战争,AB,抽象,1,具体→具体,198,0.7472,,,,,,,0.2989,,0.1644,1
xb_00478,生活方式,生产方式的亲姊妹,妹,方式,HM,人体,SC,社会,2,具体→抽象,1099,0.9885,,,,,,,0.3954,,0.2175,2
xb_00479,人才,发展电脑业的关键,关键,人才,OB,物体,LF,光线,3,抽象→抽象,1192,1.0,,,,,,,0.4,,0.22,2
xb_00480,官僚主义,革新运动的大敌,大敌,官僚主义,HM,人体,TH,思维,2,具体→抽象,1099,0.9885,,,,,,,0.3954,,0.2175,2
xb_00481,技术实力,这些公司的生存之本,本,实力,LV,生命,AB,抽象,3,抽象→抽象,263,0.7871,,,,,,,0.3148,,0.1732,1
xb_00482,青少年,建设体育强国的生力军,生力军,青少年,WR,战争,AB,抽象,1,具体→具体,198,0.7472,,,,,,,0.2989,,0.1644,1
xb_00483,影剧院,宣传社会主义精神文明的重要阵地,阵地,影剧院,WR,战争,AB,抽象,2,具体→抽象,198,0.7472,,,,,,,0.2989,,0.1644,1
xb_00484,冶金企业,耗能大户,大户,企业,HM,人体,AB,抽象,1,具体→具体,1099,0.9885,,,,,,,0.3954,,0.2175,2
xb_00485,出版社,生产精神食粮的,食粮,出版社,FD,食物,AB,抽象,2,具体→抽象,46,0.5435,,,,,,,0.2174,,0.1196,1
xb_00486,社会主义经济法,保障经济体制改革和现代化建设顺利进行的有力武器,武器,经济法,WR,战争,AB,抽象,2,具体→抽象,198,0.7472,,,,,,,0.2989,,0.1644,1
xb_00487,教师,"教育行业的""工作母机""",母机,教师,MC,医疗,AB,抽象,1,具体→具体,32,0.4936,,,,,,,0.1974,,0.1086,1
xb_00488,经济实力,发展科学技术的物质基础,基础,实力,OB,物体,AB,抽象,2,具体→抽象,1192,1.0,,,,,,,0.4,,0.22,2
xb_00489,旧的铁路基建管理体制,施工单位吃国家的大锅饭,大锅饭,体制,FD,食物,SC,社会,2,具体→抽象,46,0.5435,,,,,,,0.2174,,0.1196,1
xb_00490,产品说明书,"指导人们正确使用产品的""老师""",老师,说明书,HM,人体,AB,抽象,1,具体→具体,1099,0.9885,,,,,,,0.3954,,0.2175,2
xb_00491,除草剂,发展农田化学除草的物质基础,基础,除草剂,OB,物体,AB,抽象,4,抽象→具体,1192,1.0,,,,,,,0.4,,0.22,2
xb_00492,音乐,启迪人们智慧的一把钥匙,钥匙,音乐,OB,物体,EM,情感,2,具体→抽象,1192,1.0,,,,,,,0.4,,0.22,2
xb_00493,人,发展旅游事业的核心,核心,人,SP,空间,LF,光线,4,抽象→具体,203,0.7507,,,,,,,0.3003,,0.1652,1
xb_00494,实践,检验真理的唯一标准,标准,实践,OB,物体,AB,抽象,3,抽象→抽象,1192,1.0,,,,,,,0.4,,0.22,2
xb_00495,商业,生产领域和消费领域之间的桥梁和中介,中介,商业,OB,物体,AB,抽象,2,具体→抽象,1192,1.0,,,,,,,0.4,,0.22,2
xb_00496,马克思主义,人类文化的精华,精华,马克思主义,FD,食物,MR,机器,3,抽象→抽象,46,0.5435,,,,,,,0.2174,,0.1196,1
xb_00497,法律,保障人民民主权利的有力武器,武器,法律,WR,战争,AB,抽象,2,具体→抽象,198,0.7472,,,,,,,0.2989,,0.1644,1
xb_00498,合同工,劳动制度改革的产物,产物,合同工,OB,物体,AB,抽象,4,抽象→具体,1192,1.0,,,,,,,0.4,,0.22,2
xb_00499,金钱,竞选机器运转的燃料,燃料,金钱,FC,力量,AB,抽象,2,具体→抽象,84,0.6271,,,,,,,0.2508,,0.138,1
xb_00500,金钱,政治生活的母乳,母乳,金钱,FD,食物,AB,抽象,2,具体→抽象,46,0.5435,,,,,,,0.2174,,0.1196,1
xb_00501,法律,保护人民、打击犯罪的武器,武器,法律,WR,战争,AB,抽象,2,具体→抽象,198,0.7472,,,,,,,0.2989,,0.1644,1
xb_00502,文化场所,传播精神文明的阵地,阵地,场所,WR,战争,AB,抽象,2,具体→抽象,198,0.7472,,,,,,,0.2989,,0.1644,1
xb_00503,保证质量,发展成人教育的生命,生命,质量,LV,生命,AB,抽象,2,具体→抽象,263,0.7871,,,,,,,0.3148,,0.1732,1
xb_00504,村民委员会,政府和群众联系的桥梁,桥梁,委员会,OB,物体,AB,抽象,1,具体→具体,1192,1.0,,,,,,,0.4,,0.22,2
xb_00505,生活,创作的源泉,源泉,生活,NT,自然,LF,光线,2,具体→抽象,184,0.7369,,,,,,,0.2948,,0.1621,1
xb_00506,价格,调节商品经济活动的重要经济杠杆,杠杆,价格,OB,物体,AB,抽象,2,具体→抽象,1192,1.0,,,,,,,0.4,,0.22,2
xb_00507,农业,发展国民经济的基础,基础,农业,OB,物体,SC,社会,2,具体→抽象,1192,1.0,,,,,,,0.4,,0.22,2
xb_00508,国土规划,部署国土开发整治工作的蓝图,蓝图,规划,OB,物体,AB,抽象,2,具体→抽象,1192,1.0,,,,,,,0.4,,0.22,2
xb_00509,国土政策,指导国土开发整治工作的准则,准则,政策,HM,人体,SC,社会,3,抽象→抽象,1099,0.9885,,,,,,,0.3954,,0.2175,2
xb_00510,云雾山,救命山,救命山,云雾山,NT,自然,AB,抽象,1,具体→具体,184,0.7369,,,,,,,0.2948,,0.1621,1
xb_00511,接地刀启动开关,发电机组的控制中枢,中枢,接地刀,OB,物体,AB,抽象,1,具体→具体,1192,1.0,,,,,,,0.4,,0.22,2
xb_00512,朝中两国间的友谊,用鲜血凝成的,鲜血,友谊,BD,建筑,AB,抽象,2,具体→抽象,221,0.7626,,,,,,,0.3051,,0.1678,1
xb_00513,两国人民,革命战友和阶级兄弟,兄弟,人民,HM,人体,LF,光线,1,具体→具体,1099,0.9885,,,,,,,0.3954,,0.2175,2
xb_00514,价格,调整国际市场和国内市场供求平衡的有效手段,手段,价格,OB,物体,AB,抽象,3,抽象→抽象,1192,1.0,,,,,,,0.4,,0.22,2
xb_00515,历史观,研究历史的指南,指南,历史观,OB,物体,TM,时间,3,抽象→抽象,1192,1.0,,,,,,,0.4,,0.22,2
xb_00516,设计质量,设计所的生命,生命,质量,LV,生命,AB,抽象,2,具体→抽象,263,0.7871,,,,,,,0.3148,,0.1732,1
xb_00517,社会主义土地公有制,发展房地产业最有利的根本条件,条件,公有制,OB,物体,AB,抽象,3,抽象→抽象,1192,1.0,,,,,,,0.4,,0.22,2
xb_00518,教练水平,运动成绩的标杆,标杆,水平,OB,物体,AB,抽象,2,具体→抽象,1192,1.0,,,,,,,0.4,,0.22,2
xb_00519,水,侵蚀黄土地的动力,动力,水,FC,力量,AB,抽象,4,抽象→具体,84,0.6271,,,,,,,0.2508,,0.138,1
xb_00520,工作在教学第一线的教师,教育事业的主力军,主力军,教师,WR,战争,AB,抽象,2,具体→抽象,198,0.7472,,,,,,,0.2989,,0.1644,1
xb_00521,贷款的期限长短和利率高低,调节售价高低和购房者偿还能力的杠杆,杠杆,利率,OB,物体,TM,时间,2,具体→抽象,1192,1.0,,,,,,,0.4,,0.22,2
xb_00522,我们的开放政策,指导国际科技人才交流的总纲领,纲领,政策,OB,物体,SC,社会,3,抽象→抽象,1192,1.0,,,,,,,0.4,,0.22,2
xb_00523,管理中药的办法,管理工业的套路,套路,办法,TR,交通,AB,抽象,3,抽象→抽象,41,0.5276,,,,,,,0.211,,0.1161,1
xb_00524,掌握知识,发展能力的基础,基础,知识,OB,物体,TH,思维,2,具体→抽象,1192,1.0,,,,,,,0.4,,0.22,2
xb_00525,法律,保护农业的尚方宝剑,尚方宝剑,法律,WR,战争,AB,抽象,2,具体→抽象,198,0.7472,,,,,,,0.2989,,0.1644,1
xb_00526,开发部,教学科研的配角,配角,开发部,HM,人体,AB,抽象,1,具体→具体,1099,0.9885,,,,,,,0.3954,,0.2175,2
xb_00527,火地岛独特的风光,发展旅游业的有利条件,条件,风光,OB,物体,AB,抽象,4,抽象→具体,1192,1.0,,,,,,,0.4,,0.22,2
xb_00528,北京市工艺美术学校,生活美容师的摇篮,摇篮,学校,OB,物体,AB,抽象,1,具体→具体,1192,1.0,,,,,,,0.4,,0.22,2
xb_00529,个人收入调节税,应用经济杠杆解决社会分配不公的一项措施,措施,调节税,OB,物体,LF,光线,3,抽象→抽象,1192,1.0,,,,,,,0.4,,0.22,2
xb_00530,住宅,影响人们健康和寿命至关重要的因素,因素,住宅,OB,物体,AB,抽象,4,抽象→具体,1192,1.0,,,,,,,0.4,,0.22,2
xb_00531,温暖舒适的住宅,幸福的源泉和文化的摇篮,摇篮,住宅,NT,自然,AB,抽象,2,具体→抽象,184,0.7369,,,,,,,0.2948,,0.1621,1
xb_00532,双轨制,舞弊的温床,温床,双轨制,OB,物体,AB,抽象,2,具体→抽象,1192,1.0,,,,,,,0.4,,0.22,2
xb_00533,玩具,启迪儿童智慧的天使,天使,玩具,HM,人体,AB,抽象,1,具体→具体,1099,0.9885,,,,,,,0.3954,,0.2175,2
xb_00534,救灾款,救命钱,救命钱,救灾款,EC,经济,AB,抽象,1,具体→具体,129,0.6871,,,,,,,0.2748,,0.1512,1
xb_00535,"日本推进""科学技术立国""战略的主力军",民间企业,企业,主力军,WR,战争,AB,抽象,1,具体→具体,198,0.7472,,,,,,,0.2989,,0.1644,1
xb_00536,承包制,发展生产力的法宝,法宝,承包制,OB,物体,AB,抽象,2,具体→抽象,1192,1.0,,,,,,,0.4,,0.22,2
xb_00537,纪律,改革盟友,盟友,纪律,HM,人体,AB,抽象,2,具体→抽象,1099,0.9885,,,,,,,0.3954,,0.2175,2
xb_00538,这个阵地,延安和抗日民主根据地青年作家的摇篮,摇篮,阵地,OB,物体,AB,抽象,1,具体→具体,1192,1.0,,,,,,,0.4,,0.22,2
xb_00539,这,我们立国治国之本，传家之宝,本,这,OB,物体,AB,抽象,3,抽象→抽象,1192,1.0,,,,,,,0.4,,0.22,2
xb_00540,青年,革命事业的接班人,接班人,青年,HM,人体,AB,抽象,1,具体→具体,1099,0.9885,,,,,,,0.3954,,0.2175,2
xb_00541,住宅银行,发展住房建设的杠杆,杠杆,银行,OB,物体,AB,抽象,1,具体→具体,1192,1.0,,,,,,,0.4,,0.22,2
xb_00542,控制总量,调整结构的前提条件,条件,总量,OB,物体,AB,抽象,3,抽象→抽象,1192,1.0,,,,,,,0.4,,0.22,2
xb_00543,马克思主义,指导社会主义建设的理论武器,武器,马克思主义,WR,战争,MR,机器,2,具体→抽象,198,0.7472,,,,,,,0.2989,,0.1644,1
xb_00544,传统的轻纺工业,出口大头,大头,工业,BD,建筑,SC,社会,2,具体→抽象,221,0.7626,,,,,,,0.3051,,0.1678,1
xb_00545,马克思主义,指导思想的理论基础,基础,马克思主义,OB,物体,MR,机器,2,具体→抽象,1192,1.0,,,,,,,0.4,,0.22,2
xb_00546,81/82次特别快车,传播社会主义精神文明的窗口,窗口,快车,OB,物体,AB,抽象,2,具体→抽象,1192,1.0,,,,,,,0.4,,0.22,2
xb_00547,这种信仰,一种动力,动力,信仰,FC,力量,AB,抽象,3,抽象→抽象,84,0.6271,,,,,,,0.2508,,0.138,1
xb_00548,科学技术,发展农村商品经济的支柱,支柱,技术,OB,物体,AB,抽象,2,具体→抽象,1192,1.0,,,,,,,0.4,,0.22,2
xb_00549,维多利亚诗歌,研究世界诗歌流向的不可或缺的链条,链条,诗歌,OB,物体,MR,机器,2,具体→抽象,1192,1.0,,,,,,,0.4,,0.22,2
xb_00550,压缩机,制冷设备的心脏,心脏,压缩机,BD,建筑,AB,抽象,1,具体→具体,221,0.7626,,,,,,,0.3051,,0.1678,1
xb_00551,一大批新型科技企业,发展高技术的生力军,生力军,企业,WR,战争,AB,抽象,1,具体→具体,198,0.7472,,,,,,,0.2989,,0.1644,1
xb_00552,这些企业,垄断资产阶级国家实施其政策的工具,工具,企业,OB,物体,AB,抽象,1,具体→具体,1192,1.0,,,,,,,0.4,,0.22,2
xb_00553,共青团组织,党的助手,助手,组织,HM,人体,SC,社会,1,具体→具体,1099,0.9885,,,,,,,0.3954,,0.2175,2
xb_00554,林业,保障农业稳产高产和水利设施发挥效能的生态屏障,屏障,林业,OB,物体,AB,抽象,2,具体→抽象,1192,1.0,,,,,,,0.4,,0.22,2
xb_00555,中国的监狱,充满人道主义精神的学校,学校,监狱,OB,物体,AB,抽象,2,具体→抽象,1192,1.0,,,,,,,0.4,,0.22,2
xb_00556,编辑,"治疗文章毛病的""医生""",毛病,编辑,HM,人体,AB,抽象,1,具体→具体,1099,0.9885,,,,,,,0.3954,,0.2175,2
xb_00557,警卫人员,突击力量,力量,人员,FC,力量,LF,光线,4,抽象→具体,84,0.6271,,,,,,,0.2508,,0.138,1
xb_00558,市场,发展经济的龙头,龙头,市场,BD,建筑,AB,抽象,2,具体→抽象,221,0.7626,,,,,,,0.3051,,0.1678,1
xb_00559,森林,保护人类免遭污染物毒害的哨兵,哨兵,森林,HM,人体,AB,抽象,1,具体→具体,1099,0.9885,,,,,,,0.3954,,0.2175,2
xb_00560,农村集体经济,建设社会主义现代化新农村的主要依托,依托,经济,OB,物体,SC,社会,3,抽象→抽象,1192,1.0,,,,,,,0.4,,0.22,2
xb_00561,青年,发展科学技术的一支重要的生力军,生力军,青年,WR,战争,AB,抽象,1,具体→具体,198,0.7472,,,,,,,0.2989,,0.1644,1
xb_00562,解放军,救命军,救命军,解放军,HM,人体,AB,抽象,1,具体→具体,1099,0.9885,,,,,,,0.3954,,0.2175,2
xb_00563,苹果电子计算机公司,开发硅谷的先驱,先驱,公司,TR,交通,AB,抽象,2,具体→抽象,41,0.5276,,,,,,,0.211,,0.1161,1
xb_00564,税收,调整经济结构的一大杠杆,杠杆,税收,OB,物体,AB,抽象,2,具体→抽象,1192,1.0,,,,,,,0.4,,0.22,2
xb_00565,群众,改造山河的主人,主人,群众,HM,人体,AB,抽象,1,具体→具体,1099,0.9885,,,,,,,0.3954,,0.2175,2
xb_00566,军转干部,建设社会主义一支重要力量,力量,干部,FC,力量,AB,抽象,4,抽象→具体,84,0.6271,,,,,,,0.2508,,0.138,1
xb_00567,市场,检验产品的试金石,试金石,市场,OB,物体,AB,抽象,2,具体→抽象,1192,1.0,,,,,,,0.4,,0.22,2
xb_00568,某种社会模式,保护人权的化身,化身,模式,HM,人体,SC,社会,2,具体→抽象,1099,0.9885,,,,,,,0.3954,,0.2175,2
xb_00569,企业的困难,暂时的,暂时,困难,NT,自然,AB,抽象,3,抽象→抽象,184,0.7369,,,,,,,0.2948,,0.1621,1
xb_00570,中国,世界反法西斯战争的东方主战场,战场,中国,WR,战争,AB,抽象,1,具体→具体,198,0.7472,,,,,,,0.2989,,0.1644,1
xb_00571,科学技术,第一生产力,生产力,技术,EC,经济,AB,抽象,3,抽象→抽象,129,0.6871,,,,,,,0.2748,,0.1512,1
xb_00572,教育,国家发展的基石,基石,教育,OB,物体,AB,抽象,2,具体→抽象,1192,1.0,,,,,,,0.4,,0.22,2
xb_00573,质量,企业的生命,生命,质量,LV,生命,AB,抽象,2,具体→抽象,263,0.7871,,,,,,,0.3148,,0.1732,1
xb_00574,旅游业,无烟工业,工业,旅游业,OB,物体,AB,抽象,3,抽象→抽象,1192,1.0,,,,,,,0.4,,0.22,2
xb_00575,水,生命之源,源,水,LV,生命,AB,抽象,1,具体→具体,263,0.7871,,,,,,,0.3148,,0.1732,1
xb_00576,人民,历史的创造者,创造者,人民,HM,人体,LF,光线,2,具体→抽象,1099,0.9885,,,,,,,0.3954,,0.2175,2
xb_00577,稳定,改革和发展的前提,前提,稳定,OB,物体,AB,抽象,3,抽象→抽象,1192,1.0,,,,,,,0.4,,0.22,2
xb_00578,原材料,生产单位的食粮,食粮,原材料,FD,食物,AB,抽象,1,具体→具体,46,0.5435,,,,,,,0.2174,,0.1196,1
xb_00579,了解情况,认识世界,世界,情况,HM,人体,EV,事件,3,抽象→抽象,1099,0.9885,,,,,,,0.3954,,0.2175,2
xb_00580,掌握情况,改造世界,世界,情况,HM,人体,EV,事件,3,抽象→抽象,1099,0.9885,,,,,,,0.3954,,0.2175,2
xb_00581,工资及福利待遇,劳动市场的一个有力的杠杆,杠杆,待遇,OB,物体,MR,机器,2,具体→抽象,1192,1.0,,,,,,,0.4,,0.22,2
xb_00582,科技人才,发展高新技术产业的关键,关键,人才,OB,物体,LF,光线,4,抽象→具体,1192,1.0,,,,,,,0.4,,0.22,2
xb_00583,技术,改造世界的物质手段和信息手段,手段,技术,OB,物体,AB,抽象,3,抽象→抽象,1192,1.0,,,,,,,0.4,,0.22,2
xb_00584,国家,劳动人民总代表,代表,国家,HM,人体,SC,社会,2,具体→抽象,1099,0.9885,,,,,,,0.3954,,0.2175,2
xb_00585,我们共产党,劳动人民的精华,精华,共产党,FD,食物,SC,社会,2,具体→抽象,46,0.5435,,,,,,,0.2174,,0.1196,1
xb_00586,这些人才,发展村镇企业的宝贵财富,财富,人才,EC,经济,LF,光线,4,抽象→具体,129,0.6871,,,,,,,0.2748,,0.1512,1
xb_00587,市场,服务组织,组织,市场,LV,生命,AB,抽象,2,具体→抽象,263,0.7871,,,,,,,0.3148,,0.1732,1
xb_00588,党内的消极腐败现象,影响党同人民群众联系的一大公害,公害,现象,OB,物体,AB,抽象,3,抽象→抽象,1192,1.0,,,,,,,0.4,,0.22,2
xb_00589,政策,发展农业的保障,保障,政策,OB,物体,SC,社会,3,抽象→抽象,1192,1.0,,,,,,,0.4,,0.22,2
xb_00590,市场经济,竞争机制,机制,经济,GM,游戏,AB,抽象,3,抽象→抽象,7,0.2935,,,,,,,0.1174,,0.0646,1
xb_00591,过氧化物,致癌因子,因子,过氧化物,OB,物体,AB,抽象,4,抽象→具体,1192,1.0,,,,,,,0.4,,0.22,2
xb_00592,董存瑞叔叔,革命英雄,英雄,叔叔,HM,人体,AB,抽象,1,具体→具体,1099,0.9885,,,,,,,0.3954,,0.2175,2
xb_00593,人民共和国的江山,革命老一辈打下的,老一辈,江山,WR,战争,LF,光线,2,具体→抽象,198,0.7472,,,,,,,0.2989,,0.1644,1
xb_00594,经费,制约共青团发展的一大因素,因素,经费,OB,物体,AB,抽象,4,抽象→具体,1192,1.0,,,,,,,0.4,,0.22,2
xb_00595,统计信息,监测国民经济和社会运行的一把尺子,运行,信息,OB,物体,CM,通讯,2,具体→抽象,1192,1.0,,,,,,,0.4,,0.22,2
xb_00596,发展,硬道理,道理,发展,TR,交通,ST,结构,3,抽象→抽象,41,0.5276,,,,,,,0.211,,0.1161,1
xb_00597,这些丰富的自然资源,开发新药的宝库,宝库,资源,OB,物体,AB,抽象,1,具体→具体,1192,1.0,,,,,,,0.4,,0.22,2
xb_00598,市场,检验产品的试金石,试金石,市场,OB,物体,AB,抽象,2,具体→抽象,1192,1.0,,,,,,,0.4,,0.22,2
xb_00599,建立现代企业制度,国有企业改革的方向,方向,制度,TR,交通,AB,抽象,3,抽象→抽象,41,0.5276,,,,,,,0.211,,0.1161,1
xb_00600,市场经济,规则经济,经济,经济,GM,游戏,LF,光线,3,抽象→抽象,7,0.2935,,,,,,,0.1174,,0.0646,1
xb_00601,市场经济,竞争经济,经济,经济,GM,游戏,AB,抽象,3,抽象→抽象,7,0.2935,,,,,,,0.1174,,0.0646,1
xb_00602,汪小秋,在种工厂,工厂,汪小秋,HM,人体,AB,抽象,2,具体→抽象,1099,0.9885,,,,,,,0.3954,,0.2175,2
xb_00603,确立国有资产的代表机构或管理机构,国有企业公司化改造的前提和基础,基础,机构,OB,物体,AB,抽象,2,具体→抽象,1192,1.0,,,,,,,0.4,,0.22,2
xb_00604,全民健身计划,国富民强的基础,基础,计划,OB,物体,SC,社会,2,具体→抽象,1192,1.0,,,,,,,0.4,,0.22,2
xb_00605,肥料,生产食物的手段,手段,肥料,OB,物体,AB,抽象,4,抽象→具体,1192,1.0,,,,,,,0.4,,0.22,2
xb_00606,青年,建设祖国的突击队,突击队,青年,WR,战争,SC,社会,1,具体→具体,198,0.7472,,,,,,,0.2989,,0.1644,1
xb_00607,这些优良传统,我军的宝贵精神财富,财富,传统,EC,经济,AB,抽象,3,抽象→抽象,129,0.6871,,,,,,,0.2748,,0.1512,1
xb_00608,科学技术,第一生产力,生产力,技术,EC,经济,SC,社会,3,抽象→抽象,129,0.6871,,,,,,,0.2748,,0.1512,1
xb_00609,发展,硬道理,道理,发展,TR,交通,SC,社会,3,抽象→抽象,41,0.5276,,,,,,,0.211,,0.1161,1
xb_00610,日趋激烈的国际竞争的实质,综合国力的较量,较量,实质,GM,游戏,LF,光线,3,抽象→抽象,7,0.2935,,,,,,,0.1174,,0.0646,1
xb_00611,交通、通讯和输电系统,现代化城市的生命线,生命线,系统,OB,物体,SC,社会,1,具体→具体,1192,1.0,,,,,,,0.4,,0.22,2
xb_00612,水感,游泳运动员的生命,生命,水感,LV,生命,AB,抽象,2,具体→抽象,263,0.7871,,,,,,,0.3148,,0.1732,1
xb_00613,耐力,基础,基础,耐力,OB,物体,EV,事件,2,具体→抽象,1192,1.0,,,,,,,0.4,,0.22,2
xb_00614,书店,人们购买精神食粮的市场,市场,书店,EC,经济,AB,抽象,2,具体→抽象,129,0.6871,,,,,,,0.2748,,0.1512,1
xb_00615,体育运动人才,竞技体育的主体,主体,人才,OB,物体,SC,社会,4,抽象→具体,1192,1.0,,,,,,,0.4,,0.22,2
xb_00616,依法兴办合作医疗,发展农村卫生事业的可靠保证,保证,医疗,OB,物体,SC,社会,3,抽象→抽象,1192,1.0,,,,,,,0.4,,0.22,2
xb_00617,积极发展纤维原料工业,发展我国纺织工业的基础,基础,工业,OB,物体,EV,事件,2,具体→抽象,1192,1.0,,,,,,,0.4,,0.22,2
xb_00618,鼠和贻贝,测量水质的良好生物指示器,指示器,贻贝,MC,医疗,AB,抽象,1,具体→具体,32,0.4936,,,,,,,0.1974,,0.1086,1
xb_00619,市场经济体制,发展名牌事业的制度基础,基础,体制,OB,物体,AB,抽象,2,具体→抽象,1192,1.0,,,,,,,0.4,,0.22,2
xb_00620,和谐力,发展动力发挥作用的重要条件,条件,谐力,OB,物体,AB,抽象,3,抽象→抽象,1192,1.0,,,,,,,0.4,,0.22,2
xb_00621,冲击力,发展动力的重要表现形式,形式,冲击力,OB,物体,ST,结构,3,抽象→抽象,1192,1.0,,,,,,,0.4,,0.22,2
xb_00622,创新力,发展动力不断发挥作用的关键,关键,创新力,OB,物体,AB,抽象,3,抽象→抽象,1192,1.0,,,,,,,0.4,,0.22,2
xb_00623,市场,检验企业一切工作的标准,标准,市场,OB,物体,AB,抽象,3,抽象→抽象,1192,1.0,,,,,,,0.4,,0.22,2
xb_00624,开发矿业,建设社会主义现代化强国的资源基础,基础,矿业,OB,物体,AB,抽象,2,具体→抽象,1192,1.0,,,,,,,0.4,,0.22,2
xb_00625,国有企业,发展国民经济的包袱,包袱,企业,OB,物体,AB,抽象,1,具体→具体,1192,1.0,,,,,,,0.4,,0.22,2
xb_00626,铁交椅,国有企业的通病,通病,铁交椅,OB,物体,SC,社会,4,抽象→具体,1192,1.0,,,,,,,0.4,,0.22,2
xb_00627,MTV,宣传流行歌手的专利,专利,MTV,OB,物体,AB,抽象,4,抽象→具体,1192,1.0,,,,,,,0.4,,0.22,2
xb_00628,广大职工,国有企业的主人,主人,职工,HM,人体,SC,社会,1,具体→具体,1099,0.9885,,,,,,,0.3954,,0.2175,2
xb_00629,民主,灵丹,灵丹,民主,OB,物体,SC,社会,2,具体→抽象,1192,1.0,,,,,,,0.4,,0.22,2
xb_00630,物价,调节经济活动的杠杆,杠杆,物价,OB,物体,AB,抽象,2,具体→抽象,1192,1.0,,,,,,,0.4,,0.22,2
xb_00631,土壤资源和生态环境,发展农业的主要物质基础,基础,环境,OB,物体,SC,社会,4,抽象→具体,1192,1.0,,,,,,,0.4,,0.22,2
xb_00632,女教职工,教育大军中的半边天,半边天,职工,OB,物体,SC,社会,1,具体→具体,1192,1.0,,,,,,,0.4,,0.22,2
xb_00633,建立现代企业制度,国有企业改革的方向,方向,制度,TR,交通,AB,抽象,3,抽象→抽象,41,0.5276,,,,,,,0.211,,0.1161,1
xb_00634,信誉,合资双方合作的基石,基石,信誉,OB,物体,AB,抽象,2,具体→抽象,1192,1.0,,,,,,,0.4,,0.22,2
xb_00635,这1000元钱,救命钱,救命钱,钱,EC,经济,AB,抽象,1,具体→具体,129,0.6871,,,,,,,0.2748,,0.1512,1
xb_00636,调查研究,宣传思想工作干部的基本功,基本功,研究,OB,物体,AB,抽象,3,抽象→抽象,1192,1.0,,,,,,,0.4,,0.22,2
xb_00637,文学,导引人们前行的灯火,灯火,文学,OB,物体,EV,事件,2,具体→抽象,1192,1.0,,,,,,,0.4,,0.22,2
xb_00638,保护耕地,发展经济前提,前提,耕地,OB,物体,AB,抽象,3,抽象→抽象,1192,1.0,,,,,,,0.4,,0.22,2
xb_00639,洒热血的牺牲精神,建设特区的宝贵精神财富,财富,精神,EC,经济,MR,机器,3,抽象→抽象,129,0.6871,,,,,,,0.2748,,0.1512,1
xb_00640,国有资产,发展社会主义市场经济的主导力量,力量,资产,FC,力量,AB,抽象,3,抽象→抽象,84,0.6271,,,,,,,0.2508,,0.138,1
xb_00641,能源,发展国民经济和提高人民生活水平的重要物质基础,基础,能源,OB,物体,AB,抽象,4,抽象→具体,1192,1.0,,,,,,,0.4,,0.22,2
xb_00642,设立人才服务机构,改革人才配置方式转换职能的产物,产物,机构,OB,物体,AB,抽象,3,抽象→抽象,1192,1.0,,,,,,,0.4,,0.22,2
xb_00643,劳动者,国有企业的主人,主人,劳动者,HM,人体,SC,社会,1,具体→具体,1099,0.9885,,,,,,,0.3954,,0.2175,2
xb_00644,三十年来奋斗过程,光荣道路,道路,过程,TR,交通,LF,光线,2,具体→抽象,41,0.5276,,,,,,,0.211,,0.1161,1
xb_00645,落后群众,封建势力的围墙,围墙,群众,OB,物体,AB,抽象,1,具体→具体,1192,1.0,,,,,,,0.4,,0.22,2
xb_00646,迷信命运,封建地主阶级的手腕,手腕,命运,BD,建筑,TM,时间,3,抽象→抽象,221,0.7626,,,,,,,0.3051,,0.1678,1
xb_00647,自满思想,深入运动的敌人,敌人,思想,HM,人体,TH,思维,2,具体→抽象,1099,0.9885,,,,,,,0.3954,,0.2175,2
xb_00648,这些东西,封建地主榨取的群众血汗,血汗,东西,BD,建筑,AB,抽象,2,具体→抽象,221,0.7626,,,,,,,0.3051,,0.1678,1
xb_00649,我们,革命的队伍,队伍,我们,OB,物体,SC,社会,1,具体→具体,1192,1.0,,,,,,,0.4,,0.22,2
xb_00650,什么距离,危险界,危险界,距离,OB,物体,TM,时间,3,抽象→抽象,1192,1.0,,,,,,,0.4,,0.22,2
xb_00651,中国共产党与人民解放军,弱小民族解放的救星,救星,解放军,NT,自然,AB,抽象,1,具体→具体,184,0.7369,,,,,,,0.2948,,0.1621,1
xb_00652,中国文字,神圣文字,文字,文字,OB,物体,SC,社会,1,具体→具体,1192,1.0,,,,,,,0.4,,0.22,2
xb_00653,代表,最高权力,权力,代表,OB,物体,SC,社会,4,抽象→具体,1192,1.0,,,,,,,0.4,,0.22,2
xb_00654,苏英美三国人民的友谊,持久和平的最好保证,保证,友谊,OB,物体,AB,抽象,3,抽象→抽象,1192,1.0,,,,,,,0.4,,0.22,2
xb_00655,青年团,活跃部队的重要力量,力量,青年团,FC,力量,AB,抽象,4,抽象→具体,84,0.6271,,,,,,,0.2508,,0.138,1
xb_00656,青年团,克服部队中某些工作弱点与各种建设工作的突击力量,力量,青年团,FC,力量,AB,抽象,4,抽象→具体,84,0.6271,,,,,,,0.2508,,0.138,1
xb_00657,美帝国主义,凶恶敌人,敌人,帝国主义,HM,人体,AB,抽象,2,具体→抽象,1099,0.9885,,,,,,,0.3954,,0.2175,2
xb_00658,马克思和列宁的教义,科学思想所达到的最高点,最高点,教义,SP,空间,TH,思维,3,抽象→抽象,203,0.7507,,,,,,,0.3003,,0.1652,1
xb_00659,你的名字,团结全世界进步力量来反对帝国主义和反动派的旗帜,旗帜,名字,WR,战争,AB,抽象,2,具体→抽象,198,0.7472,,,,,,,0.2989,,0.1644,1
xb_00660,过去在反动统治下税收,反动政府掠夺人民的工具,工具,税收,OB,物体,AB,抽象,2,具体→抽象,1192,1.0,,,,,,,0.4,,0.22,2
xb_00661,在领导方面所要掌握的中心环节,典型材料,材料,环节,OB,物体,TM,时间,3,抽象→抽象,1192,1.0,,,,,,,0.4,,0.22,2
xb_00662,外国帝国主义在中国的基本支柱,封建军阀,军阀,支柱,HM,人体,AB,抽象,2,具体→抽象,1099,0.9885,,,,,,,0.3954,,0.2175,2
xb_00663,这些作风,拘束群众的创造性和自发积极性的枷锁,枷锁,作风,OB,物体,AB,抽象,2,具体→抽象,1192,1.0,,,,,,,0.4,,0.22,2
xb_00664,我们战士的爱国主义,英勇精神的泉源,泉源,爱国主义,NT,自然,AB,抽象,2,具体→抽象,184,0.7369,,,,,,,0.2948,,0.1621,1
xb_00665,读者来信,丰富报纸内容的无尽的宝藏,宝藏,读者,OB,物体,MR,机器,1,具体→具体,1192,1.0,,,,,,,0.4,,0.22,2
xb_00666,思想,客观世界在人类头脑中的反映,反映,思想,SN,感知,LF,光线,3,抽象→抽象,146,0.7044,,,,,,,0.2818,,0.155,1
xb_00667,美国侵略者,完全灭绝了人性的野兽,野兽,侵略者,LV,生命,AB,抽象,1,具体→具体,263,0.7871,,,,,,,0.3148,,0.1732,1
xb_00668,"的""弄""字",被动意义的动词,动词,"""字",OB,物体,AB,抽象,1,具体→具体,1192,1.0,,,,,,,0.4,,0.22,2
xb_00669,日本侵略者,野蛮绝顶的敌人,敌人,侵略者,HM,人体,ST,结构,1,具体→具体,1099,0.9885,,,,,,,0.3954,,0.2175,2
xb_00670,马克思列宁主义的理论,普遍真理,真理,理论,OB,物体,TH,思维,3,抽象→抽象,1192,1.0,,,,,,,0.4,,0.22,2
xb_00671,苏联报纸,先进经验的强有力的广播台,广播台,报纸,OB,物体,CM,通讯,1,具体→具体,1192,1.0,,,,,,,0.4,,0.22,2
xb_00672,这种落后的管理方法,保守思想的反映,反映,方法,SN,感知,TH,思维,3,抽象→抽象,146,0.7044,,,,,,,0.2818,,0.155,1
xb_00673,**表语** (predicate): 开展这一运动的桎梏,未标注表语,标注,表语,OB,物体,AB,抽象,2,具体→抽象,1192,1.0,,,,,,,0.4,,0.22,2
xb_00674,李顺达的访苏报告,开心钥匙,钥匙,报告,OB,物体,AB,抽象,1,具体→具体,1192,1.0,,,,,,,0.4,,0.22,2
xb_00675,在当前建政工作中县,重要环节,环节,县,OB,物体,AB,抽象,3,抽象→抽象,1192,1.0,,,,,,,0.4,,0.22,2
xb_00676,乡,基础,基础,乡,OB,物体,AB,抽象,2,具体→抽象,1192,1.0,,,,,,,0.4,,0.22,2
xb_00677,和平会议,伟大的艺术,艺术,会议,OB,物体,MR,机器,3,抽象→抽象,1192,1.0,,,,,,,0.4,,0.22,2
xb_00678,世界青年与学生联欢节,不同制度能够和平共处的证明,制度,联欢节,OB,物体,AB,抽象,3,抽象→抽象,1192,1.0,,,,,,,0.4,,0.22,2
xb_00679,苏联的广播电台,先进经验的宣扬者,宣扬者,电台,HM,人体,SC,社会,1,具体→具体,1099,0.9885,,,,,,,0.3954,,0.2175,2
xb_00680,师傅,"""医生""",医生,师傅,HM,人体,AB,抽象,1,具体→具体,1099,0.9885,,,,,,,0.3954,,0.2175,2
xb_00681,民主阵营各国人民越来越巩固的友谊,民主阵营的力量和不可战胜的无尽源泉,源泉,友谊,NT,自然,AB,抽象,2,具体→抽象,184,0.7369,,,,,,,0.2948,,0.1621,1
xb_00682,这些文件,民主社会主义阵营各国间新型关系的范例,范例,文件,OB,物体,AB,抽象,4,抽象→具体,1192,1.0,,,,,,,0.4,,0.22,2
xb_00683,光合作用的假设,科学知识的专门部门——植物生理学和植物生物化学——的基础,基础,假设,OB,物体,TH,思维,2,具体→抽象,1192,1.0,,,,,,,0.4,,0.22,2
xb_00684,生命,客观物质世界长期发展的产物,产物,生命,OB,物体,LF,光线,3,抽象→抽象,1192,1.0,,,,,,,0.4,,0.22,2
xb_00685,感觉,客观事物的反映,反映,感觉,SN,感知,TH,思维,3,抽象→抽象,146,0.7044,,,,,,,0.2818,,0.155,1
xb_00686,这个会议,不同政治和社会经济制度的国家为了和平而有成效地合作的显著例子,例子,会议,OB,物体,AB,抽象,3,抽象→抽象,1192,1.0,,,,,,,0.4,,0.22,2
xb_00687,现有企业,破烂摊子,摊子,企业,OB,物体,MR,机器,2,具体→抽象,1192,1.0,,,,,,,0.4,,0.22,2
xb_00688,马克思列宁主义,客观真理的概括,概括,列宁主义,OB,物体,TH,思维,3,抽象→抽象,1192,1.0,,,,,,,0.4,,0.22,2
xb_00689,这些商品,稳定物价的基本力量,力量,商品,FC,力量,AB,抽象,4,抽象→具体,84,0.6271,,,,,,,0.2508,,0.138,1
xb_00690,国画,封建遗物,遗物,国画,OB,物体,TM,时间,1,具体→具体,1192,1.0,,,,,,,0.4,,0.22,2
xb_00691,这,我们所愿望的国家繁荣的基础,基础,这,OB,物体,SC,社会,2,具体→抽象,1192,1.0,,,,,,,0.4,,0.22,2
xb_00692,客观事物的美的形象,主观心理活动的产物,产物,形象,OB,物体,LF,光线,3,抽象→抽象,1192,1.0,,,,,,,0.4,,0.22,2
xb_00693,物的形相,人的情趣的返照,返照,形相,SN,感知,LF,光线,3,抽象→抽象,146,0.7044,,,,,,,0.2818,,0.155,1
xb_00694,共产党员,特殊材料制成的,材料,共产党员,OB,物体,MR,机器,1,具体→具体,1192,1.0,,,,,,,0.4,,0.22,2
xb_00695,昆曲,封建士大夫阶级产物,产物,昆曲,OB,物体,TM,时间,4,抽象→具体,1192,1.0,,,,,,,0.4,,0.22,2
xb_00696,"""三大主义""",旧社会的遗留物,遗留物,主义,OB,物体,TM,时间,2,具体→抽象,1192,1.0,,,,,,,0.4,,0.22,2
xb_00697,这,推动社会主义建设工作的一个巨大力量,力量,这,FC,力量,SC,社会,3,抽象→抽象,84,0.6271,,,,,,,0.2508,,0.138,1
xb_00698,青年反官僚主义,偏激情绪,情绪,官僚主义,SN,感知,ST,结构,3,抽象→抽象,146,0.7044,,,,,,,0.2818,,0.155,1
xb_00699,现在的社会,太平世界,世界,社会,OB,物体,SC,社会,3,抽象→抽象,1192,1.0,,,,,,,0.4,,0.22,2
xb_00700,劳动者,科学文化的创造者,创造者,劳动者,HM,人体,AB,抽象,1,具体→具体,1099,0.9885,,,,,,,0.3954,,0.2175,2
xb_00701,这次大会,民主力量日益加强团结的一次示威,示威,大会,OB,物体,MR,机器,2,具体→抽象,1192,1.0,,,,,,,0.4,,0.22,2
xb_00702,后一种,资本主义的宣扬者与卫道者,卫道者,后,HM,人体,TH,思维,1,具体→具体,1099,0.9885,,,,,,,0.3954,,0.2175,2
xb_00703,资产阶级个人主义思想,万恶的根源,根源,思想,LV,生命,TH,思维,2,具体→抽象,263,0.7871,,,,,,,0.3148,,0.1732,1
xb_00704,地下水,干旱地带的救星,救星,地下水,NT,自然,AB,抽象,1,具体→具体,184,0.7369,,,,,,,0.2948,,0.1621,1
xb_00705,过去的法,反动阶级专政的武器,武器,法,WR,战争,ST,结构,2,具体→抽象,198,0.7472,,,,,,,0.2989,,0.1644,1
xb_00706,古脊椎动物研究所提出的新规划,科学工作者鼓足干劲，力争上游的一个好例子,例子,规划,OB,物体,MR,机器,3,抽象→抽象,1192,1.0,,,,,,,0.4,,0.22,2
xb_00707,外行领导内行,一般规律,规律,内行,OB,物体,AB,抽象,3,抽象→抽象,1192,1.0,,,,,,,0.4,,0.22,2
xb_00708,党的社会主义建设总路线,伟大历史时期的动力,动力,总路线,FC,力量,SC,社会,3,抽象→抽象,84,0.6271,,,,,,,0.2508,,0.138,1
xb_00709,牧工,直接生产者,生产者,牧工,HM,人体,SC,社会,1,具体→具体,1099,0.9885,,,,,,,0.3954,,0.2175,2
xb_00710,这种关系,不同政治制度和社会制度的国家成功地进行合作的范例,范例,关系,OB,物体,SC,社会,3,抽象→抽象,1192,1.0,,,,,,,0.4,,0.22,2
xb_00711,林木,迟缓生物,生物,林木,LV,生命,AB,抽象,1,具体→具体,263,0.7871,,,,,,,0.3148,,0.1732,1
xb_00712,中级部,高级部的预备班,班,中级部,OB,物体,AB,抽象,1,具体→具体,1192,1.0,,,,,,,0.4,,0.22,2
xb_00713,尖端技术,一般技术发展的高级阶段,阶段,技术,OB,物体,ST,结构,3,抽象→抽象,1192,1.0,,,,,,,0.4,,0.22,2
xb_00714,一般技术,尖端技术发展的基础,基础,技术,OB,物体,AB,抽象,2,具体→抽象,1192,1.0,,,,,,,0.4,,0.22,2
xb_00715,毛主席论纸老虎文献,有力武器,武器,文献,WR,战争,ST,结构,1,具体→具体,198,0.7472,,,,,,,0.2989,,0.1644,1
xb_00716,苏伊协定,崇高国际关系的榜样,榜样,协定,OB,物体,MR,机器,3,抽象→抽象,1192,1.0,,,,,,,0.4,,0.22,2
xb_00717,诗,真实感情的流露,流露,诗,NT,自然,EM,情感,4,抽象→具体,184,0.7369,,,,,,,0.2948,,0.1621,1
xb_00718,中国人,野蛮人,人,中国人,HM,人体,LF,光线,1,具体→具体,1099,0.9885,,,,,,,0.3954,,0.2175,2
xb_00719,前寮国战斗部队,爱国战士,战士,部队,WR,战争,LF,光线,1,具体→具体,198,0.7472,,,,,,,0.2989,,0.1644,1
xb_00720,这个危机,客观形势本身的产物,产物,危机,OB,物体,AB,抽象,3,抽象→抽象,1192,1.0,,,,,,,0.4,,0.22,2
xb_00721,工人阶级和五亿农民巩固的联盟,团结全国人民的基础,基础,联盟,OB,物体,AB,抽象,2,具体→抽象,1192,1.0,,,,,,,0.4,,0.22,2
xb_00722,总路线,客观规律的产物,产物,总路线,OB,物体,SC,社会,3,抽象→抽象,1192,1.0,,,,,,,0.4,,0.22,2
xb_00723,思维的辩证法,客观辩证法的反映,反映,辩证法,SN,感知,SC,社会,3,抽象→抽象,146,0.7044,,,,,,,0.2818,,0.155,1
xb_00724,他们的国家,自由世界必要的堡垒和前哨,前哨,国家,OB,物体,SC,社会,2,具体→抽象,1192,1.0,,,,,,,0.4,,0.22,2
xb_00725,中国人民和日本人民,朋友,朋友,人民,HM,人体,SC,社会,2,具体→抽象,1099,0.9885,,,,,,,0.3954,,0.2175,2
xb_00726,农村公社社员群众,农业科学知识的泉源,泉源,群众,NT,自然,TH,思维,1,具体→具体,184,0.7369,,,,,,,0.2948,,0.1621,1
xb_00727,革命文艺,有力武器,武器,文艺,WR,战争,ST,结构,2,具体→抽象,198,0.7472,,,,,,,0.2989,,0.1644,1
xb_00728,党的政策,统一全党意志和行动的准则,准则,政策,OB,物体,SC,社会,3,抽象→抽象,1192,1.0,,,,,,,0.4,,0.22,2
xb_00729,共产党员,特殊材料制成的,材料,共产党员,OB,物体,MR,机器,1,具体→具体,1192,1.0,,,,,,,0.4,,0.22,2
xb_00730,缅中两国,友好邻邦,邻邦,国,OB,物体,SC,社会,2,具体→抽象,1192,1.0,,,,,,,0.4,,0.22,2
xb_00731,合理的规章制度,客观事物发展规律的反映,反映,制度,SN,感知,SC,社会,3,抽象→抽象,146,0.7044,,,,,,,0.2818,,0.155,1
xb_00732,合理的规章制度,促进客观事物发展的一个武器,武器,制度,WR,战争,SC,社会,2,具体→抽象,198,0.7472,,,,,,,0.2989,,0.1644,1
xb_00733,文章,客观事物的反映,反映,文章,SN,感知,SC,社会,4,抽象→具体,146,0.7044,,,,,,,0.2818,,0.155,1
xb_00734,中国人民和古巴人民,亲密战友和兄弟,兄弟,人民,WR,战争,SC,社会,2,具体→抽象,198,0.7472,,,,,,,0.2989,,0.1644,1
xb_00735,帝国主义,弱小民族的敌人,敌人,帝国主义,HM,人体,SC,社会,2,具体→抽象,1099,0.9885,,,,,,,0.3954,,0.2175,2
xb_00736,意识,客观物质世界在人的头脑中的反映,反映,意识,SN,感知,TH,思维,3,抽象→抽象,146,0.7044,,,,,,,0.2818,,0.155,1
xb_00737,经验,客观事物内在规律的反映,反映,经验,SN,感知,SC,社会,3,抽象→抽象,146,0.7044,,,,,,,0.2818,,0.155,1
xb_00738,民主社会党,自由民主党的助手,助手,社会党,HM,人体,SC,社会,2,具体→抽象,1099,0.9885,,,,,,,0.3954,,0.2175,2
xb_00739,两国人民,同甘共苦的患难兄弟,兄弟,人民,HM,人体,SC,社会,2,具体→抽象,1099,0.9885,,,,,,,0.3954,,0.2175,2
xb_00740,真理,客观事物及其规律在人们的主观意识中的正确反映,反映,真理,SN,感知,TH,思维,3,抽象→抽象,146,0.7044,,,,,,,0.2818,,0.155,1
xb_00741,技术科学,二者之间的桥梁,桥梁,科学,OB,物体,AB,抽象,2,具体→抽象,1192,1.0,,,,,,,0.4,,0.22,2
xb_00742,攻击其它兄弟党的做法,恶劣先例的继续,先例,做法,OB,物体,SC,社会,3,抽象→抽象,1192,1.0,,,,,,,0.4,,0.22,2
xb_00743,拿起武器反帝反殖民主义,神圣行为,行为,殖民主义,OB,物体,SC,社会,3,抽象→抽象,1192,1.0,,,,,,,0.4,,0.22,2
xb_00744,沈钧儒先生,民主人士左派的旗帜,旗帜,先生,WR,战争,SC,社会,1,具体→具体,198,0.7472,,,,,,,0.2989,,0.1644,1
xb_00745,旧社会,人间地狱,地狱,社会,OB,物体,SC,社会,2,具体→抽象,1192,1.0,,,,,,,0.4,,0.22,2
xb_00746,美帝国主义,反动世界的中心,中心,帝国主义,SP,空间,SC,社会,2,具体→抽象,203,0.7507,,,,,,,0.3003,,0.1652,1
xb_00747,现代修正主义者的哲学基础,实用主义,实用主义,基础,OB,物体,TH,思维,3,抽象→抽象,1192,1.0,,,,,,,0.4,,0.22,2
xb_00748,池田内阁和自由民主党,反动势力的主要堡垒,堡垒,民主党,OB,物体,TM,时间,2,具体→抽象,1192,1.0,,,,,,,0.4,,0.22,2
xb_00749,人的正确思想,客观世界的反映,反映,思想,SN,感知,TH,思维,3,抽象→抽象,146,0.7044,,,,,,,0.2818,,0.155,1
xb_00750,暴力革命,普遍规律,规律,革命,OB,物体,AB,抽象,3,抽象→抽象,1192,1.0,,,,,,,0.4,,0.22,2
xb_00751,"""文化宣言""的核心",普遍人性论,人性论,核心,HM,人体,TH,思维,3,抽象→抽象,1099,0.9885,,,,,,,0.3954,,0.2175,2
xb_00752,我们和越南人民,亲密战友,战友,人民,WR,战争,SC,社会,2,具体→抽象,198,0.7472,,,,,,,0.2989,,0.1644,1
xb_00753,一九六四年北京科学讨论会,科学发展史上的一个里程碑,里程碑,讨论会,TR,交通,EV,事件,1,具体→具体,41,0.5276,,,,,,,0.211,,0.1161,1
xb_00754,苦闷悒郁,感情丰富,感情,苦闷,SN,感知,EM,情感,3,抽象→抽象,146,0.7044,,,,,,,0.2818,,0.155,1
xb_00755,万有引力,客观事物的反映,反映,万有引力,SN,感知,AB,抽象,3,抽象→抽象,146,0.7044,,,,,,,0.2818,,0.155,1
xb_00756,我们的演出队,团结人民、教育人民、打击敌人、消灭敌人的有力武器,武器,演出队,WR,战争,SC,社会,1,具体→具体,198,0.7472,,,,,,,0.2989,,0.1644,1
xb_00757,中国的成就,落后国家的希望,希望,成就,OB,物体,ST,结构,3,抽象→抽象,1192,1.0,,,,,,,0.4,,0.22,2
xb_00758,毛泽东思想,普遍真理,真理,思想,OB,物体,TH,思维,3,抽象→抽象,1192,1.0,,,,,,,0.4,,0.22,2
xb_00759,我们的远洋船,伟大祖国的游子,游子,远洋船,TR,交通,AB,抽象,1,具体→具体,41,0.5276,,,,,,,0.211,,0.1161,1
xb_00760,越南南方解放军,爱国人民的子弟兵,子弟兵,解放军,WR,战争,SC,社会,1,具体→具体,198,0.7472,,,,,,,0.2989,,0.1644,1
xb_00761,封建君主,封建地主阶级的政治首领,首领,君主,HM,人体,AB,抽象,1,具体→具体,1099,0.9885,,,,,,,0.3954,,0.2175,2
xb_00762,贪官,糟粕,糟粕,贪官,OB,物体,TM,时间,1,具体→具体,1192,1.0,,,,,,,0.4,,0.22,2
xb_00763,清官,封建时代的精华,精华,清官,FD,食物,TM,时间,1,具体→具体,46,0.5435,,,,,,,0.2174,,0.1196,1
xb_00764,美帝国主义,反动势力的主要支柱,支柱,帝国主义,OB,物体,AB,抽象,2,具体→抽象,1192,1.0,,,,,,,0.4,,0.22,2
xb_00765,赫鲁晓夫修正主义,彻底反革命和反动的,反革命,赫鲁晓夫,OB,物体,LF,光线,3,抽象→抽象,1192,1.0,,,,,,,0.4,,0.22,2
xb_00766,政治,统帅,统帅,政治,HM,人体,SC,社会,2,具体→抽象,1099,0.9885,,,,,,,0.3954,,0.2175,2
xb_00767,文章,客观事物的反映,反映,文章,SN,感知,SC,社会,4,抽象→具体,146,0.7044,,,,,,,0.2818,,0.155,1
xb_00768,工人,最高级的老师,老师,工人,HM,人体,LF,光线,1,具体→具体,1099,0.9885,,,,,,,0.3954,,0.2175,2
xb_00769,实践中的人才,最有学问的人,人,人才,HM,人体,LF,光线,1,具体→具体,1099,0.9885,,,,,,,0.3954,,0.2175,2
xb_00770,斗争实践才,最高级的学校,学校,实践,OB,物体,AB,抽象,2,具体→抽象,1192,1.0,,,,,,,0.4,,0.22,2
xb_00771,工人才,最高级的老师,老师,工人,HM,人体,LF,光线,1,具体→具体,1099,0.9885,,,,,,,0.3954,,0.2175,2
xb_00772,毛泽东思想,科学真理,真理,思想,OB,物体,TH,思维,3,抽象→抽象,1192,1.0,,,,,,,0.4,,0.22,2
xb_00773,广大的革命群众,反动国家机器的埋葬者,埋葬者,群众,HM,人体,TM,时间,1,具体→具体,1099,0.9885,,,,,,,0.3954,,0.2175,2
xb_00774,真理,客观规律的反映,反映,真理,SN,感知,AB,抽象,3,抽象→抽象,146,0.7044,,,,,,,0.2818,,0.155,1
xb_00775,北京大学无产阶级文化大革命的熊熊烈火,伟大领袖毛主席亲自点燃的,主席,烈火,OB,物体,LF,光线,4,抽象→具体,1192,1.0,,,,,,,0.4,,0.22,2
xb_00776,毛泽东思想,强大武器,武器,思想,WR,战争,TH,思维,2,具体→抽象,198,0.7472,,,,,,,0.2989,,0.1644,1
xb_00777,伟大的祖国,爱国侨胞的强大靠山,靠山,祖国,OB,物体,AB,抽象,2,具体→抽象,1192,1.0,,,,,,,0.4,,0.22,2
xb_00778,毛主席的声音,绝对真理,真理,声音,OB,物体,MR,机器,4,抽象→具体,1192,1.0,,,,,,,0.4,,0.22,2
xb_00779,印修分子,反动势力的维护者,维护者,分子,HM,人体,SC,社会,1,具体→具体,1099,0.9885,,,,,,,0.3954,,0.2175,2
xb_00780,毛泽东思想,最高水平的马克思列宁主义,列宁主义,思想,SP,空间,TH,思维,3,抽象→抽象,203,0.7507,,,,,,,0.3003,,0.1652,1
xb_00781,过去教师的话,"""权威""","威""",教师,OB,物体,AB,抽象,4,抽象→具体,1192,1.0,,,,,,,0.4,,0.22,2
xb_00782,征购粮,爱国粮,爱国粮,征购粮,FD,食物,SC,社会,1,具体→具体,46,0.5435,,,,,,,0.2174,,0.1196,1
xb_00783,集体经济,幸福桥,桥,经济,OB,物体,EM,情感,2,具体→抽象,1192,1.0,,,,,,,0.4,,0.22,2
xb_00784,毛主席著作,宝书,宝书,著作,OB,物体,MR,机器,1,具体→具体,1192,1.0,,,,,,,0.4,,0.22,2
xb_00785,毛主席的最新指示条条,伟大真理,真理,条条,OB,物体,MR,机器,3,抽象→抽象,1192,1.0,,,,,,,0.4,,0.22,2
xb_00786,中国艺术,团结人民打败敌人的武器,武器,艺术,WR,战争,SC,社会,2,具体→抽象,198,0.7472,,,,,,,0.2989,,0.1644,1
xb_00787,毛主席最新指示,最高标准,高标准,主席,OB,物体,AB,抽象,3,抽象→抽象,1192,1.0,,,,,,,0.4,,0.22,2
xb_00788,劳动人民,创造世界历史的动力,动力,人民,FC,力量,TM,时间,2,具体→抽象,84,0.6271,,,,,,,0.2508,,0.138,1
xb_00789,全会公报,伟大领袖毛主席的声音,声音,公报,OB,物体,AB,抽象,1,具体→具体,1192,1.0,,,,,,,0.4,,0.22,2
xb_00790,林副主席,伟大领袖毛主席最亲密的战友和最好的学生,学生,副主席,WR,战争,SC,社会,1,具体→具体,198,0.7472,,,,,,,0.2989,,0.1644,1
xb_00791,他们,坏透了的政治恶棍,恶棍,他们,HM,人体,LF,光线,1,具体→具体,1099,0.9885,,,,,,,0.3954,,0.2175,2
xb_00792,他们散布这种幻想，目的,麻痹人民的革命觉悟,觉悟,目的,OB,物体,TH,思维,3,抽象→抽象,1192,1.0,,,,,,,0.4,,0.22,2
xb_00793,我的老师,最有实践经验的工农干部和广大战士,战士,老师,HM,人体,AB,抽象,1,具体→具体,1099,0.9885,,,,,,,0.3954,,0.2175,2
xb_00794,念的课本,伟大领袖毛主席的红色宝书,宝书,课本,OB,物体,MR,机器,1,具体→具体,1192,1.0,,,,,,,0.4,,0.22,2
xb_00795,林副主席,伟大领袖毛主席的接班人,接班人,副主席,HM,人体,SC,社会,1,具体→具体,1099,0.9885,,,,,,,0.3954,,0.2175,2
xb_00796,革命文艺,团结人民、教育人民的有力武器,武器,文艺,WR,战争,SC,社会,2,具体→抽象,198,0.7472,,,,,,,0.2989,,0.1644,1
xb_00797,我们七里营公社,伟大领袖毛主席视察过并亲手树立起来的一面红旗,红旗,营公社,OB,物体,SC,社会,2,具体→抽象,1192,1.0,,,,,,,0.4,,0.22,2
xb_00798,毛主席的认识论,普遍真理,真理,认识论,OB,物体,TH,思维,3,抽象→抽象,1192,1.0,,,,,,,0.4,,0.22,2
xb_00799,无产阶级,人类历史上最伟大的一个阶级,阶级,无产阶级,OB,物体,TM,时间,2,具体→抽象,1192,1.0,,,,,,,0.4,,0.22,2
xb_00800,中越两国人民,亲密战友和兄弟,兄弟,人民,WR,战争,SC,社会,2,具体→抽象,198,0.7472,,,,,,,0.2989,,0.1644,1
xb_00801,毛主席的光辉思想,普遍真理,真理,思想,OB,物体,TH,思维,3,抽象→抽象,1192,1.0,,,,,,,0.4,,0.22,2
xb_00802,中柬两国,友好邻邦,邻邦,国,OB,物体,SC,社会,2,具体→抽象,1192,1.0,,,,,,,0.4,,0.22,2
xb_00803,毛泽东思想,武器,武器,思想,WR,战争,TH,思维,2,具体→抽象,198,0.7472,,,,,,,0.2989,,0.1644,1
xb_00804,贡嘎和顿孜,一根藤上的苦瓜,苦瓜,顿孜,LV,生命,SC,社会,1,具体→具体,263,0.7871,,,,,,,0.3148,,0.1732,1
xb_00805,中越两国,唇齿相依的邻邦,邻邦,国,OB,物体,SC,社会,2,具体→抽象,1192,1.0,,,,,,,0.4,,0.22,2
xb_00806,中朝人民,亲密兄弟,兄弟,人民,HM,人体,SC,社会,2,具体→抽象,1099,0.9885,,,,,,,0.3954,,0.2175,2
xb_00807,中老两国人民,亲密兄弟,兄弟,人民,HM,人体,SC,社会,2,具体→抽象,1099,0.9885,,,,,,,0.3954,,0.2175,2
xb_00808,传统的所有制,传统观念产生的基础,基础,所有制,OB,物体,TH,思维,2,具体→抽象,1192,1.0,,,,,,,0.4,,0.22,2
xb_00809,马克思主义,普遍真理,真理,马克思主义,OB,物体,MR,机器,3,抽象→抽象,1192,1.0,,,,,,,0.4,,0.22,2
xb_00810,中柬两国人民,亲密战友和兄弟,兄弟,人民,WR,战争,SC,社会,2,具体→抽象,198,0.7472,,,,,,,0.2989,,0.1644,1
xb_00811,真理,客观事物的本质和规律在人们头脑中的正确反映,反映,真理,SN,感知,AB,抽象,3,抽象→抽象,146,0.7044,,,,,,,0.2818,,0.155,1
xb_00812,朝鲜人民,勤劳智慧的人民,人民,人民,HM,人体,MR,机器,2,具体→抽象,1099,0.9885,,,,,,,0.3954,,0.2175,2
xb_00813,工人和劳动者,先进分子,分子,劳动者,HM,人体,SC,社会,4,抽象→具体,1099,0.9885,,,,,,,0.3954,,0.2175,2
xb_00814,加拿大人民,勤劳智慧的人民,人民,人民,HM,人体,MR,机器,2,具体→抽象,1099,0.9885,,,,,,,0.3954,,0.2175,2
xb_00815,川芎,名贵药材,药材,川芎,OB,物体,MR,机器,1,具体→具体,1192,1.0,,,,,,,0.4,,0.22,2
xb_00816,中国人民,勤劳智慧的人民,人民,人民,HM,人体,MR,机器,2,具体→抽象,1099,0.9885,,,,,,,0.3954,,0.2175,2
xb_00817,巴基斯坦人民,勤劳智慧的人民,人民,人民,HM,人体,MR,机器,2,具体→抽象,1099,0.9885,,,,,,,0.3954,,0.2175,2
xb_00818,杨武之教授,爱国学者,学者,教授,HM,人体,LF,光线,1,具体→具体,1099,0.9885,,,,,,,0.3954,,0.2175,2
xb_00819,勇进渠,幸福渠,渠,渠,OB,物体,MR,机器,1,具体→具体,1192,1.0,,,,,,,0.4,,0.22,2
xb_00820,党员,先进生产者,生产者,党员,HM,人体,LF,光线,1,具体→具体,1099,0.9885,,,,,,,0.3954,,0.2175,2
xb_00821,大庆油田,伟大领袖毛主席提倡的一面红旗,红旗,油田,OB,物体,AB,抽象,2,具体→抽象,1192,1.0,,,,,,,0.4,,0.22,2
xb_00822,文章,客观事物的反映,反映,文章,SN,感知,LF,光线,4,抽象→具体,146,0.7044,,,,,,,0.2818,,0.155,1
xb_00823,澳大利亚人民,勤劳智慧的人民,人民,人民,HM,人体,MR,机器,2,具体→抽象,1099,0.9885,,,,,,,0.3954,,0.2175,2
xb_00824,秦始皇,充满胜利信心的新兴地主阶级的总代表,代表,秦始皇,HM,人体,TM,时间,2,具体→抽象,1099,0.9885,,,,,,,0.3954,,0.2175,2
xb_00825,最亲的人,伟大领袖毛主席,主席,人,HM,人体,SC,社会,1,具体→具体,1099,0.9885,,,,,,,0.3954,,0.2175,2
xb_00826,孔子的世界观,主观唯心论,唯心论,世界观,HM,人体,LF,光线,3,抽象→抽象,1099,0.9885,,,,,,,0.3954,,0.2175,2
xb_00827,马克思主义,科学真理,真理,马克思主义,OB,物体,LF,光线,3,抽象→抽象,1192,1.0,,,,,,,0.4,,0.22,2
xb_00828,历史,封建帝王秉承上天的意志而创造的,意志,历史,SP,空间,TM,时间,3,抽象→抽象,203,0.7507,,,,,,,0.3003,,0.1652,1
xb_00829,革命文艺,团结人民，战胜敌人的有力武器,武器,文艺,WR,战争,EV,事件,2,具体→抽象,198,0.7472,,,,,,,0.2989,,0.1644,1
xb_00830,无产阶级,先进生产力的代表者,代表者,无产阶级,HM,人体,TM,时间,2,具体→抽象,1099,0.9885,,,,,,,0.3954,,0.2175,2
xb_00831,在联合国旗号下驻在那里的一切外国军队,紧张局势的根源,根源,军队,LV,生命,AB,抽象,4,抽象→具体,263,0.7871,,,,,,,0.3148,,0.1732,1
xb_00832,我们人民解放军,伟大领袖毛主席统率下的工农子弟兵,工农子,解放军,HM,人体,LF,光线,1,具体→具体,1099,0.9885,,,,,,,0.3954,,0.2175,2
xb_00833,党的基本路线,伟大领袖毛主席根据马克思主义关于无产阶级专政的理论,理论,路线,OB,物体,SC,社会,3,抽象→抽象,1192,1.0,,,,,,,0.4,,0.22,2
xb_00834,整个旧社会,反动剥削阶级作恶的乐园,乐园,社会,OB,物体,LF,光线,2,具体→抽象,1192,1.0,,,,,,,0.4,,0.22,2
xb_00835,冈比亚人民,勤劳智慧的人民,人民,人民,HM,人体,MR,机器,2,具体→抽象,1099,0.9885,,,,,,,0.3954,,0.2175,2
xb_00836,货币,一般等价物,等价物,货币,OB,物体,LF,光线,3,抽象→抽象,1192,1.0,,,,,,,0.4,,0.22,2
xb_00837,我们两国人民,亲密战友和兄弟,兄弟,人民,WR,战争,SC,社会,2,具体→抽象,198,0.7472,,,,,,,0.2989,,0.1644,1
xb_00838,无产阶级的干部,受党和阶级的委托,委托,干部,OB,物体,ST,结构,4,抽象→具体,1192,1.0,,,,,,,0.4,,0.22,2
xb_00839,共和国总统,最高革命委员会的当然主席,主席,总统,HM,人体,AB,抽象,1,具体→具体,1099,0.9885,,,,,,,0.3954,,0.2175,2
xb_00840,皇帝,封建政权的总头目,头目,皇帝,HM,人体,SC,社会,1,具体→具体,1099,0.9885,,,,,,,0.3954,,0.2175,2
xb_00841,五星红旗,伟大领袖毛主席亲手升起来的,主席,红旗,BD,建筑,TM,时间,1,具体→具体,221,0.7626,,,,,,,0.3051,,0.1678,1
xb_00842,五星红旗,社会主义祖国的象征,象征,红旗,OB,物体,MR,机器,4,抽象→具体,1192,1.0,,,,,,,0.4,,0.22,2
xb_00843,党中央的英明决策,毛主席无产阶级革命路线的伟大胜利,胜利,决策,TR,交通,ST,结构,3,抽象→抽象,41,0.5276,,,,,,,0.211,,0.1161,1
xb_00844,人民英雄纪念碑,伟大领袖毛主席亲手奠基建成的,主席,纪念碑,BD,建筑,TM,时间,1,具体→具体,221,0.7626,,,,,,,0.3051,,0.1678,1
xb_00845,人民英雄纪念碑,革命先烈用鲜血铸成的,鲜血,纪念碑,BD,建筑,TH,思维,1,具体→具体,221,0.7626,,,,,,,0.3051,,0.1678,1
xb_00846,直接指挥的人民军队,无产阶级专政的坚强柱石,专政,军队,OB,物体,LF,光线,1,具体→具体,1192,1.0,,,,,,,0.4,,0.22,2
xb_00847,我们建明公社的前身,伟大领袖毛主席表扬过的穷棒子社,穷棒子社,前身,OB,物体,TM,时间,1,具体→具体,1192,1.0,,,,,,,0.4,,0.22,2
xb_00848,事实,毫无情面的东西,东西,事实,OB,物体,ST,结构,2,具体→抽象,1192,1.0,,,,,,,0.4,,0.22,2
xb_00849,谣言制造者,反动阶级,阶级,制造者,OB,物体,AB,抽象,1,具体→具体,1192,1.0,,,,,,,0.4,,0.22,2
xb_00850,中朝两国,兄弟邻邦,邻邦,国,HM,人体,SC,社会,1,具体→具体,1099,0.9885,,,,,,,0.3954,,0.2175,2
xb_00851,两国人民,亲密战友,战友,人民,WR,战争,SC,社会,2,具体→抽象,198,0.7472,,,,,,,0.2989,,0.1644,1
xb_00852,这,我们战胜党内资产阶级的无穷无尽的力量源泉,力量,这,NT,自然,AB,抽象,2,具体→抽象,184,0.7369,,,,,,,0.2948,,0.1621,1
xb_00853,我们的党,伟大领袖毛主席亲手缔造和培育的无产阶级政党,政党,党,BD,建筑,ST,结构,1,具体→具体,221,0.7626,,,,,,,0.3051,,0.1678,1
xb_00854,他老人家,贫苦人民的大救星,救星,老人家,NT,自然,TM,时间,1,具体→具体,184,0.7369,,,,,,,0.2948,,0.1621,1
xb_00855,种族主义制度,深重灾难的根源,根源,制度,LV,生命,SC,社会,2,具体→抽象,263,0.7871,,,,,,,0.3148,,0.1732,1
xb_00856,中国人民解放军和民兵,伟大领袖毛主席亲自缔造的人民武装,武装,民兵,HM,人体,ST,结构,1,具体→具体,1099,0.9885,,,,,,,0.3954,,0.2175,2
xb_00857,华国锋同志,伟大领袖毛主席亲自选定的接班人,接班人,同志,HM,人体,SC,社会,1,具体→具体,1099,0.9885,,,,,,,0.3954,,0.2175,2
xb_00858,毛主席,新中国的缔造者,缔造者,主席,HM,人体,TM,时间,1,具体→具体,1099,0.9885,,,,,,,0.3954,,0.2175,2
xb_00859,五六——一一○潜艇,伟大领袖毛主席生前视察过的光荣战艇,战艇,潜艇,OB,物体,SC,社会,2,具体→抽象,1192,1.0,,,,,,,0.4,,0.22,2
xb_00860,交城的山,光秃头,秃头,山,BD,建筑,AB,抽象,1,具体→具体,221,0.7626,,,,,,,0.3051,,0.1678,1
xb_00861,这种唯我主义,封建地主阶级和资产阶级的世界观,世界观,唯我主义,OB,物体,ST,结构,3,抽象→抽象,1192,1.0,,,,,,,0.4,,0.22,2
xb_00862,大庆油田,伟大领袖毛主席亲自树立的一面红旗,红旗,油田,OB,物体,SC,社会,1,具体→具体,1192,1.0,,,,,,,0.4,,0.22,2
xb_00863,癌症,常见病,常见病,癌症,OB,物体,AB,抽象,1,具体→具体,1192,1.0,,,,,,,0.4,,0.22,2
xb_00864,历史,个别英雄人物创造的,人物,历史,HM,人体,TM,时间,2,具体→抽象,1099,0.9885,,,,,,,0.3954,,0.2175,2
xb_00865,红太阳,伟大领袖毛主席的象征,象征,太阳,OB,物体,SC,社会,4,抽象→具体,1192,1.0,,,,,,,0.4,,0.22,2
xb_00866,毛泽东思想,普遍真理,真理,思想,OB,物体,TH,思维,3,抽象→抽象,1192,1.0,,,,,,,0.4,,0.22,2
xb_00867,这些经验,伟大领袖和导师毛主席领导我们党在革命战争时期创造的,时期,经验,WR,战争,TM,时间,1,具体→具体,198,0.7472,,,,,,,0.2989,,0.1644,1
xb_00868,华主席,伟大导师毛主席当之无愧的接班人,接班人,主席,HM,人体,SC,社会,1,具体→具体,1099,0.9885,,,,,,,0.3954,,0.2175,2
xb_00869,集体生产劳动,干部和群众心连心的一根红线,红线,劳动,BD,建筑,SC,社会,2,具体→抽象,221,0.7626,,,,,,,0.3051,,0.1678,1
xb_00870,我们党和国家的干部,普通劳动者,劳动者,干部,HM,人体,ST,结构,1,具体→具体,1099,0.9885,,,,,,,0.3954,,0.2175,2
xb_00871,荔枝,名贵果品,果品,荔枝,FD,食物,MR,机器,1,具体→具体,46,0.5435,,,,,,,0.2174,,0.1196,1
xb_00872,任人唯亲的资产阶级干部路线,涣散党,涣散党,路线,OB,物体,SC,社会,2,具体→抽象,1192,1.0,,,,,,,0.4,,0.22,2
xb_00873,群众路线,伟大领袖和导师毛主席亲自为我们党树立的优良传统和作风,作风,路线,OB,物体,SC,社会,3,抽象→抽象,1192,1.0,,,,,,,0.4,,0.22,2
xb_00874,四个现代化,伟大领袖毛主席提的,领袖,现代化,OB,物体,AB,抽象,1,具体→具体,1192,1.0,,,,,,,0.4,,0.22,2
xb_00875,所有的共产党人应当采取的一个正确步骤,最大限度地利用美苏两个超级大国之间的矛盾,矛盾,步骤,OB,物体,MR,机器,3,抽象→抽象,1192,1.0,,,,,,,0.4,,0.22,2
xb_00876,解放台湾统一祖国,伟大领袖毛主席的遗愿,遗愿,祖国,OB,物体,SC,社会,3,抽象→抽象,1192,1.0,,,,,,,0.4,,0.22,2
xb_00877,朝中两国人民,在反对共同敌人的长期斗争中并肩战斗的革命战友,战友,人民,WR,战争,SC,社会,2,具体→抽象,198,0.7472,,,,,,,0.2989,,0.1644,1
xb_00878,中国人民,勤劳智慧的人民,人民,人民,HM,人体,MR,机器,2,具体→抽象,1099,0.9885,,,,,,,0.3954,,0.2175,2
xb_00879,尼中两国,友好邻邦,邻邦,国,HM,人体,SC,社会,1,具体→具体,1099,0.9885,,,,,,,0.3954,,0.2175,2
xb_00880,中卢两国,友好国家,国家,国,HM,人体,SC,社会,1,具体→具体,1099,0.9885,,,,,,,0.3954,,0.2175,2
xb_00881,母亲,贫苦农民家里的人,人,母亲,HM,人体,AB,抽象,1,具体→具体,1099,0.9885,,,,,,,0.3954,,0.2175,2
xb_00882,湖羊,稀有品种,品种,湖羊,OB,物体,MR,机器,1,具体→具体,1192,1.0,,,,,,,0.4,,0.22,2
xb_00883,议会,最高权力机构,机构,议会,HM,人体,SC,社会,4,抽象→具体,1099,0.9885,,,,,,,0.3954,,0.2175,2
xb_00884,中泰两国,友好邻邦,邻邦,国,HM,人体,SC,社会,1,具体→具体,1099,0.9885,,,,,,,0.3954,,0.2175,2
xb_00885,煤矿工人,笨重体力劳动,劳动,工人,HM,人体,LF,光线,4,抽象→具体,1099,0.9885,,,,,,,0.3954,,0.2175,2
xb_00886,巴、中友谊,友好邻邦和互相合作的光辉典范,典范,中友谊,OB,物体,ST,结构,3,抽象→抽象,1192,1.0,,,,,,,0.4,,0.22,2
xb_00887,共产党员,特殊材料制成的,材料,共产党员,OB,物体,MR,机器,1,具体→具体,1192,1.0,,,,,,,0.4,,0.22,2
xb_00888,我们两国,友好邻国,邻国,国,HM,人体,SC,社会,1,具体→具体,1099,0.9885,,,,,,,0.3954,,0.2175,2
xb_00889,鸡心枣,最好品种之一,之一,鸡心,OB,物体,MR,机器,1,具体→具体,1192,1.0,,,,,,,0.4,,0.22,2
xb_00890,先进生产者,先进生产力的优秀代表,代表,生产者,HM,人体,EV,事件,2,具体→抽象,1099,0.9885,,,,,,,0.3954,,0.2175,2
xb_00891,你们,工人阶级,阶级,你们,HM,人体,LF,光线,4,抽象→具体,1099,0.9885,,,,,,,0.3954,,0.2175,2
xb_00892,这次会议,空前规模的少数民族作家的盛会,盛会,会议,HM,人体,ST,结构,1,具体→具体,1099,0.9885,,,,,,,0.3954,,0.2175,2
xb_00893,马克思的历史唯物主义,科学思想中的最大成果,成果,唯物主义,OB,物体,MR,机器,3,抽象→抽象,1192,1.0,,,,,,,0.4,,0.22,2
xb_00894,中华民族,优秀民族,民族,民族,HM,人体,SC,社会,2,具体→抽象,1099,0.9885,,,,,,,0.3954,,0.2175,2
xb_00895,自行车,紧俏商品,商品,自行车,OB,物体,AB,抽象,1,具体→具体,1192,1.0,,,,,,,0.4,,0.22,2
xb_00896,粗纺呢绒在国内市场,紧缺商品,商品,市场,OB,物体,AB,抽象,1,具体→具体,1192,1.0,,,,,,,0.4,,0.22,2
xb_00897,特权,封建遗毒,遗毒,特权,OB,物体,ST,结构,3,抽象→抽象,1192,1.0,,,,,,,0.4,,0.22,2
xb_00898,埃—以条约,全面和平的开端,开端,埃—,OB,物体,ST,结构,3,抽象→抽象,1192,1.0,,,,,,,0.4,,0.22,2
xb_00899,中孟两国,友好近邻,近邻,国,HM,人体,SC,社会,1,具体→具体,1099,0.9885,,,,,,,0.3954,,0.2175,2
xb_00900,国际会议,最好讲坛,讲坛,会议,OB,物体,SC,社会,1,具体→具体,1192,1.0,,,,,,,0.4,,0.22,2
xb_00901,人民解放军,伟大祖国的钢铁长城,长城,解放军,OB,物体,LF,光线,1,具体→具体,1192,1.0,,,,,,,0.4,,0.22,2
xb_00902,这杆秤,公平秤,公平秤,杆秤,OB,物体,ST,结构,1,具体→具体,1192,1.0,,,,,,,0.4,,0.22,2
xb_00903,中马两国,友好邻邦,邻邦,国,HM,人体,SC,社会,1,具体→具体,1099,0.9885,,,,,,,0.3954,,0.2175,2
xb_00904,祖国西北的大部分地区,干旱高原,高原,地区,SP,空间,AB,抽象,1,具体→具体,203,0.7507,,,,,,,0.3003,,0.1652,1
xb_00905,物质,认识的唯一源泉,源泉,物质,NT,自然,SC,社会,2,具体→抽象,184,0.7369,,,,,,,0.2948,,0.1621,1
xb_00906,书本知识,典型疾病的概括和综合,概括,知识,OB,物体,TH,思维,3,抽象→抽象,1192,1.0,,,,,,,0.4,,0.22,2
xb_00907,宪法,根本大法,大法,宪法,OB,物体,SC,社会,3,抽象→抽象,1192,1.0,,,,,,,0.4,,0.22,2
xb_00908,共产主义,科学真理,真理,共产主义,OB,物体,ST,结构,3,抽象→抽象,1192,1.0,,,,,,,0.4,,0.22,2
xb_00909,中津两国人民,亲密朋友,朋友,人民,HM,人体,SC,社会,2,具体→抽象,1099,0.9885,,,,,,,0.3954,,0.2175,2
xb_00910,这种理想,最美好最高尚的理想,理想,理想,OB,物体,MR,机器,3,抽象→抽象,1192,1.0,,,,,,,0.4,,0.22,2
xb_00911,垦殖橡胶,科学事业,事业,橡胶,OB,物体,ST,结构,4,抽象→具体,1192,1.0,,,,,,,0.4,,0.22,2
xb_00912,人民解放军,严明纪律的榜样,榜样,解放军,OB,物体,LF,光线,4,抽象→具体,1192,1.0,,,,,,,0.4,,0.22,2
xb_00913,马克思主义,科学,科学,马克思主义,OB,物体,ST,结构,3,抽象→抽象,1192,1.0,,,,,,,0.4,,0.22,2
xb_00914,木材,紧缺物资,物资,木材,OB,物体,AB,抽象,1,具体→具体,1192,1.0,,,,,,,0.4,,0.22,2
xb_00915,绿草和树木,固定太阳能的巨大工厂,工厂,树木,OB,物体,AB,抽象,1,具体→具体,1192,1.0,,,,,,,0.4,,0.22,2
xb_00916,主权,最高权威,权威,主权,FC,力量,SC,社会,3,抽象→抽象,84,0.6271,,,,,,,0.2508,,0.138,1
xb_00917,我国工人阶级,先进生产力和先进生产关系的代表,代表,阶级,HM,人体,SC,社会,2,具体→抽象,1099,0.9885,,,,,,,0.3954,,0.2175,2
xb_00918,保护文物,爱国行为,行为,文物,HM,人体,ST,结构,4,抽象→具体,1099,0.9885,,,,,,,0.3954,,0.2175,2
xb_00919,马列主义,科学真理,真理,马列主义,OB,物体,ST,结构,3,抽象→抽象,1192,1.0,,,,,,,0.4,,0.22,2
xb_00920,哥哥,诗人,诗人,哥哥,HM,人体,LF,光线,1,具体→具体,1099,0.9885,,,,,,,0.3954,,0.2175,2
xb_00921,不同的历史条件,不同时代历史人物产生的育床,育床,条件,OB,物体,TM,时间,2,具体→抽象,1192,1.0,,,,,,,0.4,,0.22,2
xb_00922,草,固定太阳能的巨大工厂,工厂,草,OB,物体,AB,抽象,1,具体→具体,1192,1.0,,,,,,,0.4,,0.22,2
xb_00923,共产党员,特殊材料制成的,材料,共产党员,OB,物体,MR,机器,1,具体→具体,1192,1.0,,,,,,,0.4,,0.22,2
xb_00924,人物性格,理想艺术表现的真正中心,中心,性格,SP,空间,SC,社会,2,具体→抽象,203,0.7507,,,,,,,0.3003,,0.1652,1
xb_00925,戏曲现代戏,"""三并举""的内容之一",之一,现代戏,OB,物体,SC,社会,4,抽象→具体,1192,1.0,,,,,,,0.4,,0.22,2
xb_00926,银杏树,长寿树,树,银杏树,LV,生命,AB,抽象,1,具体→具体,263,0.7871,,,,,,,0.3148,,0.1732,1
xb_00927,鹅肥肝在国际市场,热门货,货,市场,OB,物体,AB,抽象,1,具体→具体,1192,1.0,,,,,,,0.4,,0.22,2
xb_00928,知识,力量,力量,知识,FC,力量,TH,思维,3,抽象→抽象,84,0.6271,,,,,,,0.2508,,0.138,1
xb_00929,科学技术,现实生产力,生产力,技术,OB,物体,AB,抽象,3,抽象→抽象,1192,1.0,,,,,,,0.4,,0.22,2
xb_00930,中朝两国,友好邻邦,邻邦,国,HM,人体,SC,社会,1,具体→具体,1099,0.9885,,,,,,,0.3954,,0.2175,2
xb_00931,中朝友谊,两国人民在斗争中用鲜血凝成的,鲜血,友谊,BD,建筑,ST,结构,2,具体→抽象,221,0.7626,,,,,,,0.3051,,0.1678,1
xb_00932,药品,特殊商品,商品,药品,OB,物体,AB,抽象,1,具体→具体,1192,1.0,,,,,,,0.4,,0.22,2
xb_00933,坎皮纳斯农艺研究所,科学城的又一重要象征,科学城,研究所,OB,物体,SC,社会,4,抽象→具体,1192,1.0,,,,,,,0.4,,0.22,2
xb_00934,干出成效,统一思想的最好方法,方法,成效,OB,物体,AB,抽象,3,抽象→抽象,1192,1.0,,,,,,,0.4,,0.22,2
xb_00935,家谱,封建宗法社会的产物,产物,家谱,OB,物体,ST,结构,4,抽象→具体,1192,1.0,,,,,,,0.4,,0.22,2
xb_00936,话,开心钥匙,钥匙,话,OB,物体,AB,抽象,2,具体→抽象,1192,1.0,,,,,,,0.4,,0.22,2
xb_00937,共产党员,特殊材料制成的,材料,共产党员,OB,物体,MR,机器,1,具体→具体,1192,1.0,,,,,,,0.4,,0.22,2
xb_00938,党员,知心人,人,党员,HM,人体,SC,社会,1,具体→具体,1099,0.9885,,,,,,,0.3954,,0.2175,2
xb_00939,土地,宝贵资源,资源,土地,EC,经济,MR,机器,4,抽象→具体,129,0.6871,,,,,,,0.2748,,0.1512,1
xb_00940,全国抵抗委员会,最高权力机构,机构,委员会,HM,人体,SC,社会,4,抽象→具体,1099,0.9885,,,,,,,0.3954,,0.2175,2
xb_00941,广交朋友,基本外交政策,政策,朋友,OB,物体,AB,抽象,4,抽象→具体,1192,1.0,,,,,,,0.4,,0.22,2
xb_00942,中药,特殊商品,商品,中药,OB,物体,AB,抽象,4,抽象→具体,1192,1.0,,,,,,,0.4,,0.22,2
xb_00943,科学,直接生产力,生产力,科学,OB,物体,AB,抽象,3,抽象→抽象,1192,1.0,,,,,,,0.4,,0.22,2
xb_00944,液化气,热门货,货,液化气,OB,物体,AB,抽象,4,抽象→具体,1192,1.0,,,,,,,0.4,,0.22,2
xb_00945,妒忌这东西,封建思想遗留下来的一个肿瘤,肿瘤,东西,OB,物体,ST,结构,2,具体→抽象,1192,1.0,,,,,,,0.4,,0.22,2
xb_00946,中尼两国,友好邻邦,邻邦,国,HM,人体,SC,社会,1,具体→具体,1099,0.9885,,,,,,,0.3954,,0.2175,2
xb_00947,马克思主义哲学原理,最高层次的抽象,层次,原理,SP,空间,AB,抽象,3,抽象→抽象,203,0.7507,,,,,,,0.3003,,0.1652,1
xb_00948,培养第三梯队,重要决策,决策,梯队,OB,物体,AB,抽象,4,抽象→具体,1192,1.0,,,,,,,0.4,,0.22,2
xb_00949,宗教,无情世界的感情,感情,宗教,OB,物体,LF,光线,3,抽象→抽象,1192,1.0,,,,,,,0.4,,0.22,2
xb_00950,恩贾梅纳政府,合法政府,政府,政府,HM,人体,SC,社会,4,抽象→具体,1099,0.9885,,,,,,,0.3954,,0.2175,2
xb_00951,政协委员,团结对象,对象,委员,OB,物体,EV,事件,4,抽象→具体,1192,1.0,,,,,,,0.4,,0.22,2
xb_00952,本质,平等主体之间有关权利义务的争讼,争讼,本质,OB,物体,LF,光线,3,抽象→抽象,1192,1.0,,,,,,,0.4,,0.22,2
xb_00953,党报党刊,重要精神食粮,食粮,党刊,FD,食物,SC,社会,2,具体→抽象,46,0.5435,,,,,,,0.2174,,0.1196,1
xb_00954,调查质量,人口抽样调查的生命,生命,质量,LV,生命,AB,抽象,3,抽象→抽象,263,0.7871,,,,,,,0.3148,,0.1732,1
xb_00955,制度,客观规律的科学总结,总结,制度,OB,物体,SC,社会,3,抽象→抽象,1192,1.0,,,,,,,0.4,,0.22,2
xb_00956,生猪,鲜活商品,商品,生猪,OB,物体,AB,抽象,4,抽象→具体,1192,1.0,,,,,,,0.4,,0.22,2
xb_00957,体育人才,特殊人才,人才,人才,HM,人体,ST,结构,4,抽象→具体,1099,0.9885,,,,,,,0.3954,,0.2175,2
xb_00958,土地,紧缺资源,资源,土地,EC,经济,MR,机器,4,抽象→具体,129,0.6871,,,,,,,0.2748,,0.1512,1
xb_00959,第三世界,最大和平力量,力量,世界,FC,力量,SC,社会,3,抽象→抽象,84,0.6271,,,,,,,0.2508,,0.138,1
xb_00960,美中两国,友好国家,国家,国,HM,人体,SC,社会,1,具体→具体,1099,0.9885,,,,,,,0.3954,,0.2175,2
xb_00961,劳动成本,重要因素,因素,成本,OB,物体,AB,抽象,3,抽象→抽象,1192,1.0,,,,,,,0.4,,0.22,2
xb_00962,高级专家协会,高级人才汇集的人才库,人才库,协会,HM,人体,SC,社会,1,具体→具体,1099,0.9885,,,,,,,0.3954,,0.2175,2
xb_00963,乾隆的政策,封建小农社会的产物,产物,政策,OB,物体,SC,社会,3,抽象→抽象,1192,1.0,,,,,,,0.4,,0.22,2
xb_00964,经济指标高低,重要标准,标准,指标,OB,物体,AB,抽象,3,抽象→抽象,1192,1.0,,,,,,,0.4,,0.22,2
xb_00965,中朝两国,亲密邻邦,邻邦,国,HM,人体,SC,社会,1,具体→具体,1099,0.9885,,,,,,,0.3954,,0.2175,2
xb_00966,决策,行动的先导,先导,决策,TR,交通,AB,抽象,3,抽象→抽象,41,0.5276,,,,,,,0.211,,0.1161,1
xb_00967,金融组织的新形式,商品经济发展的产物,产物,形式,OB,物体,SC,社会,3,抽象→抽象,1192,1.0,,,,,,,0.4,,0.22,2
xb_00968,军人,普通老百姓穿上军装的人,人,军人,HM,人体,LF,光线,1,具体→具体,1099,0.9885,,,,,,,0.3954,,0.2175,2
xb_00969,工会和企业界三方协议,稳定经济的关键,经济,协议,OB,物体,AB,抽象,3,抽象→抽象,1192,1.0,,,,,,,0.4,,0.22,2
xb_00970,这种情况,发达国家工业化所造成的,工业化,情况,OB,物体,ST,结构,4,抽象→具体,1192,1.0,,,,,,,0.4,,0.22,2
xb_00971,中泰友好关系,不同制度国家合作典范,典范,关系,OB,物体,SC,社会,3,抽象→抽象,1192,1.0,,,,,,,0.4,,0.22,2
xb_00972,农业,安定天下的产业,产业,农业,EC,经济,SC,社会,4,抽象→具体,129,0.6871,,,,,,,0.2748,,0.1512,1
xb_00973,医药,特殊商品,商品,医药,OB,物体,ST,结构,4,抽象→具体,1192,1.0,,,,,,,0.4,,0.22,2
xb_00974,我国各少数民族,勤劳智慧的民族,民族,民族,HM,人体,SC,社会,2,具体→抽象,1099,0.9885,,,,,,,0.3954,,0.2175,2
xb_00975,抓农业,稳定大局的基础,基础,农业,OB,物体,SC,社会,4,抽象→具体,1192,1.0,,,,,,,0.4,,0.22,2
xb_00976,各民主党派,合法政党,政党,党派,HM,人体,ST,结构,4,抽象→具体,1099,0.9885,,,,,,,0.3954,,0.2175,2
xb_00977,体育,文明国家在和平时期的一种战争,战争,体育,WR,战争,ST,结构,3,抽象→抽象,198,0.7472,,,,,,,0.2989,,0.1644,1
xb_00978,中国,朝鲜的后方,后方,中国,OB,物体,AB,抽象,1,具体→具体,1192,1.0,,,,,,,0.4,,0.22,2
xb_00979,机构等等条件,法治的硬环境,硬环境,条件,OB,物体,AB,抽象,4,抽象→具体,1192,1.0,,,,,,,0.4,,0.22,2
xb_00980,印度尼西亚人民,勤劳智慧的人民,人民,人民,HM,人体,ST,结构,2,具体→抽象,1099,0.9885,,,,,,,0.3954,,0.2175,2
xb_00981,农村党支部,团结群众和带领群众建设社会主义的堡垒,堡垒,党支部,OB,物体,SC,社会,1,具体→具体,1192,1.0,,,,,,,0.4,,0.22,2
xb_00982,党内外群众,基本力量,力量,群众,FC,力量,SC,社会,2,具体→抽象,84,0.6271,,,,,,,0.2508,,0.138,1
xb_00983,漫画,幽默艺术,艺术,漫画,OB,物体,ST,结构,4,抽象→具体,1192,1.0,,,,,,,0.4,,0.22,2
xb_00984,青年,贫困地区经济开发的生力军,生力军,青年,WR,战争,AB,抽象,1,具体→具体,198,0.7472,,,,,,,0.2989,,0.1644,1
xb_00985,典型群,先进思想的凝聚,凝聚,群,OB,物体,ST,结构,4,抽象→具体,1192,1.0,,,,,,,0.4,,0.22,2
xb_00986,文章,客观事物的反映,反映,文章,OB,物体,ST,结构,4,抽象→具体,1192,1.0,,,,,,,0.4,,0.22,2
xb_00987,硬通货,重要的战略物资,物资,货,WR,战争,AB,抽象,4,抽象→具体,198,0.7472,,,,,,,0.2989,,0.1644,1
xb_00988,马克思主义,普遍真理,真理,马克思主义,OB,物体,ST,结构,3,抽象→抽象,1192,1.0,,,,,,,0.4,,0.22,2
xb_00989,传统相声,传统文化宝库的一部分,宝库,相声,HM,人体,MR,机器,1,具体→具体,1099,0.9885,,,,,,,0.3954,,0.2175,2
xb_00990,共产党,特殊材料做成的,材料,共产党,OB,物体,LF,光线,1,具体→具体,1192,1.0,,,,,,,0.4,,0.22,2
xb_00991,人多地少,基本国情,国情,人,OB,物体,ST,结构,3,抽象→抽象,1192,1.0,,,,,,,0.4,,0.22,2
xb_00992,冬虫夏草,名贵中药,中药,夏草,OB,物体,ST,结构,1,具体→具体,1192,1.0,,,,,,,0.4,,0.22,2
xb_00993,白皮书,团结世界大多数国家真正维护人权的宣言书,宣言书,白皮书,OB,物体,AB,抽象,1,具体→具体,1192,1.0,,,,,,,0.4,,0.22,2
xb_00994,马克思主义哲学,科学社会主义的理论前提,前提,哲学,OB,物体,SC,社会,3,抽象→抽象,1192,1.0,,,,,,,0.4,,0.22,2
xb_00995,童工,廉价劳动力,劳动力,童工,FC,力量,ST,结构,4,抽象→具体,84,0.6271,,,,,,,0.2508,,0.138,1
xb_00996,以色列,中东地区的一个重要国家,国家,以色列,HM,人体,SC,社会,1,具体→具体,1099,0.9885,,,,,,,0.3954,,0.2175,2
xb_00997,犹太民族,勤劳智慧的民族,民族,民族,HM,人体,SC,社会,2,具体→抽象,1099,0.9885,,,,,,,0.3954,,0.2175,2
xb_00998,军人,特殊职业,职业,军人,HM,人体,LF,光线,4,抽象→具体,1099,0.9885,,,,,,,0.3954,,0.2175,2
xb_00999,知识分子,先进生产力的开拓者,开拓者,知识分子,HM,人体,TH,思维,1,具体→具体,1099,0.9885,,,,,,,0.3954,,0.2175,2
xb_01000,药品,特殊商品,商品,药品,OB,物体,ST,结构,4,抽象→具体,1192,1.0,,,,,,,0.4,,0.22,2
xb_01001,中缅,友好邻邦,邻邦,中缅,HM,人体,SC,社会,1,具体→具体,1099,0.9885,,,,,,,0.3954,,0.2175,2
xb_01002,主观直觉印象的方法,经验方法,方法,方法,OB,物体,ST,结构,3,抽象→抽象,1192,1.0,,,,,,,0.4,,0.22,2
xb_01003,优秀企业家,先进生产力的代表,代表,企业家,HM,人体,SC,社会,4,抽象→具体,1099,0.9885,,,,,,,0.3954,,0.2175,2
xb_01004,好八连精神,宝贵财富,财富,精神,EC,经济,MR,机器,3,抽象→抽象,129,0.6871,,,,,,,0.2748,,0.1512,1
xb_01005,知名度,重要资源,资源,知名度,EC,经济,MR,机器,2,具体→抽象,129,0.6871,,,,,,,0.2748,,0.1512,1
xb_01006,图书,特殊商品,商品,图书,OB,物体,ST,结构,4,抽象→具体,1192,1.0,,,,,,,0.4,,0.22,2
xb_01007,真正的共产党人,特殊材料做成的,材料,共产党人,OB,物体,LF,光线,1,具体→具体,1192,1.0,,,,,,,0.4,,0.22,2
xb_01008,党史志书,真实权威的文献资料,资料,史志书,OB,物体,ST,结构,1,具体→具体,1192,1.0,,,,,,,0.4,,0.22,2
xb_01009,人民,最高价值主体,主体,人民,OB,物体,SC,社会,2,具体→抽象,1192,1.0,,,,,,,0.4,,0.22,2
xb_01010,粮食,特殊商品,商品,粮食,OB,物体,ST,结构,4,抽象→具体,1192,1.0,,,,,,,0.4,,0.22,2
xb_01011,社劳党,民主左派党,党,社劳党,HM,人体,ST,结构,4,抽象→具体,1099,0.9885,,,,,,,0.3954,,0.2175,2
xb_01012,成功的经验,宝贵财富,财富,经验,EC,经济,MR,机器,3,抽象→抽象,129,0.6871,,,,,,,0.2748,,0.1512,1
xb_01013,失败的教训,宝贵财富,财富,教训,EC,经济,MR,机器,3,抽象→抽象,129,0.6871,,,,,,,0.2748,,0.1512,1
xb_01014,解放军,威武文明之师,师,解放军,WR,战争,AB,抽象,1,具体→具体,198,0.7472,,,,,,,0.2989,,0.1644,1
xb_01015,粮食,战略物资,物资,粮食,WR,战争,SC,社会,4,抽象→具体,198,0.7472,,,,,,,0.2989,,0.1644,1
xb_01016,辩证唯物主义,普遍真理,真理,唯物主义,OB,物体,ST,结构,3,抽象→抽象,1192,1.0,,,,,,,0.4,,0.22,2
xb_01017,罗马尼亚人民,勤劳智慧的人民,人民,人民,HM,人体,ST,结构,2,具体→抽象,1099,0.9885,,,,,,,0.3954,,0.2175,2
xb_01018,工人阶级,先进生产力和生产关系的代表,代表,阶级,HM,人体,SC,社会,2,具体→抽象,1099,0.9885,,,,,,,0.3954,,0.2175,2
xb_01019,出版物,特殊商品,商品,出版物,OB,物体,ST,结构,4,抽象→具体,1192,1.0,,,,,,,0.4,,0.22,2
xb_01020,人才,科学知识的载体,载体,人才,OB,物体,LF,光线,2,具体→抽象,1192,1.0,,,,,,,0.4,,0.22,2
xb_01021,共产党员,特殊材料制成的,材料,共产党员,OB,物体,MR,机器,1,具体→具体,1192,1.0,,,,,,,0.4,,0.22,2
xb_01022,劳动力,重要资源,资源,劳动力,EC,经济,MR,机器,2,具体→抽象,129,0.6871,,,,,,,0.2748,,0.1512,1
xb_01023,迷信鬼神,现实土壤里生长出来的活生生的不结实的莠草,莠草,鬼神,LV,生命,ST,结构,2,具体→抽象,263,0.7871,,,,,,,0.3148,,0.1732,1
xb_01024,青年,科学殿堂的'王子','王,青年,HM,人体,SC,社会,1,具体→具体,1099,0.9885,,,,,,,0.3954,,0.2175,2
xb_01025,公民受教育权,基本人权之一,之一,教育权,HM,人体,ST,结构,3,抽象→抽象,1099,0.9885,,,,,,,0.3954,,0.2175,2
xb_01026,社会主义国家,全体人民利益的代表,代表,国家,HM,人体,SC,社会,2,具体→抽象,1099,0.9885,,,,,,,0.3954,,0.2175,2
xb_01027,机遇,客观经济规律的阶段性表现,表现,机遇,EC,经济,ST,结构,3,抽象→抽象,129,0.6871,,,,,,,0.2748,,0.1512,1
xb_01028,吉中两国,友好邻邦,邻邦,国,HM,人体,SC,社会,1,具体→具体,1099,0.9885,,,,,,,0.3954,,0.2175,2
xb_01029,爆炸事件,恐怖分子蓄意制造的,分子,事件,OB,物体,ST,结构,1,具体→具体,1192,1.0,,,,,,,0.4,,0.22,2
xb_01030,俄罗斯人民,勤劳智慧的伟大人民,人民,人民,HM,人体,ST,结构,2,具体→抽象,1099,0.9885,,,,,,,0.3954,,0.2175,2
xb_01031,俄罗斯军队,英勇善战的伟大军队,军队,军队,WR,战争,AB,抽象,1,具体→具体,198,0.7472,,,,,,,0.2989,,0.1644,1
xb_01032,共产党,劳苦人民的救星,救星,共产党,NT,自然,SC,社会,2,具体→抽象,184,0.7369,,,,,,,0.2948,,0.1621,1
xb_01033,毛泽东同志,光辉典范,典范,同志,OB,物体,AB,抽象,4,抽象→具体,1192,1.0,,,,,,,0.4,,0.22,2
xb_01034,崇高精神,高雅艺术健康发展的前提,前提,精神,OB,物体,AB,抽象,3,抽象→抽象,1192,1.0,,,,,,,0.4,,0.22,2
xb_01035,观众,艺术生存的土壤,土壤,观众,OB,物体,AB,抽象,1,具体→具体,1192,1.0,,,,,,,0.4,,0.22,2
xb_01036,外汇,重要资源,资源,外汇,EC,经济,MR,机器,2,具体→抽象,129,0.6871,,,,,,,0.2748,,0.1512,1
xb_01037,优秀的企业家,先进生产力的代表,代表,企业家,HM,人体,SC,社会,4,抽象→具体,1099,0.9885,,,,,,,0.3954,,0.2175,2
xb_01038,行业控股公司,特殊资本经营实体,实体,公司,EC,经济,ST,结构,1,具体→具体,129,0.6871,,,,,,,0.2748,,0.1512,1
xb_01039,钢材,紧俏商品,商品,钢材,OB,物体,SC,社会,4,抽象→具体,1192,1.0,,,,,,,0.4,,0.22,2
xb_01040,中尼两国,友好邻邦,邻邦,国,HM,人体,SC,社会,1,具体→具体,1099,0.9885,,,,,,,0.3954,,0.2175,2
xb_01041,食物替代的规律,普遍规律,规律,规律,OB,物体,AB,抽象,3,抽象→抽象,1192,1.0,,,,,,,0.4,,0.22,2
xb_01042,雕塑,著名艺术家冈金的杰作,杰作,雕塑,OB,物体,MR,机器,4,抽象→具体,1192,1.0,,,,,,,0.4,,0.22,2
xb_01043,红军老战士的革命精神和崇高品德,宝贵财富,财富,崇高品德,EC,经济,MR,机器,3,抽象→抽象,129,0.6871,,,,,,,0.2748,,0.1512,1
xb_01044,朝鲜人民,勤劳智慧的人民,人民,人民,HM,人体,ST,结构,2,具体→抽象,1099,0.9885,,,,,,,0.3954,,0.2175,2
xb_01045,大型企业集团,先进生产力的代表,代表,集团,HM,人体,SC,社会,4,抽象→具体,1099,0.9885,,,,,,,0.3954,,0.2175,2
xb_01046,小城镇,外向经济的桥头堡,桥头堡,城镇,EC,经济,AB,抽象,1,具体→具体,129,0.6871,,,,,,,0.2748,,0.1512,1
xb_01047,国旗,伟大祖国的象征,象征,国旗,OB,物体,MR,机器,4,抽象→具体,1192,1.0,,,,,,,0.4,,0.22,2
xb_01048,芭蕾艺术共存共荣,客观规律,规律,共荣,OB,物体,ST,结构,3,抽象→抽象,1192,1.0,,,,,,,0.4,,0.22,2
xb_01049,毛泽东思想,科学真理,真理,思想,OB,物体,TH,思维,3,抽象→抽象,1192,1.0,,,,,,,0.4,,0.22,2
xb_01050,中华民族,勤劳智慧的民族,民族,民族,HM,人体,SC,社会,2,具体→抽象,1099,0.9885,,,,,,,0.3954,,0.2175,2
xb_01051,中朝两国,友好邻邦,邻邦,国,HM,人体,SC,社会,1,具体→具体,1099,0.9885,,,,,,,0.3954,,0.2175,2
xb_01052,妇联,党和政府联系群众的桥梁和纽带,纽带,妇联,OB,物体,AB,抽象,1,具体→具体,1192,1.0,,,,,,,0.4,,0.22,2
xb_01053,知识分子,先进生产力的开拓者,开拓者,知识分子,HM,人体,TH,思维,1,具体→具体,1099,0.9885,,,,,,,0.3954,,0.2175,2
xb_01054,股份合作制企业,独立法人,法人,企业,HM,人体,SC,社会,4,抽象→具体,1099,0.9885,,,,,,,0.3954,,0.2175,2
xb_01055,科学技术,直接生产力,生产力,技术,OB,物体,AB,抽象,3,抽象→抽象,1192,1.0,,,,,,,0.4,,0.22,2
xb_01056,国旗,伟大祖国的象征和标志,标志,国旗,OB,物体,MR,机器,4,抽象→具体,1192,1.0,,,,,,,0.4,,0.22,2
xb_01057,我国工人阶级,先进生产力和生产关系的代表,代表,阶级,HM,人体,SC,社会,2,具体→抽象,1099,0.9885,,,,,,,0.3954,,0.2175,2
xb_01058,邓小平理论,统一全党思想的坚实思想基础,基础,理论,OB,物体,TH,思维,2,具体→抽象,1192,1.0,,,,,,,0.4,,0.22,2
xb_01059,人才,根本,根本,人才,OB,物体,SC,社会,3,抽象→抽象,1192,1.0,,,,,,,0.4,,0.22,2
xb_01060,成功的经验,宝贵财富,财富,经验,EC,经济,MR,机器,3,抽象→抽象,129,0.6871,,,,,,,0.2748,,0.1512,1
xb_01061,中老两国,友好邻邦,邻邦,国,HM,人体,SC,社会,1,具体→具体,1099,0.9885,,,,,,,0.3954,,0.2175,2
xb_01062,科学的理论,客观事物运动内在规律的反映,反映,理论,OB,物体,TH,思维,3,抽象→抽象,1192,1.0,,,,,,,0.4,,0.22,2
xb_01063,企业家,稀缺资源,资源,企业家,EC,经济,MR,机器,4,抽象→具体,129,0.6871,,,,,,,0.2748,,0.1512,1
xb_01064,中华民族,勤劳智慧的民族,民族,民族,HM,人体,SC,社会,2,具体→抽象,1099,0.9885,,,,,,,0.3954,,0.2175,2
xb_01065,天然气,洁净能源,能源,天然气,OB,物体,ST,结构,4,抽象→具体,1192,1.0,,,,,,,0.4,,0.22,2
xb_01066,中韩两国,友好邻邦,邻邦,国,HM,人体,SC,社会,1,具体→具体,1099,0.9885,,,,,,,0.3954,,0.2175,2
xb_01067,工人阶级,先进生产力和生产关系的代表,代表,阶级,HM,人体,SC,社会,2,具体→抽象,1099,0.9885,,,,,,,0.3954,,0.2175,2
xb_01068,药店,特殊商店,商店,药店,OB,物体,ST,结构,1,具体→具体,1192,1.0,,,,,,,0.4,,0.22,2
xb_01069,佛手,珍贵药材,药材,佛手,OB,物体,MR,机器,1,具体→具体,1192,1.0,,,,,,,0.4,,0.22,2
xb_01070,中国人民,勤劳智慧、非常能干的人民,人民,人民,HM,人体,LF,光线,2,具体→抽象,1099,0.9885,,,,,,,0.3954,,0.2175,2
xb_01071,邓小平理论,科学真理,真理,理论,OB,物体,TH,思维,3,抽象→抽象,1192,1.0,,,,,,,0.4,,0.22,2
xb_01072,工人阶级,先进社会生产力的代表,代表,阶级,HM,人体,SC,社会,2,具体→抽象,1099,0.9885,,,,,,,0.3954,,0.2175,2
xb_01073,社会主义,基本制度,制度,社会主义,OB,物体,SC,社会,3,抽象→抽象,1192,1.0,,,,,,,0.4,,0.22,2
xb_01074,中老两国,友好邻邦,邻邦,国,HM,人体,SC,社会,1,具体→具体,1099,0.9885,,,,,,,0.3954,,0.2175,2
xb_01075,书籍,伟大心灵的宝贵血脉,血脉,书籍,BD,建筑,MR,机器,1,具体→具体,221,0.7626,,,,,,,0.3051,,0.1678,1
xb_01076,中老两国,友好近邻,近邻,国,HM,人体,SC,社会,1,具体→具体,1099,0.9885,,,,,,,0.3954,,0.2175,2
xb_01077,本法所称合同,平等主体的自然人,自然人,合同,HM,人体,AB,抽象,3,抽象→抽象,1099,0.9885,,,,,,,0.3954,,0.2175,2
xb_01078,本法所称合同,平等主体的自然人,自然人,合同,HM,人体,AB,抽象,3,抽象→抽象,1099,0.9885,,,,,,,0.3954,,0.2175,2
xb_01079,中泰两国,友好近邻,近邻,国,HM,人体,SC,社会,1,具体→具体,1099,0.9885,,,,,,,0.3954,,0.2175,2
xb_01080,邓小平理论,科学决策的指南,指南,理论,OB,物体,TH,思维,2,具体→抽象,1192,1.0,,,,,,,0.4,,0.22,2
xb_01081,中国人民,勤劳智慧的人民,人民,人民,HM,人体,LF,光线,2,具体→抽象,1099,0.9885,,,,,,,0.3954,,0.2175,2
xb_01082,中国,世界上一个重要的国家,国家,中国,HM,人体,SC,社会,1,具体→具体,1099,0.9885,,,,,,,0.3954,,0.2175,2
xb_01083,对冲基金,有钱人涉足的领地,领地,基金,EC,经济,ST,结构,2,具体→抽象,129,0.6871,,,,,,,0.2748,,0.1512,1
xb_01084,无神论,科学精神的一个翅膀,翅膀,无神论,BD,建筑,CM,通讯,2,具体→抽象,221,0.7626,,,,,,,0.3051,,0.1678,1
xb_01085,工人阶级,先进生产力和生产关系的代表,代表,阶级,HM,人体,SC,社会,2,具体→抽象,1099,0.9885,,,,,,,0.3954,,0.2175,2
xb_01086,中国文化,神奇宝库,宝库,文化,OB,物体,MR,机器,2,具体→抽象,1192,1.0,,,,,,,0.4,,0.22,2
xb_01087,恶意宣扬或者泄漏者,侵权,侵权,宣扬,OB,物体,ST,结构,4,抽象→具体,1192,1.0,,,,,,,0.4,,0.22,2
xb_01088,老字号的服务员,传统文化和现代消费者之间沟通的桥梁,桥梁,服务员,OB,物体,EV,事件,1,具体→具体,1192,1.0,,,,,,,0.4,,0.22,2
xb_01089,软件的机床,机床工业先进技术的标志,标志,机床,MC,医疗,SC,社会,4,抽象→具体,32,0.4936,,,,,,,0.1974,,0.1086,1
xb_01090,芭蕾,高雅艺术领域中的一顶美丽的王冠,王冠,芭蕾,OB,物体,SC,社会,2,具体→抽象,1192,1.0,,,,,,,0.4,,0.22,2
xb_01091,中乌,友好近邻,近邻,中乌,HM,人体,SC,社会,1,具体→具体,1099,0.9885,,,,,,,0.3954,,0.2175,2
xb_01092,乌中两国,友好近邻,近邻,国,HM,人体,SC,社会,1,具体→具体,1099,0.9885,,,,,,,0.3954,,0.2175,2
xb_01093,统计人员的低素质,虚假数字产生的关键,数字,素质,OB,物体,AB,抽象,3,抽象→抽象,1192,1.0,,,,,,,0.4,,0.22,2
xb_01094,中阿,友好国家,国家,中阿,HM,人体,SC,社会,1,具体→具体,1099,0.9885,,,,,,,0.3954,,0.2175,2
xb_01095,代表人士,新时期统一战线工作的重要对象,对象,人士,HM,人体,SC,社会,4,抽象→具体,1099,0.9885,,,,,,,0.3954,,0.2175,2
xb_01096,知识分子,先进生产力的重要开拓者和知识的传播者,传播者,知识分子,HM,人体,TH,思维,1,具体→具体,1099,0.9885,,,,,,,0.3954,,0.2175,2
xb_01097,网络,现实世界的一面镜子,镜子,网络,OB,物体,ST,结构,2,具体→抽象,1192,1.0,,,,,,,0.4,,0.22,2
xb_01098,俄罗斯人民,勤劳智慧的人民,人民,人民,HM,人体,SC,社会,2,具体→抽象,1099,0.9885,,,,,,,0.3954,,0.2175,2
xb_01099,妇女,贫困人口中贫困程度较深的部分,程度,妇女,OB,物体,SC,社会,4,抽象→具体,1192,1.0,,,,,,,0.4,,0.22,2
xb_01100,规律,客观事物内在的必然联系,联系,规律,OB,物体,AB,抽象,3,抽象→抽象,1192,1.0,,,,,,,0.4,,0.22,2
xb_01101,马克思主义,普遍真理,真理,马克思主义,OB,物体,ST,结构,3,抽象→抽象,1192,1.0,,,,,,,0.4,,0.22,2
xb_01102,家电产品,正常商品,商品,产品,OB,物体,SC,社会,4,抽象→具体,1192,1.0,,,,,,,0.4,,0.22,2
xb_01103,中泰两国,友好邻邦,邻邦,国,HM,人体,SC,社会,1,具体→具体,1099,0.9885,,,,,,,0.3954,,0.2175,2
xb_01104,人民群众,追求真理,真理,群众,HM,人体,LF,光线,2,具体→抽象,1099,0.9885,,,,,,,0.3954,,0.2175,2
xb_01105,农村乡土人才,先进生产力的代表,代表,乡土人,HM,人体,LF,光线,4,抽象→具体,1099,0.9885,,,,,,,0.3954,,0.2175,2
xb_01106,电信资费,敏感话题,话题,资费,OB,物体,SC,社会,3,抽象→抽象,1192,1.0,,,,,,,0.4,,0.22,2
xb_01107,制度的本质,自由契约,契约,本质,OB,物体,LF,光线,3,抽象→抽象,1192,1.0,,,,,,,0.4,,0.22,2
xb_01108,哈中两国,友好邻邦,邻邦,国,HM,人体,SC,社会,1,具体→具体,1099,0.9885,,,,,,,0.3954,,0.2175,2
xb_01109,韩中两国,友好邻邦,邻邦,国,HM,人体,SC,社会,1,具体→具体,1099,0.9885,,,,,,,0.3954,,0.2175,2
xb_01110,医药产品,特殊产品,产品,产品,OB,物体,ST,结构,4,抽象→具体,1192,1.0,,,,,,,0.4,,0.22,2
xb_01111,科学技术,先进文化的基石,基石,技术,OB,物体,SC,社会,2,具体→抽象,1192,1.0,,,,,,,0.4,,0.22,2
xb_01112,中新两国,友好近邻,近邻,国,HM,人体,SC,社会,1,具体→具体,1099,0.9885,,,,,,,0.3954,,0.2175,2
xb_01113,旺季方案,基本方案,方案,方案,OB,物体,SC,社会,3,抽象→抽象,1192,1.0,,,,,,,0.4,,0.22,2
xb_01114,中老两国,友好近邻,近邻,国,HM,人体,SC,社会,1,具体→具体,1099,0.9885,,,,,,,0.3954,,0.2175,2
xb_01115,中柬两国,友好邻邦,邻邦,国,HM,人体,SC,社会,1,具体→具体,1099,0.9885,,,,,,,0.3954,,0.2175,2
xb_01116,人,先进生产力的活跃因子,因子,人,OB,物体,EV,事件,4,抽象→具体,1192,1.0,,,,,,,0.4,,0.22,2
xb_01117,中菲,友好近邻,近邻,中菲,HM,人体,SC,社会,1,具体→具体,1099,0.9885,,,,,,,0.3954,,0.2175,2
xb_01118,事求是的思想路线,正确领导的基础,基础,路线,OB,物体,TH,思维,2,具体→抽象,1192,1.0,,,,,,,0.4,,0.22,2
xb_01119,重要思想,行动指南,指南,思想,OB,物体,TH,思维,2,具体→抽象,1192,1.0,,,,,,,0.4,,0.22,2
xb_01120,农村剩余劳动力,重要资源,资源,劳动力,EC,经济,MR,机器,2,具体→抽象,129,0.6871,,,,,,,0.2748,,0.1512,1
xb_01121,人才资源,第一资源,资源,资源,EC,经济,SC,社会,2,具体→抽象,129,0.6871,,,,,,,0.2748,,0.1512,1
xb_01122,台海两岸,骨肉兄弟,兄弟,两岸,HM,人体,SC,社会,1,具体→具体,1099,0.9885,,,,,,,0.3954,,0.2175,2
xb_01123,社会主义民主,新型民主,民主,民主,OB,物体,SC,社会,3,抽象→抽象,1192,1.0,,,,,,,0.4,,0.22,2
xb_01124,共产党员,人民的公仆,公仆,共产党员,HM,人体,SC,社会,1,具体→具体,1099,0.9885,,,,,,,0.3954,,0.2175,2
xb_01125,人民群众,真正的英雄,英雄,群众,HM,人体,TM,时间,2,具体→抽象,1099,0.9885,,,,,,,0.3954,,0.2175,2
xb_01126,西部地区,资源富集区,富集区,地区,EC,经济,AB,抽象,4,抽象→具体,129,0.6871,,,,,,,0.2748,,0.1512,1
xb_01127,中国,世界和平的坚定力量,力量,中国,FC,力量,AB,抽象,4,抽象→具体,84,0.6271,,,,,,,0.2508,,0.138,1
xb_01128,中日两国,友好邻邦,邻邦,国,HM,人体,SC,社会,1,具体→具体,1099,0.9885,,,,,,,0.3954,,0.2175,2
xb_01129,中巴,友好邻邦,邻邦,中巴,HM,人体,SC,社会,1,具体→具体,1099,0.9885,,,,,,,0.3954,,0.2175,2
xb_01130,尼中两国,友好邻邦,邻邦,国,HM,人体,SC,社会,1,具体→具体,1099,0.9885,,,,,,,0.3954,,0.2175,2
xb_01131,作出表率,发达国家面临的一个挑战,挑战,表率,WR,战争,SC,社会,3,抽象→抽象,198,0.7472,,,,,,,0.2989,,0.1644,1
xb_01132,中巴,友好近邻,近邻,中巴,HM,人体,SC,社会,1,具体→具体,1099,0.9885,,,,,,,0.3954,,0.2175,2
xb_01133,青年,先进文化的积极响应者,响应者,青年,HM,人体,EV,事件,4,抽象→具体,1099,0.9885,,,,,,,0.3954,,0.2175,2
xb_01134,中乌,友好国家,国家,中乌,HM,人体,SC,社会,1,具体→具体,1099,0.9885,,,,,,,0.3954,,0.2175,2
xb_01135,劳动者素质和人才,先进生产力发展的重要支撑,支撑,人才,FC,力量,EV,事件,3,抽象→抽象,84,0.6271,,,,,,,0.2508,,0.138,1
xb_01136,科学技术,先进生产力的集中体现和主要标志,标志,技术,OB,物体,SC,社会,3,抽象→抽象,1192,1.0,,,,,,,0.4,,0.22,2
xb_01137,文学出版物,文明程度展示的窗口,窗口,出版物,OB,物体,EV,事件,1,具体→具体,1192,1.0,,,,,,,0.4,,0.22,2
xb_01138,朝鲜人民,勤劳智慧而又有着高度纪律性和凝聚力的民族,民族,人民,HM,人体,SC,社会,2,具体→抽象,1099,0.9885,,,,,,,0.3954,,0.2175,2
xb_01139,中国共产党人,最低纲领与最高纲领的统一论者,论者,共产党人,HM,人体,LF,光线,4,抽象→具体,1099,0.9885,,,,,,,0.3954,,0.2175,2
xb_01140,历史,客观事实,事实,历史,OB,物体,TM,时间,3,抽象→抽象,1192,1.0,,,,,,,0.4,,0.22,2
xb_01141,沿喷赤河约400公里的边界,"恐怖分子和毒品、枪支走私犯罪的""突破口""","""突",边界,WR,战争,EV,事件,1,具体→具体,198,0.7472,,,,,,,0.2989,,0.1644,1
xb_01142,核心,密切党同群众的血肉联系,联系,核心,BD,建筑,SC,社会,3,抽象→抽象,221,0.7626,,,,,,,0.3051,,0.1678,1
xb_01143,"""中国品位""",欧洲的主流,主流,品位,OB,物体,SC,社会,3,抽象→抽象,1192,1.0,,,,,,,0.4,,0.22,2
xb_01144,穿中国设计的丝绸服装,最高时尚,时尚,服装,OB,物体,SC,社会,4,抽象→具体,1192,1.0,,,,,,,0.4,,0.22,2
xb_01145,孟中两国,友好邻邦,邻邦,国,HM,人体,SC,社会,1,具体→具体,1099,0.9885,,,,,,,0.3954,,0.2175,2
xb_01146,核心,密切党同人民群众的血肉联系,联系,核心,BD,建筑,SC,社会,3,抽象→抽象,221,0.7626,,,,,,,0.3051,,0.1678,1
xb_01147,腐败现象,文明机体上的毒瘤,毒瘤,现象,OB,物体,AB,抽象,2,具体→抽象,1192,1.0,,,,,,,0.4,,0.22,2
xb_01148,中国首先要担任的角色,发达成员与发展中成员间的桥梁,桥梁,角色,OB,物体,EV,事件,2,具体→抽象,1192,1.0,,,,,,,0.4,,0.22,2
xb_01149,解放思想,统一思想的基础,基础,思想,OB,物体,TH,思维,2,具体→抽象,1192,1.0,,,,,,,0.4,,0.22,2
xb_01150,解放思想,要按照发展的与时俱进的要求,要求,思想,OB,物体,TH,思维,3,抽象→抽象,1192,1.0,,,,,,,0.4,,0.22,2
xb_01151,辐射力,区划调整的目的,目的,辐射力,OB,物体,AB,抽象,3,抽象→抽象,1192,1.0,,,,,,,0.4,,0.22,2
xb_01152,大城市,先进生产力与现代文明发达的标志,标志,城市,OB,物体,SC,社会,4,抽象→具体,1192,1.0,,,,,,,0.4,,0.22,2
xb_01153,中吉两国,友好邻邦,邻邦,国,HM,人体,SC,社会,1,具体→具体,1099,0.9885,,,,,,,0.3954,,0.2175,2
xb_01154,速度,平均身高只有1米92的新浪狮的命脉,命脉,速度,OB,物体,AB,抽象,2,具体→抽象,1192,1.0,,,,,,,0.4,,0.22,2
xb_01155,中柬两国,友好近邻,近邻,国,HM,人体,SC,社会,1,具体→具体,1099,0.9885,,,,,,,0.3954,,0.2175,2
xb_01156,发展先进文化,加强生产力发展的强劲杠杆,杠杆,文化,OB,物体,EV,事件,2,具体→抽象,1192,1.0,,,,,,,0.4,,0.22,2
xb_01157,人民群众,先进生产力和先进文化的创造主体,主体,群众,OB,物体,EV,事件,2,具体→抽象,1192,1.0,,,,,,,0.4,,0.22,2
xb_01158,采矿权以及亿万农民的土地所有权,重要财产权,财产权,所有权,EC,经济,SC,社会,3,抽象→抽象,129,0.6871,,,,,,,0.2748,,0.1512,1
xb_01159,科学技术,人类文明进步的重要基石,基石,技术,OB,物体,AB,抽象,2,具体→抽象,1192,1.0,,,,,,,0.4,,0.22,2
xb_01160,龙头企业,贫困地区农业结构调整的引擎,引擎,企业,MC,医疗,SC,社会,1,具体→具体,32,0.4936,,,,,,,0.1974,,0.1086,1
xb_01161,这,证明人类也会犯傻的无数事例中的一个,事例,这,OB,物体,AB,抽象,4,抽象→具体,1192,1.0,,,,,,,0.4,,0.22,2
xb_01162,越南人民,勤劳智慧的人民,人民,人民,HM,人体,SC,社会,2,具体→抽象,1099,0.9885,,,,,,,0.3954,,0.2175,2
xb_01163,婆媳关系,现实家庭矛盾的轴心,轴心,关系,MC,医疗,SC,社会,2,具体→抽象,32,0.4936,,,,,,,0.1974,,0.1086,1
xb_01164,好儿媳,家庭和谐的重要因素,因素,媳,OB,物体,SC,社会,4,抽象→具体,1192,1.0,,,,,,,0.4,,0.22,2
xb_01165,信用,文明国家的标志,标志,信用,OB,物体,AB,抽象,3,抽象→抽象,1192,1.0,,,,,,,0.4,,0.22,2
xb_01166,违法建筑,文明城市的大敌,大敌,建筑,WR,战争,SC,社会,1,具体→具体,198,0.7472,,,,,,,0.2989,,0.1644,1
xb_01167,中泰两国,友好邻邦,邻邦,国,HM,人体,SC,社会,1,具体→具体,1099,0.9885,,,,,,,0.3954,,0.2175,2
xb_01168,中阿,友好国家,国家,中阿,HM,人体,SC,社会,1,具体→具体,1099,0.9885,,,,,,,0.3954,,0.2175,2
xb_01169,节约时间的滚梯,稀缺资源,资源,滚梯,EC,经济,TM,时间,4,抽象→具体,129,0.6871,,,,,,,0.2748,,0.1512,1
xb_01170,老实的核心,诚信,诚信,核心,MR,机器,LF,光线,3,抽象→抽象,123,0.6804,,,,,,,0.2722,,0.1497,1
xb_01171,诚信,基本道德规范,道德,诚信,MR,机器,ST,结构,3,抽象→抽象,123,0.6804,,,,,,,0.2722,,0.1497,1
xb_01172,适应市场,最大竞争力,竞争力,市场,FC,力量,MR,机器,3,抽象→抽象,84,0.6271,,,,,,,0.2508,,0.138,1
xb_01173,马克思主义,科学而不是教条,教条,马克思主义,OB,物体,ST,结构,3,抽象→抽象,1192,1.0,,,,,,,0.4,,0.22,2
xb_01174,高质量的劳动力,先进生产力的基础,基础,劳动力,OB,物体,EV,事件,2,具体→抽象,1192,1.0,,,,,,,0.4,,0.22,2
xb_01175,发展中成员和最不发达成员,发达成员维持大量农产品补贴的最大受害者,受害者,成员,HM,人体,SC,社会,1,具体→具体,1099,0.9885,,,,,,,0.3954,,0.2175,2
xb_01176,避难权,基本人权,人权,避难权,HM,人体,MR,机器,3,抽象→抽象,1099,0.9885,,,,,,,0.3954,,0.2175,2
xb_01177,创新,一个民族进步的灵魂,灵魂,创新,BD,建筑,SC,社会,2,具体→抽象,221,0.7626,,,,,,,0.3051,,0.1678,1
xb_01178,中华民族,勤劳智慧的民族,民族,民族,HM,人体,SC,社会,2,具体→抽象,1099,0.9885,,,,,,,0.3954,,0.2175,2
xb_01179,药品,特殊商品,商品,药品,OB,物体,AB,抽象,4,抽象→具体,1192,1.0,,,,,,,0.4,,0.22,2
xb_01180,人民群众,先进生产力和先进文化的创造主体,主体,群众,HM,人体,SC,社会,2,具体→抽象,1099,0.9885,,,,,,,0.3954,,0.2175,2
xb_01181,其中27人,无辜平民,平民,人,HM,人体,LF,光线,1,具体→具体,1099,0.9885,,,,,,,0.3954,,0.2175,2
xb_01182,中朝两国,友好邻邦,邻邦,国,HM,人体,SC,社会,1,具体→具体,1099,0.9885,,,,,,,0.3954,,0.2175,2
xb_01183,巴厘岛爆炸事件,恐怖事件,事件,事件,OB,物体,ST,结构,4,抽象→具体,1192,1.0,,,,,,,0.4,,0.22,2
xb_01184,人才,先进文化的传播者,传播者,人才,HM,人体,CM,通讯,2,具体→抽象,1099,0.9885,,,,,,,0.3954,,0.2175,2
xb_01185,规律,客观事物及其过程内部的联系,联系,规律,SP,空间,AB,抽象,3,抽象→抽象,203,0.7507,,,,,,,0.3003,,0.1652,1
xb_01186,竞争,市场经济的灵魂,灵魂,竞争,BD,建筑,SC,社会,2,具体→抽象,221,0.7626,,,,,,,0.3051,,0.1678,1
xb_01187,人民群众,先进生产力和先进文化的创造者,创造者,群众,HM,人体,EV,事件,2,具体→抽象,1099,0.9885,,,,,,,0.3954,,0.2175,2
xb_01188,当打主力,年轻球员,球员,主力,GM,游戏,AB,抽象,1,具体→具体,7,0.2935,,,,,,,0.1174,,0.0646,1
xb_01189,体能,年轻球员的长处,长处,体能,OB,物体,AB,抽象,3,抽象→抽象,1192,1.0,,,,,,,0.4,,0.22,2
xb_01190,意思,俄国佬,佬,意思,HM,人体,MR,机器,2,具体→抽象,1099,0.9885,,,,,,,0.3954,,0.2175,2
xb_01191,中泰两国,友好邻邦,邻邦,国,HM,人体,SC,社会,1,具体→具体,1099,0.9885,,,,,,,0.3954,,0.2175,2
xb_01192,**表语** (predicate): 符合时代发展潮流的,未标注表语,标注,表语,OB,物体,AB,抽象,4,抽象→具体,1192,1.0,,,,,,,0.4,,0.22,2
xb_01193,宪法,根本大法,大法,宪法,HM,人体,SC,社会,3,抽象→抽象,1099,0.9885,,,,,,,0.3954,,0.2175,2
xb_01194,自强不息,崇高追求,追求,自强不息,MR,机器,MR,机器,3,抽象→抽象,123,0.6804,,,,,,,0.2722,,0.1497,1
xb_01195,蒙中两国,友好邻邦,邻邦,国,HM,人体,SC,社会,1,具体→具体,1099,0.9885,,,,,,,0.3954,,0.2175,2
xb_01196,人才资源,稀缺资源,资源,资源,EC,经济,MR,机器,2,具体→抽象,129,0.6871,,,,,,,0.2748,,0.1512,1
xb_01197,家庭,坚强后盾,后盾,家庭,WR,战争,SC,社会,2,具体→抽象,198,0.7472,,,,,,,0.2989,,0.1644,1
xb_01198,制鞋产业,传统工业,工业,产业,HM,人体,SC,社会,3,抽象→抽象,1099,0.9885,,,,,,,0.3954,,0.2175,2
xb_01199,工人阶级,先进生产力的代表,代表,阶级,HM,人体,SC,社会,2,具体→抽象,1099,0.9885,,,,,,,0.3954,,0.2175,2
xb_01200,"""三个代表""重要思想",科学理论,理论,思想,OB,物体,TH,思维,3,抽象→抽象,1192,1.0,,,,,,,0.4,,0.22,2
xb_01201,21世纪成就大奖,最高荣誉,荣誉,大奖,MR,机器,SC,社会,4,抽象→具体,123,0.6804,,,,,,,0.2722,,0.1497,1
xb_01202,集体主义,团结群众的旗帜,旗帜,集体主义,OB,物体,SC,社会,2,具体→抽象,1192,1.0,,,,,,,0.4,,0.22,2
xb_01203,优势,宝贵财富,财富,优势,EC,经济,MR,机器,3,抽象→抽象,129,0.6871,,,,,,,0.2748,,0.1512,1
xb_01204,SARS康复者,健康人,健康人,康复者,HM,人体,ST,结构,1,具体→具体,1099,0.9885,,,,,,,0.3954,,0.2175,2
xb_01205,国有大型高科技企业,先进生产力的集中代表,代表,企业,HM,人体,SC,社会,4,抽象→具体,1099,0.9885,,,,,,,0.3954,,0.2175,2
xb_01206,教师,先进文化的重要传播者,传播者,教师,HM,人体,CM,通讯,1,具体→具体,1099,0.9885,,,,,,,0.3954,,0.2175,2
xb_01207,科学技术,第一生产力,生产力,技术,OB,物体,SC,社会,3,抽象→抽象,1192,1.0,,,,,,,0.4,,0.22,2
xb_01208,旗帜,庄严号令,庄严号,旗帜,OB,物体,SC,社会,4,抽象→具体,1192,1.0,,,,,,,0.4,,0.22,2
xb_01209,中柬两国,友好近邻,近邻,国,HM,人体,SC,社会,1,具体→具体,1099,0.9885,,,,,,,0.3954,,0.2175,2
xb_01210,书画,高雅艺术,艺术,书画,HM,人体,EV,事件,4,抽象→具体,1099,0.9885,,,,,,,0.3954,,0.2175,2
xb_01211,科学的世界观,先进文化的核心,核心,世界观,BD,建筑,SC,社会,2,具体→抽象,221,0.7626,,,,,,,0.3051,,0.1678,1
xb_01212,中巴,友好邻邦,邻邦,中巴,HM,人体,SC,社会,3,抽象→抽象,1099,0.9885,,,,,,,0.3954,,0.2175,2
xb_01213,民商法,市场经济的基本法,基本法,法,HM,人体,SC,社会,3,抽象→抽象,1099,0.9885,,,,,,,0.3954,,0.2175,2
xb_01214,中国共产党人,最高纲领与最低纲领的统一论者,论者,共产党人,HM,人体,LF,光线,1,具体→具体,1099,0.9885,,,,,,,0.3954,,0.2175,2
xb_01215,科学技术,先进生产力的集中体现和主要标志,标志,技术,OB,物体,SC,社会,3,抽象→抽象,1192,1.0,,,,,,,0.4,,0.22,2
xb_01216,政府学校,坚强后盾,后盾,学校,WR,战争,SC,社会,2,具体→抽象,198,0.7472,,,,,,,0.2989,,0.1644,1
xb_01217,中菲,友好近邻,近邻,中菲,HM,人体,SC,社会,3,抽象→抽象,1099,0.9885,,,,,,,0.3954,,0.2175,2
xb_01218,加班到深夜甚至通宵,平常事,平常事,深夜,OB,物体,EV,事件,3,抽象→抽象,1192,1.0,,,,,,,0.4,,0.22,2
xb_01219,江泽民军队基层建设思想,科学理论,理论,思想,OB,物体,TH,思维,3,抽象→抽象,1192,1.0,,,,,,,0.4,,0.22,2
xb_01220,诚信,传统文化的精华,精华,诚信,OB,物体,MR,机器,3,抽象→抽象,1192,1.0,,,,,,,0.4,,0.22,2
xb_01221,文化,不同民族间彼此了解的载体,载体,文化,OB,物体,CM,通讯,2,具体→抽象,1192,1.0,,,,,,,0.4,,0.22,2
xb_01222,文化,一种和平的黏合剂,黏合剂,文化,OB,物体,AB,抽象,2,具体→抽象,1192,1.0,,,,,,,0.4,,0.22,2
xb_01223,共产党人,先进生产力发展要求的代表,代表,共产党人,HM,人体,LF,光线,2,具体→抽象,1099,0.9885,,,,,,,0.3954,,0.2175,2
xb_01224,盖上数十个公章,平常事儿,事儿,公章,OB,物体,EV,事件,3,抽象→抽象,1192,1.0,,,,,,,0.4,,0.22,2
xb_01225,人民群众,先进生产力和先进文化的创造者,创造者,群众,HM,人体,TM,时间,2,具体→抽象,1099,0.9885,,,,,,,0.3954,,0.2175,2
xb_01226,国际经济贸易规则,不同国家利益矛盾妥协的产物,产物,规则,OB,物体,SC,社会,3,抽象→抽象,1192,1.0,,,,,,,0.4,,0.22,2
xb_01227,科学文化知识,人生中最宝贵的财富,财富,知识,EC,经济,TH,思维,2,具体→抽象,129,0.6871,,,,,,,0.2748,,0.1512,1
xb_01228,人才,先进生产力和先进文化的重要创造者和传播者,传播者,人才,HM,人体,TM,时间,1,具体→具体,1099,0.9885,,,,,,,0.3954,,0.2175,2
xb_01229,人才资源,第一资源,资源,资源,EC,经济,LF,光线,2,具体→抽象,129,0.6871,,,,,,,0.2748,,0.1512,1
xb_01230,中印双方,友好邻邦和合作伙伴,伙伴,印,HM,人体,SC,社会,3,抽象→抽象,1099,0.9885,,,,,,,0.3954,,0.2175,2
xb_01231,共产主义,客观真理,真理,共产主义,OB,物体,TH,思维,3,抽象→抽象,1192,1.0,,,,,,,0.4,,0.22,2
xb_01232,中缅,友好邻邦,邻邦,中缅,HM,人体,SC,社会,3,抽象→抽象,1099,0.9885,,,,,,,0.3954,,0.2175,2
xb_01233,坦中关系,特殊关系,关系,关系,HM,人体,SC,社会,3,抽象→抽象,1099,0.9885,,,,,,,0.3954,,0.2175,2
xb_01234,上等人,为数极少的大贵族,大贵族,人,HM,人体,LF,光线,1,具体→具体,1099,0.9885,,,,,,,0.3954,,0.2175,2
xb_01235,中等人,一般僧俗官员,官员,人,HM,人体,LF,光线,1,具体→具体,1099,0.9885,,,,,,,0.3954,,0.2175,2
xb_01236,中蒙两国,友好近邻,近邻,国,HM,人体,SC,社会,2,具体→抽象,1099,0.9885,,,,,,,0.3954,,0.2175,2
xb_01237,稀土,宝贵资源,资源,稀土,EC,经济,MR,机器,4,抽象→具体,129,0.6871,,,,,,,0.2748,,0.1512,1
xb_01238,失业知识青年,主力军,主力军,青年,WR,战争,TH,思维,2,具体→抽象,198,0.7472,,,,,,,0.2989,,0.1644,1
xb_01239,共产党员,特殊材料制成的,材料,共产党员,OB,物体,LF,光线,1,具体→具体,1192,1.0,,,,,,,0.4,,0.22,2
xb_01240,中国人民,勤劳智慧的伟大人民,人民,人民,HM,人体,SC,社会,2,具体→抽象,1099,0.9885,,,,,,,0.3954,,0.2175,2
xb_01241,医疗救助制度,"困难群众看病就医的""兜底网""","网""",制度,OB,物体,SC,社会,2,具体→抽象,1192,1.0,,,,,,,0.4,,0.22,2
xb_01242,资金,最大瓶颈,瓶颈,资金,OB,物体,AB,抽象,2,具体→抽象,1192,1.0,,,,,,,0.4,,0.22,2
xb_01243,中医,伟大宝库,宝库,中医,OB,物体,MR,机器,2,具体→抽象,1192,1.0,,,,,,,0.4,,0.22,2
xb_01244,群众的利益,最高利益,利益,利益,OB,物体,MR,机器,3,抽象→抽象,1192,1.0,,,,,,,0.4,,0.22,2
xb_01245,中华传统美德,优秀传统文化的精华,精华,美德,OB,物体,MR,机器,3,抽象→抽象,1192,1.0,,,,,,,0.4,,0.22,2
xb_01246,基层,年轻干部增长本领的大课堂,大课堂,基层,OB,物体,AB,抽象,2,具体→抽象,1192,1.0,,,,,,,0.4,,0.22,2
xb_01247,全国人民代表大会,最高国家权力机关,机关,大会,HM,人体,SC,社会,2,具体→抽象,1099,0.9885,,,,,,,0.3954,,0.2175,2
xb_01248,斯中两国,亲密朋友,朋友,国,HM,人体,SC,社会,2,具体→抽象,1099,0.9885,,,,,,,0.3954,,0.2175,2
xb_01249,尊重代表的权利,尊重人民的权利,权利,权利,HM,人体,SC,社会,3,抽象→抽象,1099,0.9885,,,,,,,0.3954,,0.2175,2
xb_01250,中国的发展对世界,重要机遇,机遇,发展,OB,物体,ST,结构,3,抽象→抽象,1192,1.0,,,,,,,0.4,,0.22,2
xb_01251,家,最小国,小国,家,OB,物体,SC,社会,4,抽象→具体,1192,1.0,,,,,,,0.4,,0.22,2
xb_01252,建临时停车场,大好事,事,停车场,OB,物体,SC,社会,3,抽象→抽象,1192,1.0,,,,,,,0.4,,0.22,2
xb_01253,群众,良好环境的享有者,享有者,群众,HM,人体,EV,事件,2,具体→抽象,1099,0.9885,,,,,,,0.3954,,0.2175,2
xb_01254,港人,热心公益的,公益,港人,SN,感知,LF,光线,4,抽象→具体,146,0.7044,,,,,,,0.2818,,0.155,1
xb_01255,劳动力,宝贵资源,资源,劳动力,EC,经济,MR,机器,2,具体→抽象,129,0.6871,,,,,,,0.2748,,0.1512,1
xb_01256,对发展中瑞关系,重大利好,利好,关系,OB,物体,SC,社会,3,抽象→抽象,1192,1.0,,,,,,,0.4,,0.22,2
xb_01257,扶贫资金,贫困群众的'保命钱',钱,资金,EC,经济,AB,抽象,2,具体→抽象,129,0.6871,,,,,,,0.2748,,0.1512,1
xb_01258,增强企业盈利能力,根本,根本,能力,LV,生命,MR,机器,3,抽象→抽象,263,0.7871,,,,,,,0.3148,,0.1732,1
xb_01259,好文风,重要因素,因素,文风,OB,物体,MR,机器,3,抽象→抽象,1192,1.0,,,,,,,0.4,,0.22,2
xb_01260,埃博拉,贫穷国家里穷人生的病,病,埃博拉,HM,人体,SC,社会,1,具体→具体,1099,0.9885,,,,,,,0.3954,,0.2175,2
xb_01261,诚信,高尚品德,高尚品德,诚信,MR,机器,MR,机器,3,抽象→抽象,123,0.6804,,,,,,,0.2722,,0.1497,1
xb_01262,中国发展对世界,巨大机遇,机遇,世界,OB,物体,ST,结构,3,抽象→抽象,1192,1.0,,,,,,,0.4,,0.22,2
xb_01263,团团伙伙,封建人身依附关系和江湖帮派文化的产物,产物,伙伙,OB,物体,TM,时间,3,抽象→抽象,1192,1.0,,,,,,,0.4,,0.22,2
xb_01264,党,先锋队,先锋队,党,WR,战争,SC,社会,2,具体→抽象,198,0.7472,,,,,,,0.2989,,0.1644,1
xb_01265,网络空间,现实社会的延伸,延伸,空间,SP,空间,ST,结构,3,抽象→抽象,203,0.7507,,,,,,,0.3003,,0.1652,1
xb_01266,绿色生态,最大财富,财富,生态,EC,经济,MR,机器,2,具体→抽象,129,0.6871,,,,,,,0.2748,,0.1512,1
xb_01267,开封民俗文化,传统文化的精华,精华,文化,OB,物体,MR,机器,3,抽象→抽象,1192,1.0,,,,,,,0.4,,0.22,2
xb_01268,扶贫资金,贫困群众的'救命钱',命钱,资金,EC,经济,AB,抽象,2,具体→抽象,129,0.6871,,,,,,,0.2748,,0.1512,1
xb_01269,教养,文明结晶在个人身上的体现,体现,教养,OB,物体,LF,光线,3,抽象→抽象,1192,1.0,,,,,,,0.4,,0.22,2
xb_01270,戏剧,通俗艺术,艺术,戏剧,HM,人体,EV,事件,3,抽象→抽象,1099,0.9885,,,,,,,0.3954,,0.2175,2
xb_01271,语言,重要资源,资源,语言,EC,经济,MR,机器,2,具体→抽象,129,0.6871,,,,,,,0.2748,,0.1512,1
xb_01272,大数据,最好抓手之一,之一,数据,BD,建筑,MR,机器,2,具体→抽象,221,0.7626,,,,,,,0.3051,,0.1678,1
xb_01273,青少年,关键人群,人群,青少年,HM,人体,EV,事件,2,具体→抽象,1099,0.9885,,,,,,,0.3954,,0.2175,2
xb_01274,中国梦,国家情怀,情怀,梦,HM,人体,EM,情感,3,抽象→抽象,1099,0.9885,,,,,,,0.3954,,0.2175,2
xb_01275,科学社会主义,中国道路的理论指引,指引,社会主义,OB,物体,SC,社会,3,抽象→抽象,1192,1.0,,,,,,,0.4,,0.22,2
xb_01276,大数据,健康医疗领域的发展趋势,趋势,数据,OB,物体,EV,事件,3,抽象→抽象,1192,1.0,,,,,,,0.4,,0.22,2
xb_01277,中越,友好邻邦,邻邦,中越,HM,人体,SC,社会,3,抽象→抽象,1099,0.9885,,,,,,,0.3954,,0.2175,2
xb_01278,国家,文明社会的概括,概括,国家,HM,人体,SC,社会,2,具体→抽象,1099,0.9885,,,,,,,0.3954,,0.2175,2
xb_01279,大型企业,先进生产力的代表,代表,企业,HM,人体,SC,社会,2,具体→抽象,1099,0.9885,,,,,,,0.3954,,0.2175,2
xb_01280,正面清单和负面清单,明确债转股的政策边界,边界,清单,OB,物体,SC,社会,2,具体→抽象,1192,1.0,,,,,,,0.4,,0.22,2
xb_01281,坚持党对国有企业的领导,重大政治原则,原则,领导,HM,人体,SC,社会,3,抽象→抽象,1099,0.9885,,,,,,,0.3954,,0.2175,2
xb_01282,慈善组织,慈善法规定的慈善募捐的主体,主体,组织,HM,人体,SC,社会,4,抽象→具体,1099,0.9885,,,,,,,0.3954,,0.2175,2
xb_01283,修地铁,大好事,事,地铁,OB,物体,MR,机器,3,抽象→抽象,1192,1.0,,,,,,,0.4,,0.22,2
xb_01284,好家风,传统文化的精髓,精髓,家风,OB,物体,MR,机器,3,抽象→抽象,1192,1.0,,,,,,,0.4,,0.22,2
xb_01285,受教育权,贫困地区的人民脱离贫困、增长才干、武装自己的利器,利器,教育权,WR,战争,AB,抽象,2,具体→抽象,198,0.7472,,,,,,,0.2989,,0.1644,1
xb_01286,企业,技术创新的主体,主体,企业,HM,人体,EV,事件,4,抽象→具体,1099,0.9885,,,,,,,0.3954,,0.2175,2
xb_01287,担当,改革者的本色,本色,担当,OB,物体,AB,抽象,3,抽象→抽象,1192,1.0,,,,,,,0.4,,0.22,2
xb_01288,人民群众,历史的创造者,创造者,群众,HM,人体,SC,社会,2,具体→抽象,1099,0.9885,,,,,,,0.3954,,0.2175,2
xb_01289,海归、华侨,文化交流的桥梁,桥梁,华侨,OB,物体,SC,社会,1,具体→具体,1192,1.0,,,,,,,0.4,,0.22,2
xb_01290,基本路线,生命线,生命线,路线,BD,建筑,AB,抽象,2,具体→抽象,221,0.7626,,,,,,,0.3051,,0.1678,1
xb_01291,政治工作,生命线,生命线,工作,BD,建筑,AB,抽象,2,具体→抽象,221,0.7626,,,,,,,0.3051,,0.1678,1
xb_01292,残疾人事业,人道的事业,事业,事业,HM,人体,SC,社会,3,抽象→抽象,1099,0.9885,,,,,,,0.3954,,0.2175,2
xb_01293,兵马俑,世界之宝,宝,兵马俑,OB,物体,AB,抽象,1,具体→具体,1192,1.0,,,,,,,0.4,,0.22,2
xb_01294,文化,民族的血脉,血脉,文化,BD,建筑,AB,抽象,2,具体→抽象,221,0.7626,,,,,,,0.3051,,0.1678,1
xb_01295,人民,国家和社会的主人,主人,人民,HM,人体,SC,社会,2,具体→抽象,1099,0.9885,,,,,,,0.3954,,0.2175,2
xb_01296,资金,生命线,生命线,资金,BD,建筑,AB,抽象,2,具体→抽象,221,0.7626,,,,,,,0.3051,,0.1678,1
xb_01297,科学技术,生产力,生产力,技术,HM,人体,AB,抽象,3,抽象→抽象,1099,0.9885,,,,,,,0.3954,,0.2175,2
xb_01298,劳动人民,历史的创造者,创造者,人民,HM,人体,SC,社会,2,具体→抽象,1099,0.9885,,,,,,,0.3954,,0.2175,2
xb_01299,家庭,社会的细胞,细胞,家庭,BD,建筑,SC,社会,1,具体→具体,221,0.7626,,,,,,,0.3051,,0.1678,1
xb_01300,妻子,防腐大坝,大坝,妻子,OB,物体,SC,社会,1,具体→具体,1192,1.0,,,,,,,0.4,,0.22,2
xb_01301,人的能力,社会的能源,能源,能力,NT,自然,AB,抽象,2,具体→抽象,184,0.7369,,,,,,,0.2948,,0.1621,1
xb_01302,肥料,农作物的粮食,粮食,肥料,FD,食物,AB,抽象,1,具体→具体,46,0.5435,,,,,,,0.2174,,0.1196,1
xb_01303,青年,祖国的未来,未来,青年,TM,时间,SC,社会,4,抽象→具体,40,0.5242,,,,,,,0.2097,,0.1153,1
xb_01304,帝国主义,腐朽的、垂死的力量,力量,帝国主义,FC,力量,SC,社会,3,抽象→抽象,84,0.6271,,,,,,,0.2508,,0.138,1
xb_01305,教材,集体智慧的结晶,结晶,教材,OB,物体,AB,抽象,1,具体→具体,1192,1.0,,,,,,,0.4,,0.22,2
xb_01306,国家,共同体,共同体,国家,HM,人体,SC,社会,2,具体→抽象,1099,0.9885,,,,,,,0.3954,,0.2175,2
xb_01307,尊师爱生,美德,美德,爱生,MR,机器,AB,抽象,3,抽象→抽象,123,0.6804,,,,,,,0.2722,,0.1497,1
xb_01308,政治工作,一切工作的生命线,生命线,工作,BD,建筑,AB,抽象,2,具体→抽象,221,0.7626,,,,,,,0.3051,,0.1678,1
xb_01309,法西斯专政,资产阶级民主危机的产物,产物,专政,OB,物体,SC,社会,3,抽象→抽象,1192,1.0,,,,,,,0.4,,0.22,2
xb_01311,残疾人事业,人道的事业,事业,事业,HM,人体,AB,抽象,3,抽象→抽象,1099,0.9885,,,,,,,0.3954,,0.2175,2
xb_01312,科技,生产力,生产力,科技,HM,人体,AB,抽象,3,抽象→抽象,1099,0.9885,,,,,,,0.3954,,0.2175,2
xb_01313,文化,民族的血脉,血脉,文化,BD,建筑,AB,抽象,2,具体→抽象,221,0.7626,,,,,,,0.3051,,0.1678,1
xb_01314,人民,国家和社会的主人,主人,人民,HM,人体,SC,社会,2,具体→抽象,1099,0.9885,,,,,,,0.3954,,0.2175,2
xb_01315,体力劳动,人们生活第一需要,生活,劳动,HM,人体,AB,抽象,3,抽象→抽象,1099,0.9885,,,,,,,0.3954,,0.2175,2
xb_01316,麦秆茶叶,商品,商品,茶叶,OB,物体,AB,抽象,1,具体→具体,1192,1.0,,,,,,,0.4,,0.22,2
xb_01317,资金,企业经营发展的生命线,生命线,资金,BD,建筑,AB,抽象,2,具体→抽象,221,0.7626,,,,,,,0.3051,,0.1678,1
xb_01318,知识分子,工人阶级一部分,阶级,知识分子,HM,人体,SC,社会,4,抽象→具体,1099,0.9885,,,,,,,0.3954,,0.2175,2
xb_01319,劳动人民,历史的创造者,创造者,人民,HM,人体,AB,抽象,2,具体→抽象,1099,0.9885,,,,,,,0.3954,,0.2175,2
xb_01320,台胞,祖国大家庭中的一员,大家庭,台胞,HM,人体,SC,社会,1,具体→具体,1099,0.9885,,,,,,,0.3954,,0.2175,2
xb_01321,SARS患者,受害者,受害者,患者,HM,人体,SC,社会,1,具体→具体,1099,0.9885,,,,,,,0.3954,,0.2175,2
xb_01322,联合国的作用,人类和平与发展的需要,需要,作用,HM,人体,AB,抽象,3,抽象→抽象,1099,0.9885,,,,,,,0.3954,,0.2175,2
xb_01323,帝国主义,历史注定了要死亡的腐朽力量,力量,帝国主义,FC,力量,SC,社会,3,抽象→抽象,84,0.6271,,,,,,,0.2508,,0.138,1
xb_01324,黄秋葵,蛋白质和油料的来源,来源,黄秋葵,OB,物体,AB,抽象,4,抽象→具体,1192,1.0,,,,,,,0.4,,0.22,2
xb_01325,集训班,军队改革的产物,产物,班,OB,物体,AB,抽象,4,抽象→具体,1192,1.0,,,,,,,0.4,,0.22,2
xb_01326,国家,利益、命运、文化和情感的共同体,共同体,国家,HM,人体,SC,社会,2,具体→抽象,1099,0.9885,,,,,,,0.3954,,0.2175,2
xb_01327,尊师爱生,社会主义社会应有的公德,公德,爱生,MR,机器,AB,抽象,3,抽象→抽象,123,0.6804,,,,,,,0.2722,,0.1497,1
xb_01328,德在境外的学校,德国文化在国外的大使,大使,学校,HM,人体,AB,抽象,1,具体→具体,1099,0.9885,,,,,,,0.3954,,0.2175,2
xb_01329,预防事故,安全生产工作价值所在,价值,事故,HM,人体,AB,抽象,3,抽象→抽象,1099,0.9885,,,,,,,0.3954,,0.2175,2
xb_01330,居民,社区建设的主体,主体,居民,HM,人体,AB,抽象,4,抽象→具体,1099,0.9885,,,,,,,0.3954,,0.2175,2
xb_01331,机队机型,民航硬件资源的核心,核心,机型,OB,物体,AB,抽象,4,抽象→具体,1192,1.0,,,,,,,0.4,,0.22,2
xb_01332,一个国家航天业发展状况,整体科技水平的缩影,缩影,状况,HM,人体,AB,抽象,2,具体→抽象,1099,0.9885,,,,,,,0.3954,,0.2175,2
xb_01333,企业,主体,主体,企业,HM,人体,AB,抽象,4,抽象→具体,1099,0.9885,,,,,,,0.3954,,0.2175,2
xb_01334,美帝国主义,反革命的老根,老根,帝国主义,LV,生命,AB,抽象,2,具体→抽象,263,0.7871,,,,,,,0.3148,,0.1732,1
xb_01335,中国工人阶级,祖国一切优秀遗产的真正继承者,继承者,阶级,HM,人体,AB,抽象,2,具体→抽象,1099,0.9885,,,,,,,0.3954,,0.2175,2
xb_01336,电力,公益事业,事业,电力,HM,人体,AB,抽象,2,具体→抽象,1099,0.9885,,,,,,,0.3954,,0.2175,2
xb_01337,我们两党、两国人民间所建立的亲密关系,国际主义合作的光辉榜样,榜样,关系,HM,人体,AB,抽象,2,具体→抽象,1099,0.9885,,,,,,,0.3954,,0.2175,2
xb_01338,药品,医院收入的一大来源,来源,药品,OB,物体,AB,抽象,4,抽象→具体,1192,1.0,,,,,,,0.4,,0.22,2
xb_01339,农民,乡村振兴的主体,主体,农民,HM,人体,AB,抽象,4,抽象→具体,1099,0.9885,,,,,,,0.3954,,0.2175,2
xb_01340,小岛,对敌斗争的战场,战场,小岛,WR,战争,AB,抽象,1,具体→具体,198,0.7472,,,,,,,0.2989,,0.1644,1
xb_01341,人的内耳,音乐爱好者的秘密所在,所在,内耳,OB,物体,AB,抽象,4,抽象→具体,1192,1.0,,,,,,,0.4,,0.22,2
xb_01342,它剩下的家底,存款1亿元,存款,家底,EC,经济,AB,抽象,2,具体→抽象,129,0.6871,,,,,,,0.2748,,0.1512,1
xb_01343,最后的结局,原地踏步,踏步,结局,MV,运动,AB,抽象,2,具体→抽象,6,0.2747,,,,,,,0.1099,,0.0604,1
xb_01344,优美的环境,"经济发展的""推进器""","器""",环境,MC,医疗,AB,抽象,2,具体→抽象,32,0.4936,,,,,,,0.1974,,0.1086,1
xb_01345,施肥技术,油菜增产的关键性措施,措施,技术,HM,人体,AB,抽象,3,抽象→抽象,1099,0.9885,,,,,,,0.3954,,0.2175,2
xb_01346,经济,政治的物质基础,基础,经济,OB,物体,AB,抽象,2,具体→抽象,1192,1.0,,,,,,,0.4,,0.22,2
xb_01347,城市经营的主体,政府,政府,主体,HM,人体,AB,抽象,2,具体→抽象,1099,0.9885,,,,,,,0.3954,,0.2175,2
xb_01348,决定的因素,人不是物,物,因素,HM,人体,AB,抽象,2,具体→抽象,1099,0.9885,,,,,,,0.3954,,0.2175,2
xb_01349,红领巾,红旗的一角,一角,红领巾,OB,物体,AB,抽象,1,具体→具体,1192,1.0,,,,,,,0.4,,0.22,2
xb_01350,军队,国家政权的主要成份,成份,军队,HM,人体,AB,抽象,4,抽象→具体,1099,0.9885,,,,,,,0.3954,,0.2175,2
xb_01351,蒙古国的主要经济支柱,矿业,矿业,支柱,HM,人体,AB,抽象,3,抽象→抽象,1099,0.9885,,,,,,,0.3954,,0.2175,2
xb_01352,党的政策,党的生命,生命,政策,LV,生命,AB,抽象,2,具体→抽象,263,0.7871,,,,,,,0.3148,,0.1732,1
xb_01353,江泽民同志的报告,宏伟的跨世纪的行动纲领,纲领,报告,HM,人体,AB,抽象,4,抽象→具体,1099,0.9885,,,,,,,0.3954,,0.2175,2
xb_01354,路,人走出来的,人,路,SP,空间,AB,抽象,2,具体→抽象,203,0.7507,,,,,,,0.3003,,0.1652,1
xb_01355,党的基本路线,党和国家发展的根本所在,所在,路线,LV,生命,AB,抽象,3,抽象→抽象,263,0.7871,,,,,,,0.3148,,0.1732,1
xb_01356,美帝国主义,战争侵略阵营的祸首,祸首,帝国主义,HM,人体,AB,抽象,2,具体→抽象,1099,0.9885,,,,,,,0.3954,,0.2175,2
xb_01357,人民解放军,无产阶级专政的坚强柱石,专政,解放军,OB,物体,AB,抽象,1,具体→具体,1192,1.0,,,,,,,0.4,,0.22,2
xb_01358,人民群众,社会主义社会的主人,主人,群众,HM,人体,AB,抽象,2,具体→抽象,1099,0.9885,,,,,,,0.3954,,0.2175,2
xb_01359,工人阶级和贫下中农的广大革命群众,取得这次文化大革命伟大胜利的主力军,主力军,群众,WR,战争,AB,抽象,2,具体→抽象,198,0.7472,,,,,,,0.2989,,0.1644,1
xb_01360,结果,自取灭亡,自取灭亡,结果,HM,人体,AB,抽象,3,抽象→抽象,1099,0.9885,,,,,,,0.3954,,0.2175,2
xb_01361,人,生产力的最活跃最积极的因素,因素,人,HM,人体,AB,抽象,4,抽象→具体,1099,0.9885,,,,,,,0.3954,,0.2175,2
xb_01362,婚姻的基础,爱情,爱情,基础,EM,情感,AB,抽象,3,抽象→抽象,134,0.6924,,,,,,,0.277,,0.1523,1
xb_01363,21世纪,质量的世纪,世纪,世纪,TM,时间,AB,抽象,3,抽象→抽象,40,0.5242,,,,,,,0.2097,,0.1153,1
xb_01364,这些人,帝国主义国民党的爪牙,爪牙,人,LV,生命,AB,抽象,1,具体→具体,263,0.7871,,,,,,,0.3148,,0.1732,1
xb_01365,红十字事业,人类社会文明进步的重要标志,标志,事业,OB,物体,AB,抽象,3,抽象→抽象,1192,1.0,,,,,,,0.4,,0.22,2
xb_01366,听党指挥,灵魂,灵魂,指挥,BD,建筑,AB,抽象,2,具体→抽象,221,0.7626,,,,,,,0.3051,,0.1678,1
xb_01367,通讯,运动会的命脉,命脉,通讯,BD,建筑,AB,抽象,2,具体→抽象,221,0.7626,,,,,,,0.3051,,0.1678,1
xb_01368,节目的质量,关键,关键,质量,OB,物体,AB,抽象,3,抽象→抽象,1192,1.0,,,,,,,0.4,,0.22,2
xb_01369,企业,国家的主体,主体,企业,HM,人体,AB,抽象,4,抽象→具体,1099,0.9885,,,,,,,0.3954,,0.2175,2
xb_01370,微电影,大众文化、草根文化的体现,体现,电影,HM,人体,AB,抽象,3,抽象→抽象,1099,0.9885,,,,,,,0.3954,,0.2175,2
xb_01371,市民,城市的主人,主人,市民,HM,人体,AB,抽象,1,具体→具体,1099,0.9885,,,,,,,0.3954,,0.2175,2
xb_01372,美帝国主义,世界人民的共同敌人,敌人,帝国主义,HM,人体,AB,抽象,2,具体→抽象,1099,0.9885,,,,,,,0.3954,,0.2175,2
xb_01373,修正主义,工人阶级运动的主要危险,危险,修正主义,HM,人体,AB,抽象,3,抽象→抽象,1099,0.9885,,,,,,,0.3954,,0.2175,2
xb_01374,核心价值观,文化软实力的灵魂,灵魂,价值观,BD,建筑,AB,抽象,2,具体→抽象,221,0.7626,,,,,,,0.3051,,0.1678,1
xb_01375,私字,旧社会的苦根,苦根,私字,LV,生命,AB,抽象,2,具体→抽象,263,0.7871,,,,,,,0.3148,,0.1732,1
xb_01376,新火节,灾难、饥饿、疾病的结束,结束,火节,HM,人体,AB,抽象,4,抽象→具体,1099,0.9885,,,,,,,0.3954,,0.2175,2
xb_01377,中药,国之瑰宝,瑰宝,中药,OB,物体,AB,抽象,1,具体→具体,1192,1.0,,,,,,,0.4,,0.22,2
xb_01378,国有企业,社会主义制度的基础,基础,企业,OB,物体,AB,抽象,2,具体→抽象,1192,1.0,,,,,,,0.4,,0.22,2
xb_01379,领导,关键,关键,领导,OB,物体,AB,抽象,4,抽象→具体,1192,1.0,,,,,,,0.4,,0.22,2
xb_01380,全身,骨头,骨头,全身,BD,建筑,AB,抽象,1,具体→具体,221,0.7626,,,,,,,0.3051,,0.1678,1
xb_01381,二十国集团,全球经济治理的重要平台,平台,集团,OB,物体,AB,抽象,1,具体→具体,1192,1.0,,,,,,,0.4,,0.22,2
xb_01382,劳动岗位,思想政治工作的基本阵地,阵地,岗位,WR,战争,AB,抽象,1,具体→具体,198,0.7472,,,,,,,0.2989,,0.1644,1
xb_01383,人,世界的主体,主体,人,HM,人体,AB,抽象,4,抽象→具体,1099,0.9885,,,,,,,0.3954,,0.2175,2
xb_01384,商店,产品最好的鉴定所,鉴定,商店,SP,空间,AB,抽象,1,具体→具体,203,0.7507,,,,,,,0.3003,,0.1652,1
xb_01385,新宪法,无产阶级和广大人民的意志的集中体现,意志,宪法,HM,人体,AB,抽象,4,抽象→具体,1099,0.9885,,,,,,,0.3954,,0.2175,2
xb_01386,意志和信念,人生的支点,支点,信念,OB,物体,AB,抽象,2,具体→抽象,1192,1.0,,,,,,,0.4,,0.22,2
xb_01387,信用,市场经济的基石,基石,信用,OB,物体,AB,抽象,2,具体→抽象,1192,1.0,,,,,,,0.4,,0.22,2
xb_01388,价值规律,计划工作和经济核算的一种工具,工具,规律,OB,物体,AB,抽象,2,具体→抽象,1192,1.0,,,,,,,0.4,,0.22,2
xb_01389,美帝国主义,世界人民的公敌,公敌,帝国主义,HM,人体,SC,社会,2,具体→抽象,1099,0.9885,,,,,,,0.3954,,0.2175,2
xb_01390,会计准则,证券市场规范化进程中的核心问题,问题,准则,OB,物体,AB,抽象,3,抽象→抽象,1192,1.0,,,,,,,0.4,,0.22,2
xb_01391,两国总理定期会晤机制,双方开展务实合作的重要组织保障,保障,机制,OB,物体,AB,抽象,3,抽象→抽象,1192,1.0,,,,,,,0.4,,0.22,2
xb_01392,人民群众,历史发展的动力,动力,群众,FC,力量,AB,抽象,2,具体→抽象,84,0.6271,,,,,,,0.2508,,0.138,1
xb_01393,名牌产品,高科技、高质量的结晶,结晶,产品,OB,物体,AB,抽象,1,具体→具体,1192,1.0,,,,,,,0.4,,0.22,2
xb_01394,无产阶级专政,马克思主义的精华所在,精华所,专政,OB,物体,AB,抽象,3,抽象→抽象,1192,1.0,,,,,,,0.4,,0.22,2
xb_01395,质量,工程建设的生命线,生命线,质量,BD,建筑,AB,抽象,2,具体→抽象,221,0.7626,,,,,,,0.3051,,0.1678,1
xb_01396,我们人民军队,无产阶级专政的坚强柱石,专政,军队,OB,物体,AB,抽象,1,具体→具体,1192,1.0,,,,,,,0.4,,0.22,2
xb_01397,知识界,社会主义现代化建设的重要力量,力量,知识界,FC,力量,AB,抽象,3,抽象→抽象,84,0.6271,,,,,,,0.2508,,0.138,1
xb_01398,国家政权,一个阶级统治另一个阶级的工具,工具,政权,OB,物体,AB,抽象,2,具体→抽象,1192,1.0,,,,,,,0.4,,0.22,2
xb_01399,人民,文艺工作者的母亲,母亲,人民,HM,人体,AB,抽象,2,具体→抽象,1099,0.9885,,,,,,,0.3954,,0.2175,2
xb_01400,大寨妇女,全国亿万妇女执行毛主席革命路线的典范,典范,妇女,HM,人体,AB,抽象,2,具体→抽象,1099,0.9885,,,,,,,0.3954,,0.2175,2
xb_01401,除七害,人民自己的切身利益,利益,除,HM,人体,AB,抽象,3,抽象→抽象,1099,0.9885,,,,,,,0.3954,,0.2175,2
xb_01402,社会团体法人登记证书,社会团体法人依法成立和进行活动的法律凭证,凭证,书,OB,物体,AB,抽象,4,抽象→具体,1192,1.0,,,,,,,0.4,,0.22,2
xb_01403,红军,工农的儿子,儿子,红军,HM,人体,AB,抽象,1,具体→具体,1099,0.9885,,,,,,,0.3954,,0.2175,2
xb_01404,毛主席的话,指路明灯,指路,主席,OB,物体,AB,抽象,2,具体→抽象,1192,1.0,,,,,,,0.4,,0.22,2
xb_01405,石油,国家的重要资源,资源,石油,EC,经济,AB,抽象,4,抽象→具体,129,0.6871,,,,,,,0.2748,,0.1512,1
xb_01406,中华优秀传统文化,中华民族的根和魂,魂,文化,LV,生命,AB,抽象,2,具体→抽象,263,0.7871,,,,,,,0.3148,,0.1732,1
xb_01407,美帝国主义,战争和侵略的元凶,元凶,帝国主义,HM,人体,SC,社会,2,具体→抽象,1099,0.9885,,,,,,,0.3954,,0.2175,2
xb_01408,喀喇昆仑公路,中巴友谊的新里程碑,里程碑,公路,OB,物体,AB,抽象,1,具体→具体,1192,1.0,,,,,,,0.4,,0.22,2
xb_01409,政治,统帅，灵魂,灵魂,政治,HM,人体,AB,抽象,2,具体→抽象,1099,0.9885,,,,,,,0.3954,,0.2175,2
xb_01410,党的基层组织,党的全部工作和战斗力的基础,基础,组织,OB,物体,AB,抽象,4,抽象→具体,1192,1.0,,,,,,,0.4,,0.22,2
xb_01411,水利,基础产业,产业,水利,HM,人体,AB,抽象,3,抽象→抽象,1099,0.9885,,,,,,,0.3954,,0.2175,2
xb_01412,同位素与辐射技术,和平利用原子能的重要领域,领域,技术,SP,空间,AB,抽象,3,抽象→抽象,203,0.7507,,,,,,,0.3003,,0.1652,1
xb_01413,人民,国家的主人,主人,人民,HM,人体,AB,抽象,2,具体→抽象,1099,0.9885,,,,,,,0.3954,,0.2175,2
xb_01414,文化,城市的灵魂,灵魂,文化,BD,建筑,AB,抽象,2,具体→抽象,221,0.7626,,,,,,,0.3051,,0.1678,1
xb_01415,水利,农业的命脉,命脉,水利,BD,建筑,AB,抽象,2,具体→抽象,221,0.7626,,,,,,,0.3051,,0.1678,1
xb_01416,社会的财富,工人、农民和劳动知识分子自己创造的,知识分子,财富,HM,人体,AB,抽象,2,具体→抽象,1099,0.9885,,,,,,,0.3954,,0.2175,2
xb_01417,政治,统帅,统帅,政治,HM,人体,AB,抽象,2,具体→抽象,1099,0.9885,,,,,,,0.3954,,0.2175,2
xb_01418,硅谷,世界上著名的以半导体产业为主的高技术开发区,开发区,硅谷,SP,空间,AB,抽象,1,具体→具体,203,0.7507,,,,,,,0.3003,,0.1652,1
xb_01419,生产方式,生产力和生产关系的统一,统一,方式,HM,人体,AB,抽象,3,抽象→抽象,1099,0.9885,,,,,,,0.3954,,0.2175,2
xb_01420,身体,精神和知识的载体,载体,身体,OB,物体,AB,抽象,2,具体→抽象,1192,1.0,,,,,,,0.4,,0.22,2
xb_01421,中心任务,夏锄,夏锄,任务,HM,人体,AB,抽象,2,具体→抽象,1099,0.9885,,,,,,,0.3954,,0.2175,2
xb_01422,浓雾,高山呼吐的灵气,灵气,浓雾,NT,自然,AB,抽象,4,抽象→具体,184,0.7369,,,,,,,0.2948,,0.1621,1
xb_01423,毛主席声明,明灯,明灯,声明,OB,物体,AB,抽象,2,具体→抽象,1192,1.0,,,,,,,0.4,,0.22,2
xb_01424,伟人,民族和时代的财富,财富,伟人,EC,经济,AB,抽象,1,具体→具体,129,0.6871,,,,,,,0.2748,,0.1512,1
xb_01425,劳动人民的最大敌人,美帝国主义,帝国主义,敌人,HM,人体,AB,抽象,3,抽象→抽象,1099,0.9885,,,,,,,0.3954,,0.2175,2
xb_01426,皇帝,历史的主人,主人,皇帝,HM,人体,AB,抽象,1,具体→具体,1099,0.9885,,,,,,,0.3954,,0.2175,2
xb_01427,社会服务承诺制度,社会主义精神文明建设的重要内容,内容,制度,HM,人体,AB,抽象,3,抽象→抽象,1099,0.9885,,,,,,,0.3954,,0.2175,2
xb_01428,主力军,T淋巴细胞和B淋巴细胞,细胞,主力军,WR,战争,BD,建筑,1,具体→具体,198,0.7472,,,,,,,0.2989,,0.1644,1
xb_01429,美中经济贸易关系,两国关系的支柱和基础,基础,关系,OB,物体,SC,社会,2,具体→抽象,1192,1.0,,,,,,,0.4,,0.22,2
xb_01430,生产资料私有制,无产阶级和劳动人民贫困的根源,人民,私有制,LV,生命,SC,社会,2,具体→抽象,263,0.7871,,,,,,,0.3148,,0.1732,1
xb_01431,马克思主义,无产阶级和劳动人民认识世界、改造世界的强大思想武器,武器,马克思主义,WR,战争,TH,思维,2,具体→抽象,198,0.7472,,,,,,,0.2989,,0.1644,1
xb_01432,社会帝国主义,国际紧张局势的主要根源,根源,帝国主义,LV,生命,SC,社会,2,具体→抽象,263,0.7871,,,,,,,0.3148,,0.1732,1
xb_01433,共产党员,无产阶级先锋队的战士,战士,共产党员,WR,战争,SC,社会,2,具体→抽象,198,0.7472,,,,,,,0.2989,,0.1644,1
xb_01434,农业,国民经济的支柱,支柱,农业,OB,物体,AB,抽象,2,具体→抽象,1192,1.0,,,,,,,0.4,,0.22,2
xb_01435,艺术舞台,政治舞台的缩影,缩影,舞台,HM,人体,SC,社会,2,具体→抽象,1099,0.9885,,,,,,,0.3954,,0.2175,2
xb_01436,工人阶级,领导阶级,阶级,阶级,HM,人体,SC,社会,2,具体→抽象,1099,0.9885,,,,,,,0.3954,,0.2175,2
xb_01437,中印两国的友谊,建筑在和平共处五项原则的基础上的,建筑,友谊,OB,物体,SC,社会,2,具体→抽象,1192,1.0,,,,,,,0.4,,0.22,2
xb_01438,价格,市场最敏感的信号,信号,价格,OB,物体,AB,抽象,2,具体→抽象,1192,1.0,,,,,,,0.4,,0.22,2
xb_01439,新民主主义经济,无产阶级共产党所领导的,共产党,经济,HM,人体,SC,社会,3,抽象→抽象,1099,0.9885,,,,,,,0.3954,,0.2175,2
xb_01440,人民群众,历史的创造者,创造者,群众,HM,人体,TM,时间,2,具体→抽象,1099,0.9885,,,,,,,0.3954,,0.2175,2
xb_01441,政策和策略,党的生命,生命,策略,LV,生命,SC,社会,2,具体→抽象,263,0.7871,,,,,,,0.3148,,0.1732,1
xb_01442,理论问题,基础,基础,问题,OB,物体,AB,抽象,2,具体→抽象,1192,1.0,,,,,,,0.4,,0.22,2
xb_01443,城市雕塑,永久性的艺术载体,载体,雕塑,OB,物体,EV,事件,1,具体→具体,1192,1.0,,,,,,,0.4,,0.22,2
xb_01444,图画、照片和地图,宣传员工作中的有力的武器,武器,地图,WR,战争,AB,抽象,1,具体→具体,198,0.7472,,,,,,,0.2989,,0.1644,1
xb_01445,地,命根,命根,地,LV,生命,AB,抽象,1,具体→具体,263,0.7871,,,,,,,0.3148,,0.1732,1
xb_01446,价值规律,商品生产的规律,规律,规律,OB,物体,AB,抽象,3,抽象→抽象,1192,1.0,,,,,,,0.4,,0.22,2
xb_01447,我们的事业,国际的事业,事业,事业,HM,人体,AB,抽象,3,抽象→抽象,1099,0.9885,,,,,,,0.3954,,0.2175,2
xb_01448,经济,社会的基础,基础,经济,OB,物体,AB,抽象,2,具体→抽象,1192,1.0,,,,,,,0.4,,0.22,2
xb_01449,理想信念,"共产党人精神上的""钙""","""钙",信念,OB,物体,TH,思维,2,具体→抽象,1192,1.0,,,,,,,0.4,,0.22,2
xb_01450,英帝国主义,日薄西山,日薄西山,帝国主义,NT,自然,SC,社会,2,具体→抽象,184,0.7369,,,,,,,0.2948,,0.1621,1
xb_01451,清洁能源,绿色发展助推器,助推器,能源,MC,医疗,AB,抽象,2,具体→抽象,32,0.4936,,,,,,,0.1974,,0.1086,1
xb_01452,中、泰两国人民,知己而亲密的朋友,朋友,人民,HM,人体,SC,社会,2,具体→抽象,1099,0.9885,,,,,,,0.3954,,0.2175,2
xb_01453,邓小平外交思想,新时期指导我国对外工作的强大思想武器,武器,思想,WR,战争,TH,思维,2,具体→抽象,198,0.7472,,,,,,,0.2989,,0.1644,1
xb_01454,党的基层组织,党的全部工作和战斗力的基础,基础,组织,OB,物体,SC,社会,2,具体→抽象,1192,1.0,,,,,,,0.4,,0.22,2
xb_01455,观念,财富,财富,观念,EC,经济,TH,思维,2,具体→抽象,129,0.6871,,,,,,,0.2748,,0.1512,1
xb_01456,诗,诗人心灵的历史,历史,诗,HM,人体,AB,抽象,3,抽象→抽象,1099,0.9885,,,,,,,0.3954,,0.2175,2
xb_01457,农民,工人阶级巩固的同盟军,同盟军,农民,WR,战争,SC,社会,1,具体→具体,198,0.7472,,,,,,,0.2989,,0.1644,1
xb_01458,共产主义的理想信念,共产党人的精神支柱和力量源泉,力量,信念,NT,自然,TH,思维,2,具体→抽象,184,0.7369,,,,,,,0.2948,,0.1621,1
xb_01459,党中央,中流砥柱,中流砥柱,党中央,FC,力量,SC,社会,2,具体→抽象,84,0.6271,,,,,,,0.2508,,0.138,1
xb_01460,人民解放军,钢铁长城,长城,解放军,WR,战争,AB,抽象,1,具体→具体,198,0.7472,,,,,,,0.2989,,0.1644,1
xb_01461,配料工作者,锅炉的厨子,厨子,工作者,HM,人体,AB,抽象,1,具体→具体,1099,0.9885,,,,,,,0.3954,,0.2175,2
xb_01462,精神文明,社会主义物质文明健康发展的重要保证,保证,文明,OB,物体,AB,抽象,3,抽象→抽象,1192,1.0,,,,,,,0.4,,0.22,2
xb_01463,太空和国际海底,全人类的共同财富,财富,海底,EC,经济,AB,抽象,1,具体→具体,129,0.6871,,,,,,,0.2748,,0.1512,1
xb_01464,革命干部,党和国家的宝贵财富,财富,干部,EC,经济,LF,光线,1,具体→具体,129,0.6871,,,,,,,0.2748,,0.1512,1
xb_01465,人民,历史的创造者,创造者,人民,HM,人体,SC,社会,2,具体→抽象,1099,0.9885,,,,,,,0.3954,,0.2175,2
xb_01466,科学技术,精神文明建设的重要基石,基石,技术,OB,物体,AB,抽象,2,具体→抽象,1192,1.0,,,,,,,0.4,,0.22,2
xb_01467,农技服务组织,领导、指挥农业的重要阵地,阵地,组织,WR,战争,SC,社会,2,具体→抽象,198,0.7472,,,,,,,0.2989,,0.1644,1
xb_01468,经典名著,人类最可宝贵的精神财富,财富,名著,EC,经济,AB,抽象,2,具体→抽象,129,0.6871,,,,,,,0.2748,,0.1512,1
xb_01469,宪法,国家的根本大法,大法,宪法,HM,人体,AB,抽象,3,抽象→抽象,1099,0.9885,,,,,,,0.3954,,0.2175,2
xb_01470,共产主义,无产阶级斗争的实际目标,目标,共产主义,TR,交通,MR,机器,3,抽象→抽象,41,0.5276,,,,,,,0.211,,0.1161,1
xb_01471,美帝国主义对老挝的干涉,造成紧张局势的主要原因,原因,干涉,OB,物体,SC,社会,3,抽象→抽象,1192,1.0,,,,,,,0.4,,0.22,2
xb_01472,家庭,社会的细胞,细胞,家庭,LV,生命,SC,社会,2,具体→抽象,263,0.7871,,,,,,,0.3148,,0.1732,1
xb_01473,假冒伪劣品,诱致国民素质下降的可怕陷阱,诱致,伪劣品,OB,物体,AB,抽象,1,具体→具体,1192,1.0,,,,,,,0.4,,0.22,2
xb_01474,科学技术,生产力,生产力,技术,FC,力量,AB,抽象,3,抽象→抽象,84,0.6271,,,,,,,0.2508,,0.138,1
xb_01475,领导干部,干部中的骨干和优秀分子,分子,干部,BD,建筑,AB,抽象,1,具体→具体,221,0.7626,,,,,,,0.3051,,0.1678,1
xb_01476,工会,人民民主专政的国家政权的社会支柱,支柱,工会,OB,物体,AB,抽象,2,具体→抽象,1192,1.0,,,,,,,0.4,,0.22,2
xb_01477,办案责任制,党的十八届四中全会以来司法体制改革的重中之重,重中之重,责任制,OB,物体,MR,机器,3,抽象→抽象,1192,1.0,,,,,,,0.4,,0.22,2
xb_01478,共产党,无产阶级的先进部队,部队,共产党,WR,战争,SC,社会,2,具体→抽象,198,0.7472,,,,,,,0.2989,,0.1644,1
xb_01479,水,生命的构成,构成,水,OB,物体,AB,抽象,4,抽象→具体,1192,1.0,,,,,,,0.4,,0.22,2
xb_01480,水,人类生产和生存的基础,基础,水,OB,物体,AB,抽象,2,具体→抽象,1192,1.0,,,,,,,0.4,,0.22,2
xb_01481,政党,国家发展的领路人和先行者,先行者,政党,TR,交通,SC,社会,2,具体→抽象,41,0.5276,,,,,,,0.211,,0.1161,1
xb_01482,保守党和国家机密,全体公民应尽的义务,义务,机密,MR,机器,EV,事件,3,抽象→抽象,123,0.6804,,,,,,,0.2722,,0.1497,1
xb_01483,小队干部,党同群众联系的桥梁,桥梁,干部,OB,物体,AB,抽象,1,具体→具体,1192,1.0,,,,,,,0.4,,0.22,2
xb_01484,民心,杆秤,杆秤,民心,OB,物体,AB,抽象,2,具体→抽象,1192,1.0,,,,,,,0.4,,0.22,2
xb_01485,台湾,中国领土不可分割的一部分,领土,台湾,HM,人体,AB,抽象,4,抽象→具体,1099,0.9885,,,,,,,0.3954,,0.2175,2
xb_01486,土地,农民重要的生产资料,资料,土地,EC,经济,AB,抽象,4,抽象→具体,129,0.6871,,,,,,,0.2748,,0.1512,1
xb_01487,中巴航空运输协定,两国合作中的里程碑,里程碑,协定,TR,交通,AB,抽象,2,具体→抽象,41,0.5276,,,,,,,0.211,,0.1161,1
xb_01488,知识分子,工人阶级的一部分,工人阶级,知识分子,HM,人体,TH,思维,4,抽象→具体,1099,0.9885,,,,,,,0.3954,,0.2175,2
xb_01489,邓小平理论,毛泽东思想的继承和发展,发展,理论,OB,物体,TH,思维,3,抽象→抽象,1192,1.0,,,,,,,0.4,,0.22,2
xb_01490,美帝国主义,社会主义事业的凶恶的敌人,敌人,帝国主义,HM,人体,MR,机器,2,具体→抽象,1099,0.9885,,,,,,,0.3954,,0.2175,2
xb_01491,毛泽东思想,全世界革命人民反对帝国主义、现代修正主义和各国反动派的强大思想武器,武器,思想,WR,战争,TH,思维,2,具体→抽象,198,0.7472,,,,,,,0.2989,,0.1644,1
xb_01492,社会主义的危险的敌人,修正主义,修正主义,敌人,HM,人体,MR,机器,3,抽象→抽象,1099,0.9885,,,,,,,0.3954,,0.2175,2
xb_01493,农机监理,农机安全保障,安全,监理,OB,物体,AB,抽象,3,抽象→抽象,1192,1.0,,,,,,,0.4,,0.22,2
xb_01494,人才,科技的载体,载体,人才,OB,物体,LF,光线,1,具体→具体,1192,1.0,,,,,,,0.4,,0.22,2
xb_01495,水利,农业的命脉,命脉,水利,LV,生命,MR,机器,2,具体→抽象,263,0.7871,,,,,,,0.3148,,0.1732,1
xb_01496,党,无产阶级的先进的有组织的部队,部队,党,WR,战争,SC,社会,2,具体→抽象,198,0.7472,,,,,,,0.2989,,0.1644,1
xb_01497,政策和策略,党的生命,生命,策略,LV,生命,SC,社会,2,具体→抽象,263,0.7871,,,,,,,0.3148,,0.1732,1
xb_01498,政治,统帅,统帅,政治,HM,人体,SC,社会,2,具体→抽象,1099,0.9885,,,,,,,0.3954,,0.2175,2
xb_01499,中古两国人民,兄弟,兄弟,人民,HM,人体,LF,光线,2,具体→抽象,1099,0.9885,,,,,,,0.3954,,0.2175,2
xb_01500,政治工作,一切经济工作的生命线,生命线,工作,LV,生命,SC,社会,2,具体→抽象,263,0.7871,,,,,,,0.3148,,0.1732,1
xb_01501,风格,个性的自然流露,流露,风格,NT,自然,AB,抽象,3,抽象→抽象,184,0.7369,,,,,,,0.2948,,0.1621,1
xb_01502,自卑感,剥削制度的产物,产物,自卑感,OB,物体,AB,抽象,3,抽象→抽象,1192,1.0,,,,,,,0.4,,0.22,2
xb_01503,伪政权,美帝国主义侵略越南南方的工具,工具,伪政权,OB,物体,AB,抽象,2,具体→抽象,1192,1.0,,,,,,,0.4,,0.22,2
xb_01504,共产党,穷人的命根子,命根子,共产党,LV,生命,SC,社会,2,具体→抽象,263,0.7871,,,,,,,0.3148,,0.1732,1
xb_01505,农业,国民经济发展的基础,基础,农业,OB,物体,SC,社会,2,具体→抽象,1192,1.0,,,,,,,0.4,,0.22,2
xb_01506,金融,实体经济的血脉,血脉,金融,BD,建筑,AB,抽象,2,具体→抽象,221,0.7626,,,,,,,0.3051,,0.1678,1
xb_01507,马克思列宁主义,共产主义运动团结的基础,基础,列宁主义,OB,物体,MR,机器,2,具体→抽象,1192,1.0,,,,,,,0.4,,0.22,2
xb_01508,农业,国民经济发展的基础,基础,农业,OB,物体,SC,社会,2,具体→抽象,1192,1.0,,,,,,,0.4,,0.22,2
xb_01509,革命性,社会主义文艺的灵魂,灵魂,革命性,BD,建筑,AB,抽象,2,具体→抽象,221,0.7626,,,,,,,0.3051,,0.1678,1
xb_01510,医务人员,医疗行业的核心资源,资源,人员,EC,经济,LF,光线,4,抽象→具体,129,0.6871,,,,,,,0.2748,,0.1512,1
xb_01511,残疾人事业,社会发展的一个组成部分,部分,事业,OB,物体,LF,光线,3,抽象→抽象,1192,1.0,,,,,,,0.4,,0.22,2
xb_01512,公平正义,社会主义的本质特征,特征,正义,OB,物体,MR,机器,3,抽象→抽象,1192,1.0,,,,,,,0.4,,0.22,2
xb_01513,语言文字,人们交流思想的工具,工具,文字,OB,物体,CM,通讯,2,具体→抽象,1192,1.0,,,,,,,0.4,,0.22,2
xb_01514,战争,革命战争,战争,战争,WR,战争,AB,抽象,3,抽象→抽象,198,0.7472,,,,,,,0.2989,,0.1644,1
xb_01515,贝宁和中国的关系,主权国家间关系的楷模,楷模,关系,HM,人体,SC,社会,3,抽象→抽象,1099,0.9885,,,,,,,0.3954,,0.2175,2
xb_01516,毛主席的哲学思想,法宝,法宝,思想,OB,物体,TH,思维,2,具体→抽象,1192,1.0,,,,,,,0.4,,0.22,2
xb_01517,群众路线,党的生命线,生命线,路线,LV,生命,SC,社会,2,具体→抽象,263,0.7871,,,,,,,0.3148,,0.1732,1
xb_01518,霍山黄芽,茶中精品,精品,黄芽,OB,物体,AB,抽象,4,抽象→具体,1192,1.0,,,,,,,0.4,,0.22,2
xb_01519,劳动人民,世界的创造者,创造者,人民,HM,人体,LF,光线,2,具体→抽象,1099,0.9885,,,,,,,0.3954,,0.2175,2
xb_01520,城市公共交通,城市的动脉,动脉,交通,BD,建筑,SC,社会,2,具体→抽象,221,0.7626,,,,,,,0.3051,,0.1678,1
xb_01521,恐怖主义,人类的公敌,公敌,恐怖主义,HM,人体,MR,机器,2,具体→抽象,1099,0.9885,,,,,,,0.3954,,0.2175,2
xb_01522,政策,路线的具体体现,体现,政策,OB,物体,SC,社会,3,抽象→抽象,1192,1.0,,,,,,,0.4,,0.22,2
xb_01523,政治,经济的集中表现,表现,政治,OB,物体,SC,社会,3,抽象→抽象,1192,1.0,,,,,,,0.4,,0.22,2
xb_01524,共青团,党的有力助手,助手,共青团,HM,人体,AB,抽象,2,具体→抽象,1099,0.9885,,,,,,,0.3954,,0.2175,2
xb_01525,山区,林业生态建设的主战场,主战场,山区,WR,战争,AB,抽象,1,具体→具体,198,0.7472,,,,,,,0.2989,,0.1644,1
xb_01526,人民群众,人类智慧的海洋,海洋,群众,NT,自然,LF,光线,2,具体→抽象,184,0.7369,,,,,,,0.2948,,0.1621,1
xb_01527,人民群众,党的血脉,血脉,群众,LV,生命,LF,光线,2,具体→抽象,263,0.7871,,,,,,,0.3148,,0.1732,1
xb_01528,社会风气,社会文明程度的重要标志,标志,风气,OB,物体,SC,社会,3,抽象→抽象,1192,1.0,,,,,,,0.4,,0.22,2
xb_01529,文化,民族的血脉,血脉,文化,LV,生命,AB,抽象,2,具体→抽象,263,0.7871,,,,,,,0.3148,,0.1732,1
xb_01530,毛泽东思想,马列主义的最高发展,发展,思想,OB,物体,TH,思维,3,抽象→抽象,1192,1.0,,,,,,,0.4,,0.22,2
xb_01531,人民解放军,无产阶级专政的柱石,柱石,解放军,OB,物体,LF,光线,1,具体→具体,1192,1.0,,,,,,,0.4,,0.22,2
xb_01532,国际海底区域及其资源,人类的共同继承财富,财富,资源,EC,经济,SC,社会,1,具体→具体,129,0.6871,,,,,,,0.2748,,0.1512,1
xb_01533,数学,自然科学及技术的基础,基础,数学,OB,物体,AB,抽象,2,具体→抽象,1192,1.0,,,,,,,0.4,,0.22,2
xb_01534,批评与自我批评,党永远保持蓬勃朝气的有力武器,武器,批评,WR,战争,LF,光线,2,具体→抽象,198,0.7472,,,,,,,0.2989,,0.1644,1
xb_01535,青少年,祖国的未来,未来,青少年,TM,时间,AB,抽象,4,抽象→具体,40,0.5242,,,,,,,0.2097,,0.1153,1
xb_01536,人才,事业发展最可宝贵的财富,财富,人才,EC,经济,LF,光线,1,具体→具体,129,0.6871,,,,,,,0.2748,,0.1512,1
xb_01537,青年,两岸关系的未来,未来,青年,TM,时间,AB,抽象,4,抽象→具体,40,0.5242,,,,,,,0.2097,,0.1153,1
xb_01538,民主集中制,无产阶级政党的根本的组织原则,原则,民主集中制,OB,物体,AB,抽象,3,抽象→抽象,1192,1.0,,,,,,,0.4,,0.22,2
xb_01539,劳动群众,历史的真正创造者,创造者,群众,HM,人体,AB,抽象,1,具体→具体,1099,0.9885,,,,,,,0.3954,,0.2175,2
xb_01540,儿童,祖国的花朵,花朵,儿童,LV,生命,AB,抽象,1,具体→具体,263,0.7871,,,,,,,0.3148,,0.1732,1
xb_01541,科学技术,人类共同创造的财富,财富,技术,EC,经济,AB,抽象,2,具体→抽象,129,0.6871,,,,,,,0.2748,,0.1512,1
xb_01542,群众,新闻工作者的真正老师,老师,群众,HM,人体,AB,抽象,1,具体→具体,1099,0.9885,,,,,,,0.3954,,0.2175,2
xb_01543,诗,雨露,雨露,诗,NT,自然,AB,抽象,2,具体→抽象,184,0.7369,,,,,,,0.2948,,0.1621,1
xb_01544,质量,产品的生命,生命,质量,LV,生命,AB,抽象,2,具体→抽象,263,0.7871,,,,,,,0.3148,,0.1732,1
xb_01545,皇帝,地主阶级在政治上的最高代表,代表,皇帝,HM,人体,AB,抽象,2,具体→抽象,1099,0.9885,,,,,,,0.3954,,0.2175,2
xb_01546,革命的干部,党的宝贵财富,财富,干部,EC,经济,AB,抽象,1,具体→具体,129,0.6871,,,,,,,0.2748,,0.1512,1
xb_01547,妇女,半边天,半边天,妇女,SP,空间,AB,抽象,1,具体→具体,203,0.7507,,,,,,,0.3003,,0.1652,1
xb_01548,青年,宝藏,宝藏,青年,EC,经济,AB,抽象,1,具体→具体,129,0.6871,,,,,,,0.2748,,0.1512,1
xb_01549,大寨精神,毛泽东思想的产物,产物,精神,OB,物体,AB,抽象,3,抽象→抽象,1192,1.0,,,,,,,0.4,,0.22,2
xb_01550,树立企业形象,企业成功的关键,关键,形象,OB,物体,AB,抽象,3,抽象→抽象,1192,1.0,,,,,,,0.4,,0.22,2
xb_01551,推行公务员制度,政治体制改革的一项重要内容,内容,制度,OB,物体,SC,社会,3,抽象→抽象,1192,1.0,,,,,,,0.4,,0.22,2
xb_01552,厂长,企业法人的代表,代表,厂长,HM,人体,AB,抽象,2,具体→抽象,1099,0.9885,,,,,,,0.3954,,0.2175,2
xb_01553,老干部,民主派,民主派,老干部,HM,人体,AB,抽象,1,具体→具体,1099,0.9885,,,,,,,0.3954,,0.2175,2
xb_01554,情况,第一位的,第一,情况,OB,物体,EV,事件,3,抽象→抽象,1192,1.0,,,,,,,0.4,,0.22,2
xb_01555,政策和策略,党的生命,生命,策略,LV,生命,SC,社会,2,具体→抽象,263,0.7871,,,,,,,0.3148,,0.1732,1
xb_01556,宪法,国家的根本法,法,宪法,OB,物体,AB,抽象,3,抽象→抽象,1192,1.0,,,,,,,0.4,,0.22,2
xb_01557,契约精神,市场经济的基石,基石,精神,OB,物体,AB,抽象,2,具体→抽象,1192,1.0,,,,,,,0.4,,0.22,2
xb_01558,经济,财政的基础,基础,经济,OB,物体,AB,抽象,2,具体→抽象,1192,1.0,,,,,,,0.4,,0.22,2
xb_01559,人权,国际社会和各国关注的焦点之一,之一,人权,OB,物体,LF,光线,3,抽象→抽象,1192,1.0,,,,,,,0.4,,0.22,2
xb_01560,党的总路线的中心环节,国家工业化,工业化,环节,HM,人体,SC,社会,3,抽象→抽象,1099,0.9885,,,,,,,0.3954,,0.2175,2
xb_01561,大汉族主义,民族团结的主要障碍,障碍,大汉族主义,OB,物体,MR,机器,2,具体→抽象,1192,1.0,,,,,,,0.4,,0.22,2
xb_01562,人民群众,国家的主人,主人,群众,HM,人体,LF,光线,2,具体→抽象,1099,0.9885,,,,,,,0.3954,,0.2175,2
xb_01563,先进生产力,基础和前提,前提,生产力,OB,物体,EV,事件,3,抽象→抽象,1192,1.0,,,,,,,0.4,,0.22,2
xb_01564,社会主义经济,计划经济,计划,经济,OB,物体,SC,社会,3,抽象→抽象,1192,1.0,,,,,,,0.4,,0.22,2
xb_01565,越南青年,国家将来的主人,主人,青年,HM,人体,AB,抽象,1,具体→具体,1099,0.9885,,,,,,,0.3954,,0.2175,2
xb_01566,农业,国民经济基础,基础,农业,OB,物体,SC,社会,2,具体→抽象,1192,1.0,,,,,,,0.4,,0.22,2
xb_01567,人民解放军,人民民主专政的坚强柱石,专政,解放军,OB,物体,LF,光线,1,具体→具体,1192,1.0,,,,,,,0.4,,0.22,2
xb_01568,上述立场,越南问题政治解决的基础,基础,立场,OB,物体,SC,社会,2,具体→抽象,1192,1.0,,,,,,,0.4,,0.22,2
xb_01569,沃野,祖国的化身,化身,沃野,OB,物体,AB,抽象,4,抽象→具体,1192,1.0,,,,,,,0.4,,0.22,2
xb_01570,绿色环境,人类生存和发展的物质基础,基础,环境,OB,物体,AB,抽象,4,抽象→具体,1192,1.0,,,,,,,0.4,,0.22,2
xb_01571,创客项目,创意的源泉,源泉,项目,NT,自然,AB,抽象,2,具体→抽象,184,0.7369,,,,,,,0.2948,,0.1621,1
xb_01572,青年,世界的未来,未来,青年,TM,时间,AB,抽象,4,抽象→具体,40,0.5242,,,,,,,0.2097,,0.1153,1
xb_01573,集成电路技术,信息产业的核心,核心,技术,OB,物体,AB,抽象,2,具体→抽象,1192,1.0,,,,,,,0.4,,0.22,2
xb_01574,祖国,人民最坚实的依靠,人民,祖国,FC,力量,AB,抽象,2,具体→抽象,84,0.6271,,,,,,,0.2508,,0.138,1
xb_01575,党的政策,党的生命,生命,政策,LV,生命,SC,社会,2,具体→抽象,263,0.7871,,,,,,,0.3148,,0.1732,1
xb_01576,帝国主义野心,人类灾祸的根源,根源,野心,LV,生命,MR,机器,2,具体→抽象,263,0.7871,,,,,,,0.3148,,0.1732,1
xb_01577,党的基本路线,生命线,生命线,路线,LV,生命,SC,社会,2,具体→抽象,263,0.7871,,,,,,,0.3148,,0.1732,1
xb_01578,工人,社会主义企业的主人,主人,工人,HM,人体,LF,光线,1,具体→具体,1099,0.9885,,,,,,,0.3954,,0.2175,2
xb_01579,希腊、罗马的古典文化,世界文明的源头,源头,文化,NT,自然,AB,抽象,2,具体→抽象,184,0.7369,,,,,,,0.2948,,0.1621,1
xb_01580,赏罚严明,治国安邦之道,道,严明,TR,交通,AB,抽象,3,抽象→抽象,41,0.5276,,,,,,,0.211,,0.1161,1
xb_01581,调查研究,领导干部必练的基本功,基本功,研究,OB,物体,AB,抽象,3,抽象→抽象,1192,1.0,,,,,,,0.4,,0.22,2
xb_01582,蛇全身,宝,宝,全身,OB,物体,AB,抽象,1,具体→具体,1192,1.0,,,,,,,0.4,,0.22,2
xb_01583,市场,企业发展的推进器,推进器,市场,MC,医疗,AB,抽象,2,具体→抽象,32,0.4936,,,,,,,0.1974,,0.1086,1
xb_01584,浑身,胆,胆,浑身,BD,建筑,AB,抽象,1,具体→具体,221,0.7626,,,,,,,0.3051,,0.1678,1
xb_01585,帝国主义,殖民地半殖民地一切灾难和贫困的总根源,根源,帝国主义,LV,生命,MR,机器,2,具体→抽象,263,0.7871,,,,,,,0.3148,,0.1732,1
xb_01586,干部,勤务员,勤务员,干部,HM,人体,AB,抽象,1,具体→具体,1099,0.9885,,,,,,,0.3954,,0.2175,2
xb_01587,青少年,国家的未来,未来,青少年,TM,时间,AB,抽象,4,抽象→具体,40,0.5242,,,,,,,0.2097,,0.1153,1
xb_01588,市场经济,资本主义的专利,专利,经济,OB,物体,AB,抽象,3,抽象→抽象,1192,1.0,,,,,,,0.4,,0.22,2
xb_01589,群众路线,党的工作方法,方法,路线,HM,人体,SC,社会,3,抽象→抽象,1099,0.9885,,,,,,,0.3954,,0.2175,2
xb_01590,省建厅,全省建设部门的司令部,司令部,省建厅,WR,战争,AB,抽象,1,具体→具体,198,0.7472,,,,,,,0.2989,,0.1644,1
xb_01591,我军,无产阶级专政的柱石,柱石,我军,OB,物体,AB,抽象,1,具体→具体,1192,1.0,,,,,,,0.4,,0.22,2
xb_01592,立法权,国家权力的核心内容,内容,立法权,OB,物体,AB,抽象,3,抽象→抽象,1192,1.0,,,,,,,0.4,,0.22,2
xb_01593,领导者,人民的公仆,公仆,领导者,HM,人体,AB,抽象,1,具体→具体,1099,0.9885,,,,,,,0.3954,,0.2175,2
xb_01594,决定的因素,人不是物,物,因素,HM,人体,AB,抽象,2,具体→抽象,1099,0.9885,,,,,,,0.3954,,0.2175,2
xb_01595,我们党,马克思主义政党,政党,党,OB,物体,SC,社会,1,具体→具体,1192,1.0,,,,,,,0.4,,0.22,2
xb_01596,无产阶级,历史上最先进最革命的阶级,阶级,无产阶级,HM,人体,AB,抽象,1,具体→具体,1099,0.9885,,,,,,,0.3954,,0.2175,2
xb_01597,牡丹,吉祥富贵的象征,象征,牡丹,OB,物体,AB,抽象,4,抽象→具体,1192,1.0,,,,,,,0.4,,0.22,2
xb_01598,党的基层组织,党的全部工作和战斗力的基础,基础,组织,OB,物体,SC,社会,4,抽象→具体,1192,1.0,,,,,,,0.4,,0.22,2
xb_01599,科学技术,生产力,生产力,技术,EC,经济,AB,抽象,3,抽象→抽象,129,0.6871,,,,,,,0.2748,,0.1512,1
xb_01600,农业,国民经济的基础,基础,农业,OB,物体,SC,社会,2,具体→抽象,1192,1.0,,,,,,,0.4,,0.22,2
xb_01601,教育,民族振兴的基石,基石,教育,OB,物体,AB,抽象,2,具体→抽象,1192,1.0,,,,,,,0.4,,0.22,2
xb_01602,技术进步,经济增长的引擎,引擎,进步,MC,医疗,AB,抽象,2,具体→抽象,32,0.4936,,,,,,,0.1974,,0.1086,1
xb_01603,改革,动力,动力,改革,FC,力量,AB,抽象,3,抽象→抽象,84,0.6271,,,,,,,0.2508,,0.138,1
xb_01604,创新,引领发展的第一动力,动力,创新,FC,力量,AB,抽象,3,抽象→抽象,84,0.6271,,,,,,,0.2508,,0.138,1
xb_01605,知识,力量,力量,知识,FC,力量,TH,思维,3,抽象→抽象,84,0.6271,,,,,,,0.2508,,0.138,1
xb_01606,时间,金钱,金钱,时间,EC,经济,TM,时间,2,具体→抽象,129,0.6871,,,,,,,0.2748,,0.1512,1
xb_01607,实践,检验真理的唯一标准,标准,实践,OB,物体,AB,抽象,3,抽象→抽象,1192,1.0,,,,,,,0.4,,0.22,2
xb_01608,水,人类生存和发展不可替代的资源,资源,水,EC,经济,AB,抽象,4,抽象→具体,129,0.6871,,,,,,,0.2748,,0.1512,1
xb_01609,根本的依据,事实,事实,依据,OB,物体,AB,抽象,3,抽象→抽象,1192,1.0,,,,,,,0.4,,0.22,2
xb_01610,家庭,社会的自然和基本单位,单位,家庭,OB,物体,SC,社会,4,抽象→具体,1192,1.0,,,,,,,0.4,,0.22,2
xb_01611,实施全民健身计划,国家的重要发展战略,战略,计划,WR,战争,SC,社会,3,抽象→抽象,198,0.7472,,,,,,,0.2989,,0.1644,1
xb_01612,政策,关键,关键,政策,OB,物体,SC,社会,3,抽象→抽象,1192,1.0,,,,,,,0.4,,0.22,2
xb_01613,戏曲,民族艺术的瑰宝,瑰宝,戏曲,OB,物体,AB,抽象,1,具体→具体,1192,1.0,,,,,,,0.4,,0.22,2
xb_01614,主要的政治思想武器,民族主义,民族主义,武器,OB,物体,TH,思维,3,抽象→抽象,1192,1.0,,,,,,,0.4,,0.22,2
xb_01615,银行,国际经济合作的重要桥梁,桥梁,银行,OB,物体,EC,经济,1,具体→具体,1192,1.0,,,,,,,0.4,,0.22,2
xb_01616,土地,农民的基本生产资料,资料,土地,EC,经济,NT,自然,4,抽象→具体,129,0.6871,,,,,,,0.2748,,0.1512,1
xb_01617,工人,企业的主人,主人,工人,HM,人体,HM,人体,1,具体→具体,1099,0.9885,,,,,,,0.3954,,0.2175,2
xb_01618,铁路,国家重要的基础设施,设施,铁路,OB,物体,OB,物体,2,具体→抽象,1192,1.0,,,,,,,0.4,,0.22,2
xb_01619,广大师生员工,学校的主人,主人,员工,HM,人体,HM,人体,1,具体→具体,1099,0.9885,,,,,,,0.3954,,0.2175,2
xb_01620,杜鹃,先辈丹心凝,丹心,杜鹃,BD,建筑,NT,自然,4,抽象→具体,221,0.7626,,,,,,,0.3051,,0.1678,1
xb_01621,人民群众,历史的创造者,创造者,群众,HM,人体,HM,人体,2,具体→抽象,1099,0.9885,,,,,,,0.3954,,0.2175,2
xb_01622,技术,动力,动力,技术,FC,力量,AB,抽象,3,抽象→抽象,84,0.6271,,,,,,,0.2508,,0.138,1
xb_01623,社会主义核心价值观,法典之魂,魂,价值观,BD,建筑,MR,机器,2,具体→抽象,221,0.7626,,,,,,,0.3051,,0.1678,1
xb_01624,曲艺,我们中华民族传统文化的灿烂结晶,灿烂,曲艺,OB,物体,SC,社会,1,具体→具体,1192,1.0,,,,,,,0.4,,0.22,2
xb_01625,人民,文艺工作者的母亲,母亲,人民,HM,人体,LF,光线,2,具体→抽象,1099,0.9885,,,,,,,0.3954,,0.2175,2
xb_01626,法律,治国之重器,重器,法律,OB,物体,SC,社会,2,具体→抽象,1192,1.0,,,,,,,0.4,,0.22,2
xb_01627,故乡,人间的天堂,天堂,故乡,SP,空间,SP,空间,1,具体→具体,203,0.7507,,,,,,,0.3003,,0.1652,1
xb_01628,信用,现代市场经济的基石,基石,信用,OB,物体,EC,经济,2,具体→抽象,1192,1.0,,,,,,,0.4,,0.22,2
xb_01629,创新,发展,发展,创新,OB,物体,AB,抽象,3,抽象→抽象,1192,1.0,,,,,,,0.4,,0.22,2
xb_01630,改革,强国之路,路,改革,TR,交通,SC,社会,2,具体→抽象,41,0.5276,,,,,,,0.211,,0.1161,1
xb_01631,教育,民族振兴的基石,基石,教育,OB,物体,SC,社会,2,具体→抽象,1192,1.0,,,,,,,0.4,,0.22,2
xb_01632,文学,人学,人学,文学,AB,抽象,AB,抽象,3,抽象→抽象,515,0.8817,,,,,,,0.3527,,0.194,1
xb_01633,创新意识和能力,民族进步的灵魂,灵魂,能力,BD,建筑,TH,思维,2,具体→抽象,221,0.7626,,,,,,,0.3051,,0.1678,1
xb_01634,妇女,战争和贫困的主要牺牲品,牺牲品,妇女,OB,物体,HM,人体,1,具体→具体,1192,1.0,,,,,,,0.4,,0.22,2
xb_01635,开发区,衔接内外世界的桥梁,桥梁,开发区,OB,物体,SP,空间,1,具体→具体,1192,1.0,,,,,,,0.4,,0.22,2
xb_01636,道德,社会的上层建筑,建筑,道德,OB,物体,MR,机器,2,具体→抽象,1192,1.0,,,,,,,0.4,,0.22,2
xb_01637,唯心论和形而上学,修正主义路线的思想基础,基础,形而上学,OB,物体,TH,思维,2,具体→抽象,1192,1.0,,,,,,,0.4,,0.22,2
xb_01638,社会主义,我们实现战略目标的根本保证,根本,社会主义,AB,抽象,SC,社会,3,抽象→抽象,515,0.8817,,,,,,,0.3527,,0.194,1
xb_01639,党,工人阶级先进的部队,部队,党,WR,战争,SC,社会,1,具体→具体,198,0.7472,,,,,,,0.2989,,0.1644,1
xb_01640,艺术,艺术家自身激情与信念的强烈表达,表达,艺术,HM,人体,EV,事件,3,抽象→抽象,1099,0.9885,,,,,,,0.3954,,0.2175,2
xb_01641,土地,农民的命根子,命根子,土地,LV,生命,SC,社会,1,具体→具体,263,0.7871,,,,,,,0.3148,,0.1732,1
xb_01642,基层工会,工会工作的基石,基石,工会,OB,物体,SC,社会,1,具体→具体,1192,1.0,,,,,,,0.4,,0.22,2
xb_01643,素质,人的基本品质,品质,素质,AB,抽象,AB,抽象,3,抽象→抽象,515,0.8817,,,,,,,0.3527,,0.194,1
xb_01644,我们的事业,正义的,正义,事业,MR,机器,EV,事件,3,抽象→抽象,123,0.6804,,,,,,,0.2722,,0.1497,1
xb_01645,决定的因素,人不是物,物,因素,HM,人体,AB,抽象,2,具体→抽象,1099,0.9885,,,,,,,0.3954,,0.2175,2
xb_01646,司法,中央事权,事权,司法,SC,社会,SC,社会,3,抽象→抽象,81,0.622,,,,,,,0.2488,,0.1369,1
xb_01647,企业,发展社会主义商品经济的主体,主体,企业,HM,人体,EC,经济,4,抽象→具体,1099,0.9885,,,,,,,0.3954,,0.2175,2
xb_01648,人才,科技知识的载体,载体,人才,OB,物体,HM,人体,1,具体→具体,1192,1.0,,,,,,,0.4,,0.22,2
xb_01649,战争,帝国主义的本性,本性,战争,AB,抽象,WR,战争,3,抽象→抽象,515,0.8817,,,,,,,0.3527,,0.194,1
xb_01650,企业文化,企业的灵魂,灵魂,文化,BD,建筑,AB,抽象,2,具体→抽象,221,0.7626,,,,,,,0.3051,,0.1678,1
xb_01651,工人阶级,领导阶级,阶级,阶级,SC,社会,SC,社会,1,具体→具体,81,0.622,,,,,,,0.2488,,0.1369,1
xb_01652,政策,党的生命,生命,政策,LV,生命,SC,社会,2,具体→抽象,263,0.7871,,,,,,,0.3148,,0.1732,1
xb_01653,我们工人阶级,社会主义革命和建设的主力军,主力军,阶级,WR,战争,SC,社会,2,具体→抽象,198,0.7472,,,,,,,0.2989,,0.1644,1
xb_01654,我们党,执政党,执政党,党,SC,社会,SC,社会,1,具体→具体,81,0.622,,,,,,,0.2488,,0.1369,1
xb_01655,法律,道德的底线,底线,法律,OB,物体,TH,思维,2,具体→抽象,1192,1.0,,,,,,,0.4,,0.22,2
xb_01656,社会主义国营工业企业,全民所有制的企业,企业,企业,EC,经济,EC,经济,1,具体→具体,129,0.6871,,,,,,,0.2748,,0.1512,1
xb_01657,党的领导,关键,关键,领导,OB,物体,SC,社会,3,抽象→抽象,1192,1.0,,,,,,,0.4,,0.22,2
xb_01658,病态,道德淡化的预警信号,信号,病态,OB,物体,EV,事件,2,具体→抽象,1192,1.0,,,,,,,0.4,,0.22,2
xb_01659,立场问题,思想改造的关键,关键,问题,OB,物体,TH,思维,3,抽象→抽象,1192,1.0,,,,,,,0.4,,0.22,2
xb_01660,毛泽东思想,望远镜,望远镜,思想,OB,物体,TH,思维,2,具体→抽象,1192,1.0,,,,,,,0.4,,0.22,2
xb_01661,毛泽东思想,显微镜,显微镜,思想,OB,物体,TH,思维,2,具体→抽象,1192,1.0,,,,,,,0.4,,0.22,2
xb_01662,毛泽东思想,照妖镜,照妖镜,思想,OB,物体,TH,思维,2,具体→抽象,1192,1.0,,,,,,,0.4,,0.22,2
xb_01663,档案,党和国家的宝贵财富,财富,档案,EC,经济,AB,抽象,2,具体→抽象,129,0.6871,,,,,,,0.2748,,0.1512,1
xb_01664,榜样,导向,导向,榜样,OB,物体,MR,机器,4,抽象→具体,1192,1.0,,,,,,,0.4,,0.22,2
xb_01665,历史,现实的镜子,镜子,历史,OB,物体,HM,人体,2,具体→抽象,1192,1.0,,,,,,,0.4,,0.22,2
xb_01666,国有大中型企业,国民经济的支柱,支柱,企业,OB,物体,EC,经济,2,具体→抽象,1192,1.0,,,,,,,0.4,,0.22,2
xb_01667,政治,统帅,统帅,政治,HM,人体,SC,社会,2,具体→抽象,1099,0.9885,,,,,,,0.3954,,0.2175,2
xb_01668,政治,灵魂,灵魂,政治,BD,建筑,SC,社会,2,具体→抽象,221,0.7626,,,,,,,0.3051,,0.1678,1
xb_01669,集体资产清产核资的关键,农民群众认可,群众,关键,EV,事件,ST,结构,3,抽象→抽象,121,0.6781,,,,,,,0.2713,,0.1492,1
xb_01670,基础,社会发展到某一阶段上的社会经济制度,制度,基础,EC,经济,AB,抽象,3,抽象→抽象,129,0.6871,,,,,,,0.2748,,0.1512,1
xb_01671,书名,书籍的点睛之笔,笔,书名,BD,建筑,AB,抽象,1,具体→具体,221,0.7626,,,,,,,0.3051,,0.1678,1
xb_01672,党的作风,党的性质和宗旨的体现,体现,作风,SC,社会,SC,社会,3,抽象→抽象,81,0.622,,,,,,,0.2488,,0.1369,1
xb_01673,革命的中心任务和最高形式,武装夺取政权,政权,形式,HM,人体,AB,抽象,3,抽象→抽象,1099,0.9885,,,,,,,0.3954,,0.2175,2
xb_01674,儿童,时代的花朵,花朵,儿童,LV,生命,HM,人体,1,具体→具体,263,0.7871,,,,,,,0.3148,,0.1732,1
xb_01675,船员,一群'乌合之众',',船员,HM,人体,HM,人体,1,具体→具体,1099,0.9885,,,,,,,0.3954,,0.2175,2
xb_01676,党,社会的主导的凝聚力量,力量,党,FC,力量,SC,社会,4,抽象→具体,84,0.6271,,,,,,,0.2508,,0.138,1
xb_01677,社会主义经济,计划经济,计划,经济,EC,经济,SC,社会,3,抽象→抽象,129,0.6871,,,,,,,0.2748,,0.1512,1
xb_01678,英帝国主义,纸老虎,纸老虎,帝国主义,OB,物体,SC,社会,2,具体→抽象,1192,1.0,,,,,,,0.4,,0.22,2
xb_01679,决定的因素,人,人,因素,HM,人体,AB,抽象,2,具体→抽象,1099,0.9885,,,,,,,0.3954,,0.2175,2
xb_01680,建设社会主义最宝贵的财产,人,人,财产,HM,人体,EC,经济,2,具体→抽象,1099,0.9885,,,,,,,0.3954,,0.2175,2
xb_01681,人民群众,英雄,英雄,群众,HM,人体,HM,人体,1,具体→具体,1099,0.9885,,,,,,,0.3954,,0.2175,2
xb_01682,知识分子,工人阶级的一部分,工人阶级,知识分子,EC,经济,HM,人体,4,抽象→具体,129,0.6871,,,,,,,0.2748,,0.1512,1
xb_01683,青少年时期,价值观形成的关键时期,时期,时期,ST,结构,ST,结构,3,抽象→抽象,990,0.9738,,,,,,,0.3895,,0.2142,2
xb_01684,军队,国家机器的主要部分,部分,军队,MC,医疗,SC,社会,4,抽象→具体,32,0.4936,,,,,,,0.1974,,0.1086,1
xb_01685,侵略阵线,和平阵线的死对头,死对头,阵线,WR,战争,WR,战争,1,具体→具体,198,0.7472,,,,,,,0.2989,,0.1644,1
xb_01686,各级农业生产资料公司,化肥流通的主渠道,主渠道,公司,SP,空间,EC,经济,1,具体→具体,203,0.7507,,,,,,,0.3003,,0.1652,1
xb_01687,哲学,时代精神的精华,精华,哲学,AB,抽象,TH,思维,3,抽象→抽象,515,0.8817,,,,,,,0.3527,,0.194,1
xb_01688,哲夫的作品,绿色的文学,文学,作品,AB,抽象,AB,抽象,4,抽象→具体,515,0.8817,,,,,,,0.3527,,0.194,1
xb_01689,墙,双方砌的,砌,墙,OB,物体,AB,抽象,2,具体→抽象,1192,1.0,,,,,,,0.4,,0.22,2
xb_01690,直布罗陀问题,历史上遗留下来的问题,问题,问题,AB,抽象,AB,抽象,3,抽象→抽象,515,0.8817,,,,,,,0.3527,,0.194,1
xb_01691,权力,人民赋予的,人民,权力,MR,机器,SC,社会,3,抽象→抽象,123,0.6804,,,,,,,0.2722,,0.1497,1
xb_01692,农村,关键,关键,农村,OB,物体,SP,空间,2,具体→抽象,1192,1.0,,,,,,,0.4,,0.22,2
xb_01693,教学方法,理论联系实际,理论,方法,TH,思维,TH,思维,3,抽象→抽象,101,0.6529,,,,,,,0.2611,,0.1436,1
xb_01694,这节18米的无轨电车,世界上第一辆以超级电容为电源的电车,电车,无轨电车,OB,物体,OB,物体,1,具体→具体,1192,1.0,,,,,,,0.4,,0.22,2
xb_01695,选举政府委员会和县长,全县人民最关心的事,事,县长,EV,事件,EV,事件,3,抽象→抽象,121,0.6781,,,,,,,0.2713,,0.1492,1
xb_01696,政府的主要任务,宏观调控,调控,任务,EC,经济,AB,抽象,3,抽象→抽象,129,0.6871,,,,,,,0.2748,,0.1512,1
xb_01697,保障孩子安全的基础,社会环境的安全,安全,基础,ST,结构,AB,抽象,3,抽象→抽象,990,0.9738,,,,,,,0.3895,,0.2142,2
xb_01698,门厅,"杯子的""底座""","""底",门厅,OB,物体,SP,空间,1,具体→具体,1192,1.0,,,,,,,0.4,,0.22,2
xb_01699,政治纪律,党的最重要的纪律,纪律,纪律,SC,社会,SC,社会,3,抽象→抽象,81,0.622,,,,,,,0.2488,,0.1369,1
xb_01700,政治性,工会组织的灵魂,灵魂,政治性,BD,建筑,SC,社会,2,具体→抽象,221,0.7626,,,,,,,0.3051,,0.1678,1
xb_01701,科学技术,人类生存和发展的重要基础,基础,技术,OB,物体,TH,思维,2,具体→抽象,1192,1.0,,,,,,,0.4,,0.22,2
xb_01702,科学技术,生产力,生产力,技术,EC,经济,TH,思维,3,抽象→抽象,129,0.6871,,,,,,,0.2748,,0.1512,1
xb_01703,经典,时代和民族文化的结晶,结晶,经典,OB,物体,AB,抽象,2,具体→抽象,1192,1.0,,,,,,,0.4,,0.22,2
xb_01704,小岛,对敌斗争的战场,战场,小岛,SP,空间,SP,空间,1,具体→具体,203,0.7507,,,,,,,0.3003,,0.1652,1
xb_01705,法治思维,网络空间法治化的思想基础,基础,思维,OB,物体,TH,思维,2,具体→抽象,1192,1.0,,,,,,,0.4,,0.22,2
xb_01706,共产党的干部,人民的公仆,公仆,干部,HM,人体,HM,人体,1,具体→具体,1099,0.9885,,,,,,,0.3954,,0.2175,2
xb_01707,共产党人的权力,人民赋予的,人民,权力,AB,抽象,SC,社会,3,抽象→抽象,515,0.8817,,,,,,,0.3527,,0.194,1
xb_01708,产业,城市转型和经济结构调整的关键,调整,产业,OB,物体,EC,经济,3,抽象→抽象,1192,1.0,,,,,,,0.4,,0.22,2
xb_01709,中贫农,弟兄,弟兄,贫农,HM,人体,HM,人体,1,具体→具体,1099,0.9885,,,,,,,0.3954,,0.2175,2
xb_01710,党委,决策的机关,机关,党委,MC,医疗,SC,社会,3,抽象→抽象,32,0.4936,,,,,,,0.1974,,0.1086,1
xb_01711,工业,国民经济的领导部门,部门,工业,SC,社会,EC,经济,3,抽象→抽象,81,0.622,,,,,,,0.2488,,0.1369,1
xb_01712,党,亲娘神州家,家,党,HM,人体,SC,社会,2,具体→抽象,1099,0.9885,,,,,,,0.3954,,0.2175,2
xb_01713,玩具,儿童的亲密伙伴,伙伴,玩具,HM,人体,OB,物体,1,具体→具体,1099,0.9885,,,,,,,0.3954,,0.2175,2
xb_01714,21世纪,高科技的时代,时代,世纪,ST,结构,ST,结构,3,抽象→抽象,990,0.9738,,,,,,,0.3895,,0.2142,2
xb_01715,知识分子,工人阶级的一部分,工人阶级,知识分子,SC,社会,HM,人体,4,抽象→具体,81,0.622,,,,,,,0.2488,,0.1369,1
xb_01716,少年儿童,祖国的未来,未来,儿童,TM,时间,HM,人体,4,抽象→具体,40,0.5242,,,,,,,0.2097,,0.1153,1
xb_01717,傩面具,神祗,神祗,傩面,AB,抽象,OB,物体,4,抽象→具体,515,0.8817,,,,,,,0.3527,,0.194,1
xb_01718,木材,国家建设的宝贵材料,材料,木材,OB,物体,NT,自然,1,具体→具体,1192,1.0,,,,,,,0.4,,0.22,2
xb_01719,技术革新运动,党所提出的十大任务之一,之一,运动,AB,抽象,EV,事件,3,抽象→抽象,515,0.8817,,,,,,,0.3527,,0.194,1
xb_01720,饲料,畜牧业发展的基础,基础,饲料,OB,物体,OB,物体,2,具体→抽象,1192,1.0,,,,,,,0.4,,0.22,2
xb_01721,砂眼白内障和缺乏维生素A,眼睛失明主因,主因,维生素A,AB,抽象,EV,事件,3,抽象→抽象,515,0.8817,,,,,,,0.3527,,0.194,1
xb_01722,厂务公开的主要载体,职工代表大会,大会,载体,SC,社会,OB,物体,2,具体→抽象,81,0.622,,,,,,,0.2488,,0.1369,1
xb_01723,边防,祖国的门户,门户,边防,SP,空间,SP,空间,1,具体→具体,203,0.7507,,,,,,,0.3003,,0.1652,1
xb_01724,五轴联动数控机床,这顶桂冠上的明珠,明珠,机床,OB,物体,MC,医疗,1,具体→具体,1192,1.0,,,,,,,0.4,,0.22,2
xb_01725,传统农业技术,我国未来农业技术的主体,主体,技术,AB,抽象,TH,思维,3,抽象→抽象,515,0.8817,,,,,,,0.3527,,0.194,1
xb_01726,电力,经济发展的命脉,命脉,电力,BD,建筑,EC,经济,2,具体→抽象,221,0.7626,,,,,,,0.3051,,0.1678,1
xb_01727,社会主义精神文明,社会主义社会的重要特征,特征,文明,AB,抽象,AB,抽象,3,抽象→抽象,515,0.8817,,,,,,,0.3527,,0.194,1
xb_01728,四项基本原则,党的坚强团结的基础,基础,原则,OB,物体,TH,思维,2,具体→抽象,1192,1.0,,,,,,,0.4,,0.22,2
xb_01729,毛主席的革命路线,工人阶级和广大革命群众的生命线,生命线,路线,BD,建筑,TH,思维,2,具体→抽象,221,0.7626,,,,,,,0.3051,,0.1678,1
xb_01730,社会主义计划经济,计划调节与市场调节相结合的经济,经济,经济,AB,抽象,EC,经济,3,抽象→抽象,515,0.8817,,,,,,,0.3527,,0.194,1
xb_01731,自择权,消费者的基本权利之一,之一,自择权,SC,社会,SC,社会,3,抽象→抽象,81,0.622,,,,,,,0.2488,,0.1369,1
xb_01732,调控的基础,市场,市场,基础,EC,经济,OB,物体,3,抽象→抽象,129,0.6871,,,,,,,0.2748,,0.1512,1
xb_01733,无产阶级的文学艺术,无产阶级整个革命事业的一部分,事业,艺术,EV,事件,SC,社会,3,抽象→抽象,121,0.6781,,,,,,,0.2713,,0.1492,1
xb_01734,"选聘的""大学生村医""服务岗位",乡村医疗卫生机构,机构,岗位,SC,社会,HM,人体,2,具体→抽象,81,0.622,,,,,,,0.2488,,0.1369,1
xb_01735,积极参与全球竞争和资源分配,历史的必然选择,选择,分配,AB,抽象,AB,抽象,3,抽象→抽象,515,0.8817,,,,,,,0.3527,,0.194,1
xb_01736,体育设施和场地供给严重不足,一个历史性的全局性问题,问题,供给,AB,抽象,AB,抽象,3,抽象→抽象,515,0.8817,,,,,,,0.3527,,0.194,1
xb_01737,94%的土地,山区,山区,土地,SP,空间,SP,空间,1,具体→具体,203,0.7507,,,,,,,0.3003,,0.1652,1
xb_01738,农业,基础,基础,农业,OB,物体,EC,经济,2,具体→抽象,1192,1.0,,,,,,,0.4,,0.22,2
xb_01739,人民群众,历史的创造者,创造者,群众,HM,人体,HM,人体,1,具体→具体,1099,0.9885,,,,,,,0.3954,,0.2175,2
xb_01740,优秀的城市文化,城市发展的根本动力,动力,文化,FC,力量,AB,抽象,3,抽象→抽象,84,0.6271,,,,,,,0.2508,,0.138,1
xb_01741,建立伙伴关系,主题,主题,关系,AB,抽象,SC,社会,3,抽象→抽象,515,0.8817,,,,,,,0.3527,,0.194,1
xb_01742,税收,国家财政收入的主要来源,来源,税收,AB,抽象,EC,经济,2,具体→抽象,515,0.8817,,,,,,,0.3527,,0.194,1
xb_01743,铁的纪律,马克思列宁主义政党的生命,生命,纪律,LV,生命,SC,社会,2,具体→抽象,263,0.7871,,,,,,,0.3148,,0.1732,1
xb_01744,政治,统帅,统帅,政治,HM,人体,SC,社会,2,具体→抽象,1099,0.9885,,,,,,,0.3954,,0.2175,2
xb_01745,价格,晴雨表,晴雨表,价格,OB,物体,EC,经济,2,具体→抽象,1192,1.0,,,,,,,0.4,,0.22,2
xb_01746,政治工作,一切经济工作的生命线,生命线,工作,BD,建筑,SC,社会,2,具体→抽象,221,0.7626,,,,,,,0.3051,,0.1678,1
xb_01747,暴力革命,社会主义社会诞生的产婆,产婆,革命,HM,人体,EV,事件,2,具体→抽象,1099,0.9885,,,,,,,0.3954,,0.2175,2
xb_01748,这些家伙,一群非挤出去不可的脓疮,脓疮,家伙,BD,建筑,HM,人体,1,具体→具体,221,0.7626,,,,,,,0.3051,,0.1678,1
xb_01749,先进经验,国家最宝贵的财富,财富,经验,EC,经济,AB,抽象,3,抽象→抽象,129,0.6871,,,,,,,0.2748,,0.1512,1
xb_01750,毛泽东思想,全党全国一切工作的指导方针,方针,思想,AB,抽象,TH,思维,3,抽象→抽象,515,0.8817,,,,,,,0.3527,,0.194,1
xb_01751,人民,文艺工作者的母亲,母亲,人民,HM,人体,HM,人体,2,具体→抽象,1099,0.9885,,,,,,,0.3954,,0.2175,2
xb_01752,中美关系,世界上最重要的双边关系之一,之一,关系,SC,社会,SC,社会,3,抽象→抽象,81,0.622,,,,,,,0.2488,,0.1369,1
xb_01753,语言文字,文化的基础要素,要素,文字,AB,抽象,CM,通讯,3,抽象→抽象,515,0.8817,,,,,,,0.3527,,0.194,1
xb_01754,社区警务,警务工作的一项重要内容,内容,警务,AB,抽象,SC,社会,3,抽象→抽象,515,0.8817,,,,,,,0.3527,,0.194,1
xb_01755,农村集体经济和农民群众,农业投入的主体,主体,群众,AB,抽象,SC,社会,2,具体→抽象,515,0.8817,,,,,,,0.3527,,0.194,1
xb_01756,专门机关,人民群众的武器,武器,机关,WR,战争,SC,社会,2,具体→抽象,198,0.7472,,,,,,,0.2989,,0.1644,1
xb_01757,坚持公有制为主体,社会主义的根本原则,原则,主体,AB,抽象,EC,经济,3,抽象→抽象,515,0.8817,,,,,,,0.3527,,0.194,1
xb_01758,自然资源和生态环境,人类赖以生存的基础,基础,环境,AB,抽象,NT,自然,4,抽象→具体,515,0.8817,,,,,,,0.3527,,0.194,1
xb_01759,这样的干部,社会主义社会的栋梁,栋梁,干部,OB,物体,HM,人体,1,具体→具体,1192,1.0,,,,,,,0.4,,0.22,2
xb_01760,民政基层组织,民政各项工作的基础,基础,组织,AB,抽象,SC,社会,2,具体→抽象,515,0.8817,,,,,,,0.3527,,0.194,1
xb_01761,关键,农村经济的发展,发展,关键,AB,抽象,AB,抽象,3,抽象→抽象,515,0.8817,,,,,,,0.3527,,0.194,1
xb_01762,开发民品,兵工企业生存的关键,关键,民品,AB,抽象,EV,事件,3,抽象→抽象,515,0.8817,,,,,,,0.3527,,0.194,1
xb_01763,牡丹,花王,花王,牡丹,LV,生命,LV,生命,1,具体→具体,263,0.7871,,,,,,,0.3148,,0.1732,1
xb_01764,首都警察局,反对派手中的一张王牌,王牌,警察局,GM,游戏,SC,社会,2,具体→抽象,7,0.2935,,,,,,,0.1174,,0.0646,1
xb_01765,党的干部,人民利益的维护者,维护者,干部,HM,人体,HM,人体,1,具体→具体,1099,0.9885,,,,,,,0.3954,,0.2175,2
xb_01766,街道,城市的脉搏,脉搏,街道,BD,建筑,SP,空间,1,具体→具体,221,0.7626,,,,,,,0.3051,,0.1678,1
xb_01767,少数民族干部,党和国家与少数民族群众联系的纽带,纽带,干部,OB,物体,HM,人体,1,具体→具体,1192,1.0,,,,,,,0.4,,0.22,2
xb_01768,奴隶,会说话的工具,工具,奴隶,OB,物体,HM,人体,1,具体→具体,1192,1.0,,,,,,,0.4,,0.22,2
xb_01769,新宪法,人民意志的体现,体现,宪法,AB,抽象,SC,社会,3,抽象→抽象,515,0.8817,,,,,,,0.3527,,0.194,1
xb_01770,魔术,薄弱环节,环节,魔术,OB,物体,HM,人体,3,抽象→抽象,1192,1.0,,,,,,,0.4,,0.22,2
xb_01771,法律和秩序,经济发展的先决条件,条件,秩序,AB,抽象,SC,社会,3,抽象→抽象,515,0.8817,,,,,,,0.3527,,0.194,1
xb_01772,科技,农业增产增收的潜力和希望所在,希望,科技,AB,抽象,TH,思维,3,抽象→抽象,515,0.8817,,,,,,,0.3527,,0.194,1
xb_01773,导向,前提,前提,导向,AB,抽象,AB,抽象,3,抽象→抽象,515,0.8817,,,,,,,0.3527,,0.194,1
xb_01774,土,根,根,土,LV,生命,NT,自然,1,具体→具体,263,0.7871,,,,,,,0.3148,,0.1732,1
xb_01775,公平正义,社会稳定的根基,根基,正义,OB,物体,MR,机器,2,具体→抽象,1192,1.0,,,,,,,0.4,,0.22,2
xb_01776,科学技术,第一生产力,生产力,技术,EC,经济,TH,思维,3,抽象→抽象,129,0.6871,,,,,,,0.2748,,0.1512,1
xb_01777,产业,经济发展的基石,基石,产业,OB,物体,EC,经济,2,具体→抽象,1192,1.0,,,,,,,0.4,,0.22,2
xb_01778,好班子,关键,关键,班子,OB,物体,SC,社会,4,抽象→具体,1192,1.0,,,,,,,0.4,,0.22,2
xb_01779,美国同其它帝国主义,世界动乱的根源,根源,帝国主义,AB,抽象,SC,社会,2,具体→抽象,515,0.8817,,,,,,,0.3527,,0.194,1
xb_01780,文凭,其资质和能力的标志,标志,文凭,AB,抽象,OB,物体,4,抽象→具体,515,0.8817,,,,,,,0.3527,,0.194,1
xb_01781,好队伍,基础,基础,队伍,OB,物体,SC,社会,4,抽象→具体,1192,1.0,,,,,,,0.4,,0.22,2
xb_01782,修正主义,共产主义运动中主要的危险,危险,修正主义,AB,抽象,SC,社会,3,抽象→抽象,515,0.8817,,,,,,,0.3527,,0.194,1
xb_01783,高中阶段,学生升大学的关键时期,时期,阶段,OB,物体,AB,抽象,3,抽象→抽象,1192,1.0,,,,,,,0.4,,0.22,2
xb_01784,我们的群众路线的核心,阶级路线,路线,核心,OB,物体,SC,社会,3,抽象→抽象,1192,1.0,,,,,,,0.4,,0.22,2
xb_01785,年轻人,农村的希望,希望,年轻人,EM,情感,HM,人体,4,抽象→具体,134,0.6924,,,,,,,0.277,,0.1523,1
xb_01786,政治,统帅,统帅,政治,HM,人体,SC,社会,2,具体→抽象,1099,0.9885,,,,,,,0.3954,,0.2175,2
xb_01787,师范,教师的摇篮,摇篮,师范,OB,物体,SC,社会,2,具体→抽象,1192,1.0,,,,,,,0.4,,0.22,2
xb_01788,企业家,企业的脊梁,脊梁,企业家,BD,建筑,HM,人体,1,具体→具体,221,0.7626,,,,,,,0.3051,,0.1678,1
xb_01789,国家利益,全局利益,利益,利益,SC,社会,SC,社会,3,抽象→抽象,81,0.622,,,,,,,0.2488,,0.1369,1
xb_01790,和平问题,东西问题,问题,问题,SP,空间,SC,社会,3,抽象→抽象,203,0.7507,,,,,,,0.3003,,0.1652,1
xb_01791,底层,网络平台,平台,底层,NT,自然,NT,自然,1,具体→具体,184,0.7369,,,,,,,0.2948,,0.1621,1
xb_01792,曲轴,发动机的心脏,心脏,曲轴,BD,建筑,MC,医疗,1,具体→具体,221,0.7626,,,,,,,0.3051,,0.1678,1
xb_01793,人才,前提,前提,人才,AB,抽象,HM,人体,2,具体→抽象,515,0.8817,,,,,,,0.3527,,0.194,1
xb_01794,老干部,党的宝贵财富,财富,老干部,EC,经济,HM,人体,4,抽象→具体,129,0.6871,,,,,,,0.2748,,0.1512,1
xb_01795,中华文化,根,根,文化,LV,生命,AB,抽象,2,具体→抽象,263,0.7871,,,,,,,0.3148,,0.1732,1
xb_01796,水,生命之源,源,水,AB,抽象,NT,自然,4,抽象→具体,515,0.8817,,,,,,,0.3527,,0.194,1
xb_01797,龙虾,虾类之王,王,龙虾,HM,人体,LV,生命,4,抽象→具体,1099,0.9885,,,,,,,0.3954,,0.2175,2
xb_01798,老工人,工人阶级的骨干,骨干,工人,BD,建筑,HM,人体,1,具体→具体,221,0.7626,,,,,,,0.3051,,0.1678,1
xb_01799,人民群众,历史的创造者,创造者,群众,HM,人体,HM,人体,1,具体→具体,1099,0.9885,,,,,,,0.3954,,0.2175,2
xb_01800,人民群众,智慧源,源,群众,AB,抽象,HM,人体,2,具体→抽象,515,0.8817,,,,,,,0.3527,,0.194,1
xb_01801,农业,国民经济的基础,基础,农业,OB,物体,EC,经济,2,具体→抽象,1192,1.0,,,,,,,0.4,,0.22,2
xb_01802,生产力,社会历史发展中唯一最终起决定作用的东西,东西,生产力,AB,抽象,EC,经济,3,抽象→抽象,515,0.8817,,,,,,,0.3527,,0.194,1
xb_01803,政治,统帅,统帅,政治,HM,人体,SC,社会,2,具体→抽象,1099,0.9885,,,,,,,0.3954,,0.2175,2
xb_01804,良好的环境,核心竞争力,竞争力,环境,AB,抽象,NT,自然,4,抽象→具体,515,0.8817,,,,,,,0.3527,,0.194,1
xb_01805,宪法,国家的根本大法,大法,宪法,AB,抽象,SC,社会,3,抽象→抽象,515,0.8817,,,,,,,0.3527,,0.194,1
xb_01806,艺术家,人民的友好使者,使者,艺术家,HM,人体,HM,人体,1,具体→具体,1099,0.9885,,,,,,,0.3954,,0.2175,2
xb_01807,红军,工农自己的军队,军队,红军,WR,战争,WR,战争,1,具体→具体,198,0.7472,,,,,,,0.2989,,0.1644,1
xb_01808,科学技术,第一生产力,生产力,技术,EC,经济,TH,思维,3,抽象→抽象,129,0.6871,,,,,,,0.2748,,0.1512,1
xb_01809,人,机器的主人,主人,人,HM,人体,HM,人体,1,具体→具体,1099,0.9885,,,,,,,0.3954,,0.2175,2
xb_01810,军队后勤,管家理财的,理财,后勤,HM,人体,SC,社会,2,具体→抽象,1099,0.9885,,,,,,,0.3954,,0.2175,2
xb_01811,人民群众,历史的主人,主人,群众,HM,人体,HM,人体,1,具体→具体,1099,0.9885,,,,,,,0.3954,,0.2175,2
xb_01812,志气,民族之魂,魂,志气,BD,建筑,EM,情感,2,具体→抽象,221,0.7626,,,,,,,0.3051,,0.1678,1
xb_01813,农业,国民经济的基础,基础,农业,OB,物体,EC,经济,2,具体→抽象,1192,1.0,,,,,,,0.4,,0.22,2
xb_01814,水利,农业的命脉,命脉,水利,BD,建筑,SC,社会,2,具体→抽象,221,0.7626,,,,,,,0.3051,,0.1678,1
xb_01815,枪杆子,政权的支柱,支柱,枪杆子,OB,物体,WR,战争,1,具体→具体,1192,1.0,,,,,,,0.4,,0.22,2
xb_01816,教育、科学、文化,知识社会的3个支柱,支柱,文化,OB,物体,SC,社会,2,具体→抽象,1192,1.0,,,,,,,0.4,,0.22,2
xb_01817,道德,心灵的窗口,窗口,道德,OB,物体,MR,机器,2,具体→抽象,1192,1.0,,,,,,,0.4,,0.22,2
xb_01818,保卫科,公安局安在工厂的'钉子',',保卫科,OB,物体,SC,社会,1,具体→具体,1192,1.0,,,,,,,0.4,,0.22,2
xb_01819,农业,国民经济发展的基础,基础,农业,OB,物体,EC,经济,2,具体→抽象,1192,1.0,,,,,,,0.4,,0.22,2
xb_01820,言论,报纸的灵魂,灵魂,言论,BD,建筑,CM,通讯,2,具体→抽象,221,0.7626,,,,,,,0.3051,,0.1678,1
xb_01821,图书馆,医学科学院全体工作人员的亲密朋友,朋友,图书馆,HM,人体,OB,物体,1,具体→具体,1099,0.9885,,,,,,,0.3954,,0.2175,2
xb_01822,群众文化,基础,基础,文化,OB,物体,SC,社会,2,具体→抽象,1192,1.0,,,,,,,0.4,,0.22,2
xb_01823,毛泽东思想,统帅,统帅,思想,HM,人体,TH,思维,2,具体→抽象,1099,0.9885,,,,,,,0.3954,,0.2175,2
xb_01824,工人,科学技术的主人,主人,工人,HM,人体,HM,人体,1,具体→具体,1099,0.9885,,,,,,,0.3954,,0.2175,2
xb_01825,林场,林海中的岛屿,岛屿,林场,NT,自然,SP,空间,1,具体→具体,184,0.7369,,,,,,,0.2948,,0.1621,1
xb_01826,党的领导,人民军取得胜利的基本保证,保证,领导,AB,抽象,SC,社会,3,抽象→抽象,515,0.8817,,,,,,,0.3527,,0.194,1
xb_01827,地上的上帝,金钱,金钱,上帝,EC,经济,AB,抽象,4,抽象→具体,129,0.6871,,,,,,,0.2748,,0.1512,1
xb_01828,西沟公社最大的财富,山,山,财富,NT,自然,EC,经济,2,具体→抽象,184,0.7369,,,,,,,0.2948,,0.1621,1
xb_01829,景山公园,一片孩子们的欢笑声,欢笑声,公园,SN,感知,SP,空间,1,具体→具体,146,0.7044,,,,,,,0.2818,,0.155,1
xb_01830,"""写真实""和自然主义",两码事,事,自然主义,AB,抽象,TH,思维,3,抽象→抽象,515,0.8817,,,,,,,0.3527,,0.194,1
xb_01831,人民解放军,无产阶级专政的柱石,柱石,解放军,OB,物体,WR,战争,1,具体→具体,1192,1.0,,,,,,,0.4,,0.22,2
xb_01832,内部矛盾,生物变化或发展的根据,生物,矛盾,AB,抽象,AB,抽象,3,抽象→抽象,515,0.8817,,,,,,,0.3527,,0.194,1
xb_01833,生物多样性,自然界赋予人类的一笔巨大的资源和财富,财富,生物,EC,经济,NT,自然,3,抽象→抽象,129,0.6871,,,,,,,0.2748,,0.1512,1
xb_01834,电子商务技术、网络产品,信息产业的发展方向,方向,产品,AB,抽象,AB,抽象,3,抽象→抽象,515,0.8817,,,,,,,0.3527,,0.194,1
xb_01835,工人农民,技术革命和文化革命的骨干,骨干,农民,BD,建筑,HM,人体,1,具体→具体,221,0.7626,,,,,,,0.3051,,0.1678,1
xb_01836,毛主席的著作,理论与实践相结合的最光辉的典范,典范,著作,AB,抽象,AB,抽象,4,抽象→具体,515,0.8817,,,,,,,0.3527,,0.194,1
xb_01837,牛,天庭的司草官,司草官,牛,HM,人体,LV,生命,1,具体→具体,1099,0.9885,,,,,,,0.3954,,0.2175,2
xb_01838,报纸,"职工的""精神食粮""",食粮,报纸,FD,食物,OB,物体,2,具体→抽象,46,0.5435,,,,,,,0.2174,,0.1196,1
xb_01839,劳动人民,历史的创造者,创造者,人民,HM,人体,HM,人体,1,具体→具体,1099,0.9885,,,,,,,0.3954,,0.2175,2
xb_01840,建筑,城市的脊梁,脊梁,建筑,BD,建筑,OB,物体,1,具体→具体,221,0.7626,,,,,,,0.3051,,0.1678,1
xb_01841,农民群众,历史发展的动力,动力,群众,FC,力量,HM,人体,2,具体→抽象,84,0.6271,,,,,,,0.2508,,0.138,1
xb_01842,宽容,解决民族矛盾的关键,关键,宽容,OB,物体,MR,机器,3,抽象→抽象,1192,1.0,,,,,,,0.4,,0.22,2
xb_01843,法的精神,法律制度的灵魂,灵魂,精神,BD,建筑,AB,抽象,2,具体→抽象,221,0.7626,,,,,,,0.3051,,0.1678,1
xb_01844,合作医疗和赤脚医生,无产阶级文化大革命中涌现出的新生事物,事物,医生,AB,抽象,SC,社会,3,抽象→抽象,515,0.8817,,,,,,,0.3527,,0.194,1
xb_01845,党的基层组织,党的全部工作和战斗力的基础,基础,组织,OB,物体,SC,社会,2,具体→抽象,1192,1.0,,,,,,,0.4,,0.22,2
xb_01846,地里庄稼,展品,展品,庄稼,OB,物体,LV,生命,1,具体→具体,1192,1.0,,,,,,,0.4,,0.22,2
xb_01847,美帝国主义,世界和平的头号敌人,敌人,帝国主义,HM,人体,SC,社会,2,具体→抽象,1099,0.9885,,,,,,,0.3954,,0.2175,2
xb_01848,生态环境,"樱桃沟村的""命根子""",根子,环境,BD,建筑,NT,自然,2,具体→抽象,221,0.7626,,,,,,,0.3051,,0.1678,1
xb_01849,毛主席的书,指路明灯,指路,书,OB,物体,OB,物体,1,具体→具体,1192,1.0,,,,,,,0.4,,0.22,2
xb_01850,能源,国民经济的物质基础,基础,能源,OB,物体,EC,经济,2,具体→抽象,1192,1.0,,,,,,,0.4,,0.22,2
xb_01851,岗位,职业文明的细胞,细胞,岗位,LV,生命,AB,抽象,2,具体→抽象,263,0.7871,,,,,,,0.3148,,0.1732,1
xb_01852,领导我们事业的核心力量,中国共产党,共产党,力量,SC,社会,SC,社会,2,具体→抽象,81,0.622,,,,,,,0.2488,,0.1369,1
xb_01853,美帝国主义,世界各国人民最凶恶的敌人,敌人,帝国主义,HM,人体,SC,社会,2,具体→抽象,1099,0.9885,,,,,,,0.3954,,0.2175,2
xb_01854,政策和策略,党的生命,生命,策略,LV,生命,SC,社会,2,具体→抽象,263,0.7871,,,,,,,0.3148,,0.1732,1
xb_01855,从前的艺术,地主、资产阶级的装饰品,装饰品,艺术,OB,物体,AB,抽象,2,具体→抽象,1192,1.0,,,,,,,0.4,,0.22,2
xb_01856,美帝国主义,纸老虎,纸老虎,帝国主义,OB,物体,SC,社会,2,具体→抽象,1192,1.0,,,,,,,0.4,,0.22,2
xb_01857,党员,党的细胞,细胞,党员,LV,生命,HM,人体,1,具体→具体,263,0.7871,,,,,,,0.3148,,0.1732,1
xb_01858,人,社会进步的真正驱动力,驱动力,人,MC,医疗,HM,人体,2,具体→抽象,32,0.4936,,,,,,,0.1974,,0.1086,1
xb_01859,党群之间的墙,共产党砌的,共产党,墙,OB,物体,AB,抽象,2,具体→抽象,1192,1.0,,,,,,,0.4,,0.22,2
xb_01860,焦裕禄,好党员、好干部的典范,典范,焦裕禄,AB,抽象,HM,人体,2,具体→抽象,515,0.8817,,,,,,,0.3527,,0.194,1
xb_01861,李承晚傀儡政府,建筑在美帝国主义刺刀上的,刺刀,政府,OB,物体,SC,社会,2,具体→抽象,1192,1.0,,,,,,,0.4,,0.22,2
xb_01862,党的基层组织,党全部工作和战斗力的基础,基础,组织,OB,物体,SC,社会,2,具体→抽象,1192,1.0,,,,,,,0.4,,0.22,2
xb_01863,现代修正主义,国际共产主义运动中的严重危险,危险,修正主义,ST,结构,SC,社会,3,抽象→抽象,990,0.9738,,,,,,,0.3895,,0.2142,2
xb_01864,青年,人民友谊的生力军,生力军,青年,WR,战争,HM,人体,1,具体→具体,198,0.7472,,,,,,,0.2989,,0.1644,1
xb_01865,水,命,命,水,LV,生命,NT,自然,4,抽象→具体,263,0.7871,,,,,,,0.3148,,0.1732,1
xb_01866,足球,"世界""第一运动""",运动,足球,EV,事件,EV,事件,3,抽象→抽象,121,0.6781,,,,,,,0.2713,,0.1492,1
xb_01867,俄政府关于缩小货币面额的决定,国家经济稳定的象征,象征,决定,OB,物体,AB,抽象,3,抽象→抽象,1192,1.0,,,,,,,0.4,,0.22,2
xb_01868,作家,灵魂的工程师,工程师,作家,HM,人体,HM,人体,2,具体→抽象,1099,0.9885,,,,,,,0.3954,,0.2175,2
xb_01869,城市社区,党和政府城市工作的基石,基石,社区,OB,物体,SC,社会,2,具体→抽象,1192,1.0,,,,,,,0.4,,0.22,2
xb_01870,人民群众,历史的创造者,创造者,群众,HM,人体,HM,人体,1,具体→具体,1099,0.9885,,,,,,,0.3954,,0.2175,2
xb_01871,典型性,阶级性的集中表现,表现,典型性,AB,抽象,AB,抽象,3,抽象→抽象,515,0.8817,,,,,,,0.3527,,0.194,1
xb_01872,社区,社会的细胞,细胞,社区,LV,生命,SC,社会,2,具体→抽象,263,0.7871,,,,,,,0.3148,,0.1732,1
xb_01873,投资者,上帝,上帝,投资者,AB,抽象,HM,人体,4,抽象→具体,515,0.8817,,,,,,,0.3527,,0.194,1
xb_01874,社会发展的基本动力,生产力,生产力,动力,EC,经济,FC,力量,3,抽象→抽象,129,0.6871,,,,,,,0.2748,,0.1512,1
xb_01875,现代社会,信息社会,社会,社会,SC,社会,SC,社会,3,抽象→抽象,81,0.622,,,,,,,0.2488,,0.1369,1
xb_01876,税收,剥削的工具,工具,税收,OB,物体,EC,经济,2,具体→抽象,1192,1.0,,,,,,,0.4,,0.22,2
xb_01877,第三世界,国际垄断资本的超利润来源,来源,世界,AB,抽象,SC,社会,2,具体→抽象,515,0.8817,,,,,,,0.3527,,0.194,1
xb_01878,科学技术,第一生产力,生产力,技术,EC,经济,TH,思维,3,抽象→抽象,129,0.6871,,,,,,,0.2748,,0.1512,1
xb_01879,集体主义,社会主义制度的特色,特色,集体主义,ST,结构,TH,思维,3,抽象→抽象,990,0.9738,,,,,,,0.3895,,0.2142,2
xb_01880,子弟兵,绿色的人民公仆,公仆,子弟兵,HM,人体,HM,人体,1,具体→具体,1099,0.9885,,,,,,,0.3954,,0.2175,2
xb_01881,五·七干校,反修防修的强大阵地,阵地,校,SP,空间,SP,空间,1,具体→具体,203,0.7507,,,,,,,0.3003,,0.1652,1
xb_01882,美帝国主义,世界人民最凶恶的敌人,敌人,帝国主义,HM,人体,SC,社会,2,具体→抽象,1099,0.9885,,,,,,,0.3954,,0.2175,2
xb_01883,农业,国民经济的基础,基础,农业,OB,物体,EC,经济,2,具体→抽象,1192,1.0,,,,,,,0.4,,0.22,2
xb_01884,妈妈,党的人,人,妈妈,HM,人体,HM,人体,1,具体→具体,1099,0.9885,,,,,,,0.3954,,0.2175,2
xb_01885,最大的财富,知识,知识,财富,TH,思维,EC,经济,3,抽象→抽象,101,0.6529,,,,,,,0.2611,,0.1436,1
xb_01886,党性,无产阶级阶级性的集中表现,表现,党性,SC,社会,SC,社会,3,抽象→抽象,81,0.622,,,,,,,0.2488,,0.1369,1
xb_01887,觉醒起来、坚持斗争的人民,不可战胜的,战胜,人民,WR,战争,HM,人体,4,抽象→具体,198,0.7472,,,,,,,0.2989,,0.1644,1
xb_01888,人民群众,历史的创造者,创造者,群众,HM,人体,HM,人体,1,具体→具体,1099,0.9885,,,,,,,0.3954,,0.2175,2
xb_01889,民族问题的实质,阶级问题,问题,实质,SC,社会,SC,社会,3,抽象→抽象,81,0.622,,,,,,,0.2488,,0.1369,1
xb_01890,人的主观能动性,对客观事物发展的规律性的认识基础,基础,主观能动性,OB,物体,AB,抽象,2,具体→抽象,1192,1.0,,,,,,,0.4,,0.22,2
xb_01891,巴中友谊,国土大小和社会政治制度不同国家之间关系的典范,典范,友谊,AB,抽象,AB,抽象,3,抽象→抽象,515,0.8817,,,,,,,0.3527,,0.194,1
xb_01892,质量,企业的立身之本,本,质量,BD,建筑,EC,经济,3,抽象→抽象,221,0.7626,,,,,,,0.3051,,0.1678,1
xb_01893,端正思想作风,作风建设的关键,关键,作风,OB,物体,MR,机器,3,抽象→抽象,1192,1.0,,,,,,,0.4,,0.22,2
xb_01894,包覆颗粒球形燃料元件制造技术,高温气冷堆的核心技术,技术,技术,OB,物体,OB,物体,3,抽象→抽象,1192,1.0,,,,,,,0.4,,0.22,2
xb_01895,发动机,飞机的心脏和消化系统,系统,发动机,BD,建筑,MC,医疗,1,具体→具体,221,0.7626,,,,,,,0.3051,,0.1678,1
xb_01896,革命的根本问题,政权问题,问题,问题,SC,社会,SC,社会,3,抽象→抽象,81,0.622,,,,,,,0.2488,,0.1369,1
xb_01897,微观经济效益,宏观经济效益的基础,基础,效益,OB,物体,EC,经济,2,具体→抽象,1192,1.0,,,,,,,0.4,,0.22,2
xb_01898,金融,经济的血脉,血脉,金融,BD,建筑,EC,经济,2,具体→抽象,221,0.7626,,,,,,,0.3051,,0.1678,1
xb_01899,个人信用,基础,基础,信用,OB,物体,EC,经济,2,具体→抽象,1192,1.0,,,,,,,0.4,,0.22,2
xb_01900,企业信用,重点,重点,信用,OB,物体,EC,经济,3,抽象→抽象,1192,1.0,,,,,,,0.4,,0.22,2
xb_01901,政策和策略,党的生命,生命,策略,LV,生命,SC,社会,2,具体→抽象,263,0.7871,,,,,,,0.3148,,0.1732,1
xb_01902,人,万物尺度,尺度,人,OB,物体,HM,人体,4,抽象→具体,1192,1.0,,,,,,,0.4,,0.22,2
xb_01903,工人阶级,领导阶级,阶级,阶级,SC,社会,SC,社会,2,具体→抽象,81,0.622,,,,,,,0.2488,,0.1369,1
xb_01904,企业,网络强国建设的主力军,主力军,企业,WR,战争,EC,经济,2,具体→抽象,198,0.7472,,,,,,,0.2989,,0.1644,1
xb_01905,医师,医院的重要资源,资源,医师,EC,经济,HM,人体,4,抽象→具体,129,0.6871,,,,,,,0.2748,,0.1512,1
xb_01906,毛泽东思想,马克思主义普遍真理和中国革命具体实践相结合的典范,典范,思想,TH,思维,TH,思维,3,抽象→抽象,101,0.6529,,,,,,,0.2611,,0.1436,1
xb_01907,阿尔巴尼亚人民,英雄的人民,人民,人民,HM,人体,HM,人体,1,具体→具体,1099,0.9885,,,,,,,0.3954,,0.2175,2
xb_01908,少年儿童,国家的未来,未来,儿童,TM,时间,HM,人体,4,抽象→具体,40,0.5242,,,,,,,0.2097,,0.1153,1
xb_01909,解放和发展生产力,社会主义的本质要求和根本任务,任务,生产力,EV,事件,EV,事件,3,抽象→抽象,121,0.6781,,,,,,,0.2713,,0.1492,1
xb_01910,政治,统帅,统帅,政治,HM,人体,SC,社会,2,具体→抽象,1099,0.9885,,,,,,,0.3954,,0.2175,2
xb_01911,政治工作,一切经济工作的生命线,生命线,工作,BD,建筑,SC,社会,2,具体→抽象,221,0.7626,,,,,,,0.3051,,0.1678,1
xb_01912,青年团,党的助手,助手,青年团,HM,人体,SC,社会,1,具体→具体,1099,0.9885,,,,,,,0.3954,,0.2175,2
xb_01913,革命工人,抓革命促生产的主力军,主力军,工人,WR,战争,HM,人体,2,具体→抽象,198,0.7472,,,,,,,0.2989,,0.1644,1
xb_01914,帝国主义,纸老虎,纸老虎,帝国主义,OB,物体,SC,社会,2,具体→抽象,1192,1.0,,,,,,,0.4,,0.22,2
xb_01915,知识分子,脑力劳动者,劳动者,知识分子,HM,人体,HM,人体,1,具体→具体,1099,0.9885,,,,,,,0.3954,,0.2175,2
xb_01916,党,民族希望之星,星,党,NT,自然,SC,社会,2,具体→抽象,184,0.7369,,,,,,,0.2948,,0.1621,1
xb_01917,英雄,民族最闪亮的坐标,坐标,英雄,OB,物体,HM,人体,2,具体→抽象,1192,1.0,,,,,,,0.4,,0.22,2
xb_01918,地球,宇宙的一个垃圾站,垃圾站,地球,OB,物体,NT,自然,1,具体→具体,1192,1.0,,,,,,,0.4,,0.22,2
xb_01919,"""三个代表""重要思想",社会主义自我完善和发展的强大理论武器,武器,思想,WR,战争,TH,思维,2,具体→抽象,198,0.7472,,,,,,,0.2989,,0.1644,1
xb_01920,广大航天工作者,祖国和人民的功臣,功臣,工作者,HM,人体,HM,人体,1,具体→具体,1099,0.9885,,,,,,,0.3954,,0.2175,2
xb_01921,决定的因素,人不是物,物,因素,HM,人体,AB,抽象,2,具体→抽象,1099,0.9885,,,,,,,0.3954,,0.2175,2
xb_01922,铁路公安干警,国家执法人员,人员,干警,HM,人体,HM,人体,1,具体→具体,1099,0.9885,,,,,,,0.3954,,0.2175,2
xb_01923,治安问题,社会各种矛盾的综合反映,反映,问题,AB,抽象,AB,抽象,3,抽象→抽象,515,0.8817,,,,,,,0.3527,,0.194,1
xb_01924,国测一大队,全国测绘战线上一面光辉的旗帜,旗帜,国测,OB,物体,SC,社会,1,具体→具体,1192,1.0,,,,,,,0.4,,0.22,2
xb_01925,海洋,国家的资源性资产,资产,海洋,EC,经济,NT,自然,4,抽象→具体,129,0.6871,,,,,,,0.2748,,0.1512,1
xb_01926,全国十佳少先队员,新时期少先队员中的优秀代表,代表,队员,HM,人体,HM,人体,2,具体→抽象,1099,0.9885,,,,,,,0.3954,,0.2175,2
xb_01927,农业,国民经济的基础,基础,农业,OB,物体,EC,经济,2,具体→抽象,1192,1.0,,,,,,,0.4,,0.22,2
xb_01928,道路,经济的血脉,血脉,道路,BD,建筑,SP,空间,1,具体→具体,221,0.7626,,,,,,,0.3051,,0.1678,1
xb_01929,先进文化,人民智慧的花朵,花朵,文化,LV,生命,TH,思维,2,具体→抽象,263,0.7871,,,,,,,0.3148,,0.1732,1
xb_01930,企业家,商战时代的主将,主将,企业家,HM,人体,HM,人体,1,具体→具体,1099,0.9885,,,,,,,0.3954,,0.2175,2
xb_01931,叛乱分子,土匪,土匪,分子,HM,人体,HM,人体,1,具体→具体,1099,0.9885,,,,,,,0.3954,,0.2175,2
xb_01932,案例,法治的细胞,细胞,案例,LV,生命,AB,抽象,2,具体→抽象,263,0.7871,,,,,,,0.3148,,0.1732,1
xb_01933,资源,人类的共同遗产,遗产,资源,EC,经济,EC,经济,3,抽象→抽象,129,0.6871,,,,,,,0.2748,,0.1512,1
xb_01934,特困生,大学中的特殊群体,群体,特困生,HM,人体,HM,人体,1,具体→具体,1099,0.9885,,,,,,,0.3954,,0.2175,2
xb_01935,人民的军队,不可战胜的力量,力量,军队,FC,力量,WR,战争,4,抽象→具体,84,0.6271,,,,,,,0.2508,,0.138,1
xb_01936,公平正义,社会主义的本质要求,本质,正义,AB,抽象,MR,机器,3,抽象→抽象,515,0.8817,,,,,,,0.3527,,0.194,1
xb_01937,年轻人,乘客的主体,主体,年轻人,AB,抽象,HM,人体,4,抽象→具体,515,0.8817,,,,,,,0.3527,,0.194,1
xb_01938,革命战争,群众的战争,战争,战争,WR,战争,WR,战争,3,抽象→抽象,198,0.7472,,,,,,,0.2989,,0.1644,1
xb_01939,华人华侨,华夏儿女中的一个特殊群体,群体,华侨,HM,人体,HM,人体,1,具体→具体,1099,0.9885,,,,,,,0.3954,,0.2175,2
xb_01940,文化事业,群众的事业,事业,事业,EV,事件,EV,事件,3,抽象→抽象,121,0.6781,,,,,,,0.2713,,0.1492,1
xb_01941,劳动人民,国家的主人,主人,人民,HM,人体,HM,人体,1,具体→具体,1099,0.9885,,,,,,,0.3954,,0.2175,2
xb_01942,美帝国主义和罗马教廷,全国人民的死敌,死敌,教廷,HM,人体,SC,社会,2,具体→抽象,1099,0.9885,,,,,,,0.3954,,0.2175,2
xb_01943,思想理论,领导干部素质的灵魂和基础,基础,理论,BD,建筑,TH,思维,2,具体→抽象,221,0.7626,,,,,,,0.3051,,0.1678,1
xb_01944,一个中国的原则,两岸关系稳定、发展的基础,基础,原则,OB,物体,AB,抽象,2,具体→抽象,1192,1.0,,,,,,,0.4,,0.22,2
xb_01945,干部,人民的勤务员,勤务员,干部,HM,人体,HM,人体,1,具体→具体,1099,0.9885,,,,,,,0.3954,,0.2175,2
xb_01946,酵母,啤酒的灵魂,灵魂,酵母,BD,建筑,LV,生命,2,具体→抽象,221,0.7626,,,,,,,0.3051,,0.1678,1
xb_01947,共产党员,无产阶级的先进分子,分子,共产党员,HM,人体,HM,人体,1,具体→具体,1099,0.9885,,,,,,,0.3954,,0.2175,2
xb_01948,产业工人,工人阶级中发挥支撑作用的主体力量,力量,工人,FC,力量,HM,人体,4,抽象→具体,84,0.6271,,,,,,,0.2508,,0.138,1
xb_01949,民兵,阶级武装,武装,民兵,WR,战争,HM,人体,1,具体→具体,198,0.7472,,,,,,,0.2989,,0.1644,1
xb_01950,中国远洋运输公司,世界最大船队之一,之一,公司,OB,物体,SC,社会,1,具体→具体,1192,1.0,,,,,,,0.4,,0.22,2
xb_01951,接班人,俊杰,俊杰,接班人,HM,人体,HM,人体,1,具体→具体,1099,0.9885,,,,,,,0.3954,,0.2175,2
xb_01952,发展科技和推广科技成果,全党头等重要任务,任务,成果,AB,抽象,EV,事件,3,抽象→抽象,515,0.8817,,,,,,,0.3527,,0.194,1
xb_01953,社会主义,历史的必然,历史,社会主义,AB,抽象,SC,社会,3,抽象→抽象,515,0.8817,,,,,,,0.3527,,0.194,1
xb_01954,文学,人学,人学,文学,TH,思维,AB,抽象,3,抽象→抽象,101,0.6529,,,,,,,0.2611,,0.1436,1
xb_01955,一个中国原则,国际社会所普遍承认和共同遵循的准则,准则,原则,OB,物体,AB,抽象,3,抽象→抽象,1192,1.0,,,,,,,0.4,,0.22,2
xb_01956,社会主义的国营经济,国民经济中的领导成分,成分,经济,AB,抽象,SC,社会,3,抽象→抽象,515,0.8817,,,,,,,0.3527,,0.194,1
xb_01957,贫下中农管理学校,时代的需要,需要,学校,AB,抽象,AB,抽象,4,抽象→具体,515,0.8817,,,,,,,0.3527,,0.194,1
xb_01958,农业,国民经济的基础,基础,农业,OB,物体,EC,经济,2,具体→抽象,1192,1.0,,,,,,,0.4,,0.22,2
xb_01959,帝国主义,战争和殖民主义的根源,根源,帝国主义,LV,生命,SC,社会,2,具体→抽象,263,0.7871,,,,,,,0.3148,,0.1732,1
xb_01960,赡养老人,子女应尽的义务,义务,老人,MR,机器,LF,光线,3,抽象→抽象,123,0.6804,,,,,,,0.2722,,0.1497,1
xb_01961,妇女,农村一支巨大的力量,力量,妇女,FC,力量,HM,人体,4,抽象→具体,84,0.6271,,,,,,,0.2508,,0.138,1
xb_01962,土巴协定,帝国主义的一个战争阴谋,阴谋,协定,WR,战争,AB,抽象,3,抽象→抽象,198,0.7472,,,,,,,0.2989,,0.1644,1
xb_01963,《命运》交响曲,作者不屈精神的升华,升华,交响曲,AB,抽象,AB,抽象,4,抽象→具体,515,0.8817,,,,,,,0.3527,,0.194,1
xb_01964,质量,企业的生命,生命,质量,LV,生命,AB,抽象,2,具体→抽象,263,0.7871,,,,,,,0.3148,,0.1732,1
xb_01965,建立公正合理的国际秩序,人类孜孜以求的目标,目标,秩序,OB,物体,SC,社会,3,抽象→抽象,1192,1.0,,,,,,,0.4,,0.22,2
xb_01966,一个人爱的最高境界,爱别人,别人,境界,SP,空间,LF,光线,3,抽象→抽象,203,0.7507,,,,,,,0.3003,,0.1652,1
xb_01967,家庭,孩子的第一所学校,学校,家庭,OB,物体,SC,社会,1,具体→具体,1192,1.0,,,,,,,0.4,,0.22,2
xb_01968,建设世界科技强国,民族复兴的必由之路,必由之路,强国,TR,交通,AB,抽象,2,具体→抽象,41,0.5276,,,,,,,0.211,,0.1161,1
xb_01969,人,目的,目的,人,AB,抽象,HM,人体,4,抽象→具体,515,0.8817,,,,,,,0.3527,,0.194,1
xb_01970,纺织业,母亲工业,工业,纺织业,HM,人体,EC,经济,2,具体→抽象,1099,0.9885,,,,,,,0.3954,,0.2175,2
xb_01971,教育,创造力的基础,基础,教育,OB,物体,AB,抽象,2,具体→抽象,1192,1.0,,,,,,,0.4,,0.22,2
xb_01972,爱国主义,中华民族的光荣传统,民族,爱国主义,AB,抽象,TH,思维,3,抽象→抽象,515,0.8817,,,,,,,0.3527,,0.194,1
xb_01973,国企改革,经济体制改革的中心环节,环节,改革,OB,物体,AB,抽象,3,抽象→抽象,1192,1.0,,,,,,,0.4,,0.22,2
xb_01974,抗日战争,人民战争,战争,战争,WR,战争,WR,战争,3,抽象→抽象,198,0.7472,,,,,,,0.2989,,0.1644,1
xb_01975,和平共处五项原则,解决国与国之间关系的最好方式,方式,原则,OB,物体,AB,抽象,3,抽象→抽象,1192,1.0,,,,,,,0.4,,0.22,2
xb_01976,妇女,物质财富和精神财富的创造者,创造者,妇女,HM,人体,HM,人体,2,具体→抽象,1099,0.9885,,,,,,,0.3954,,0.2175,2
xb_01977,农业,工业原料的主要来源,来源,农业,OB,物体,EC,经济,2,具体→抽象,1192,1.0,,,,,,,0.4,,0.22,2
xb_01978,党的基层组织,党的全部工作和战斗力的基础,基础,组织,OB,物体,SC,社会,2,具体→抽象,1192,1.0,,,,,,,0.4,,0.22,2
xb_01979,议员,人民的代表,代表,议员,HM,人体,HM,人体,2,具体→抽象,1099,0.9885,,,,,,,0.3954,,0.2175,2
xb_01980,马列主义,真理,真理,马列主义,AB,抽象,TH,思维,3,抽象→抽象,515,0.8817,,,,,,,0.3527,,0.194,1
xb_01981,飞沫,传播工具,工具,飞沫,OB,物体,OB,物体,1,具体→具体,1192,1.0,,,,,,,0.4,,0.22,2
xb_01982,工人,主力军,主力军,工人,WR,战争,HM,人体,2,具体→抽象,198,0.7472,,,,,,,0.2989,,0.1644,1
xb_01983,国内战争的发动者,帝国主义国家,国家,发动者,SC,社会,SC,社会,1,具体→具体,81,0.622,,,,,,,0.2488,,0.1369,1
xb_01984,林彪、孔老二,一丘之貉,一丘之貉,老二,LV,生命,HM,人体,1,具体→具体,263,0.7871,,,,,,,0.3148,,0.1732,1
xb_01985,农产品,国家的重要财富,财富,农产品,EC,经济,OB,物体,1,具体→具体,129,0.6871,,,,,,,0.2748,,0.1512,1
xb_01986,民法,社会生活的百科全书,生活,民法,OB,物体,AB,抽象,2,具体→抽象,1192,1.0,,,,,,,0.4,,0.22,2
xb_01987,数据质量,经济普查的生命线,生命线,质量,BD,建筑,AB,抽象,2,具体→抽象,221,0.7626,,,,,,,0.3051,,0.1678,1
xb_01988,领导,服务,服务,领导,HM,人体,AB,抽象,3,抽象→抽象,1099,0.9885,,,,,,,0.3954,,0.2175,2
xb_01989,农业,工业借以存在和发展的基础,基础,农业,AB,抽象,EC,经济,2,具体→抽象,515,0.8817,,,,,,,0.3527,,0.194,1
xb_01990,青岛口岸,全国进口大宗商品重要集散地,集散地,口岸,SP,空间,SP,空间,1,具体→具体,203,0.7507,,,,,,,0.3003,,0.1652,1
xb_01991,我们的权力,人民给的,人民,权力,HM,人体,AB,抽象,3,抽象→抽象,1099,0.9885,,,,,,,0.3954,,0.2175,2
xb_01992,渔港,渔民和渔船的生命线,生命线,渔港,BD,建筑,OB,物体,1,具体→具体,221,0.7626,,,,,,,0.3051,,0.1678,1
xb_01993,和平,人权,人权,和平,AB,抽象,AB,抽象,3,抽象→抽象,515,0.8817,,,,,,,0.3527,,0.194,1
xb_01994,耕牛,农村中重要的生产工具,工具,耕牛,OB,物体,LV,生命,1,具体→具体,1192,1.0,,,,,,,0.4,,0.22,2
xb_01995,诚信,市场的通行证,通行证,诚信,TR,交通,AB,抽象,2,具体→抽象,41,0.5276,,,,,,,0.211,,0.1161,1
xb_01996,语言,文化的基本要素之一,之一,语言,AB,抽象,AB,抽象,3,抽象→抽象,515,0.8817,,,,,,,0.3527,,0.194,1
xb_01997,文学,戏剧的灵魂,灵魂,文学,BD,建筑,AB,抽象,2,具体→抽象,221,0.7626,,,,,,,0.3051,,0.1678,1
xb_01998,人,生产力最活跃的因素,因素,人,AB,抽象,HM,人体,2,具体→抽象,515,0.8817,,,,,,,0.3527,,0.194,1
xb_01999,关系,王牌,王牌,关系,OB,物体,SC,社会,2,具体→抽象,1192,1.0,,,,,,,0.4,,0.22,2
xb_02000,文化,民生的重要内容,内容,文化,AB,抽象,AB,抽象,3,抽象→抽象,515,0.8817,,,,,,,0.3527,,0.194,1
xb_02001,建立社会主义市场经济体制,经济实践与理论重大突破,突破,体制,AB,抽象,SC,社会,3,抽象→抽象,515,0.8817,,,,,,,0.3527,,0.194,1
xb_02002,严重的官僚主义,犯罪,犯罪,官僚主义,HM,人体,SC,社会,3,抽象→抽象,1099,0.9885,,,,,,,0.3954,,0.2175,2
xb_02003,艺术的最高境界,让人动心,人,境界,EM,情感,AB,抽象,3,抽象→抽象,134,0.6924,,,,,,,0.277,,0.1523,1
xb_02004,中印十亿人民的伟大友谊,世界上任何力量也破坏不了、动摇不了的,力量,友谊,AB,抽象,AB,抽象,3,抽象→抽象,515,0.8817,,,,,,,0.3527,,0.194,1
xb_02005,实力,球队唯一的资本,资本,实力,EC,经济,AB,抽象,3,抽象→抽象,129,0.6871,,,,,,,0.2748,,0.1512,1
xb_02006,为民族独立而斗争的人民,不可战胜的,战胜,人民,WR,战争,HM,人体,2,具体→抽象,198,0.7472,,,,,,,0.2989,,0.1644,1
xb_02007,具有创新精神的企业家,社会经济发展最重要的资源之一,之一,企业家,EC,经济,HM,人体,2,具体→抽象,129,0.6871,,,,,,,0.2748,,0.1512,1
xb_02008,恐怖主义,全球性的挑战,挑战,恐怖主义,AB,抽象,SC,社会,3,抽象→抽象,515,0.8817,,,,,,,0.3527,,0.194,1
xb_02009,图书,人类智慧和文明的载体,载体,图书,OB,物体,OB,物体,1,具体→具体,1192,1.0,,,,,,,0.4,,0.22,2
xb_02010,种子,特殊而重要的农业生产资料,资料,种子,OB,物体,LV,生命,1,具体→具体,1192,1.0,,,,,,,0.4,,0.22,2
xb_02011,电子计算机,电子技术的标志,标志,电子计算机,AB,抽象,MC,医疗,2,具体→抽象,515,0.8817,,,,,,,0.3527,,0.194,1
xb_02012,党的领导,第一条,第一,领导,AB,抽象,SC,社会,3,抽象→抽象,515,0.8817,,,,,,,0.3527,,0.194,1
xb_02013,诗、画、书法,民族瑰宝,瑰宝,书法,OB,物体,AB,抽象,2,具体→抽象,1192,1.0,,,,,,,0.4,,0.22,2
xb_02014,农村基层干部,党的农村经济政策的具体执行者,执行者,干部,HM,人体,HM,人体,1,具体→具体,1099,0.9885,,,,,,,0.3954,,0.2175,2
xb_02015,共产党的正确领导,青年学生运动胜利发展的可靠保证,保证,领导,AB,抽象,SC,社会,3,抽象→抽象,515,0.8817,,,,,,,0.3527,,0.194,1
xb_02016,中国企业和金融机构,世界上发行绿色债券最多的,债券,机构,EC,经济,SC,社会,2,具体→抽象,129,0.6871,,,,,,,0.2748,,0.1512,1
xb_02017,战争的根源,人对人的剥削,剥削,根源,HM,人体,AB,抽象,3,抽象→抽象,1099,0.9885,,,,,,,0.3954,,0.2175,2
xb_02018,美帝国主义,纸老虎,纸老虎,帝国主义,OB,物体,SC,社会,2,具体→抽象,1192,1.0,,,,,,,0.4,,0.22,2
xb_02019,生活,一面镜子,镜子,生活,OB,物体,LF,光线,2,具体→抽象,1192,1.0,,,,,,,0.4,,0.22,2
xb_02020,时间,金钱,金钱,时间,EC,经济,TM,时间,2,具体→抽象,129,0.6871,,,,,,,0.2748,,0.1512,1
xb_02021,人生,旅途,旅途,人生,TR,交通,LF,光线,2,具体→抽象,41,0.5276,,,,,,,0.211,,0.1161,1
xb_02022,知识,力量,力量,知识,FC,力量,TH,思维,3,抽象→抽象,84,0.6271,,,,,,,0.2508,,0.138,1
xb_02023,爱情,毒药,毒药,爱情,OB,物体,EM,情感,2,具体→抽象,1192,1.0,,,,,,,0.4,,0.22,2
xb_02024,教育,阳光,阳光,教育,NT,自然,AB,抽象,2,具体→抽象,184,0.7369,,,,,,,0.2948,,0.1621,1
xb_02025,诚信,金,金,诚信,OB,物体,AB,抽象,2,具体→抽象,1192,1.0,,,,,,,0.4,,0.22,2
xb_02026,友谊,桥梁,桥梁,友谊,OB,物体,AB,抽象,2,具体→抽象,1192,1.0,,,,,,,0.4,,0.22,2
xb_02027,记忆,宝藏,宝藏,记忆,OB,物体,TH,思维,2,具体→抽象,1192,1.0,,,,,,,0.4,,0.22,2
xb_02028,儿童,祖国的花朵,花朵,儿童,LV,生命,HM,人体,1,具体→具体,263,0.7871,,,,,,,0.3148,,0.1732,1
xb_02029,战士,人民的儿子,儿子,战士,HM,人体,HM,人体,1,具体→具体,1099,0.9885,,,,,,,0.3954,,0.2175,2
xb_02030,决定的因素,人,人,因素,HM,人体,AB,抽象,2,具体→抽象,1099,0.9885,,,,,,,0.3954,,0.2175,2
xb_02031,生产力,集体力,集体力,生产力,FC,力量,EC,经济,3,抽象→抽象,84,0.6271,,,,,,,0.2508,,0.138,1
xb_02032,科学技术,生产力,生产力,技术,EC,经济,AB,抽象,3,抽象→抽象,129,0.6871,,,,,,,0.2748,,0.1512,1
xb_02033,干部,群众中的先进分子,分子,干部,HM,人体,HM,人体,1,具体→具体,1099,0.9885,,,,,,,0.3954,,0.2175,2
xb_02034,军人,战争的宠儿,宠儿,军人,HM,人体,HM,人体,1,具体→具体,1099,0.9885,,,,,,,0.3954,,0.2175,2
xb_02035,创造者,历史的推动者,推动者,创造者,HM,人体,HM,人体,1,具体→具体,1099,0.9885,,,,,,,0.3954,,0.2175,2
xb_02036,小城镇,农村经济和社会发展的产物,产物,城镇,AB,抽象,SP,空间,2,具体→抽象,515,0.8817,,,,,,,0.3527,,0.194,1
xb_02037,资金,企业实行经济核算的前提,前提,资金,AB,抽象,AB,抽象,3,抽象→抽象,515,0.8817,,,,,,,0.3527,,0.194,1
xb_02038,中苏人民的伟大友谊,不可战胜的力量,力量,友谊,FC,力量,AB,抽象,3,抽象→抽象,84,0.6271,,,,,,,0.2508,,0.138,1
xb_02039,领导干部的素质,关键,关键,素质,OB,物体,AB,抽象,3,抽象→抽象,1192,1.0,,,,,,,0.4,,0.22,2
xb_02040,食物,食品工业的制成品,制成品,食物,OB,物体,FD,食物,1,具体→具体,1192,1.0,,,,,,,0.4,,0.22,2
xb_02041,技能,残疾人立业之本,本,技能,AB,抽象,AB,抽象,3,抽象→抽象,515,0.8817,,,,,,,0.3527,,0.194,1
xb_02042,武器,战争的重要的因素,因素,武器,AB,抽象,OB,物体,2,具体→抽象,515,0.8817,,,,,,,0.3527,,0.194,1
xb_02043,农村商业,社会主义生产总过程中不可缺少的组成部分,部分,商业,AB,抽象,AB,抽象,3,抽象→抽象,515,0.8817,,,,,,,0.3527,,0.194,1
xb_02045,井陉煤矿,个有七十多年历史的老矿,老矿,煤矿,OB,物体,SP,空间,1,具体→具体,1192,1.0,,,,,,,0.4,,0.22,2
xb_02046,烟草,世界所有国家和人民的敌人,敌人,烟草,HM,人体,LV,生命,1,具体→具体,1099,0.9885,,,,,,,0.3954,,0.2175,2
xb_02047,眼镜,玻璃国的公民,公民,眼镜,HM,人体,OB,物体,1,具体→具体,1099,0.9885,,,,,,,0.3954,,0.2175,2
xb_02048,马克思主义,时代的精华,精华,马克思主义,AB,抽象,TH,思维,3,抽象→抽象,515,0.8817,,,,,,,0.3527,,0.194,1
xb_02049,木偶、皮影艺术,文艺队伍中的轻骑兵,轻骑兵,艺术,WR,战争,AB,抽象,2,具体→抽象,198,0.7472,,,,,,,0.2989,,0.1644,1
xb_02050,家庭农场,农业下一次飞跃的重要动力,动力,农场,FC,力量,SC,社会,3,抽象→抽象,84,0.6271,,,,,,,0.2508,,0.138,1
xb_02051,陕南的山,男人,男人,山,HM,人体,NT,自然,1,具体→具体,1099,0.9885,,,,,,,0.3954,,0.2175,2
xb_02052,政治,灵魂,灵魂,政治,BD,建筑,SC,社会,2,具体→抽象,221,0.7626,,,,,,,0.3051,,0.1678,1
xb_02053,教育,基础,基础,教育,AB,抽象,AB,抽象,2,具体→抽象,515,0.8817,,,,,,,0.3527,,0.194,1
xb_02054,良好生态环境,人和社会持续发展的根本基础,基础,环境,AB,抽象,NT,自然,2,具体→抽象,515,0.8817,,,,,,,0.3527,,0.194,1
xb_02055,南北问题,核心问题,问题,问题,AB,抽象,AB,抽象,3,抽象→抽象,515,0.8817,,,,,,,0.3527,,0.194,1
xb_02056,矿石,钢铁工业的粮食,粮食,矿石,FD,食物,OB,物体,1,具体→具体,46,0.5435,,,,,,,0.2174,,0.1196,1
xb_02057,培养新干部,老干部的重大责任,责任,干部,AB,抽象,AB,抽象,3,抽象→抽象,515,0.8817,,,,,,,0.3527,,0.194,1
xb_02058,思想、政治工作,一切工作的灵魂和统帅,灵魂,工作,BD,建筑,TH,思维,2,具体→抽象,221,0.7626,,,,,,,0.3051,,0.1678,1
xb_02059,光伏产业,新能源产业的重要发展方向,方向,产业,AB,抽象,EC,经济,3,抽象→抽象,515,0.8817,,,,,,,0.3527,,0.194,1
xb_02060,这批人才,公司最宝贵的财富,财富,人才,EC,经济,HM,人体,2,具体→抽象,129,0.6871,,,,,,,0.2748,,0.1512,1
xb_02061,鲜花簇拥的花店,生动的诗眼,诗眼,花店,CM,通讯,SP,空间,2,具体→抽象,7,0.2935,,,,,,,0.1174,,0.0646,1
xb_02062,法律,道德理念的上升,上升,法律,MV,运动,AB,抽象,3,抽象→抽象,6,0.2747,,,,,,,0.1099,,0.0604,1
xb_02063,大庆精神铁人精神,历史留下的永不枯竭的文化遗产,遗产,精神,AB,抽象,TH,思维,3,抽象→抽象,515,0.8817,,,,,,,0.3527,,0.194,1
xb_02064,中朝两国人民,休戚与共的战友,战友,人民,WR,战争,HM,人体,1,具体→具体,198,0.7472,,,,,,,0.2989,,0.1644,1
xb_02065,企业规划,国家、行业、地区制定规划的基础,基础,规划,AB,抽象,AB,抽象,2,具体→抽象,515,0.8817,,,,,,,0.3527,,0.194,1
xb_02066,和平共处五项原则,时代进步的产物,产物,原则,AB,抽象,AB,抽象,3,抽象→抽象,515,0.8817,,,,,,,0.3527,,0.194,1
xb_02067,党,无产阶级阶级组织的最高形式,形式,党,AB,抽象,SC,社会,2,具体→抽象,515,0.8817,,,,,,,0.3527,,0.194,1
xb_02068,政策和策略,党的生命,生命,策略,LV,生命,SC,社会,2,具体→抽象,263,0.7871,,,,,,,0.3148,,0.1732,1
xb_02069,书画艺术,国宝,国宝,艺术,OB,物体,AB,抽象,2,具体→抽象,1192,1.0,,,,,,,0.4,,0.22,2
xb_02070,水利,农业的命脉,命脉,水利,BD,建筑,EC,经济,2,具体→抽象,221,0.7626,,,,,,,0.3051,,0.1678,1
xb_02071,陨石实物标本,稀世珍宝,稀世,标本,OB,物体,OB,物体,1,具体→具体,1192,1.0,,,,,,,0.4,,0.22,2
xb_02072,地主权力,乡村中一切权力的基干,基干,权力,AB,抽象,AB,抽象,3,抽象→抽象,515,0.8817,,,,,,,0.3527,,0.194,1
xb_02073,政治思想,书籍的灵魂,灵魂,思想,BD,建筑,TH,思维,2,具体→抽象,221,0.7626,,,,,,,0.3051,,0.1678,1
xb_02074,机器,工人的命,命,机器,LV,生命,MC,医疗,2,具体→抽象,263,0.7871,,,,,,,0.3148,,0.1732,1
xb_02075,老百姓,地,地,老百姓,NT,自然,HM,人体,1,具体→具体,184,0.7369,,,,,,,0.2948,,0.1621,1
xb_02076,中医,祖国遗产中重要部分,遗产,中医,OB,物体,AB,抽象,3,抽象→抽象,1192,1.0,,,,,,,0.4,,0.22,2
xb_02077,邓小平经济理论,建设有中国特色社会主义经济和实现社会主义现代化的根本指导思想和行动指南,指南,理论,TH,思维,TH,思维,3,抽象→抽象,101,0.6529,,,,,,,0.2611,,0.1436,1
xb_02078,铓声,头人召集成员的号角,号角,铓声,OB,物体,SN,感知,1,具体→具体,1192,1.0,,,,,,,0.4,,0.22,2
xb_02079,有机物质,土壤最活跃的部分,土壤,物质,AB,抽象,OB,物体,2,具体→抽象,515,0.8817,,,,,,,0.3527,,0.194,1
xb_02080,民进党,暴力的始祖,始祖,民进党,HM,人体,SC,社会,1,具体→具体,1099,0.9885,,,,,,,0.3954,,0.2175,2
xb_02081,水,生命的源泉,源泉,水,NT,自然,OB,物体,2,具体→抽象,184,0.7369,,,,,,,0.2948,,0.1621,1
xb_02082,狭隘的民族主义,资产阶级思想的残余,残余,民族主义,AB,抽象,SC,社会,3,抽象→抽象,515,0.8817,,,,,,,0.3527,,0.194,1
xb_02083,这项文件,关系整个中国教会前途的枢纽,枢纽,文件,OB,物体,OB,物体,1,具体→具体,1192,1.0,,,,,,,0.4,,0.22,2
xb_02084,周恩来同志的病情,十亿人民心头上的沉重负担,负担,病情,AB,抽象,AB,抽象,3,抽象→抽象,515,0.8817,,,,,,,0.3527,,0.194,1
xb_02085,中国人民,爱好和平的,和平,人民,ST,结构,HM,人体,2,具体→抽象,990,0.9738,,,,,,,0.3895,,0.2142,2
xb_02086,党的利益,最高的利益,利益,利益,AB,抽象,AB,抽象,3,抽象→抽象,515,0.8817,,,,,,,0.3527,,0.194,1
xb_02087,革命工作,艰巨的,艰巨,工作,ST,结构,AB,抽象,3,抽象→抽象,990,0.9738,,,,,,,0.3895,,0.2142,2
xb_02088,水,生命之源,源,水,AB,抽象,OB,物体,2,具体→抽象,515,0.8817,,,,,,,0.3527,,0.194,1
xb_02089,汉语拼音,现代语文教育的基础,基础,拼音,AB,抽象,AB,抽象,2,具体→抽象,515,0.8817,,,,,,,0.3527,,0.194,1
xb_02090,由人民力量正确进行的游击战,不可战胜的,战胜,游击战,ST,结构,WR,战争,3,抽象→抽象,990,0.9738,,,,,,,0.3895,,0.2142,2
xb_02091,规划,龙头,龙头,规划,BD,建筑,AB,抽象,2,具体→抽象,221,0.7626,,,,,,,0.3051,,0.1678,1
xb_02092,中国的现代化事业,人类共同发展与进步事业的重要组成部分,部分,事业,AB,抽象,AB,抽象,3,抽象→抽象,515,0.8817,,,,,,,0.3527,,0.194,1
xb_02093,农业,国民经济发展的基础,基础,农业,AB,抽象,EC,经济,2,具体→抽象,515,0.8817,,,,,,,0.3527,,0.194,1
xb_02094,削无偿劳动的超经济剥削,南疆非常普遍的剥削形式,形式,剥削,AB,抽象,AB,抽象,3,抽象→抽象,515,0.8817,,,,,,,0.3527,,0.194,1
xb_02095,作战样式,战争形态的重要表现形式,形式,样式,AB,抽象,WR,战争,3,抽象→抽象,515,0.8817,,,,,,,0.3527,,0.194,1
xb_02096,法官的使命,社会公正的卫士,卫士,使命,HM,人体,AB,抽象,2,具体→抽象,1099,0.9885,,,,,,,0.3954,,0.2175,2
xb_02097,市场经济,法制经济,经济,经济,EC,经济,EC,经济,3,抽象→抽象,129,0.6871,,,,,,,0.2748,,0.1512,1
xb_02098,长征精神,老一辈留给我们的宝贵财富,财富,精神,EC,经济,AB,抽象,2,具体→抽象,129,0.6871,,,,,,,0.2748,,0.1512,1
xb_02099,本次峰会,专业学术会议,会议,峰会,EV,事件,EV,事件,1,具体→具体,121,0.6781,,,,,,,0.2713,,0.1492,1
xb_02100,小组,工会的细胞组织,组织,小组,LV,生命,SC,社会,2,具体→抽象,263,0.7871,,,,,,,0.3148,,0.1732,1
xb_02101,彩电国产化的基础,元器件的国产化,国产化,基础,AB,抽象,AB,抽象,3,抽象→抽象,515,0.8817,,,,,,,0.3527,,0.194,1
xb_02102,税收,国家财政收入的主要来源,来源,税收,AB,抽象,EC,经济,2,具体→抽象,515,0.8817,,,,,,,0.3527,,0.194,1
xb_02103,我国大多数知识分子,工人阶级的一部分,工人阶级,知识分子,AB,抽象,HM,人体,2,具体→抽象,515,0.8817,,,,,,,0.3527,,0.194,1
xb_02104,这种支援的责任,全世界爱好和平、自由与真正的民主的人们的责任,责任,责任,AB,抽象,AB,抽象,3,抽象→抽象,515,0.8817,,,,,,,0.3527,,0.194,1
xb_02105,自觉的能动性,人类的特点,特点,能动性,AB,抽象,AB,抽象,3,抽象→抽象,515,0.8817,,,,,,,0.3527,,0.194,1
xb_02106,孩子最集中的地方,校园,校园,地方,SP,空间,SP,空间,1,具体→具体,203,0.7507,,,,,,,0.3003,,0.1652,1
xb_02107,食欲,五脏功能好坏的重要标志,标志,食欲,AB,抽象,SN,感知,2,具体→抽象,515,0.8817,,,,,,,0.3527,,0.194,1
xb_02108,黑人失业率,白人的两倍多,白人,失业率,AB,抽象,AB,抽象,3,抽象→抽象,515,0.8817,,,,,,,0.3527,,0.194,1
xb_02109,海水淡化,热门,热门,海水,ST,结构,AB,抽象,3,抽象→抽象,990,0.9738,,,,,,,0.3895,,0.2142,2
xb_02110,编写代码,IOS原生代码,代码,代码,OB,物体,AB,抽象,2,具体→抽象,1192,1.0,,,,,,,0.4,,0.22,2
xb_02111,美国提出这个问题,凭空臆造的,臆造,问题,ST,结构,AB,抽象,3,抽象→抽象,990,0.9738,,,,,,,0.3895,,0.2142,2
xb_02112,党委书记,劳动人民委员会主席,主席,书记,HM,人体,HM,人体,1,具体→具体,1099,0.9885,,,,,,,0.3954,,0.2175,2
xb_02113,你一身,钱,钱,一身,EC,经济,HM,人体,1,具体→具体,129,0.6871,,,,,,,0.2748,,0.1512,1
xb_02114,日台之间,地区性的民间航空往来,往来,日台,TR,交通,AB,抽象,3,抽象→抽象,41,0.5276,,,,,,,0.211,,0.1161,1
xb_02115,它同派性,水火,水火,同派性,NT,自然,SC,社会,2,具体→抽象,184,0.7369,,,,,,,0.2948,,0.1621,1
xb_02116,核心技术,国之重器,国之重器,技术,OB,物体,AB,抽象,2,具体→抽象,1192,1.0,,,,,,,0.4,,0.22,2
xb_02117,人民政协,参政议政的重要平台,平台,政协,OB,物体,SC,社会,2,具体→抽象,1192,1.0,,,,,,,0.4,,0.22,2
xb_02118,这里,知识青年广阔的用武之地,青年,这里,SP,空间,SP,空间,1,具体→具体,203,0.7507,,,,,,,0.3003,,0.1652,1
xb_02119,保持一定的经济增长速度,财政收入稳步增长的前提,前提,速度,AB,抽象,AB,抽象,3,抽象→抽象,515,0.8817,,,,,,,0.3527,,0.194,1
xb_02120,这种反科学的反马克思主义的主观主义的方法论,共产党的大敌,大敌,方法论,WR,战争,AB,抽象,2,具体→抽象,198,0.7472,,,,,,,0.2989,,0.1644,1
xb_02121,质量保证,经济健康发展的重要前提,前提,质量,AB,抽象,AB,抽象,3,抽象→抽象,515,0.8817,,,,,,,0.3527,,0.194,1
xb_02122,干旱缺水,我国西部地区农业发展的最大制约因素,因素,干旱,AB,抽象,AB,抽象,3,抽象→抽象,515,0.8817,,,,,,,0.3527,,0.194,1
xb_02123,中罗两国人民,兄弟,兄弟,人民,HM,人体,HM,人体,1,具体→具体,1099,0.9885,,,,,,,0.3954,,0.2175,2
xb_02124,我们侦察兵,部队的尖兵,尖兵,侦察兵,WR,战争,HM,人体,1,具体→具体,198,0.7472,,,,,,,0.2989,,0.1644,1
xb_02125,党的基层组织,党的全部工作和战斗力的基础,基础,组织,AB,抽象,SC,社会,2,具体→抽象,515,0.8817,,,,,,,0.3527,,0.194,1
xb_02126,用人上的腐败,腐败之首,首,腐败,SP,空间,AB,抽象,3,抽象→抽象,203,0.7507,,,,,,,0.3003,,0.1652,1
xb_02127,2019年男篮世界杯,国际篮联历史上规模最大的一届赛事,赛事,世界杯,EV,事件,EV,事件,1,具体→具体,121,0.6781,,,,,,,0.2713,,0.1492,1
xb_02128,毛泽东思想,阳光,阳光,思想,NT,自然,AB,抽象,2,具体→抽象,184,0.7369,,,,,,,0.2948,,0.1621,1
xb_02129,教研队伍,院校的主体,主体,队伍,AB,抽象,HM,人体,2,具体→抽象,515,0.8817,,,,,,,0.3527,,0.194,1
xb_02130,政法队伍,法治中国、平安中国建设的重要力量,力量,队伍,FC,力量,HM,人体,2,具体→抽象,84,0.6271,,,,,,,0.2508,,0.138,1
xb_02131,黑种工人,美国垄断资本利润的主要源泉,源泉,工人,NT,自然,HM,人体,2,具体→抽象,184,0.7369,,,,,,,0.2948,,0.1621,1
xb_02132,语言文字,文化的主要载体,载体,文字,OB,物体,AB,抽象,2,具体→抽象,1192,1.0,,,,,,,0.4,,0.22,2
xb_02133,权力,党和人民给的,人民,权力,HM,人体,AB,抽象,3,抽象→抽象,1099,0.9885,,,,,,,0.3954,,0.2175,2
xb_02134,选择良好的合作伙伴,事业成功的关键所在,所在,伙伴,AB,抽象,AB,抽象,3,抽象→抽象,515,0.8817,,,,,,,0.3527,,0.194,1
xb_02135,留不留胡子,个人爱好问题,问题,胡子,AB,抽象,AB,抽象,3,抽象→抽象,515,0.8817,,,,,,,0.3527,,0.194,1
xb_02136,制度化建设,提升管理竞争力的基础,基础,建设,AB,抽象,AB,抽象,2,具体→抽象,515,0.8817,,,,,,,0.3527,,0.194,1
xb_02137,台湾防疫最大的缺失,资讯交换和协调不够,交换,缺失,AB,抽象,AB,抽象,3,抽象→抽象,515,0.8817,,,,,,,0.3527,,0.194,1
xb_02138,毛泽东思想,世界各国人民革命胜利的太阳,太阳,思想,NT,自然,AB,抽象,2,具体→抽象,184,0.7369,,,,,,,0.2948,,0.1621,1
xb_02139,家,国的细胞,细胞,家,LV,生命,SC,社会,2,具体→抽象,263,0.7871,,,,,,,0.3148,,0.1732,1
xb_02140,青岛欧亚经贸合作产业园区,商务部在中国境内支持建设的唯一欧亚经贸合作园区,园区,园区,SP,空间,SP,空间,1,具体→具体,203,0.7507,,,,,,,0.3003,,0.1652,1
xb_02141,官兵关系和军民关系,部队诗歌创作的传统题材,题材,关系,AB,抽象,AB,抽象,3,抽象→抽象,515,0.8817,,,,,,,0.3527,,0.194,1
xb_02142,世张总会,一个非政治性的以宗亲联谊为纽带的组织,组织,总会,SC,社会,SC,社会,1,具体→具体,81,0.622,,,,,,,0.2488,,0.1369,1
xb_02143,帝国主义,资本主义的最高阶段,阶段,帝国主义,AB,抽象,SC,社会,3,抽象→抽象,515,0.8817,,,,,,,0.3527,,0.194,1
xb_02144,科技,经济发展的动力和源泉,源泉,科技,FC,力量,AB,抽象,2,具体→抽象,84,0.6271,,,,,,,0.2508,,0.138,1
xb_02145,第四个时期,民族阵线和加强党的时期,时期,时期,TM,时间,TM,时间,3,抽象→抽象,40,0.5242,,,,,,,0.2097,,0.1153,1
xb_02146,"""古剌""",波斯文gulāb的对音,音,"剌""",CM,通讯,AB,抽象,1,具体→具体,7,0.2935,,,,,,,0.1174,,0.0646,1
xb_02147,海洋,区域一体化的重要纽带,纽带,海洋,OB,物体,NT,自然,1,具体→具体,1192,1.0,,,,,,,0.4,,0.22,2
xb_02148,政府角色,关键,关键,角色,OB,物体,AB,抽象,3,抽象→抽象,1192,1.0,,,,,,,0.4,,0.22,2
xb_02149,管理者,服务者和创新者,创新者,管理者,HM,人体,HM,人体,1,具体→具体,1099,0.9885,,,,,,,0.3954,,0.2175,2
xb_02150,中华人民共和国的法定货币,人民币,人民币,货币,EC,经济,EC,经济,1,具体→具体,129,0.6871,,,,,,,0.2748,,0.1512,1
xb_02151,总理,人民的总理,总理,总理,HM,人体,HM,人体,1,具体→具体,1099,0.9885,,,,,,,0.3954,,0.2175,2
xb_02152,它,封建性质的政权,政权,它,SC,社会,AB,抽象,3,抽象→抽象,81,0.622,,,,,,,0.2488,,0.1369,1
xb_02153,丰产方的土地,丘陵地区的红土地,地区,土地,NT,自然,NT,自然,1,具体→具体,184,0.7369,,,,,,,0.2948,,0.1621,1
xb_02154,无产阶级,被剥削者,剥削者,无产阶级,HM,人体,HM,人体,1,具体→具体,1099,0.9885,,,,,,,0.3954,,0.2175,2
xb_02155,美国队的特点,队员年轻,队员,特点,ST,结构,AB,抽象,3,抽象→抽象,990,0.9738,,,,,,,0.3895,,0.2142,2
xb_02156,土地,集体的,集体,土地,SC,社会,NT,自然,2,具体→抽象,81,0.622,,,,,,,0.2488,,0.1369,1
xb_02157,关键,要把农村教师队伍建好,队伍,关键,AB,抽象,AB,抽象,3,抽象→抽象,515,0.8817,,,,,,,0.3527,,0.194,1
xb_02158,中国梦,中华民族的梦,梦,梦,AB,抽象,AB,抽象,3,抽象→抽象,515,0.8817,,,,,,,0.3527,,0.194,1
xb_02159,我们的奋斗目标,共产主义,共产主义,目标,TH,思维,AB,抽象,3,抽象→抽象,101,0.6529,,,,,,,0.2611,,0.1436,1
xb_02160,妇女,"人类社会的""半边天""","""半",妇女,SP,空间,HM,人体,2,具体→抽象,203,0.7507,,,,,,,0.3003,,0.1652,1
xb_02161,合作社,地区性、综合性、实体性的农民集体经济合作组织,组织,合作社,SC,社会,SC,社会,1,具体→具体,81,0.622,,,,,,,0.2488,,0.1369,1
xb_02162,树,红色的,红色,树,ST,结构,LV,生命,2,具体→抽象,990,0.9738,,,,,,,0.3895,,0.2142,2
xb_02163,中国人民同日本人民和朝鲜人民,并肩反对美帝国主义的战友,战友,人民,WR,战争,HM,人体,1,具体→具体,198,0.7472,,,,,,,0.2989,,0.1644,1
xb_02164,人心,秤,秤,人心,OB,物体,AB,抽象,2,具体→抽象,1192,1.0,,,,,,,0.4,,0.22,2
xb_02165,第二道防线,长度为2.16千米的排导堤,排导堤,防线,OB,物体,WR,战争,1,具体→具体,1192,1.0,,,,,,,0.4,,0.22,2
xb_02166,助学金,人民劳动果实,果实,助学金,LV,生命,EC,经济,2,具体→抽象,263,0.7871,,,,,,,0.3148,,0.1732,1
xb_02167,认购公债,人民应尽的责任,责任,认购,AB,抽象,AB,抽象,3,抽象→抽象,515,0.8817,,,,,,,0.3527,,0.194,1
xb_02168,大寨的事业,人类的奇迹,奇迹,事业,AB,抽象,EV,事件,3,抽象→抽象,515,0.8817,,,,,,,0.3527,,0.194,1
xb_02169,祖国,靠山,靠山,祖国,NT,自然,AB,抽象,2,具体→抽象,184,0.7369,,,,,,,0.2948,,0.1621,1
xb_02170,关键,订单,订单,关键,EC,经济,AB,抽象,3,抽象→抽象,129,0.6871,,,,,,,0.2748,,0.1512,1
xb_02171,政治,经济的最集中的表现,表现,政治,AB,抽象,SC,社会,3,抽象→抽象,515,0.8817,,,,,,,0.3527,,0.194,1
xb_02172,党的新闻事业,党的喉舌,喉舌,事业,BD,建筑,AB,抽象,2,具体→抽象,221,0.7626,,,,,,,0.3051,,0.1678,1
xb_02173,两条腿走路,同时并举的,并举,腿,ST,结构,AB,抽象,3,抽象→抽象,990,0.9738,,,,,,,0.3895,,0.2142,2
xb_02174,烈军属、革命伤残军人、转业复员退伍军人、军队离退休干部,党和国家的宝贵财富,财富,干部,EC,经济,HM,人体,2,具体→抽象,129,0.6871,,,,,,,0.2748,,0.1512,1
xb_02175,实践,检验真理的唯一标准,标准,实践,AB,抽象,AB,抽象,3,抽象→抽象,515,0.8817,,,,,,,0.3527,,0.194,1
xb_02176,门诊,包袱,包袱,门诊,OB,物体,AB,抽象,1,具体→具体,1192,1.0,,,,,,,0.4,,0.22,2
xb_02177,勃列日涅夫集团和苏联劳动人民群众之间的关系,压迫者和被压迫者、剥削者和被剥削者的关系,关系,关系,HM,人体,AB,抽象,3,抽象→抽象,1099,0.9885,,,,,,,0.3954,,0.2175,2
xb_02178,"""私""字",万恶之源,万恶之源,"""字",AB,抽象,AB,抽象,3,抽象→抽象,515,0.8817,,,,,,,0.3527,,0.194,1
xb_02179,海,城市的魂,魂,海,BD,建筑,NT,自然,4,抽象→具体,221,0.7626,,,,,,,0.3051,,0.1678,1
xb_02180,山,城市的肺,肺,山,BD,建筑,NT,自然,1,具体→具体,221,0.7626,,,,,,,0.3051,,0.1678,1
xb_02181,绿地,城市的血管,血管,绿地,BD,建筑,SP,空间,1,具体→具体,221,0.7626,,,,,,,0.3051,,0.1678,1
xb_02182,社会效益,第一位的,第一,效益,SP,空间,AB,抽象,3,抽象→抽象,203,0.7507,,,,,,,0.3003,,0.1652,1
xb_02183,政治,手段,手段,政治,AB,抽象,SC,社会,3,抽象→抽象,515,0.8817,,,,,,,0.3527,,0.194,1
xb_02184,政治,仆从,仆从,政治,HM,人体,SC,社会,2,具体→抽象,1099,0.9885,,,,,,,0.3954,,0.2175,2
xb_02185,延安精神,马列主义、毛泽东思想的重要体现,体现,精神,AB,抽象,AB,抽象,3,抽象→抽象,515,0.8817,,,,,,,0.3527,,0.194,1
xb_02186,延安精神,中国革命斗争宝贵的精神和思想财富,财富,精神,EC,经济,TH,思维,3,抽象→抽象,129,0.6871,,,,,,,0.2748,,0.1512,1
xb_02187,人民,干部的衣食父母,父母,人民,HM,人体,HM,人体,1,具体→具体,1099,0.9885,,,,,,,0.3954,,0.2175,2
xb_02188,人,生产力中的第一要素,要素,人,AB,抽象,HM,人体,2,具体→抽象,515,0.8817,,,,,,,0.3527,,0.194,1
xb_02189,人才,国家的财富,财富,人才,EC,经济,HM,人体,2,具体→抽象,129,0.6871,,,,,,,0.2748,,0.1512,1
xb_02190,良好的公民法律意识,法制建设内在的精神支撑,支撑,意识,AB,抽象,AB,抽象,3,抽象→抽象,515,0.8817,,,,,,,0.3527,,0.194,1
xb_02191,"""三个代表""重要思想",党的十六大报告的灵魂,灵魂,思想,BD,建筑,TH,思维,2,具体→抽象,221,0.7626,,,,,,,0.3051,,0.1678,1
xb_02192,长征精神,社会主义核心价值观的丰厚滋养,滋养,精神,FD,食物,AB,抽象,2,具体→抽象,46,0.5435,,,,,,,0.2174,,0.1196,1
xb_02193,矿石,国家的财富,财富,矿石,EC,经济,OB,物体,2,具体→抽象,129,0.6871,,,,,,,0.2748,,0.1512,1
xb_02194,企业领导人的人格力量,企业的宝贵财富,财富,力量,EC,经济,AB,抽象,3,抽象→抽象,129,0.6871,,,,,,,0.2748,,0.1512,1
xb_02195,农业,基础,基础,农业,AB,抽象,EC,经济,2,具体→抽象,515,0.8817,,,,,,,0.3527,,0.194,1
xb_02196,社会主义市场经济,我国现代化的必由之路,必由之路,经济,TR,交通,EC,经济,2,具体→抽象,41,0.5276,,,,,,,0.211,,0.1161,1
xb_02197,作家,人民和时代的儿子、歌手,歌手,作家,HM,人体,HM,人体,1,具体→具体,1099,0.9885,,,,,,,0.3954,,0.2175,2
xb_02198,无产阶级,时代的中心,中心,无产阶级,SP,空间,HM,人体,2,具体→抽象,203,0.7507,,,,,,,0.3003,,0.1652,1
xb_02199,书籍,时代波涛中航行的思想之船,船,书籍,OB,物体,OB,物体,1,具体→具体,1192,1.0,,,,,,,0.4,,0.22,2
xb_02200,越南朝鲜两国人民的共同敌人,美帝国主义,帝国主义,敌人,SC,社会,HM,人体,3,抽象→抽象,81,0.622,,,,,,,0.2488,,0.1369,1
xb_02201,艺术,灵魂的一个最好载体,载体,艺术,OB,物体,AB,抽象,2,具体→抽象,1192,1.0,,,,,,,0.4,,0.22,2
xb_02202,毛泽东思想,人民群众反对帝国主义、修正主义和反动派的强大思想武器,武器,思想,WR,战争,TH,思维,2,具体→抽象,198,0.7472,,,,,,,0.2989,,0.1644,1
xb_02203,乡村,基础,基础,乡村,AB,抽象,SP,空间,2,具体→抽象,515,0.8817,,,,,,,0.3527,,0.194,1
xb_02204,美帝国主义,国际反动派的宪兵,宪兵,帝国主义,HM,人体,SC,社会,2,具体→抽象,1099,0.9885,,,,,,,0.3954,,0.2175,2
xb_02205,各宗教团体和宗教界人士,党和政府联系信教群众的桥梁和纽带,纽带,人士,OB,物体,HM,人体,1,具体→具体,1192,1.0,,,,,,,0.4,,0.22,2
xb_02206,人,社会主义国家最宝贵的财富,财富,人,EC,经济,HM,人体,2,具体→抽象,129,0.6871,,,,,,,0.2748,,0.1512,1
xb_02207,观众需求,电影企业生存和发展的前提和基础,基础,需求,AB,抽象,AB,抽象,2,具体→抽象,515,0.8817,,,,,,,0.3527,,0.194,1
xb_02208,协作公约,红线,红线,公约,OB,物体,AB,抽象,2,具体→抽象,1192,1.0,,,,,,,0.4,,0.22,2
xb_02209,儿童,祖国的未来,未来,儿童,TM,时间,HM,人体,2,具体→抽象,40,0.5242,,,,,,,0.2097,,0.1153,1
xb_02210,主产区,关键,关键,主产区,OB,物体,SP,空间,2,具体→抽象,1192,1.0,,,,,,,0.4,,0.22,2
xb_02211,美帝国主义,当代侵略和战争的主要力量,力量,帝国主义,FC,力量,SC,社会,3,抽象→抽象,84,0.6271,,,,,,,0.2508,,0.138,1
xb_02212,国营企业,国民经济的主导力量,力量,企业,FC,力量,SC,社会,2,具体→抽象,84,0.6271,,,,,,,0.2508,,0.138,1
xb_02213,政府,阶级统治的工具之一,之一,政府,OB,物体,SC,社会,2,具体→抽象,1192,1.0,,,,,,,0.4,,0.22,2
xb_02214,党的报刊,党向广大群众进行宣传教育的有力武器,武器,报刊,WR,战争,OB,物体,1,具体→具体,198,0.7472,,,,,,,0.2989,,0.1644,1
xb_02215,资料,修史最重要的基础,基础,资料,AB,抽象,AB,抽象,2,具体→抽象,515,0.8817,,,,,,,0.3527,,0.194,1
xb_02216,农业,国民经济的基础,基础,农业,AB,抽象,EC,经济,2,具体→抽象,515,0.8817,,,,,,,0.3527,,0.194,1
xb_02217,关键问题,产权,产权,问题,EC,经济,AB,抽象,3,抽象→抽象,129,0.6871,,,,,,,0.2748,,0.1512,1
xb_02218,经济,基础,基础,经济,AB,抽象,EC,经济,2,具体→抽象,515,0.8817,,,,,,,0.3527,,0.194,1
xb_02219,政治工作,一切经济工作的生命线,生命线,工作,BD,建筑,SC,社会,2,具体→抽象,221,0.7626,,,,,,,0.3051,,0.1678,1
xb_02220,铁路,国民经济的大动脉,大动脉,铁路,BD,建筑,TR,交通,1,具体→具体,221,0.7626,,,,,,,0.3051,,0.1678,1
xb_02221,法治社会,基础,基础,社会,AB,抽象,SC,社会,2,具体→抽象,515,0.8817,,,,,,,0.3527,,0.194,1
xb_02222,爱国主义,文艺创作的不朽主题,主题,爱国主义,AB,抽象,TH,思维,3,抽象→抽象,515,0.8817,,,,,,,0.3527,,0.194,1
xb_02223,党内走资派,资产阶级同无产阶级较量、复辟资本主义的主要力量,力量,走资派,FC,力量,HM,人体,2,具体→抽象,84,0.6271,,,,,,,0.2508,,0.138,1
xb_02224,孩子,人类的花朵,花朵,孩子,LV,生命,HM,人体,1,具体→具体,263,0.7871,,,,,,,0.3148,,0.1732,1
xb_02225,服务质量,其生命,生命,质量,LV,生命,AB,抽象,2,具体→抽象,263,0.7871,,,,,,,0.3148,,0.1732,1
xb_02226,巴中友谊,国与国之间战略关系和地区及国际事务中和谐相处的典范,典范,友谊,AB,抽象,AB,抽象,3,抽象→抽象,515,0.8817,,,,,,,0.3527,,0.194,1
xb_02227,所有这一切的牢固基础,社会主义阵营在思想上的团结一致和维护世界和平的共同努力,努力,基础,ST,结构,AB,抽象,3,抽象→抽象,990,0.9738,,,,,,,0.3895,,0.2142,2
xb_02228,奴隶主的经济势力,奴隶主统治的基础,基础,势力,AB,抽象,AB,抽象,2,具体→抽象,515,0.8817,,,,,,,0.3527,,0.194,1
xb_02229,战争,资本主义的本质,本质,战争,AB,抽象,WR,战争,3,抽象→抽象,515,0.8817,,,,,,,0.3527,,0.194,1
xb_02230,土地,聚宝盆,聚宝盆,土地,OB,物体,NT,自然,1,具体→具体,1192,1.0,,,,,,,0.4,,0.22,2
xb_02231,机车,摇钱树,摇钱树,机车,LV,生命,MC,医疗,1,具体→具体,263,0.7871,,,,,,,0.3148,,0.1732,1
xb_02232,牛,农业生产的基本动力,动力,牛,FC,力量,LV,生命,2,具体→抽象,84,0.6271,,,,,,,0.2508,,0.138,1
xb_02233,书籍,文化传承的主要载体,载体,书籍,OB,物体,OB,物体,1,具体→具体,1192,1.0,,,,,,,0.4,,0.22,2
xb_02234,问题,时代的呼声,呼声,问题,SN,感知,AB,抽象,2,具体→抽象,146,0.7044,,,,,,,0.2818,,0.155,1
xb_02235,文化,民族发展的源泉动力,动力,文化,NT,自然,AB,抽象,2,具体→抽象,184,0.7369,,,,,,,0.2948,,0.1621,1
xb_02236,陶瓷工匠,陶瓷历史的主体,主体,工匠,AB,抽象,HM,人体,2,具体→抽象,515,0.8817,,,,,,,0.3527,,0.194,1
xb_02237,党的绝对领导,共青团的生命线,生命线,领导,BD,建筑,SC,社会,2,具体→抽象,221,0.7626,,,,,,,0.3051,,0.1678,1
xb_02238,党的基本路线,党和国家的生命线,生命线,路线,BD,建筑,AB,抽象,2,具体→抽象,221,0.7626,,,,,,,0.3051,,0.1678,1
xb_02239,农业,工业和其他各项事业赖以发展的基础,基础,农业,AB,抽象,EC,经济,2,具体→抽象,515,0.8817,,,,,,,0.3527,,0.194,1
xb_02240,农业,国民经济发展的基础,基础,农业,AB,抽象,EC,经济,2,具体→抽象,515,0.8817,,,,,,,0.3527,,0.194,1
xb_02241,桥,文化,文化,桥,HM,人体,OB,物体,4,抽象→具体,1099,0.9885,,,,,,,0.3954,,0.2175,2
xb_02242,水利,农业的命脉,命脉,水利,BD,建筑,EC,经济,2,具体→抽象,221,0.7626,,,,,,,0.3051,,0.1678,1
xb_02243,古埃及文化,人类历史最辉煌的篇章之一,之一,文化,OB,物体,AB,抽象,2,具体→抽象,1192,1.0,,,,,,,0.4,,0.22,2
xb_02244,农业,我国国民经济的基础,基础,农业,AB,抽象,EC,经济,2,具体→抽象,515,0.8817,,,,,,,0.3527,,0.194,1
xb_02245,电力,国民经济的动力,动力,电力,FC,力量,AB,抽象,2,具体→抽象,84,0.6271,,,,,,,0.2508,,0.138,1
xb_02246,文艺,铸造灵魂的工程,工程,文艺,AB,抽象,AB,抽象,2,具体→抽象,515,0.8817,,,,,,,0.3527,,0.194,1
xb_02247,毛主席,全世界人民心中的红太阳,太阳,主席,NT,自然,HM,人体,1,具体→具体,184,0.7369,,,,,,,0.2948,,0.1621,1
xb_02248,科技,生产力发展的重要动力,动力,科技,FC,力量,AB,抽象,3,抽象→抽象,84,0.6271,,,,,,,0.2508,,0.138,1
xb_02249,鲁迅精神,杂文高扬的旗帜,旗帜,精神,OB,物体,AB,抽象,2,具体→抽象,1192,1.0,,,,,,,0.4,,0.22,2
xb_02250,提高质量,钢铁战线的迫切任务,任务,质量,AB,抽象,AB,抽象,3,抽象→抽象,515,0.8817,,,,,,,0.3527,,0.194,1
xb_02251,社区商业,城市商业的基础,基础,商业,AB,抽象,EC,经济,2,具体→抽象,515,0.8817,,,,,,,0.3527,,0.194,1
xb_02252,市场问题,群众生活的第一问题,问题,问题,AB,抽象,AB,抽象,3,抽象→抽象,515,0.8817,,,,,,,0.3527,,0.194,1
xb_02253,毛泽东思想,战无不胜的强大思想武器,武器,思想,WR,战争,TH,思维,2,具体→抽象,198,0.7472,,,,,,,0.2989,,0.1644,1
xb_02254,党的基层组织,党的基础,基础,组织,AB,抽象,SC,社会,2,具体→抽象,515,0.8817,,,,,,,0.3527,,0.194,1
xb_02255,市场,企业的命根子,命根子,市场,BD,建筑,EC,经济,2,具体→抽象,221,0.7626,,,,,,,0.3051,,0.1678,1
xb_02256,政治工作,一切经济工作的生命线,生命线,工作,BD,建筑,SC,社会,2,具体→抽象,221,0.7626,,,,,,,0.3051,,0.1678,1
xb_02257,朋友,时间的果实,果实,朋友,LV,生命,HM,人体,1,具体→具体,263,0.7871,,,,,,,0.3148,,0.1732,1
xb_02258,上层建筑的中心,政权,政权,中心,SC,社会,SC,社会,3,抽象→抽象,81,0.622,,,,,,,0.2488,,0.1369,1
xb_02259,政治,统帅,统帅,政治,HM,人体,AB,抽象,2,具体→抽象,1099,0.9885,,,,,,,0.3954,,0.2175,2
xb_02260,21世纪,城市世纪,世纪,世纪,TM,时间,TM,时间,3,抽象→抽象,40,0.5242,,,,,,,0.2097,,0.1153,1
xb_02261,中国共产党,国际共产主义运动的先锋,先锋,共产党,HM,人体,SC,社会,2,具体→抽象,1099,0.9885,,,,,,,0.3954,,0.2175,2
xb_02262,螟虫,双季稻增产的大敌,大敌,螟虫,HM,人体,LV,生命,1,具体→具体,1099,0.9885,,,,,,,0.3954,,0.2175,2
xb_02263,封面,刊物的眼睛和窗口,窗口,封面,BD,建筑,OB,物体,1,具体→具体,221,0.7626,,,,,,,0.3051,,0.1678,1
xb_02264,人民,历史的创造者,创造者,人民,HM,人体,HM,人体,1,具体→具体,1099,0.9885,,,,,,,0.3954,,0.2175,2
xb_02265,光辉思想,时代的旗帜,旗帜,思想,OB,物体,TH,思维,2,具体→抽象,1192,1.0,,,,,,,0.4,,0.22,2
xb_02266,水利,农业的命脉,命脉,水利,BD,建筑,EC,经济,2,具体→抽象,221,0.7626,,,,,,,0.3051,,0.1678,1
xb_02267,货币政策,国家调控国民经济的基本手段之一,之一,政策,AB,抽象,SC,社会,3,抽象→抽象,515,0.8817,,,,,,,0.3527,,0.194,1
xb_02268,民族文化,文化产业的创意来源,来源,文化,AB,抽象,AB,抽象,2,具体→抽象,515,0.8817,,,,,,,0.3527,,0.194,1
xb_02269,伟大社会主义祖国,海外侨胞的强大靠山,靠山,祖国,OB,物体,AB,抽象,2,具体→抽象,1192,1.0,,,,,,,0.4,,0.22,2
xb_02270,鉴真大师,历史上伟大的友好使者,使者,大师,HM,人体,HM,人体,1,具体→具体,1099,0.9885,,,,,,,0.3954,,0.2175,2
xb_02271,最大的优势,生态,生态,优势,NT,自然,AB,抽象,3,抽象→抽象,184,0.7369,,,,,,,0.2948,,0.1621,1
xb_02272,起决定作用的因素,人,人,因素,HM,人体,AB,抽象,2,具体→抽象,1099,0.9885,,,,,,,0.3954,,0.2175,2
xb_02273,经济,基础,基础,经济,AB,抽象,EC,经济,2,具体→抽象,515,0.8817,,,,,,,0.3527,,0.194,1
xb_02274,居民委员会,基层群众性自治组织,组织,委员会,SC,社会,SC,社会,2,具体→抽象,81,0.622,,,,,,,0.2488,,0.1369,1
xb_02275,资金,物资的货币表现,表现,资金,AB,抽象,EC,经济,3,抽象→抽象,515,0.8817,,,,,,,0.3527,,0.194,1
xb_02276,金融,实体经济的血脉,血脉,金融,BD,建筑,EC,经济,2,具体→抽象,221,0.7626,,,,,,,0.3051,,0.1678,1
xb_02277,革命的根本问题,政权问题,问题,问题,AB,抽象,AB,抽象,3,抽象→抽象,515,0.8817,,,,,,,0.3527,,0.194,1
xb_02278,植物,地球生命的始祖,始祖,植物,HM,人体,LV,生命,1,具体→具体,1099,0.9885,,,,,,,0.3954,,0.2175,2
xb_02279,肥料,农作物的粮食,粮食,肥料,FD,食物,OB,物体,1,具体→具体,46,0.5435,,,,,,,0.2174,,0.1196,1
xb_02280,知识,经济增长的动力,动力,知识,FC,力量,AB,抽象,3,抽象→抽象,84,0.6271,,,,,,,0.2508,,0.138,1
xb_02281,克什米尔问题,殖民主义制造的难题,难题,问题,AB,抽象,SC,社会,3,抽象→抽象,515,0.8817,,,,,,,0.3527,,0.194,1
xb_02282,自有品牌,折扣店的核心,核心,品牌,AB,抽象,EC,经济,2,具体→抽象,515,0.8817,,,,,,,0.3527,,0.194,1
xb_02283,股市,国民经济的晴雨表,晴雨表,股市,NT,自然,EC,经济,2,具体→抽象,184,0.7369,,,,,,,0.2948,,0.1621,1
xb_02284,海湾紧张局势,世界热点中的热点,热点,局势,NT,自然,EV,事件,3,抽象→抽象,184,0.7369,,,,,,,0.2948,,0.1621,1
xb_02285,国营经济,国民经济的主导力量,力量,经济,FC,力量,EC,经济,3,抽象→抽象,84,0.6271,,,,,,,0.2508,,0.138,1
xb_02286,优秀文化和光荣历史,根和魂,魂,历史,LV,生命,AB,抽象,2,具体→抽象,263,0.7871,,,,,,,0.3148,,0.1732,1
xb_02287,城市文化,公园的灵魂,灵魂,文化,AB,抽象,AB,抽象,3,抽象→抽象,515,0.8817,,,,,,,0.3527,,0.194,1
xb_02288,武器,战争的重要因素,因素,武器,AB,抽象,OB,物体,4,抽象→具体,515,0.8817,,,,,,,0.3527,,0.194,1
xb_02289,武术,国宝,国宝,武术,OB,物体,HM,人体,2,具体→抽象,1192,1.0,,,,,,,0.4,,0.22,2
xb_02290,课题,国家航天生物医学工程的重点项目,项目,课题,AB,抽象,AB,抽象,3,抽象→抽象,515,0.8817,,,,,,,0.3527,,0.194,1
xb_02291,美帝国主义,全世界人民的头号斗争对象,对象,帝国主义,AB,抽象,SC,社会,3,抽象→抽象,515,0.8817,,,,,,,0.3527,,0.194,1
xb_02292,金融市场,市场体系的一个重要方面,方面,市场,AB,抽象,EC,经济,3,抽象→抽象,515,0.8817,,,,,,,0.3527,,0.194,1
xb_02293,美帝国主义,纸老虎,纸老虎,帝国主义,OB,物体,SC,社会,2,具体→抽象,1192,1.0,,,,,,,0.4,,0.22,2
xb_02294,水,命脉,命脉,水,BD,建筑,OB,物体,1,具体→具体,221,0.7626,,,,,,,0.3051,,0.1678,1
xb_02295,增强企业活力,城市经济改革的中心环节,环节,活力,AB,抽象,AB,抽象,3,抽象→抽象,515,0.8817,,,,,,,0.3527,,0.194,1
xb_02296,美育,素质教育重要组成部分,部分,美育,AB,抽象,AB,抽象,3,抽象→抽象,515,0.8817,,,,,,,0.3527,,0.194,1
xb_02297,党员,工具,工具,党员,OB,物体,HM,人体,1,具体→具体,1192,1.0,,,,,,,0.4,,0.22,2
xb_02298,文化,民族生存和发展的重要力量,力量,文化,FC,力量,AB,抽象,3,抽象→抽象,84,0.6271,,,,,,,0.2508,,0.138,1
xb_02299,完善产权制度,基础,基础,制度,AB,抽象,AB,抽象,2,具体→抽象,515,0.8817,,,,,,,0.3527,,0.194,1
xb_02300,中缅军队,中缅友好大厦的共同保卫者,保卫者,军队,HM,人体,HM,人体,1,具体→具体,1099,0.9885,,,,,,,0.3954,,0.2175,2
xb_02301,大庆油田,我国工业战线上的一面红旗,红旗,油田,OB,物体,OB,物体,1,具体→具体,1192,1.0,,,,,,,0.4,,0.22,2
xb_02302,国家的法律,党的政策的具体体现,体现,法律,AB,抽象,SC,社会,3,抽象→抽象,515,0.8817,,,,,,,0.3527,,0.194,1
xb_02303,两国人民,患难与共的战友和兄弟,兄弟,人民,WR,战争,HM,人体,1,具体→具体,198,0.7472,,,,,,,0.2989,,0.1644,1
xb_02304,军队转业干部,社会主义现代化建设的一支重要力量,力量,干部,FC,力量,HM,人体,4,抽象→具体,84,0.6271,,,,,,,0.2508,,0.138,1
xb_02305,妇女,半边天,半边天,妇女,OB,物体,HM,人体,1,具体→具体,1192,1.0,,,,,,,0.4,,0.22,2
xb_02306,水利,农业的命脉,命脉,水利,BD,建筑,EC,经济,2,具体→抽象,221,0.7626,,,,,,,0.3051,,0.1678,1
xb_02307,美帝国主义,全世界人民的共同敌人,敌人,帝国主义,HM,人体,SC,社会,2,具体→抽象,1099,0.9885,,,,,,,0.3954,,0.2175,2
xb_02308,文件起草单位,政策解读的责任主体,主体,单位,AB,抽象,SC,社会,2,具体→抽象,515,0.8817,,,,,,,0.3527,,0.194,1
xb_02309,物资,基础,基础,物资,AB,抽象,OB,物体,4,抽象→具体,515,0.8817,,,,,,,0.3527,,0.194,1
xb_02310,民族自决,民族解放运动的一个重要原则,原则,民族,AB,抽象,AB,抽象,3,抽象→抽象,515,0.8817,,,,,,,0.3527,,0.194,1
xb_02311,宏观调控,市场经济发展到了现代发达阶段必然的规律性现象,现象,调控,AB,抽象,AB,抽象,3,抽象→抽象,515,0.8817,,,,,,,0.3527,,0.194,1
xb_02312,职工个人股,职工以自己合法财产向本企业投资所形成的股份,股份,股,EC,经济,EC,经济,3,抽象→抽象,129,0.6871,,,,,,,0.2748,,0.1512,1
xb_02313,粮食,农民收入的主要来源,来源,粮食,AB,抽象,FD,食物,4,抽象→具体,515,0.8817,,,,,,,0.3527,,0.194,1
xb_02314,报纸,时代的窗口,窗口,报纸,BD,建筑,OB,物体,1,具体→具体,221,0.7626,,,,,,,0.3051,,0.1678,1
xb_02315,语法,词法和用词造句的规则,规则,语法,AB,抽象,CM,通讯,3,抽象→抽象,515,0.8817,,,,,,,0.3527,,0.194,1
xb_02316,这些国家的人民,世界政治生活中的积极因素,因素,人民,AB,抽象,HM,人体,4,抽象→具体,515,0.8817,,,,,,,0.3527,,0.194,1
xb_02317,盟主权,人民民主战斗成功的唯一保证,保证,主权,AB,抽象,SC,社会,3,抽象→抽象,515,0.8817,,,,,,,0.3527,,0.194,1
xb_02318,殖民主义,战争的根本原因,原因,殖民主义,AB,抽象,SC,社会,3,抽象→抽象,515,0.8817,,,,,,,0.3527,,0.194,1
xb_02319,农业生产,人类向自然界索取财富的斗争,斗争,生产,WR,战争,EC,经济,3,抽象→抽象,198,0.7472,,,,,,,0.2989,,0.1644,1
xb_02320,紧密层企业,公司控股的子公司,子公司,企业,EC,经济,EC,经济,2,具体→抽象,129,0.6871,,,,,,,0.2748,,0.1512,1
xb_02321,人民群众,社会主义现代化建设事业的主体,主体,群众,AB,抽象,HM,人体,4,抽象→具体,515,0.8817,,,,,,,0.3527,,0.194,1
xb_02322,现行宪法,政治上民主的象征,象征,宪法,AB,抽象,SC,社会,3,抽象→抽象,515,0.8817,,,,,,,0.3527,,0.194,1
xb_02323,群众路线,党的根本路线,路线,路线,TR,交通,SC,社会,3,抽象→抽象,41,0.5276,,,,,,,0.211,,0.1161,1
xb_02324,许立同志,无产阶级久经考验的忠诚战士,战士,同志,WR,战争,HM,人体,1,具体→具体,198,0.7472,,,,,,,0.2989,,0.1644,1
xb_02325,城市规划,城市建设发展的蓝图,蓝图,规划,OB,物体,SC,社会,2,具体→抽象,1192,1.0,,,,,,,0.4,,0.22,2
xb_02326,DNA,生命的密码,密码,DNA,AB,抽象,NT,自然,1,具体→具体,515,0.8817,,,,,,,0.3527,,0.194,1
xb_02327,农业,国民经济基础,基础,农业,AB,抽象,EC,经济,2,具体→抽象,515,0.8817,,,,,,,0.3527,,0.194,1
xb_02328,玉米,旱田作物之王,王,玉米,HM,人体,LV,生命,1,具体→具体,1099,0.9885,,,,,,,0.3954,,0.2175,2
xb_02329,当今世界主题,和平与发展,发展,主题,AB,抽象,AB,抽象,3,抽象→抽象,515,0.8817,,,,,,,0.3527,,0.194,1
xb_02330,人民群众,文明创建的主力军,主力军,群众,WR,战争,HM,人体,2,具体→抽象,198,0.7472,,,,,,,0.2989,,0.1644,1
xb_02331,家,亲情的港湾,港湾,家,OB,物体,OB,物体,1,具体→具体,1192,1.0,,,,,,,0.4,,0.22,2
xb_02332,收入分配制度,社会公平正义的重要体现,体现,制度,AB,抽象,SC,社会,3,抽象→抽象,515,0.8817,,,,,,,0.3527,,0.194,1
xb_02333,县委,关键,关键,县委,AB,抽象,SC,社会,3,抽象→抽象,515,0.8817,,,,,,,0.3527,,0.194,1
xb_02334,人民群众,历史的主人,主人,群众,HM,人体,HM,人体,1,具体→具体,1099,0.9885,,,,,,,0.3954,,0.2175,2
xb_02335,人民,国家的根本,根本,人民,LV,生命,HM,人体,2,具体→抽象,263,0.7871,,,,,,,0.3148,,0.1732,1
xb_02336,资金,企业的血液,血液,资金,BD,建筑,EC,经济,2,具体→抽象,221,0.7626,,,,,,,0.3051,,0.1678,1
xb_02337,一分钟时间,财富中最贵重的财富,财富,时间,EC,经济,TM,时间,3,抽象→抽象,129,0.6871,,,,,,,0.2748,,0.1512,1
xb_02338,农民,土地的主人,主人,农民,HM,人体,HM,人体,1,具体→具体,1099,0.9885,,,,,,,0.3954,,0.2175,2
xb_02339,毛泽东同志的科学著作,我国革命的历史记录和经验总结,经验,著作,AB,抽象,OB,物体,4,抽象→具体,515,0.8817,,,,,,,0.3527,,0.194,1
xb_02340,现代企业制度,社会主义市场经济体制的基础,基础,制度,AB,抽象,EC,经济,2,具体→抽象,515,0.8817,,,,,,,0.3527,,0.194,1
xb_02341,思想和政治,灵魂,灵魂,政治,AB,抽象,TH,思维,3,抽象→抽象,515,0.8817,,,,,,,0.3527,,0.194,1
xb_02342,思想,灵魂,灵魂,思想,AB,抽象,TH,思维,3,抽象→抽象,515,0.8817,,,,,,,0.3527,,0.194,1
xb_02343,语言文字,人们交流思想的工具,工具,文字,OB,物体,CM,通讯,2,具体→抽象,1192,1.0,,,,,,,0.4,,0.22,2
xb_02344,毛主席,当代的列宁,列宁,主席,HM,人体,HM,人体,1,具体→具体,1099,0.9885,,,,,,,0.3954,,0.2175,2
xb_02345,恐怖主义,全世界的敌人,敌人,恐怖主义,HM,人体,SC,社会,2,具体→抽象,1099,0.9885,,,,,,,0.3954,,0.2175,2
xb_02346,人才,企业的第一资本,资本,人才,EC,经济,HM,人体,4,抽象→具体,129,0.6871,,,,,,,0.2748,,0.1512,1
xb_02347,树木,生命圈的核心,核心,树木,AB,抽象,LV,生命,4,抽象→具体,515,0.8817,,,,,,,0.3527,,0.194,1
xb_02348,国有企业,国民经济的骨干力量,力量,企业,FC,力量,EC,经济,2,具体→抽象,84,0.6271,,,,,,,0.2508,,0.138,1
xb_02349,人间正道,沧桑,沧桑,正道,AB,抽象,AB,抽象,3,抽象→抽象,515,0.8817,,,,,,,0.3527,,0.194,1
xb_02350,国际海底及其资源,人类共同财产,财产,资源,EC,经济,NT,自然,4,抽象→具体,129,0.6871,,,,,,,0.2748,,0.1512,1
xb_02351,取得战争胜利的决定性因素,人,人,因素,HM,人体,AB,抽象,2,具体→抽象,1099,0.9885,,,,,,,0.3954,,0.2175,2
xb_02352,军队现代化建设成败的关键,人才,人才,关键,HM,人体,AB,抽象,2,具体→抽象,1099,0.9885,,,,,,,0.3954,,0.2175,2
xb_02353,决定的因素,人不是物,物,因素,HM,人体,AB,抽象,2,具体→抽象,1099,0.9885,,,,,,,0.3954,,0.2175,2
xb_02354,森林,人类文明的摇篮,摇篮,森林,OB,物体,NT,自然,1,具体→具体,1192,1.0,,,,,,,0.4,,0.22,2
xb_02355,金融,经济体系的血脉,血脉,金融,BD,建筑,EC,经济,2,具体→抽象,221,0.7626,,,,,,,0.3051,,0.1678,1
xb_02356,语言,人与人心灵沟通的桥梁,桥梁,语言,OB,物体,CM,通讯,2,具体→抽象,1192,1.0,,,,,,,0.4,,0.22,2
xb_02357,提高科技创新能力,决定性因素,因素,能力,AB,抽象,AB,抽象,3,抽象→抽象,515,0.8817,,,,,,,0.3527,,0.194,1
xb_02358,人才,事业发展的根本,根本,人才,LV,生命,HM,人体,2,具体→抽象,263,0.7871,,,,,,,0.3148,,0.1732,1
xb_02359,作品,人格与才华的结晶,才华,作品,OB,物体,OB,物体,1,具体→具体,1192,1.0,,,,,,,0.4,,0.22,2
xb_02360,公有制,社会主义的命根子,命根子,公有制,BD,建筑,SC,社会,2,具体→抽象,221,0.7626,,,,,,,0.3051,,0.1678,1
xb_02361,农业,国民经济的基础,基础,农业,AB,抽象,EC,经济,2,具体→抽象,515,0.8817,,,,,,,0.3527,,0.194,1
xb_02362,毛泽东思想,灯塔,灯塔,思想,OB,物体,TH,思维,2,具体→抽象,1192,1.0,,,,,,,0.4,,0.22,2
xb_02363,渭河,陕西的母亲河,母亲河,渭河,HM,人体,NT,自然,1,具体→具体,1099,0.9885,,,,,,,0.3954,,0.2175,2
xb_02364,政策和策略,党的生命,生命,策略,LV,生命,SC,社会,2,具体→抽象,263,0.7871,,,,,,,0.3148,,0.1732,1
xb_02365,乡镇企业,农村经济的重要支柱,支柱,企业,OB,物体,EC,经济,2,具体→抽象,1192,1.0,,,,,,,0.4,,0.22,2
xb_02366,核心价值观,文化软实力的灵魂,灵魂,价值观,AB,抽象,AB,抽象,3,抽象→抽象,515,0.8817,,,,,,,0.3527,,0.194,1
xb_02367,政治,灵魂,灵魂,政治,AB,抽象,AB,抽象,3,抽象→抽象,515,0.8817,,,,,,,0.3527,,0.194,1
xb_02368,国有大中型企业,国民经济的支柱,支柱,企业,AB,抽象,EC,经济,2,具体→抽象,515,0.8817,,,,,,,0.3527,,0.194,1
xb_02369,道德准则,利益冲突情况下人们行动的指南,指南,准则,OB,物体,MR,机器,2,具体→抽象,1192,1.0,,,,,,,0.4,,0.22,2
xb_02370,模范人物,旗帜,旗帜,人物,OB,物体,HM,人体,1,具体→具体,1192,1.0,,,,,,,0.4,,0.22,2
xb_02371,自然科学,武装,武装,科学,OB,物体,AB,抽象,2,具体→抽象,1192,1.0,,,,,,,0.4,,0.22,2
xb_02372,水,农业的命脉,命脉,水,BD,建筑,OB,物体,1,具体→具体,221,0.7626,,,,,,,0.3051,,0.1678,1
xb_02373,猪牙,财富的象征,象征,猪牙,AB,抽象,OB,物体,4,抽象→具体,515,0.8817,,,,,,,0.3527,,0.194,1
xb_02374,依法治税,灵魂,灵魂,治税,AB,抽象,AB,抽象,3,抽象→抽象,515,0.8817,,,,,,,0.3527,,0.194,1
xb_02375,水,心灵的图腾,图腾,水,OB,物体,OB,物体,1,具体→具体,1192,1.0,,,,,,,0.4,,0.22,2
xb_02376,世界观和方法论,思想路线的根本基础,基础,方法论,AB,抽象,TH,思维,2,具体→抽象,515,0.8817,,,,,,,0.3527,,0.194,1
xb_02377,粮食,基础的基础,基础,粮食,AB,抽象,FD,食物,4,抽象→具体,515,0.8817,,,,,,,0.3527,,0.194,1
xb_02378,土,人们的衣食之本,本,土,LV,生命,NT,自然,1,具体→具体,263,0.7871,,,,,,,0.3148,,0.1732,1
xb_02379,美帝国主义,全世界人民的共同敌人,敌人,帝国主义,HM,人体,SC,社会,2,具体→抽象,1099,0.9885,,,,,,,0.3954,,0.2175,2
xb_02380,土地,胎床,胎床,土地,OB,物体,NT,自然,1,具体→具体,1192,1.0,,,,,,,0.4,,0.22,2
xb_02381,铁路,国民经济的大动脉,大动脉,铁路,BD,建筑,OB,物体,1,具体→具体,221,0.7626,,,,,,,0.3051,,0.1678,1
xb_02382,毛泽东思想,全世界人民进行革命斗争的强大的思想武器,武器,思想,WR,战争,TH,思维,2,具体→抽象,198,0.7472,,,,,,,0.2989,,0.1644,1
xb_02383,货币,组织社会主义经济必要的媒介,媒介,货币,AB,抽象,EC,经济,3,抽象→抽象,515,0.8817,,,,,,,0.3527,,0.194,1
xb_02384,船上安装的智能集成平台,船舶的大脑,大脑,平台,BD,建筑,MC,医疗,1,具体→具体,221,0.7626,,,,,,,0.3051,,0.1678,1
xb_02385,畜,基础,基础,畜,AB,抽象,LV,生命,4,抽象→具体,515,0.8817,,,,,,,0.3527,,0.194,1
xb_02386,毛泽东思想,我们的命根子,命根子,思想,BD,建筑,TH,思维,2,具体→抽象,221,0.7626,,,,,,,0.3051,,0.1678,1
xb_02387,煤矿,人间地狱,地狱,煤矿,OB,物体,OB,物体,1,具体→具体,1192,1.0,,,,,,,0.4,,0.22,2
xb_02388,信用,资本积累的强大杠杆,杠杆,信用,OB,物体,EC,经济,2,具体→抽象,1192,1.0,,,,,,,0.4,,0.22,2
xb_02389,人,关键,关键,人,AB,抽象,HM,人体,4,抽象→具体,515,0.8817,,,,,,,0.3527,,0.194,1
xb_02390,质量,效益的基础,基础,质量,AB,抽象,AB,抽象,2,具体→抽象,515,0.8817,,,,,,,0.3527,,0.194,1
xb_02391,报纸,知识的聚宝盆,聚宝盆,报纸,OB,物体,OB,物体,1,具体→具体,1192,1.0,,,,,,,0.4,,0.22,2
xb_02392,美帝国主义,纸老虎,纸老虎,帝国主义,OB,物体,SC,社会,2,具体→抽象,1192,1.0,,,,,,,0.4,,0.22,2
xb_02393,声音,诗的载体,载体,声音,AB,抽象,SN,感知,3,抽象→抽象,515,0.8817,,,,,,,0.3527,,0.194,1
xb_02394,批评和自我批评,增强党的力量的有力武器,武器,批评,WR,战争,AB,抽象,2,具体→抽象,198,0.7472,,,,,,,0.2989,,0.1644,1
xb_02395,毛泽东思想,我国革命和建设前进的光辉灯塔,灯塔,思想,OB,物体,TH,思维,2,具体→抽象,1192,1.0,,,,,,,0.4,,0.22,2
xb_02396,文化,城市的灵魂,灵魂,文化,AB,抽象,AB,抽象,3,抽象→抽象,515,0.8817,,,,,,,0.3527,,0.194,1
xb_02397,"""私""字",百病之源,源,"""字",BD,建筑,AB,抽象,2,具体→抽象,221,0.7626,,,,,,,0.3051,,0.1678,1
xb_02398,互助组,农业生产合作社的根基,根基,互助组,OB,物体,SC,社会,2,具体→抽象,1192,1.0,,,,,,,0.4,,0.22,2
xb_02399,水,生命之源,源,水,AB,抽象,OB,物体,4,抽象→具体,515,0.8817,,,,,,,0.3527,,0.194,1
xb_02400,政策和策略,党的生命,生命,策略,LV,生命,SC,社会,2,具体→抽象,263,0.7871,,,,,,,0.3148,,0.1732,1
xb_02401,人,生产力中最活跃的因素,因素,人,AB,抽象,HM,人体,4,抽象→具体,515,0.8817,,,,,,,0.3527,,0.194,1
xb_02402,老年人,社会的宝贵财富,财富,老年人,EC,经济,HM,人体,4,抽象→具体,129,0.6871,,,,,,,0.2748,,0.1512,1
xb_02403,列宁、斯大林关于民族解放斗争的辉煌学说,不可战胜的锐利武器,武器,辉煌学,WR,战争,AB,抽象,2,具体→抽象,198,0.7472,,,,,,,0.2989,,0.1644,1
xb_02404,剧本,基础,基础,剧本,AB,抽象,OB,物体,4,抽象→具体,515,0.8817,,,,,,,0.3527,,0.194,1
xb_02405,毛主席的庄严声明,指路明灯,指路,声明,OB,物体,AB,抽象,2,具体→抽象,1192,1.0,,,,,,,0.4,,0.22,2
xb_02406,中苏两国牢不可破友谊,世界和平的保证,保证,友谊,AB,抽象,AB,抽象,3,抽象→抽象,515,0.8817,,,,,,,0.3527,,0.194,1
xb_02407,市场经济,生产力发展的内在需求,需求,经济,AB,抽象,EC,经济,3,抽象→抽象,515,0.8817,,,,,,,0.3527,,0.194,1
xb_02408,工人阶级,社会主义革命和社会主义建设的主力军,主力军,阶级,WR,战争,HM,人体,2,具体→抽象,198,0.7472,,,,,,,0.2989,,0.1644,1
xb_02409,决定的因素,人不是物,物,因素,HM,人体,AB,抽象,2,具体→抽象,1099,0.9885,,,,,,,0.3954,,0.2175,2
xb_02410,人民,不可战胜的,战胜,人民,AB,抽象,HM,人体,4,抽象→具体,515,0.8817,,,,,,,0.3527,,0.194,1
xb_02411,科技,国家强盛之基,基,科技,OB,物体,AB,抽象,2,具体→抽象,1192,1.0,,,,,,,0.4,,0.22,2
xb_02412,生产力,社会发展的最根本的因素,因素,生产力,AB,抽象,EC,经济,3,抽象→抽象,515,0.8817,,,,,,,0.3527,,0.194,1
xb_02413,棉花,国家的战略物资,物资,棉花,OB,物体,LV,生命,1,具体→具体,1192,1.0,,,,,,,0.4,,0.22,2
xb_02414,国际法,各国进行国际交往的行为准则,准则,国际法,AB,抽象,SC,社会,3,抽象→抽象,515,0.8817,,,,,,,0.3527,,0.194,1
xb_02415,服务青年,共青团工作的生命线,生命线,青年,BD,建筑,SC,社会,2,具体→抽象,221,0.7626,,,,,,,0.3051,,0.1678,1
xb_02416,工会,我们党联系工人阶级的纽带和桥梁,桥梁,工会,OB,物体,SC,社会,2,具体→抽象,1192,1.0,,,,,,,0.4,,0.22,2
xb_02417,党,革命的工具,工具,党,OB,物体,HM,人体,1,具体→具体,1192,1.0,,,,,,,0.4,,0.22,2
xb_02418,进步文艺,人民创造历史的再现,再现,文艺,AB,抽象,AB,抽象,3,抽象→抽象,515,0.8817,,,,,,,0.3527,,0.194,1
xb_02419,关键环节,国家意志,意志,环节,AB,抽象,AB,抽象,3,抽象→抽象,515,0.8817,,,,,,,0.3527,,0.194,1
xb_02420,小城镇,农村政治、经济、文化中心,中心,城镇,SP,空间,OB,物体,2,具体→抽象,203,0.7507,,,,,,,0.3003,,0.1652,1
xb_02421,人,万物之灵,万物之灵,人,BD,建筑,HM,人体,4,抽象→具体,221,0.7626,,,,,,,0.3051,,0.1678,1
xb_02422,法院,国家审判机关,机关,法院,MC,医疗,SC,社会,1,具体→具体,32,0.4936,,,,,,,0.1974,,0.1086,1
xb_02423,农民,广大的消费者,消费者,农民,HM,人体,HM,人体,1,具体→具体,1099,0.9885,,,,,,,0.3954,,0.2175,2
xb_02424,乡镇企业,农民就业和增收的载体,载体,企业,AB,抽象,EC,经济,2,具体→抽象,515,0.8817,,,,,,,0.3527,,0.194,1
xb_02425,电力部门,国民经济基础产业,产业,部门,EC,经济,EC,经济,3,抽象→抽象,129,0.6871,,,,,,,0.2748,,0.1512,1
xb_02426,水利,农业的命脉,命脉,水利,BD,建筑,EC,经济,2,具体→抽象,221,0.7626,,,,,,,0.3051,,0.1678,1
xb_02427,无线电通讯,人类共享的资源,资源,通讯,EC,经济,AB,抽象,2,具体→抽象,129,0.6871,,,,,,,0.2748,,0.1512,1
xb_02428,商河鼓子秧歌,中华民族民间舞蹈艺术的瑰宝,瑰宝,秧歌,OB,物体,HM,人体,1,具体→具体,1192,1.0,,,,,,,0.4,,0.22,2
xb_02429,国家机关干部,国家的宝贵财富,财富,干部,EC,经济,HM,人体,4,抽象→具体,129,0.6871,,,,,,,0.2748,,0.1512,1
xb_02430,政治,统帅,统帅,政治,HM,人体,AB,抽象,2,具体→抽象,1099,0.9885,,,,,,,0.3954,,0.2175,2
xb_02431,土地,农民的命根子,命根子,土地,BD,建筑,NT,自然,1,具体→具体,221,0.7626,,,,,,,0.3051,,0.1678,1
xb_02432,子弟兵,突击队,突击队,子弟兵,WR,战争,HM,人体,1,具体→具体,198,0.7472,,,,,,,0.2989,,0.1644,1
xb_02433,美帝国主义,世界和平的最大威胁,威胁,帝国主义,AB,抽象,SC,社会,3,抽象→抽象,515,0.8817,,,,,,,0.3527,,0.194,1
xb_02434,毛泽东思想,世界人民革命的最强大武器,武器,思想,WR,战争,TH,思维,2,具体→抽象,198,0.7472,,,,,,,0.2989,,0.1644,1
xb_02435,家庭,社会的基本细胞,细胞,家庭,LV,生命,SC,社会,2,具体→抽象,263,0.7871,,,,,,,0.3148,,0.1732,1
xb_02436,美帝国主义,地球上最贪得无厌的东西,东西,帝国主义,OB,物体,SC,社会,2,具体→抽象,1192,1.0,,,,,,,0.4,,0.22,2
xb_02437,木制乐器,洗衣板,洗衣板,乐器,OB,物体,OB,物体,1,具体→具体,1192,1.0,,,,,,,0.4,,0.22,2
xb_02438,我,女叛徒的狗崽子,狗崽子,我,LV,生命,HM,人体,1,具体→具体,263,0.7871,,,,,,,0.3148,,0.1732,1
xb_02439,嫂子,一只蝴蝶,蝴蝶,嫂子,LV,生命,HM,人体,1,具体→具体,263,0.7871,,,,,,,0.3148,,0.1732,1
xb_02440,学费,铁皮炉子和红柳根,根,学费,OB,物体,EC,经济,2,具体→抽象,1192,1.0,,,,,,,0.4,,0.22,2
xb_02441,连长,猛虎,猛虎,连长,LV,生命,HM,人体,1,具体→具体,263,0.7871,,,,,,,0.3148,,0.1732,1
xb_02442,猫,老虎的师父,师父,猫,HM,人体,LV,生命,1,具体→具体,1099,0.9885,,,,,,,0.3954,,0.2175,2
xb_02443,舞女,玫瑰色的蛮婆,蛮婆,舞女,HM,人体,HM,人体,1,具体→具体,1099,0.9885,,,,,,,0.3954,,0.2175,2
xb_02444,庭长夫人,攻不破的堡垒,堡垒,夫人,OB,物体,HM,人体,1,具体→具体,1192,1.0,,,,,,,0.4,,0.22,2
xb_02445,那朵云,暴风雪的先兆,暴风雪,朵云,AB,抽象,NT,自然,4,抽象→具体,515,0.8817,,,,,,,0.3527,,0.194,1
xb_02446,女人,魔鬼,魔鬼,女人,NT,自然,HM,人体,1,具体→具体,184,0.7369,,,,,,,0.2948,,0.1621,1
xb_02447,儿女,花,花,儿女,LV,生命,HM,人体,1,具体→具体,263,0.7871,,,,,,,0.3148,,0.1732,1
xb_02448,老百姓,水,水,老百姓,NT,自然,HM,人体,1,具体→具体,184,0.7369,,,,,,,0.2948,,0.1621,1
xb_02449,钱财,人的血脉,血脉,钱财,BD,建筑,EC,经济,2,具体→抽象,221,0.7626,,,,,,,0.3051,,0.1678,1
xb_02450,奶汁,血,血,奶汁,BD,建筑,BD,建筑,1,具体→具体,221,0.7626,,,,,,,0.3051,,0.1678,1
xb_02451,星星,死去的人变的,人变,星星,HM,人体,NT,自然,1,具体→具体,1099,0.9885,,,,,,,0.3954,,0.2175,2
xb_02452,土司,山中的王者,王者,土司,HM,人体,HM,人体,1,具体→具体,1099,0.9885,,,,,,,0.3954,,0.2175,2
xb_02453,高贵的夫人,死神,死神,夫人,NT,自然,HM,人体,1,具体→具体,184,0.7369,,,,,,,0.2948,,0.1621,1
xb_02454,学问,光明,光明,学问,NT,自然,AB,抽象,2,具体→抽象,184,0.7369,,,,,,,0.2948,,0.1621,1
xb_02455,那点钱,棺材本儿,棺材,钱,OB,物体,EC,经济,2,具体→抽象,1192,1.0,,,,,,,0.4,,0.22,2
xb_02456,山,地的乳头,乳头,山,BD,建筑,NT,自然,1,具体→具体,221,0.7626,,,,,,,0.3051,,0.1678,1
xb_02457,浪,海的乳头,乳头,浪,BD,建筑,NT,自然,1,具体→具体,221,0.7626,,,,,,,0.3051,,0.1678,1
xb_02458,语言,思想的乳头,乳头,语言,BD,建筑,CM,通讯,2,具体→抽象,221,0.7626,,,,,,,0.3051,,0.1678,1
xb_02459,花朵,草木的乳头,乳头,花朵,BD,建筑,LV,生命,1,具体→具体,221,0.7626,,,,,,,0.3051,,0.1678,1
xb_02460,路灯,街道的乳头,乳头,路灯,BD,建筑,OB,物体,1,具体→具体,221,0.7626,,,,,,,0.3051,,0.1678,1
xb_02461,太阳,宇宙的乳头,乳头,太阳,BD,建筑,NT,自然,1,具体→具体,221,0.7626,,,,,,,0.3051,,0.1678,1
xb_02462,我的肠胃,台硬磁盘机,磁盘机,肠胃,MC,医疗,BD,建筑,1,具体→具体,32,0.4936,,,,,,,0.1974,,0.1086,1
xb_02463,我住的地方,牢房,牢房,地方,SP,空间,SP,空间,1,具体→具体,203,0.7507,,,,,,,0.3003,,0.1652,1
xb_02464,金钱,人类社会万恶之源,万恶之源,金钱,AB,抽象,EC,经济,2,具体→抽象,515,0.8817,,,,,,,0.3527,,0.194,1
xb_02465,水利,农业的命,命,水利,LV,生命,EC,经济,2,具体→抽象,263,0.7871,,,,,,,0.3148,,0.1732,1
xb_02466,姻缘,前生注定的,前生注定,姻缘,AB,抽象,AB,抽象,3,抽象→抽象,515,0.8817,,,,,,,0.3527,,0.194,1
xb_02468,我,催化剂,催化剂,我,OB,物体,HM,人体,1,具体→具体,1192,1.0,,,,,,,0.4,,0.22,2
xb_02469,每一个人,它爪下的牺牲物,物,人,OB,物体,SC,社会,1,具体→具体,1192,1.0,,,,,,,0.4,,0.22,2
xb_02470,眼神,他意志的表露,表露,眼神,AB,抽象,AB,抽象,3,抽象→抽象,515,0.8817,,,,,,,0.3527,,0.194,1
xb_02471,笑容,他本性的表露,表露,笑容,AB,抽象,SN,感知,3,抽象→抽象,515,0.8817,,,,,,,0.3527,,0.194,1
xb_02472,位置,古怪地颠倒过来了,颠倒,位置,SP,空间,AB,抽象,2,具体→抽象,203,0.7507,,,,,,,0.3003,,0.1652,1
xb_02473,名誉,他们灵魂里面最切身的,里面,名誉,SP,空间,AB,抽象,2,具体→抽象,203,0.7507,,,,,,,0.3003,,0.1652,1
xb_02474,我,鹦鹉,鹦鹉,我,LV,生命,HM,人体,1,具体→具体,263,0.7871,,,,,,,0.3148,,0.1732,1
xb_02475,小东西,他忠心的奴隶,奴隶,东西,HM,人体,HM,人体,1,具体→具体,1099,0.9885,,,,,,,0.3954,,0.2175,2
xb_02476,命运,谜一般的不可知,谜,命运,AB,抽象,AB,抽象,3,抽象→抽象,515,0.8817,,,,,,,0.3527,,0.194,1
xb_02477,丘比特,个朝三暮四的天神,天神,丘比特,NT,自然,AB,抽象,1,具体→具体,184,0.7369,,,,,,,0.2948,,0.1621,1
xb_02478,电视屏幕,一道道的闪电,闪电,屏幕,NT,自然,OB,物体,1,具体→具体,184,0.7369,,,,,,,0.2948,,0.1621,1
xb_02479,通俗,他人侵凌的通道,通道,通俗,SP,空间,AB,抽象,2,具体→抽象,203,0.7507,,,,,,,0.3003,,0.1652,1
xb_02480,逻辑,后人踩踏的阶梯,阶梯,逻辑,SP,空间,TH,思维,2,具体→抽象,203,0.7507,,,,,,,0.3003,,0.1652,1
xb_02481,读书人,政治和文化之间的骑墙派,骑墙派,读书人,HM,人体,HM,人体,1,具体→具体,1099,0.9885,,,,,,,0.3954,,0.2175,2
xb_02482,回忆,能最好地涂抹出真实的诗歌色彩的画笔,画笔,回忆,OB,物体,AB,抽象,2,具体→抽象,1192,1.0,,,,,,,0.4,,0.22,2
xb_02483,过去的'我',三千年前的业障,业障,',AB,抽象,HM,人体,2,具体→抽象,515,0.8817,,,,,,,0.3527,,0.194,1
xb_02484,我的良心,你,你,良心,HM,人体,AB,抽象,2,具体→抽象,1099,0.9885,,,,,,,0.3954,,0.2175,2
xb_02485,逃出去,由地狱入天堂,天堂,逃出,SP,空间,EV,事件,2,具体→抽象,203,0.7507,,,,,,,0.3003,,0.1652,1
xb_02486,买卖,活的,活的,买卖,LV,生命,EC,经济,2,具体→抽象,263,0.7871,,,,,,,0.3148,,0.1732,1
xb_02487,这,全市的脉搏,脉搏,这,BD,建筑,AB,抽象,2,具体→抽象,221,0.7626,,,,,,,0.3051,,0.1678,1
xb_02488,道法这东西,尽人事听天命,尽人事听天命,东西,HM,人体,AB,抽象,3,抽象→抽象,1099,0.9885,,,,,,,0.3954,,0.2175,2
xb_02489,本意,来看热闹,来看,本意,HM,人体,AB,抽象,2,具体→抽象,1099,0.9885,,,,,,,0.3954,,0.2175,2
xb_02490,你们,兵,兵,你们,HM,人体,HM,人体,1,具体→具体,1099,0.9885,,,,,,,0.3954,,0.2175,2
xb_02491,蓝色,河流,河流,蓝色,NT,自然,SN,感知,2,具体→抽象,184,0.7369,,,,,,,0.2948,,0.1621,1
xb_02492,他,一个侠士领袖,领袖,他,HM,人体,HM,人体,1,具体→具体,1099,0.9885,,,,,,,0.3954,,0.2175,2
xb_02493,你这,严重的政治错误,错误,你这,AB,抽象,EV,事件,3,抽象→抽象,515,0.8817,,,,,,,0.3527,,0.194,1
xb_02494,[它],宠物,宠物,[,LV,生命,HM,人体,1,具体→具体,263,0.7871,,,,,,,0.3148,,0.1732,1
xb_02495,[我/人],披着人皮的怪物,怪物,],OB,物体,HM,人体,1,具体→具体,1192,1.0,,,,,,,0.4,,0.22,2
xb_02496,炮声,大地制造的雷声,雷声,炮声,NT,自然,SN,感知,1,具体→具体,184,0.7369,,,,,,,0.2948,,0.1621,1
xb_02497,这风,个骄傲的家伙,家伙,这风,HM,人体,NT,自然,2,具体→抽象,1099,0.9885,,,,,,,0.3954,,0.2175,2
xb_02498,他的祖父,在与人下棋时劫尽棋亡,棋亡,祖父,SP,空间,LF,光线,2,具体→抽象,203,0.7507,,,,,,,0.3003,,0.1652,1
xb_02499,钱,孩子,孩子,钱,HM,人体,EC,经济,1,具体→具体,1099,0.9885,,,,,,,0.3954,,0.2175,2
xb_02500,艾晚,全厂最漂亮最厉害的姑娘,姑娘,艾晚,HM,人体,HM,人体,1,具体→具体,1099,0.9885,,,,,,,0.3954,,0.2175,2
xb_02501,言语在这年青人口中,一种清新悦耳快乐的调子,调子,人口,SN,感知,AB,抽象,2,具体→抽象,146,0.7044,,,,,,,0.2818,,0.155,1
xb_02502,岚生先生,胖子,胖子,先生,BD,建筑,HM,人体,1,具体→具体,221,0.7626,,,,,,,0.3051,,0.1678,1
xb_02503,特别容易损害她处,那个热爱人生富于幻想忽略实际的性格,性格,处,TH,思维,AB,抽象,3,抽象→抽象,101,0.6529,,,,,,,0.2611,,0.1436,1
xb_02504,我,千羊族长的后裔,后裔,我,HM,人体,HM,人体,1,具体→具体,1099,0.9885,,,,,,,0.3954,,0.2175,2
xb_02505,煮饭做菜,下河抬石头,石头,做菜,HM,人体,EV,事件,1,具体→具体,1099,0.9885,,,,,,,0.3954,,0.2175,2
xb_02506,师傅,老虎,老虎,师傅,LV,生命,HM,人体,1,具体→具体,263,0.7871,,,,,,,0.3148,,0.1732,1
xb_02507,花灿你这样欺人,丑事,丑事,花灿,MR,机器,EV,事件,3,抽象→抽象,123,0.6804,,,,,,,0.2722,,0.1497,1
xb_02508,这妇人,妓女出身,妓女,妇人,HM,人体,HM,人体,1,具体→具体,1099,0.9885,,,,,,,0.3954,,0.2175,2
xb_02509,这里的月亮,小说的意境,意境,月亮,AB,抽象,NT,自然,4,抽象→具体,515,0.8817,,,,,,,0.3527,,0.194,1
xb_02510,阿丽思小姐,一个可爱的好人,好人,小姐,HM,人体,HM,人体,1,具体→具体,1099,0.9885,,,,,,,0.3954,,0.2175,2
xb_02511,这种人生,螺丝壳里的,螺丝壳,人生,SP,空间,LF,光线,2,具体→抽象,203,0.7507,,,,,,,0.3003,,0.1652,1
xb_02512,对于政治,边缘人,人,政治,HM,人体,HM,人体,2,具体→抽象,1099,0.9885,,,,,,,0.3954,,0.2175,2
xb_02513,这一天天的日子,一餐餐的饭,饭,日子,FD,食物,TM,时间,2,具体→抽象,46,0.5435,,,,,,,0.2174,,0.1196,1
xb_02514,这,人生的精华,精华,这,AB,抽象,AB,抽象,4,抽象→具体,515,0.8817,,,,,,,0.3527,,0.194,1
xb_02515,它,真事,真事,它,EV,事件,AB,抽象,4,抽象→具体,121,0.6781,,,,,,,0.2713,,0.1492,1
xb_02516,那电梯,废品,废品,电梯,OB,物体,OB,物体,1,具体→具体,1192,1.0,,,,,,,0.4,,0.22,2
xb_02517,知识分子,社会的精英,精英,知识分子,HM,人体,HM,人体,1,具体→具体,1099,0.9885,,,,,,,0.3954,,0.2175,2
xb_02518,他,个正直善良的好人,好人,他,HM,人体,HM,人体,1,具体→具体,1099,0.9885,,,,,,,0.3954,,0.2175,2
xb_02519,那,他的污点,污点,那,MR,机器,AB,抽象,3,抽象→抽象,123,0.6804,,,,,,,0.2722,,0.1497,1
xb_02520,种悲惨处境,不兼容的,兼容,处境,AB,抽象,ST,结构,3,抽象→抽象,515,0.8817,,,,,,,0.3527,,0.194,1
xb_02521,您老人家,老公安,公安,老人家,HM,人体,HM,人体,1,具体→具体,1099,0.9885,,,,,,,0.3954,,0.2175,2
xb_02522,真正的诗人,捣蛋鬼,鬼,诗人,HM,人体,HM,人体,1,具体→具体,1099,0.9885,,,,,,,0.3954,,0.2175,2
xb_02523,而这一切,我的主意,主意,这一切,TH,思维,AB,抽象,3,抽象→抽象,101,0.6529,,,,,,,0.2611,,0.1436,1
xb_02524,修整自己的家,人们的天性,天性,家,TH,思维,EV,事件,4,抽象→具体,101,0.6529,,,,,,,0.2611,,0.1436,1
xb_02525,这个黑胖子,虬髯公,公,黑胖子,HM,人体,HM,人体,1,具体→具体,1099,0.9885,,,,,,,0.3954,,0.2175,2
xb_02526,人,世界上最好的东西,东西,人,OB,物体,HM,人体,1,具体→具体,1192,1.0,,,,,,,0.4,,0.22,2
xb_02527,严肃文学,一种游戏,游戏,文学,HM,人体,AB,抽象,2,具体→抽象,1099,0.9885,,,,,,,0.3954,,0.2175,2
xb_02528,渎神,罪名,罪名,渎神,AB,抽象,EV,事件,3,抽象→抽象,515,0.8817,,,,,,,0.3527,,0.194,1
xb_02529,他,在装骚鞑子,装骚,他,HM,人体,HM,人体,1,具体→具体,1099,0.9885,,,,,,,0.3954,,0.2175,2
xb_02530,这,一种简单的逻辑,逻辑,这,TH,思维,AB,抽象,3,抽象→抽象,101,0.6529,,,,,,,0.2611,,0.1436,1
xb_02531,人有兄长,好的,好的,兄长,MR,机器,ST,结构,3,抽象→抽象,123,0.6804,,,,,,,0.2722,,0.1497,1
xb_02532,这种价值判断,颂扬的工具，也是杀戮的工具,工具,判断,OB,物体,AB,抽象,2,具体→抽象,1192,1.0,,,,,,,0.4,,0.22,2
xb_02533,地主的儿子,地主,地主,儿子,HM,人体,HM,人体,1,具体→具体,1099,0.9885,,,,,,,0.3954,,0.2175,2
xb_02534,细高挑,种极美丽的身材,身材,高挑,BD,建筑,BD,建筑,1,具体→具体,221,0.7626,,,,,,,0.3051,,0.1678,1
xb_02535,宋明理学,例子,例子,理学,AB,抽象,TH,思维,3,抽象→抽象,515,0.8817,,,,,,,0.3527,,0.194,1
xb_02536,学生,穷人中最趾高气扬的一种,穷人,学生,HM,人体,HM,人体,1,具体→具体,1099,0.9885,,,,,,,0.3954,,0.2175,2
xb_02537,职业,绅士,绅士,职业,HM,人体,AB,抽象,2,具体→抽象,1099,0.9885,,,,,,,0.3954,,0.2175,2
xb_02538,说一个人是学院派,一种赞誉,赞誉,学院派,AB,抽象,EV,事件,3,抽象→抽象,515,0.8817,,,,,,,0.3527,,0.194,1
xb_02539,干什么,乱七八糟,乱七八糟,干什么,ST,结构,EV,事件,3,抽象→抽象,990,0.9738,,,,,,,0.3895,,0.2142,2
xb_02540,这个例子,要说明,说明,例子,HM,人体,AB,抽象,3,抽象→抽象,1099,0.9885,,,,,,,0.3954,,0.2175,2
xb_02541,政治,经济的集中表现,表现,政治,EC,经济,SC,社会,3,抽象→抽象,129,0.6871,,,,,,,0.2748,,0.1512,1
xb_02542,杭州,佛地,佛地,杭州,SP,空间,SP,空间,1,具体→具体,203,0.7507,,,,,,,0.3003,,0.1652,1
xb_02543,好人打好人,误会,误会,打好人,TH,思维,EV,事件,3,抽象→抽象,101,0.6529,,,,,,,0.2611,,0.1436,1
xb_02544,坏人打好人,好人光荣,好人,好人,MR,机器,EV,事件,3,抽象→抽象,123,0.6804,,,,,,,0.2722,,0.1497,1
xb_02545,好人打坏人,活该,活该,人,MR,机器,EV,事件,3,抽象→抽象,123,0.6804,,,,,,,0.2722,,0.1497,1
xb_02546,冯老师,第一个吃螃蟹的人,人,冯,HM,人体,HM,人体,1,具体→具体,1099,0.9885,,,,,,,0.3954,,0.2175,2
xb_02547,我,站在巨人的肩膀上,站在,我,SP,空间,HM,人体,1,具体→具体,203,0.7507,,,,,,,0.3003,,0.1652,1
xb_02548,人生,那么回事,事,人生,AB,抽象,LF,光线,3,抽象→抽象,515,0.8817,,,,,,,0.3527,,0.194,1
xb_02549,这坏点子,于观出的,观出,点子,HM,人体,TH,思维,3,抽象→抽象,1099,0.9885,,,,,,,0.3954,,0.2175,2
xb_02550,我们的祖国,花园,花园,祖国,SP,空间,SC,社会,2,具体→抽象,203,0.7507,,,,,,,0.3003,,0.1652,1
xb_02551,好的家庭,天堂,天堂,家庭,SP,空间,SC,社会,2,具体→抽象,203,0.7507,,,,,,,0.3003,,0.1652,1
xb_02552,坏的家庭,地狱,地狱,家庭,SP,空间,SC,社会,2,具体→抽象,203,0.7507,,,,,,,0.3003,,0.1652,1
xb_02553,我们俄罗斯的姑娘,世界上最漂亮的姑娘,姑娘,姑娘,HM,人体,HM,人体,1,具体→具体,1099,0.9885,,,,,,,0.3954,,0.2175,2
xb_02554,郭轸,空军的遗族,遗族,郭轸,HM,人体,HM,人体,1,具体→具体,1099,0.9885,,,,,,,0.3954,,0.2175,2
xb_02555,她们两人,九天妖女白虎星转世,转世,人,HM,人体,HM,人体,1,具体→具体,1099,0.9885,,,,,,,0.3954,,0.2175,2
xb_02556,腕子,又粗又有力气,力气,腕子,ST,结构,BD,建筑,4,抽象→具体,990,0.9738,,,,,,,0.3895,,0.2142,2
xb_02557,游戏,英国教育中最重要的一部,教育,游戏,AB,抽象,HM,人体,4,抽象→具体,515,0.8817,,,,,,,0.3527,,0.194,1
xb_02558,她,最好的妈妈,妈妈,她,HM,人体,HM,人体,1,具体→具体,1099,0.9885,,,,,,,0.3954,,0.2175,2
xb_02559,这,我的坟墓,坟墓,这,OB,物体,AB,抽象,2,具体→抽象,1192,1.0,,,,,,,0.4,,0.22,2
xb_02560,家,他的堡垒,堡垒,家,OB,物体,SC,社会,2,具体→抽象,1192,1.0,,,,,,,0.4,,0.22,2
xb_02561,李空山,祸首,祸首,李空山,HM,人体,HM,人体,1,具体→具体,1099,0.9885,,,,,,,0.3954,,0.2175,2
xb_02562,我的嘴,我的机关枪,机关枪,嘴,WR,战争,BD,建筑,1,具体→具体,198,0.7472,,,,,,,0.2989,,0.1644,1
xb_02563,北平人,爱看热闹的,爱,北平人,HM,人体,HM,人体,1,具体→具体,1099,0.9885,,,,,,,0.3954,,0.2175,2
xb_02564,那点白面,宝贝,宝贝,白面,OB,物体,FD,食物,1,具体→具体,1192,1.0,,,,,,,0.4,,0.22,2
xb_02565,这些怪物,巡警中的盐,盐,怪物,OB,物体,HM,人体,1,具体→具体,1192,1.0,,,,,,,0.4,,0.22,2
xb_02566,留学生,学问有余，而办事的能力不足,能力,留学生,ST,结构,HM,人体,4,抽象→具体,990,0.9738,,,,,,,0.3895,,0.2142,2
xb_02567,我的希望,初月的光,光,希望,NT,自然,EM,情感,2,具体→抽象,184,0.7369,,,,,,,0.2948,,0.1621,1
xb_02568,儿子,傻子,傻子,儿子,HM,人体,HM,人体,1,具体→具体,1099,0.9885,,,,,,,0.3954,,0.2175,2
xb_02569,毛毛虫,大学毕业,大学,毛毛虫,HM,人体,HM,人体,4,抽象→具体,1099,0.9885,,,,,,,0.3954,,0.2175,2
xb_02570,姑母,爆竹脾气,脾气,姑母,TH,思维,HM,人体,4,抽象→具体,101,0.6529,,,,,,,0.2611,,0.1436,1
xb_02571,女子,头脑简单的动物,动物,女子,LV,生命,HM,人体,1,具体→具体,263,0.7871,,,,,,,0.3148,,0.1732,1
xb_02572,少爷,废物,废物,少爷,OB,物体,HM,人体,1,具体→具体,1192,1.0,,,,,,,0.4,,0.22,2
xb_02573,这位乳娘,鬼中之一,之一,乳娘,HM,人体,HM,人体,1,具体→具体,1099,0.9885,,,,,,,0.3954,,0.2175,2
xb_02574,我们此处的风潮,另有风味的,风味,风潮,ST,结构,EV,事件,3,抽象→抽象,990,0.9738,,,,,,,0.3895,,0.2142,2
xb_02575,那,饮鸩止渴,饮鸩止渴,那,HM,人体,AB,抽象,2,具体→抽象,1099,0.9885,,,,,,,0.3954,,0.2175,2
xb_02576,小鸡,命,命,小鸡,LV,生命,LV,生命,4,抽象→具体,263,0.7871,,,,,,,0.3148,,0.1732,1
xb_02577,咱们,被钱管着的万物之灵,万物之灵,咱们,HM,人体,HM,人体,1,具体→具体,1099,0.9885,,,,,,,0.3954,,0.2175,2
xb_02578,历史,伟人的历史,历史,历史,TM,时间,AB,抽象,3,抽象→抽象,40,0.5242,,,,,,,0.2097,,0.1153,1
xb_02579,大清国,皇上的,皇上,大清国,HM,人体,SC,社会,2,具体→抽象,1099,0.9885,,,,,,,0.3954,,0.2175,2
xb_02580,第一,无论春夏秋冬闰月不准学生开教室的窗户,窗户,第一,HM,人体,AB,抽象,2,具体→抽象,1099,0.9885,,,,,,,0.3954,,0.2175,2
xb_02581,所谓好汉,胳膊粗，力气大，蛮不讲理,力气,好汉,ST,结构,HM,人体,1,具体→具体,990,0.9738,,,,,,,0.3895,,0.2142,2
xb_02582,朋友；事情,朋友；事情,事情,事情,HM,人体,TH,思维,2,具体→抽象,1099,0.9885,,,,,,,0.3954,,0.2175,2
xb_02583,命,钉,钉,命,OB,物体,LV,生命,2,具体→抽象,1192,1.0,,,,,,,0.4,,0.22,2
xb_02584,皮肤黑了,成绩,成绩,皮肤,AB,抽象,ST,结构,4,抽象→具体,515,0.8817,,,,,,,0.3527,,0.194,1
xb_02585,自己,疯了,疯了,自己,TH,思维,HM,人体,4,抽象→具体,101,0.6529,,,,,,,0.2611,,0.1436,1
xb_02586,这,你的金蛋,金蛋,这,OB,物体,AB,抽象,2,具体→抽象,1192,1.0,,,,,,,0.4,,0.22,2
xb_02587,"""地母""的语言",蟠桃的芽,芽,语言,LV,生命,CM,通讯,1,具体→具体,263,0.7871,,,,,,,0.3148,,0.1732,1
xb_02588,人世,春天,春天,人世,TM,时间,SC,社会,2,具体→抽象,40,0.5242,,,,,,,0.2097,,0.1153,1
xb_02589,我们的爱情,建筑在彼此的思想，工作，以及人格上,工作,爱情,OB,物体,EM,情感,2,具体→抽象,1192,1.0,,,,,,,0.4,,0.22,2
xb_02590,父亲,穷人,穷人,父亲,HM,人体,HM,人体,1,具体→具体,1099,0.9885,,,,,,,0.3954,,0.2175,2
xb_02591,城市,令人窒息的混凝土、钢铁、玻璃的坟墓,坟墓,城市,OB,物体,SP,空间,2,具体→抽象,1192,1.0,,,,,,,0.4,,0.22,2
xb_02592,我妻子,美德的园地,园地,妻子,SP,空间,HM,人体,1,具体→具体,203,0.7507,,,,,,,0.3003,,0.1652,1
xb_02593,女人的儿子,男人的影子,影子,儿子,NT,自然,HM,人体,1,具体→具体,184,0.7369,,,,,,,0.2948,,0.1621,1
xb_02594,这口井,赌场,赌场,井,SP,空间,OB,物体,1,具体→具体,203,0.7507,,,,,,,0.3003,,0.1652,1
xb_02595,摩格尔的灵魂,面包,面包,灵魂,FD,食物,EM,情感,2,具体→抽象,46,0.5435,,,,,,,0.2174,,0.1196,1
xb_02596,中国的艺术,太阳神的艺术,艺术,艺术,AB,抽象,AB,抽象,3,抽象→抽象,515,0.8817,,,,,,,0.3527,,0.194,1
xb_02597,艺术家,国家的财富,财富,艺术家,EC,经济,HM,人体,4,抽象→具体,129,0.6871,,,,,,,0.2748,,0.1512,1
xb_02598,卡斯特利奥的葬礼,道德的胜利,胜利,葬礼,MR,机器,EV,事件,4,抽象→具体,123,0.6804,,,,,,,0.2722,,0.1497,1
xb_02599,文章,小道,小道,文章,TR,交通,AB,抽象,2,具体→抽象,41,0.5276,,,,,,,0.211,,0.1161,1
xb_02600,灾难,晦光四射的,晦光,灾难,SN,感知,EV,事件,3,抽象→抽象,146,0.7044,,,,,,,0.2818,,0.155,1
xb_02601,在愚昧无知的人面前讨论医术,对牛弹琴,对牛弹琴,医术,HM,人体,EV,事件,2,具体→抽象,1099,0.9885,,,,,,,0.3954,,0.2175,2
xb_02602,国王,世间的上帝,上帝,国王,HM,人体,HM,人体,1,具体→具体,1099,0.9885,,,,,,,0.3954,,0.2175,2
xb_02603,欲望,囚徒的头号敌人,敌人,欲望,HM,人体,EM,情感,2,具体→抽象,1099,0.9885,,,,,,,0.3954,,0.2175,2
xb_02604,拥有这本书,最大的罪过,罪过,本书,MR,机器,EV,事件,3,抽象→抽象,123,0.6804,,,,,,,0.2722,,0.1497,1
xb_02605,吃,愚蠢的,愚蠢,吃,TH,思维,EV,事件,4,抽象→具体,101,0.6529,,,,,,,0.2611,,0.1436,1
xb_02606,生命,梦,梦,生命,TH,思维,LF,光线,2,具体→抽象,101,0.6529,,,,,,,0.2611,,0.1436,1
xb_02607,年轻,可爱的,可爱,年轻,MR,机器,ST,结构,3,抽象→抽象,123,0.6804,,,,,,,0.2722,,0.1497,1
xb_02608,财富,命运的包袱,包袱,财富,OB,物体,EC,经济,2,具体→抽象,1192,1.0,,,,,,,0.4,,0.22,2
xb_02609,真理,财产,财产,真理,EC,经济,TH,思维,3,抽象→抽象,129,0.6871,,,,,,,0.2748,,0.1512,1
xb_02610,音乐,慰藉,慰藉,音乐,EM,情感,AB,抽象,3,抽象→抽象,134,0.6924,,,,,,,0.277,,0.1523,1
xb_02611,男人,利益和野心的动物,动物,男人,LV,生命,HM,人体,1,具体→具体,263,0.7871,,,,,,,0.3148,,0.1732,1
xb_02612,楚歌,雨,雨,楚歌,NT,自然,SN,感知,2,具体→抽象,184,0.7369,,,,,,,0.2948,,0.1621,1
xb_02613,白日,烟,烟,白日,OB,物体,NT,自然,2,具体→抽象,1192,1.0,,,,,,,0.4,,0.22,2
xb_02614,灵魂,统治者,统治者,灵魂,HM,人体,AB,抽象,2,具体→抽象,1099,0.9885,,,,,,,0.3954,,0.2175,2
xb_02615,投机奸商,吸血鬼,吸血鬼,投机,HM,人体,HM,人体,1,具体→具体,1099,0.9885,,,,,,,0.3954,,0.2175,2
xb_02616,海洋,宝库,宝库,海洋,OB,物体,NT,自然,1,具体→具体,1192,1.0,,,,,,,0.4,,0.22,2
xb_02617,作品,生命,生命,作品,LV,生命,AB,抽象,2,具体→抽象,263,0.7871,,,,,,,0.3148,,0.1732,1
xb_02618,人,铁,铁,人,OB,物体,HM,人体,1,具体→具体,1192,1.0,,,,,,,0.4,,0.22,2
xb_02619,算命的人,江湖,江湖,人,SC,社会,HM,人体,1,具体→具体,81,0.622,,,,,,,0.2488,,0.1369,1
xb_02620,强权,公理,公理,强权,TH,思维,AB,抽象,3,抽象→抽象,101,0.6529,,,,,,,0.2611,,0.1436,1
xb_02621,全身,宝,宝,全身,OB,物体,BD,建筑,1,具体→具体,1192,1.0,,,,,,,0.4,,0.22,2
xb_02622,二太太,狐狸精,精,太太,HM,人体,HM,人体,1,具体→具体,1099,0.9885,,,,,,,0.3954,,0.2175,2
xb_02623,神枪手,用子弹喂出来的,子弹,神枪手,HM,人体,HM,人体,1,具体→具体,1099,0.9885,,,,,,,0.3954,,0.2175,2
xb_02624,天下,洋人的,洋人,天下,HM,人体,SC,社会,3,抽象→抽象,1099,0.9885,,,,,,,0.3954,,0.2175,2
xb_02629,爱情,罪过,罪过,爱情,MR,机器,EM,情感,3,抽象→抽象,123,0.6804,,,,,,,0.2722,,0.1497,1
xb_02630,原子弹,罪恶,罪恶,原子弹,MR,机器,OB,物体,4,抽象→具体,123,0.6804,,,,,,,0.2722,,0.1497,1
xb_02631,画家,艺术的向导者,向导者,画家,HM,人体,HM,人体,1,具体→具体,1099,0.9885,,,,,,,0.3954,,0.2175,2
xb_02632,人间正道,沧桑,沧桑,正道,TM,时间,AB,抽象,3,抽象→抽象,40,0.5242,,,,,,,0.2097,,0.1153,1
xb_02633,我唯一的敌人,仪表板上的时钟,时钟,敌人,OB,物体,AB,抽象,2,具体→抽象,1192,1.0,,,,,,,0.4,,0.22,2
xb_02634,人,万物的尺度,尺度,人,AB,抽象,HM,人体,4,抽象→具体,515,0.8817,,,,,,,0.3527,,0.194,1
xb_02637,苹果,水果中的贵族,贵族,苹果,HM,人体,FD,食物,1,具体→具体,1099,0.9885,,,,,,,0.3954,,0.2175,2
xb_02638,喇叭花,女性生殖器的象征,象征,喇叭,AB,抽象,LV,生命,2,具体→抽象,515,0.8817,,,,,,,0.3527,,0.194,1
xb_02639,国家,法律用暴力书写的实体,实体,国家,AB,抽象,SC,社会,2,具体→抽象,515,0.8817,,,,,,,0.3527,,0.194,1
xb_02640,坟墓,家园,家园,坟墓,SP,空间,OB,物体,1,具体→具体,203,0.7507,,,,,,,0.3003,,0.1652,1
xb_02641,宗教,共同的祖国,祖国,宗教,SC,社会,AB,抽象,3,抽象→抽象,81,0.622,,,,,,,0.2488,,0.1369,1
xb_02642,未来的世界,银子的,银子,世界,EC,经济,SC,社会,3,抽象→抽象,129,0.6871,,,,,,,0.2748,,0.1512,1
xb_02643,爸爸,魔鬼,魔鬼,爸爸,HM,人体,HM,人体,1,具体→具体,1099,0.9885,,,,,,,0.3954,,0.2175,2
xb_02644,想象力,人类自身,人类,想象力,HM,人体,TH,思维,2,具体→抽象,1099,0.9885,,,,,,,0.3954,,0.2175,2
xb_02645,废墟,归宿,归宿,废墟,SP,空间,OB,物体,4,抽象→具体,203,0.7507,,,,,,,0.3003,,0.1652,1
xb_02646,灵魂,运动的源泉,源泉,灵魂,NT,自然,AB,抽象,2,具体→抽象,184,0.7369,,,,,,,0.2948,,0.1621,1
xb_02647,酒,耶和华的血液,血液,酒,BD,建筑,FD,食物,1,具体→具体,221,0.7626,,,,,,,0.3051,,0.1678,1
xb_02648,爱情,上帝赐予的礼物,礼物,爱情,OB,物体,EM,情感,2,具体→抽象,1192,1.0,,,,,,,0.4,,0.22,2
xb_02649,界岭的雪,世界上最纯洁的,世界,雪,MR,机器,NT,自然,4,抽象→具体,123,0.6804,,,,,,,0.2722,,0.1497,1
xb_02650,婚姻,终身大事,终身大事,婚姻,EV,事件,SC,社会,3,抽象→抽象,121,0.6781,,,,,,,0.2713,,0.1492,1
xb_02651,这些红圈,铁肺,铁肺,红圈,MC,医疗,OB,物体,1,具体→具体,32,0.4936,,,,,,,0.1974,,0.1086,1
xb_02652,你的心,铁打冰铸的,的,心,OB,物体,BD,建筑,2,具体→抽象,1192,1.0,,,,,,,0.4,,0.22,2
xb_02653,钱,人世间最脏的东西,东西,钱,OB,物体,EC,经济,1,具体→具体,1192,1.0,,,,,,,0.4,,0.22,2
xb_02654,魔鬼,上帝的黑夜,黑夜,魔鬼,TM,时间,HM,人体,1,具体→具体,40,0.5242,,,,,,,0.2097,,0.1153,1
xb_02655,权力,集体的,集体,权力,SC,社会,AB,抽象,3,抽象→抽象,81,0.622,,,,,,,0.2488,,0.1369,1
xb_02656,声誉,爱情,爱情,声誉,EM,情感,AB,抽象,3,抽象→抽象,134,0.6924,,,,,,,0.277,,0.1523,1
xb_02657,床,女人的地盘,地盘,床,SP,空间,OB,物体,1,具体→具体,203,0.7507,,,,,,,0.3003,,0.1652,1
xb_02658,废墟,课本,课本,废墟,OB,物体,OB,物体,1,具体→具体,1192,1.0,,,,,,,0.4,,0.22,2
xb_02659,财富,人类思想力的结晶,结晶,财富,OB,物体,EC,经济,2,具体→抽象,1192,1.0,,,,,,,0.4,,0.22,2
xb_02660,学问,光明,光明,学问,SN,感知,TH,思维,2,具体→抽象,146,0.7044,,,,,,,0.2818,,0.155,1
xb_02661,家,炊具、棒针、拖把和四堵挡风的墙,墙,家,OB,物体,SC,社会,2,具体→抽象,1192,1.0,,,,,,,0.4,,0.22,2
xb_02662,小的,国家养的一条狗,狗,小的,LV,生命,HM,人体,1,具体→具体,263,0.7871,,,,,,,0.3148,,0.1732,1
xb_02663,山,地的乳头,乳头,山,BD,建筑,NT,自然,1,具体→具体,221,0.7626,,,,,,,0.3051,,0.1678,1
xb_02664,酒,梦的母亲,母亲,酒,HM,人体,FD,食物,1,具体→具体,1099,0.9885,,,,,,,0.3954,,0.2175,2
xb_02665,酒,国家机器的润滑剂,润滑剂,酒,OB,物体,FD,食物,1,具体→具体,1192,1.0,,,,,,,0.4,,0.22,2
xb_02666,孩子,家中的客人,客人,孩子,HM,人体,HM,人体,1,具体→具体,1099,0.9885,,,,,,,0.3954,,0.2175,2
xb_02667,学问,光明,光明,学问,SN,感知,TH,思维,2,具体→抽象,146,0.7044,,,,,,,0.2818,,0.155,1
xb_02668,文学,流亡者的巨大医院,医院,文学,MC,医疗,AB,抽象,2,具体→抽象,32,0.4936,,,,,,,0.1974,,0.1086,1
xb_02669,女孩,麻雀,麻雀,女孩,LV,生命,HM,人体,1,具体→具体,263,0.7871,,,,,,,0.3148,,0.1732,1
xb_02670,美,真理的光,光,美,SN,感知,AB,抽象,2,具体→抽象,146,0.7044,,,,,,,0.2818,,0.155,1
xb_02671,游泳池,惟一的避难所,避难所,游泳池,SP,空间,SP,空间,1,具体→具体,203,0.7507,,,,,,,0.3003,,0.1652,1
xb_02672,女人,魔鬼的器皿,器皿,女人,OB,物体,HM,人体,1,具体→具体,1192,1.0,,,,,,,0.4,,0.22,2
xb_02673,食道,橡胶管做的,橡胶,食道,OB,物体,BD,建筑,1,具体→具体,1192,1.0,,,,,,,0.4,,0.22,2
xb_02674,有学问的人,瞎子,瞎子,人,HM,人体,HM,人体,1,具体→具体,1099,0.9885,,,,,,,0.3954,,0.2175,2
xb_02675,夜雨,行旅的大敌,大敌,夜雨,HM,人体,NT,自然,1,具体→具体,1099,0.9885,,,,,,,0.3954,,0.2175,2
xb_02676,天鹅,美的主人,主人,天鹅,HM,人体,LV,生命,1,具体→具体,1099,0.9885,,,,,,,0.3954,,0.2175,2
xb_02677,银钱,催命鬼,鬼,银钱,HM,人体,EC,经济,1,具体→具体,1099,0.9885,,,,,,,0.3954,,0.2175,2
xb_02678,中国物理,阴阳,阴阳,物理,TH,思维,AB,抽象,3,抽象→抽象,101,0.6529,,,,,,,0.2611,,0.1436,1
xb_02679,名节,妇人最大的遗产,遗产,名节,EC,经济,MR,机器,3,抽象→抽象,129,0.6871,,,,,,,0.2748,,0.1512,1
xb_02680,人,动物的神,神,人,HM,人体,HM,人体,1,具体→具体,1099,0.9885,,,,,,,0.3954,,0.2175,2
xb_02681,身躯,肉体海绵,海绵,身躯,OB,物体,BD,建筑,1,具体→具体,1192,1.0,,,,,,,0.4,,0.22,2
xb_02682,圣餐,教会的午饭,午饭,圣餐,FD,食物,FD,食物,2,具体→抽象,46,0.5435,,,,,,,0.2174,,0.1196,1
xb_02683,肉欲,艺术的酵母,酵母,肉欲,OB,物体,EM,情感,2,具体→抽象,1192,1.0,,,,,,,0.4,,0.22,2
xb_02684,白杨树,啄木鸟的作坊,作坊,白杨树,SP,空间,LV,生命,1,具体→具体,203,0.7507,,,,,,,0.3003,,0.1652,1
xb_02685,爱情,罪恶,罪恶,爱情,MR,机器,EM,情感,3,抽象→抽象,123,0.6804,,,,,,,0.2722,,0.1497,1
xb_02686,人,鱼,鱼,人,LV,生命,HM,人体,1,具体→具体,263,0.7871,,,,,,,0.3148,,0.1732,1
xb_02687,水,万物之源,源,水,NT,自然,NT,自然,4,抽象→具体,184,0.7369,,,,,,,0.2948,,0.1621,1
xb_02688,眼睛,灵魂的窗户,窗户,眼睛,OB,物体,BD,建筑,2,具体→抽象,1192,1.0,,,,,,,0.4,,0.22,2
xb_02689,爱情,人生的根本,根本,爱情,AB,抽象,EM,情感,3,抽象→抽象,515,0.8817,,,,,,,0.3527,,0.194,1
xb_02690,男人,马,马,男人,LV,生命,HM,人体,1,具体→具体,263,0.7871,,,,,,,0.3148,,0.1732,1
xb_02691,文字,糟粕之糟粕,糟粕,文字,OB,物体,AB,抽象,2,具体→抽象,1192,1.0,,,,,,,0.4,,0.22,2
xb_02692,麦子,金发女神塞蕾丝馈赠给人们的丰厚礼物,礼物,麦子,OB,物体,FD,食物,1,具体→具体,1192,1.0,,,,,,,0.4,,0.22,2
xb_02693,梦想,女人最重要的消费品,消费品,梦想,OB,物体,TH,思维,2,具体→抽象,1192,1.0,,,,,,,0.4,,0.22,2
xb_02694,帝国主义,资本主义的最高阶段,阶段,帝国主义,AB,抽象,SC,社会,3,抽象→抽象,515,0.8817,,,,,,,0.3527,,0.194,1
xb_02695,魔鬼,荣誉职位,职位,魔鬼,SC,社会,HM,人体,4,抽象→具体,81,0.622,,,,,,,0.2488,,0.1369,1
xb_02696,钱,大水淌来的,淌来,钱,NT,自然,EC,经济,1,具体→具体,184,0.7369,,,,,,,0.2948,,0.1621,1
xb_02697,眼泪,气泡,气泡,眼泪,OB,物体,BD,建筑,1,具体→具体,1192,1.0,,,,,,,0.4,,0.22,2
xb_02698,水泥和饥饿天使,同谋犯,同谋犯,天使,HM,人体,AB,抽象,2,具体→抽象,1099,0.9885,,,,,,,0.3954,,0.2175,2
xb_02699,力气,越用越多,用,力气,ST,结构,FC,力量,3,抽象→抽象,990,0.9738,,,,,,,0.3895,,0.2142,2
xb_02700,性冲动,强大的,强大,性冲动,ST,结构,EM,情感,3,抽象→抽象,990,0.9738,,,,,,,0.3895,,0.2142,2
xb_02701,老三,英雄,英雄,老三,HM,人体,HM,人体,1,具体→具体,1099,0.9885,,,,,,,0.3954,,0.2175,2
xb_02702,女人,魔鬼的器皿,器皿,女人,OB,物体,HM,人体,1,具体→具体,1192,1.0,,,,,,,0.4,,0.22,2
xb_02703,风,最坏的东西,东西,风,AB,抽象,NT,自然,1,具体→具体,515,0.8817,,,,,,,0.3527,,0.194,1
xb_02704,眼睛,心灵的窗户,窗户,眼睛,OB,物体,BD,建筑,1,具体→具体,1192,1.0,,,,,,,0.4,,0.22,2
xb_02705,时间,最好的医生,医生,时间,HM,人体,TM,时间,2,具体→抽象,1099,0.9885,,,,,,,0.3954,,0.2175,2
xb_02706,生活,一场马拉松,马拉松,生活,EV,事件,LF,光线,2,具体→抽象,121,0.6781,,,,,,,0.2713,,0.1492,1
xb_02707,心灵的血液,透明的,透明,血液,ST,结构,EM,情感,4,抽象→具体,990,0.9738,,,,,,,0.3895,,0.2142,2
xb_02708,人生,伟大的,伟大,人生,ST,结构,LF,光线,3,抽象→抽象,990,0.9738,,,,,,,0.3895,,0.2142,2
xb_02709,儿童,大树的幼芽,幼芽,儿童,LV,生命,HM,人体,1,具体→具体,263,0.7871,,,,,,,0.3148,,0.1732,1
xb_02710,前途,光明的,光明,前途,ST,结构,AB,抽象,3,抽象→抽象,990,0.9738,,,,,,,0.3895,,0.2142,2
xb_02711,人民的力量,伟大的,伟大,力量,ST,结构,AB,抽象,3,抽象→抽象,990,0.9738,,,,,,,0.3895,,0.2142,2
xb_02712,友情,最好的药物,药物,友情,OB,物体,EM,情感,2,具体→抽象,1192,1.0,,,,,,,0.4,,0.22,2
xb_02713,蜗牛的身体，和我们的感情,一样的,的,感情,BD,建筑,EM,情感,3,抽象→抽象,221,0.7626,,,,,,,0.3051,,0.1678,1
xb_02714,新文学,活的文学,文学,新文学,LV,生命,AB,抽象,3,抽象→抽象,263,0.7871,,,,,,,0.3148,,0.1732,1
xb_02715,海,动的,动的,海,ST,结构,NT,自然,4,抽象→具体,990,0.9738,,,,,,,0.3895,,0.2142,2
xb_02716,生命,黑暗的,黑暗,生命,ST,结构,AB,抽象,3,抽象→抽象,990,0.9738,,,,,,,0.3895,,0.2142,2
xb_02717,祖国,可爱的,可爱,祖国,ST,结构,AB,抽象,2,具体→抽象,990,0.9738,,,,,,,0.3895,,0.2142,2
xb_02718,文章,客观事物的反映,反映,文章,AB,抽象,CM,通讯,2,具体→抽象,515,0.8817,,,,,,,0.3527,,0.194,1
xb_02719,我们,两种人,人,我们,HM,人体,HM,人体,1,具体→具体,1099,0.9885,,,,,,,0.3954,,0.2175,2
xb_02720,友谊,永久的安慰,安慰,友谊,HM,人体,EM,情感,3,抽象→抽象,1099,0.9885,,,,,,,0.3954,,0.2175,2
xb_02721,前驱者,寂寞的,寂寞,前驱者,EM,情感,HM,人体,4,抽象→具体,134,0.6924,,,,,,,0.277,,0.1523,1
xb_02722,世界,一个梦,梦,世界,TH,思维,AB,抽象,3,抽象→抽象,101,0.6529,,,,,,,0.2611,,0.1436,1
xb_02723,文学艺术,自然界的复写,复写,艺术,AB,抽象,CM,通讯,3,抽象→抽象,515,0.8817,,,,,,,0.3527,,0.194,1
xb_02724,文学艺术,一种精神,精神,艺术,AB,抽象,CM,通讯,3,抽象→抽象,515,0.8817,,,,,,,0.3527,,0.194,1
xb_02725,美的真谛,自然,自然,真谛,NT,自然,AB,抽象,2,具体→抽象,184,0.7369,,,,,,,0.2948,,0.1621,1
xb_02726,诗人,天生的,天生,诗人,NT,自然,HM,人体,4,抽象→具体,184,0.7369,,,,,,,0.2948,,0.1621,1
xb_02727,前途,光明的,光明,前途,ST,结构,AB,抽象,3,抽象→抽象,990,0.9738,,,,,,,0.3895,,0.2142,2
xb_02728,吠檀多,简单的,简单,吠檀,ST,结构,TH,思维,3,抽象→抽象,990,0.9738,,,,,,,0.3895,,0.2142,2
xb_02729,人的情感,柔弱的,的,情感,ST,结构,EM,情感,3,抽象→抽象,990,0.9738,,,,,,,0.3895,,0.2142,2
xb_02730,薛姨妈,热心的,热心,妈,EM,情感,HM,人体,4,抽象→具体,134,0.6924,,,,,,,0.277,,0.1523,1
xb_02731,我们的文字,有力量的,力量,文字,ST,结构,CM,通讯,3,抽象→抽象,990,0.9738,,,,,,,0.3895,,0.2142,2
xb_02732,石油学院,深灰色的,灰色,学院,ST,结构,SC,社会,4,抽象→具体,990,0.9738,,,,,,,0.3895,,0.2142,2
xb_02733,我们的孩子,幸福的,幸福,孩子,EM,情感,HM,人体,4,抽象→具体,134,0.6924,,,,,,,0.277,,0.1523,1
xb_02734,形式,自由的,自由,形式,ST,结构,AB,抽象,3,抽象→抽象,990,0.9738,,,,,,,0.3895,,0.2142,2
xb_02735,冰心的作品,清丽的,清丽,作品,ST,结构,CM,通讯,3,抽象→抽象,990,0.9738,,,,,,,0.3895,,0.2142,2
xb_02736,材料,丰富的,丰富,材料,ST,结构,OB,物体,3,抽象→抽象,990,0.9738,,,,,,,0.3895,,0.2142,2
xb_02737,群众的眼睛,亮的,亮的,眼睛,ST,结构,BD,建筑,4,抽象→具体,990,0.9738,,,,,,,0.3895,,0.2142,2
xb_02738,自己的态度,明智的,明智,态度,ST,结构,TH,思维,3,抽象→抽象,990,0.9738,,,,,,,0.3895,,0.2142,2
xb_02739,赶山的力量,强大的,强大,力量,ST,结构,AB,抽象,3,抽象→抽象,990,0.9738,,,,,,,0.3895,,0.2142,2
xb_02740,他的声音,开朗的,开朗,声音,ST,结构,SN,感知,3,抽象→抽象,990,0.9738,,,,,,,0.3895,,0.2142,2
xb_02741,人民的铁扫帚,无情的,无情,铁扫帚,EM,情感,OB,物体,4,抽象→具体,134,0.6924,,,,,,,0.277,,0.1523,1
xb_02742,人的感情,真挚的,真挚,感情,ST,结构,EM,情感,3,抽象→抽象,990,0.9738,,,,,,,0.3895,,0.2142,2
xb_02743,南方的古老村镇,迷人的,的,村镇,ST,结构,SP,空间,4,抽象→具体,990,0.9738,,,,,,,0.3895,,0.2142,2
xb_02744,战士,乐观的,乐观,战士,EM,情感,HM,人体,4,抽象→具体,134,0.6924,,,,,,,0.277,,0.1523,1
xb_02745,党,公平的,公平,党,MR,机器,SC,社会,2,具体→抽象,123,0.6804,,,,,,,0.2722,,0.1497,1
xb_02746,我们共产党人,多情的,多情,共产党人,EM,情感,HM,人体,4,抽象→具体,134,0.6924,,,,,,,0.277,,0.1523,1
xb_02747,历史,个任人打扮的小姑娘,小姑娘,历史,HM,人体,AB,抽象,2,具体→抽象,1099,0.9885,,,,,,,0.3954,,0.2175,2
xb_02748,担心,多余的,多余,担心,ST,结构,EM,情感,3,抽象→抽象,990,0.9738,,,,,,,0.3895,,0.2142,2
xb_02749,民办教师,高危人群,人群,教师,HM,人体,HM,人体,1,具体→具体,1099,0.9885,,,,,,,0.3954,,0.2175,2
xb_02750,冯文修的眼睛,清澈的,清澈,眼睛,ST,结构,BD,建筑,4,抽象→具体,990,0.9738,,,,,,,0.3895,,0.2142,2
xb_02751,行船走水,本分,本分,行船,MR,机器,EV,事件,3,抽象→抽象,123,0.6804,,,,,,,0.2722,,0.1497,1
xb_02752,白话,便利适当的工具,工具,白话,OB,物体,CM,通讯,2,具体→抽象,1192,1.0,,,,,,,0.4,,0.22,2
xb_02753,艺术的境界,神圣,神圣,境界,MR,机器,AB,抽象,3,抽象→抽象,123,0.6804,,,,,,,0.2722,,0.1497,1
xb_02754,梦想,自私的,自私,梦想,MR,机器,TH,思维,3,抽象→抽象,123,0.6804,,,,,,,0.2722,,0.1497,1
xb_02755,太明的心,孤独的,孤独,心,EM,情感,EM,情感,2,具体→抽象,134,0.6924,,,,,,,0.277,,0.1523,1
xb_02756,苦难,寻常事,事,苦难,EV,事件,AB,抽象,3,抽象→抽象,121,0.6781,,,,,,,0.2713,,0.1492,1
xb_02757,父亲的称号,神圣的,神圣,称号,MR,机器,AB,抽象,3,抽象→抽象,123,0.6804,,,,,,,0.2722,,0.1497,1
xb_02758,检查结果,残酷的,残酷,结果,ST,结构,AB,抽象,3,抽象→抽象,990,0.9738,,,,,,,0.3895,,0.2142,2
xb_02759,生命,神秘的,神秘,生命,ST,结构,AB,抽象,3,抽象→抽象,990,0.9738,,,,,,,0.3895,,0.2142,2
xb_02760,痛恨和藐视细菌,愚蠢的,愚蠢,细菌,ST,结构,EM,情感,3,抽象→抽象,990,0.9738,,,,,,,0.3895,,0.2142,2
xb_02761,人,小狗,小狗,人,NT,自然,HM,人体,1,具体→具体,184,0.7369,,,,,,,0.2948,,0.1621,1
xb_02762,思想的世界,广阔天垠的,天垠,世界,ST,结构,TH,思维,3,抽象→抽象,990,0.9738,,,,,,,0.3895,,0.2142,2
xb_02763,智慧,快乐的唯一可能的源泉,源泉,智慧,NT,自然,TH,思维,2,具体→抽象,184,0.7369,,,,,,,0.2948,,0.1621,1
xb_02764,疾病,无情的,无情,疾病,EM,情感,BD,建筑,3,抽象→抽象,134,0.6924,,,,,,,0.277,,0.1523,1
xb_02765,市长阎鸿唤的威望,个假象,假象,威望,AB,抽象,AB,抽象,3,抽象→抽象,515,0.8817,,,,,,,0.3527,,0.194,1
xb_02766,他们这一伙人,大奸慝,慝,人,MR,机器,HM,人体,1,具体→具体,123,0.6804,,,,,,,0.2722,,0.1497,1
xb_02767,青春,美丽的东西,东西,青春,ST,结构,LF,光线,3,抽象→抽象,990,0.9738,,,,,,,0.3895,,0.2142,2
xb_02768,峨心里的道路,崎岖的,崎岖,道路,ST,结构,EM,情感,3,抽象→抽象,990,0.9738,,,,,,,0.3895,,0.2142,2
xb_02769,唯利是图,大毒根,根,唯利是图,NT,自然,MR,机器,2,具体→抽象,184,0.7369,,,,,,,0.2948,,0.1621,1
xb_02770,人类,残忍的东西,东西,人类,MR,机器,HM,人体,4,抽象→具体,123,0.6804,,,,,,,0.2722,,0.1497,1
xb_02771,眼泪,愚蠢的,愚蠢,眼泪,ST,结构,EM,情感,4,抽象→具体,990,0.9738,,,,,,,0.3895,,0.2142,2
xb_02772,学问；人生,死的；活的,活,学问,ST,结构,TH,思维,3,抽象→抽象,990,0.9738,,,,,,,0.3895,,0.2142,2
xb_02773,革命的道路,宽广的,宽广,道路,SP,空间,TR,交通,2,具体→抽象,203,0.7507,,,,,,,0.3003,,0.1652,1
xb_02774,封建特权,丑恶的东西,东西,特权,MR,机器,SC,社会,3,抽象→抽象,123,0.6804,,,,,,,0.2722,,0.1497,1
xb_02775,只有母亲,心狠的,心狠,母亲,EM,情感,HM,人体,4,抽象→具体,134,0.6924,,,,,,,0.277,,0.1523,1
xb_02776,门,活的,活的,门,ST,结构,OB,物体,4,抽象→具体,990,0.9738,,,,,,,0.3895,,0.2142,2
xb_02777,世界上只有钱,好东西,东西,钱,ST,结构,EC,经济,3,抽象→抽象,990,0.9738,,,,,,,0.3895,,0.2142,2
xb_02778,婚姻,平等的,平等,婚姻,MR,机器,SC,社会,3,抽象→抽象,123,0.6804,,,,,,,0.2722,,0.1497,1
xb_02779,前途,乐观的,乐观,前途,EM,情感,AB,抽象,3,抽象→抽象,134,0.6924,,,,,,,0.277,,0.1523,1
xb_02780,她两人,文明种子,种子,人,NT,自然,HM,人体,1,具体→具体,184,0.7369,,,,,,,0.2948,,0.1621,1
xb_02781,男子的心肠,靠不住,靠不住,心肠,ST,结构,EM,情感,3,抽象→抽象,990,0.9738,,,,,,,0.3895,,0.2142,2
xb_02782,人生,空的,空的,人生,ST,结构,LF,光线,3,抽象→抽象,990,0.9738,,,,,,,0.3895,,0.2142,2
xb_02783,陆水,平和的,平和,陆水,ST,结构,NT,自然,4,抽象→具体,990,0.9738,,,,,,,0.3895,,0.2142,2
xb_02784,女人对女人,苛刻而锐利的,苛刻,女人,ST,结构,HM,人体,3,抽象→抽象,990,0.9738,,,,,,,0.3895,,0.2142,2
xb_02785,母亲,神圣的,神圣,母亲,MR,机器,HM,人体,4,抽象→具体,123,0.6804,,,,,,,0.2722,,0.1497,1
xb_02786,延安的子弹,金贵的,金贵,子弹,ST,结构,OB,物体,4,抽象→具体,990,0.9738,,,,,,,0.3895,,0.2142,2
xb_02787,道路;前途,曲折的;光明的,;光明,前途,ST,结构,AB,抽象,3,抽象→抽象,990,0.9738,,,,,,,0.3895,,0.2142,2
xb_02788,爱情,盲目的,盲目,爱情,ST,结构,EM,情感,3,抽象→抽象,990,0.9738,,,,,,,0.3895,,0.2142,2
xb_02789,颜色,可怕的,可怕,颜色,EM,情感,SN,感知,3,抽象→抽象,134,0.6924,,,,,,,0.277,,0.1523,1
xb_02790,嘴,甜的,甜的,嘴,ST,结构,BD,建筑,4,抽象→具体,990,0.9738,,,,,,,0.3895,,0.2142,2
xb_02791,他,善变的,善变,他,ST,结构,HM,人体,4,抽象→具体,990,0.9738,,,,,,,0.3895,,0.2142,2
xb_02792,四野,灰暗暗的,灰暗暗,四野,ST,结构,SP,空间,4,抽象→具体,990,0.9738,,,,,,,0.3895,,0.2142,2
xb_02793,屋子,潮湿的,潮湿,屋子,ST,结构,SP,空间,4,抽象→具体,990,0.9738,,,,,,,0.3895,,0.2142,2
xb_02794,头,碎的,碎的,头,ST,结构,BD,建筑,4,抽象→具体,990,0.9738,,,,,,,0.3895,,0.2142,2
xb_02795,月亮,银白的,银白,月亮,ST,结构,NT,自然,4,抽象→具体,990,0.9738,,,,,,,0.3895,,0.2142,2
xb_02796,心里,惴惴不安的,的,心里,EM,情感,EM,情感,3,抽象→抽象,134,0.6924,,,,,,,0.277,,0.1523,1
xb_02797,全身姿势,痛苦的询问,询问,全身,EM,情感,BD,建筑,3,抽象→抽象,134,0.6924,,,,,,,0.277,,0.1523,1
xb_02798,给人的第一印象,笼统的白,笼统,印象,ST,结构,TH,思维,3,抽象→抽象,990,0.9738,,,,,,,0.3895,,0.2142,2
xb_02799,眼白,白瓷,白瓷,眼白,OB,物体,BD,建筑,1,具体→具体,1192,1.0,,,,,,,0.4,,0.22,2
xb_02800,它第一个生命,青绿色的,青绿色,生命,ST,结构,LV,生命,3,抽象→抽象,990,0.9738,,,,,,,0.3895,,0.2142,2
xb_02801,一双眼睛,硬的,硬的,眼睛,ST,结构,BD,建筑,4,抽象→具体,990,0.9738,,,,,,,0.3895,,0.2142,2
xb_02802,他们的自由,件稀罕的东西,东西,自由,ST,结构,AB,抽象,3,抽象→抽象,990,0.9738,,,,,,,0.3895,,0.2142,2
xb_02803,时间,金钱,金钱,时间,EC,经济,TM,时间,4,抽象→具体,129,0.6871,,,,,,,0.2748,,0.1512,1
xb_02804,窗外的天空,纯净的一色的浅灰,浅灰,天空,ST,结构,NT,自然,4,抽象→具体,990,0.9738,,,,,,,0.3895,,0.2142,2
xb_02805,玻璃窗,花农的命根子,命根子,玻璃窗,LV,生命,OB,物体,1,具体→具体,263,0.7871,,,,,,,0.3148,,0.1732,1
xb_02806,海,人们所能见到的最美好的东西,东西,海,ST,结构,NT,自然,4,抽象→具体,990,0.9738,,,,,,,0.3895,,0.2142,2
xb_02807,讲故事的孩子,上帝的选民,选民,孩子,SC,社会,HM,人体,1,具体→具体,81,0.622,,,,,,,0.2488,,0.1369,1
xb_02808,铃声,命令,命令,铃声,EV,事件,SN,感知,3,抽象→抽象,121,0.6781,,,,,,,0.2713,,0.1492,1
xb_02809,生命,廉价的,廉价,生命,EC,经济,LV,生命,3,抽象→抽象,129,0.6871,,,,,,,0.2748,,0.1512,1
xb_02810,这条狗对主人的感情,真诚的,真诚,感情,MR,机器,EM,情感,3,抽象→抽象,123,0.6804,,,,,,,0.2722,,0.1497,1
xb_02811,未来,四个现代化的实现,实现,未来,EV,事件,TM,时间,3,抽象→抽象,121,0.6781,,,,,,,0.2713,,0.1492,1
xb_02812,生命,值得留恋的,留恋,生命,ST,结构,LF,光线,3,抽象→抽象,990,0.9738,,,,,,,0.3895,,0.2142,2
xb_02813,房子,寂寞的,寂寞,房子,EM,情感,SP,空间,4,抽象→具体,134,0.6924,,,,,,,0.277,,0.1523,1
xb_02814,天空,透明的,透明,天空,ST,结构,NT,自然,4,抽象→具体,990,0.9738,,,,,,,0.3895,,0.2142,2
xb_02815,言词,犀利的,犀利,言词,ST,结构,TH,思维,3,抽象→抽象,990,0.9738,,,,,,,0.3895,,0.2142,2
xb_02816,这个教训,沉重的,沉重,教训,ST,结构,AB,抽象,3,抽象→抽象,990,0.9738,,,,,,,0.3895,,0.2142,2
xb_02817,信的调子,高昂的,高昂,调子,ST,结构,CM,通讯,3,抽象→抽象,990,0.9738,,,,,,,0.3895,,0.2142,2
xb_02818,忒里蹇的眼泪,轻贱的,轻贱,眼泪,ST,结构,EM,情感,4,抽象→具体,990,0.9738,,,,,,,0.3895,,0.2142,2
xb_02819,渊圣皇帝的主战立场,脆弱的,脆弱,立场,ST,结构,TH,思维,3,抽象→抽象,990,0.9738,,,,,,,0.3895,,0.2142,2
xb_02820,他们的心,热的,热的,心,ST,结构,EM,情感,2,具体→抽象,990,0.9738,,,,,,,0.3895,,0.2142,2
xb_02821,他们的心境,沉重的,沉重,心境,ST,结构,EM,情感,3,抽象→抽象,990,0.9738,,,,,,,0.3895,,0.2142,2
xb_02822,历史的斧钺,森严的,森严,历史,ST,结构,AB,抽象,3,抽象→抽象,990,0.9738,,,,,,,0.3895,,0.2142,2
xb_02823,轮子,圆的,圆的,轮子,ST,结构,OB,物体,4,抽象→具体,990,0.9738,,,,,,,0.3895,,0.2142,2
xb_02824,我的思想,恶毒的,的,思想,MR,机器,TH,思维,3,抽象→抽象,123,0.6804,,,,,,,0.2722,,0.1497,1
xb_02825,这世界,恶毒的,的,世界,MR,机器,SC,社会,3,抽象→抽象,123,0.6804,,,,,,,0.2722,,0.1497,1
xb_02826,我的灵魂,黑暗的,黑暗,灵魂,ST,结构,TH,思维,4,抽象→具体,990,0.9738,,,,,,,0.3895,,0.2142,2
xb_02827,苦痛,短的,短的,苦痛,ST,结构,EM,情感,3,抽象→抽象,990,0.9738,,,,,,,0.3895,,0.2142,2
xb_02828,快乐,长的,长的,快乐,ST,结构,EM,情感,3,抽象→抽象,990,0.9738,,,,,,,0.3895,,0.2142,2
xb_02829,爱,不死的,的,爱,ST,结构,EM,情感,3,抽象→抽象,990,0.9738,,,,,,,0.3895,,0.2142,2
xb_02830,红叶,亲切的牵绊,牵绊,红叶,EM,情感,NT,自然,4,抽象→具体,134,0.6924,,,,,,,0.277,,0.1523,1
xb_02831,格言和名言,理智的结晶,结晶,名言,OB,物体,CM,通讯,2,具体→抽象,1192,1.0,,,,,,,0.4,,0.22,2
xb_02832,灯光/月色,浑的/清的,清,灯光,ST,结构,NT,自然,4,抽象→具体,990,0.9738,,,,,,,0.3895,,0.2142,2
xb_02833,地,根本,根本,地,AB,抽象,NT,自然,4,抽象→具体,515,0.8817,,,,,,,0.3527,,0.194,1
xb_02834,青春,公平的,公平,青春,MR,机器,LF,光线,3,抽象→抽象,123,0.6804,,,,,,,0.2722,,0.1497,1
xb_02835,笑声/说话的声音/脚步声,假的,假的,脚步声,ST,结构,SN,感知,3,抽象→抽象,990,0.9738,,,,,,,0.3895,,0.2142,2
xb_02836,她唱歌的声音,忧郁的,忧郁,声音,EM,情感,SN,感知,3,抽象→抽象,134,0.6924,,,,,,,0.277,,0.1523,1
xb_02837,洛阳的气氛,紧张的/消沉的,消沉,气氛,EM,情感,ST,结构,3,抽象→抽象,134,0.6924,,,,,,,0.277,,0.1523,1
xb_02838,中国人民的忍耐力,惊人的,惊人,忍耐力,ST,结构,TH,思维,3,抽象→抽象,990,0.9738,,,,,,,0.3895,,0.2142,2
xb_02839,净土法门,消极的,消极,法门,ST,结构,TH,思维,3,抽象→抽象,990,0.9738,,,,,,,0.3895,,0.2142,2
xb_02840,心高,灰心之根源,根源,心高,AB,抽象,EM,情感,2,具体→抽象,515,0.8817,,,,,,,0.3527,,0.194,1
xb_02841,酒,最好的药,药,酒,OB,物体,OB,物体,1,具体→具体,1192,1.0,,,,,,,0.4,,0.22,2
xb_02842,这幅油画,大毒草,草,油画,NT,自然,OB,物体,1,具体→具体,184,0.7369,,,,,,,0.2948,,0.1621,1
xb_02843,爱情,自私的,自私,爱情,MR,机器,EM,情感,3,抽象→抽象,123,0.6804,,,,,,,0.2722,,0.1497,1
xb_02844,空间、时间,短的、长的,的,时间,ST,结构,SP,空间,4,抽象→具体,990,0.9738,,,,,,,0.3895,,0.2142,2
xb_02845,国民党,浑东西,东西,国民党,OB,物体,SC,社会,2,具体→抽象,1192,1.0,,,,,,,0.4,,0.22,2
xb_02846,灵、肉,清洁的、肮脏的,肮脏,肉,ST,结构,TH,思维,2,具体→抽象,990,0.9738,,,,,,,0.3895,,0.2142,2
xb_02847,只有眼前的一个男人,真,真,男人,ST,结构,HM,人体,4,抽象→具体,990,0.9738,,,,,,,0.3895,,0.2142,2
xb_02848,革命的目的,高尚的,高尚,目的,MR,机器,TH,思维,3,抽象→抽象,123,0.6804,,,,,,,0.2722,,0.1497,1
xb_02849,父亲,可亲可近的,可亲可近,父亲,ST,结构,HM,人体,4,抽象→具体,990,0.9738,,,,,,,0.3895,,0.2142,2
xb_02850,狼,狡猾的,狡猾,狼,MR,机器,NT,自然,4,抽象→具体,123,0.6804,,,,,,,0.2722,,0.1497,1
xb_02851,情人的眼睛,瞎的,瞎的,眼睛,ST,结构,BD,建筑,4,抽象→具体,990,0.9738,,,,,,,0.3895,,0.2142,2
xb_02852,风、星、月亮,冷的,冷的,月亮,ST,结构,NT,自然,4,抽象→具体,990,0.9738,,,,,,,0.3895,,0.2142,2
xb_02853,风、雨,横的、斜的,斜,雨,SP,空间,NT,自然,1,具体→具体,203,0.7507,,,,,,,0.3003,,0.1652,1
xb_02854,中国的文化,静的文化,文化,文化,ST,结构,CM,通讯,3,抽象→抽象,990,0.9738,,,,,,,0.3895,,0.2142,2
xb_02855,儒家的世界观、道家的世界观,积极的、消极的,消极,世界观,ST,结构,TH,思维,3,抽象→抽象,990,0.9738,,,,,,,0.3895,,0.2142,2
xb_02856,生活、政治、商业,艰辛的、肮脏的、卑鄙的,卑鄙,商业,ST,结构,LF,光线,3,抽象→抽象,990,0.9738,,,,,,,0.3895,,0.2142,2
xb_02857,总有一死的命运,美丽的,美丽,命运,ST,结构,AB,抽象,3,抽象→抽象,990,0.9738,,,,,,,0.3895,,0.2142,2
xb_02858,婚姻,以爱情为基础的,基础,婚姻,ST,结构,SC,社会,3,抽象→抽象,990,0.9738,,,,,,,0.3895,,0.2142,2
xb_02859,人,平等的,平等,人,ST,结构,HM,人体,4,抽象→具体,990,0.9738,,,,,,,0.3895,,0.2142,2
xb_02860,荪亚的个性、立夫的个性,圆的、方的,方,个性,ST,结构,TH,思维,3,抽象→抽象,990,0.9738,,,,,,,0.3895,,0.2142,2
xb_02861,一个高明的棋手,冷静的棋手,棋手,棋手,ST,结构,HM,人体,1,具体→具体,990,0.9738,,,,,,,0.3895,,0.2142,2
xb_02862,真正的遗产,好名声,名声,遗产,SC,社会,EC,经济,3,抽象→抽象,81,0.622,,,,,,,0.2488,,0.1369,1
xb_02863,男人,怪东西,东西,男人,OB,物体,HM,人体,1,具体→具体,1192,1.0,,,,,,,0.4,,0.22,2
xb_02864,老太太,神秘的,神秘,老太太,ST,结构,HM,人体,4,抽象→具体,990,0.9738,,,,,,,0.3895,,0.2142,2
xb_02865,山头主义,有害的,有害,山头主义,ST,结构,TH,思维,3,抽象→抽象,990,0.9738,,,,,,,0.3895,,0.2142,2
xb_02866,这种做法,危险的,危险,做法,ST,结构,EV,事件,3,抽象→抽象,990,0.9738,,,,,,,0.3895,,0.2142,2
xb_02867,这个世界,沉默的,沉默,世界,ST,结构,SC,社会,3,抽象→抽象,990,0.9738,,,,,,,0.3895,,0.2142,2
xb_02868,她的脸/她的叹息声,悲哀的,悲哀,脸,EM,情感,BD,建筑,4,抽象→具体,134,0.6924,,,,,,,0.277,,0.1523,1
xb_02869,优点/缺点,谦虚/太谦虚,谦虚,缺点,ST,结构,TH,思维,3,抽象→抽象,990,0.9738,,,,,,,0.3895,,0.2142,2
xb_02870,杀人和赚钱的道理,一样的,的,道理,ST,结构,TH,思维,3,抽象→抽象,990,0.9738,,,,,,,0.3895,,0.2142,2
xb_02871,心,孤独的猎手,猎手,心,HM,人体,EM,情感,2,具体→抽象,1099,0.9885,,,,,,,0.3954,,0.2175,2
xb_02872,棺材,装死人的/装老人的,装死人,棺材,EV,事件,OB,物体,4,抽象→具体,121,0.6781,,,,,,,0.2713,,0.1492,1
xb_02873,眼泪/汗水/整锅汤,苦的,苦的,汗水,ST,结构,BD,建筑,4,抽象→具体,990,0.9738,,,,,,,0.3895,,0.2142,2
xb_02874,爱情,小蚂蚁,蚂蚁,爱情,NT,自然,EM,情感,2,具体→抽象,184,0.7369,,,,,,,0.2948,,0.1621,1
xb_02875,形势,严峻的，逼人的,逼人,形势,ST,结构,ST,结构,3,抽象→抽象,990,0.9738,,,,,,,0.3895,,0.2142,2
xb_02876,红鞋,不吉利的,吉利,红鞋,ST,结构,OB,物体,4,抽象→具体,990,0.9738,,,,,,,0.3895,,0.2142,2
xb_02877,他的身体,空的,空的,身体,ST,结构,BD,建筑,4,抽象→具体,990,0.9738,,,,,,,0.3895,,0.2142,2
xb_02878,恋爱中的人,愚蠢的,愚蠢,人,ST,结构,HM,人体,3,抽象→抽象,990,0.9738,,,,,,,0.3895,,0.2142,2
xb_02879,卖花的姑娘,宁静的象征，缓缓流动的风景,象征,姑娘,AB,抽象,HM,人体,4,抽象→具体,515,0.8817,,,,,,,0.3527,,0.194,1
xb_02880,来双瑗的目光,犀利的，思辨的，智慧的,智慧,目光,ST,结构,BD,建筑,4,抽象→具体,990,0.9738,,,,,,,0.3895,,0.2142,2
xb_02881,卓雄洲的脸,苍劲的，有沧桑，有沟壑,沟壑,脸,ST,结构,BD,建筑,4,抽象→具体,990,0.9738,,,,,,,0.3895,,0.2142,2
xb_02882,火,凉的,凉的,火,ST,结构,OB,物体,1,具体→具体,990,0.9738,,,,,,,0.3895,,0.2142,2
xb_02883,黄油烙饼/眼泪,甜的/咸的,咸,眼泪,ST,结构,FD,食物,4,抽象→具体,990,0.9738,,,,,,,0.3895,,0.2142,2
xb_02884,我眼睛/我耳朵,快乐的,快乐,耳朵,EM,情感,BD,建筑,4,抽象→具体,134,0.6924,,,,,,,0.277,,0.1523,1
xb_02885,天,蓝的,蓝的,天,ST,结构,NT,自然,4,抽象→具体,990,0.9738,,,,,,,0.3895,,0.2142,2
xb_02886,代替这种性格而来的特点,虚伪与油滑,油滑,特点,MR,机器,AB,抽象,3,抽象→抽象,123,0.6804,,,,,,,0.2722,,0.1497,1
xb_02887,心,一致了,一致,心,ST,结构,EM,情感,2,具体→抽象,990,0.9738,,,,,,,0.3895,,0.2142,2
xb_02888,心,热的,热的,心,ST,结构,EM,情感,2,具体→抽象,990,0.9738,,,,,,,0.3895,,0.2142,2
xb_02889,文献上的文字,固定的，死的,的,文字,ST,结构,CM,通讯,3,抽象→抽象,990,0.9738,,,,,,,0.3895,,0.2142,2
xb_02890,幸运,势利的,势利,幸运,ST,结构,AB,抽象,3,抽象→抽象,990,0.9738,,,,,,,0.3895,,0.2142,2
xb_02891,心,年青人的心了,心,心,HM,人体,EM,情感,2,具体→抽象,1099,0.9885,,,,,,,0.3954,,0.2175,2
xb_02892,哄孩子,一件伟大的工作,工作,孩子,EV,事件,EV,事件,3,抽象→抽象,121,0.6781,,,,,,,0.2713,,0.1492,1
xb_02893,爱情,顽皮的,顽皮,爱情,ST,结构,EM,情感,3,抽象→抽象,990,0.9738,,,,,,,0.3895,,0.2142,2
xb_02894,人类,古怪的东西,东西,人类,OB,物体,HM,人体,1,具体→具体,1192,1.0,,,,,,,0.4,,0.22,2
xb_02895,钱,长河水,水,钱,NT,自然,EC,经济,2,具体→抽象,184,0.7369,,,,,,,0.2948,,0.1621,1
xb_02896,海,可怕的一种东西,东西,海,ST,结构,NT,自然,4,抽象→具体,990,0.9738,,,,,,,0.3895,,0.2142,2
xb_02897,狮子,孤独兽物,兽物,狮子,EM,情感,NT,自然,1,具体→具体,134,0.6924,,,,,,,0.277,,0.1523,1
xb_02898,鸽子/麻雀,灵的动物/肉的动物,动物,鸽子,NT,自然,NT,自然,1,具体→具体,184,0.7369,,,,,,,0.2948,,0.1621,1
xb_02899,人,那波涛连涌的弄堂里的小不点儿,小不点儿,人,HM,人体,HM,人体,1,具体→具体,1099,0.9885,,,,,,,0.3954,,0.2175,2
xb_02900,王琦瑶的传说,海上繁华梦的景象,景象,传说,EV,事件,CM,通讯,3,抽象→抽象,121,0.6781,,,,,,,0.2713,,0.1492,1
xb_02901,梦想,真,真,梦想,ST,结构,TH,思维,3,抽象→抽象,990,0.9738,,,,,,,0.3895,,0.2142,2
xb_02902,酒,晶莹的色泽,色泽,酒,ST,结构,OB,物体,4,抽象→具体,990,0.9738,,,,,,,0.3895,,0.2142,2
xb_02903,真正的爱,崇高的,崇高,爱,ST,结构,EM,情感,3,抽象→抽象,990,0.9738,,,,,,,0.3895,,0.2142,2
xb_02904,我的婚姻,痛苦的,痛苦,婚姻,EM,情感,SC,社会,3,抽象→抽象,134,0.6924,,,,,,,0.277,,0.1523,1
xb_02905,独身,最好的途径,途径,独身,TR,交通,LF,光线,3,抽象→抽象,41,0.5276,,,,,,,0.211,,0.1161,1
xb_02906,第三类性关系,严重的错误,错误,性关系,MR,机器,EV,事件,3,抽象→抽象,123,0.6804,,,,,,,0.2722,,0.1497,1
xb_02907,他的灵魂,肮脏的,肮脏,灵魂,ST,结构,TH,思维,3,抽象→抽象,990,0.9738,,,,,,,0.3895,,0.2142,2
xb_02908,我的心灵,孤独的,孤独,心灵,EM,情感,EM,情感,3,抽象→抽象,134,0.6924,,,,,,,0.277,,0.1523,1
xb_02909,智慧,好的,好的,智慧,ST,结构,TH,思维,3,抽象→抽象,990,0.9738,,,,,,,0.3895,,0.2142,2
xb_02910,海风,蓝的,蓝的,海风,ST,结构,NT,自然,4,抽象→具体,990,0.9738,,,,,,,0.3895,,0.2142,2
xb_02911,天,紫的,紫的,天,ST,结构,NT,自然,4,抽象→具体,990,0.9738,,,,,,,0.3895,,0.2142,2
xb_02912,中华文化,最好的文化,文化,文化,CM,通讯,CM,通讯,3,抽象→抽象,7,0.2935,,,,,,,0.1174,,0.0646,1
xb_02913,人本性,恶的,恶的,人本性,MR,机器,MR,机器,3,抽象→抽象,123,0.6804,,,,,,,0.2722,,0.1497,1
xb_02914,煤烟、柴油机,糟糕,糟糕,柴油机,ST,结构,OB,物体,4,抽象→具体,990,0.9738,,,,,,,0.3895,,0.2142,2
xb_02915,他的生命,美好的,美好,生命,ST,结构,LF,光线,3,抽象→抽象,990,0.9738,,,,,,,0.3895,,0.2142,2
xb_02916,雪片,甜的,甜的,雪片,ST,结构,NT,自然,4,抽象→具体,990,0.9738,,,,,,,0.3895,,0.2142,2
xb_02917,长安城里的水,咸的,咸的,水,ST,结构,NT,自然,4,抽象→具体,990,0.9738,,,,,,,0.3895,,0.2142,2
xb_02918,地球,圆的,圆的,地球,SP,空间,NT,自然,4,抽象→具体,203,0.7507,,,,,,,0.3003,,0.1652,1
xb_02919,智慧,错误的一种,一,智慧,TH,思维,TH,思维,3,抽象→抽象,101,0.6529,,,,,,,0.2611,,0.1436,1
xb_02920,遥远的星星,明亮的,明亮,星星,ST,结构,NT,自然,4,抽象→具体,990,0.9738,,,,,,,0.3895,,0.2142,2
xb_02921,那一点红色,着急的颜色,颜色,红色,EM,情感,SN,感知,3,抽象→抽象,134,0.6924,,,,,,,0.277,,0.1523,1
xb_02922,梦,好的,好的,梦,ST,结构,TH,思维,3,抽象→抽象,990,0.9738,,,,,,,0.3895,,0.2142,2
xb_02923,四方形,圆的,圆的,四方形,SP,空间,SP,空间,3,抽象→抽象,203,0.7507,,,,,,,0.3003,,0.1652,1
xb_02924,茶的主流,严酷的,的,主流,ST,结构,AB,抽象,3,抽象→抽象,990,0.9738,,,,,,,0.3895,,0.2142,2
xb_02925,伯父,沉重的,沉重,伯父,ST,结构,HM,人体,4,抽象→具体,990,0.9738,,,,,,,0.3895,,0.2142,2
xb_02926,社会,无情的,无情,社会,EM,情感,SC,社会,3,抽象→抽象,134,0.6924,,,,,,,0.277,,0.1523,1
xb_02927,秩序,铁一般不可动摇的,铁,秩序,OB,物体,SC,社会,2,具体→抽象,1192,1.0,,,,,,,0.4,,0.22,2
xb_02928,洗脑,痛苦的,痛苦,洗脑,ST,结构,EV,事件,3,抽象→抽象,990,0.9738,,,,,,,0.3895,,0.2142,2
xb_02929,她的信,忧郁的,忧郁,信,EM,情感,CM,通讯,3,抽象→抽象,134,0.6924,,,,,,,0.277,,0.1523,1
xb_02930,牺牲这两个字,严酷的,的,字,ST,结构,AB,抽象,3,抽象→抽象,990,0.9738,,,,,,,0.3895,,0.2142,2
xb_02931,心情,晦涩、阴暗的,晦涩,心情,ST,结构,EM,情感,3,抽象→抽象,990,0.9738,,,,,,,0.3895,,0.2142,2
xb_02932,水浪,透明的绿,绿,水浪,ST,结构,NT,自然,4,抽象→具体,990,0.9738,,,,,,,0.3895,,0.2142,2
xb_02933,人生,苦,苦,人生,EM,情感,LF,光线,3,抽象→抽象,134,0.6924,,,,,,,0.277,,0.1523,1
xb_02934,这职业,最好的上天梯,梯,职业,SP,空间,SC,社会,2,具体→抽象,203,0.7507,,,,,,,0.3003,,0.1652,1
xb_02935,天,阴郁的,阴郁,天,ST,结构,NT,自然,4,抽象→具体,990,0.9738,,,,,,,0.3895,,0.2142,2
xb_02936,天下事,复杂的,的,事,ST,结构,AB,抽象,3,抽象→抽象,990,0.9738,,,,,,,0.3895,,0.2142,2
xb_02937,她的心,光明洁净的,洁净,心,ST,结构,TH,思维,2,具体→抽象,990,0.9738,,,,,,,0.3895,,0.2142,2
xb_02938,雨,冷的,冷的,雨,ST,结构,NT,自然,4,抽象→具体,990,0.9738,,,,,,,0.3895,,0.2142,2
xb_02939,脸,沉默的,沉默,脸,ST,结构,BD,建筑,4,抽象→具体,990,0.9738,,,,,,,0.3895,,0.2142,2
xb_02940,嘴唇,冷的,冷的,嘴唇,ST,结构,BD,建筑,4,抽象→具体,990,0.9738,,,,,,,0.3895,,0.2142,2
xb_02941,女子,神秘的,神秘,女子,ST,结构,HM,人体,4,抽象→具体,990,0.9738,,,,,,,0.3895,,0.2142,2
xb_02942,麻将,气闷的玩意儿,玩意儿,麻将,EM,情感,OB,物体,1,具体→具体,134,0.6924,,,,,,,0.277,,0.1523,1
xb_02943,红军,新式的流寇,流寇,红军,EV,事件,SC,社会,1,具体→具体,121,0.6781,,,,,,,0.2713,,0.1492,1
xb_02944,心计,深的,深的,心计,ST,结构,TH,思维,3,抽象→抽象,990,0.9738,,,,,,,0.3895,,0.2142,2
xb_02945,人间,美丽的,美丽,人间,ST,结构,SP,空间,3,抽象→抽象,990,0.9738,,,,,,,0.3895,,0.2142,2
xb_02946,社会,活的,活的,社会,LV,生命,SC,社会,3,抽象→抽象,263,0.7871,,,,,,,0.3148,,0.1732,1
xb_02947,纪律,神圣的,神圣,纪律,ST,结构,AB,抽象,3,抽象→抽象,990,0.9738,,,,,,,0.3895,,0.2142,2
xb_02948,动机,纯洁的,纯洁,动机,MR,机器,TH,思维,3,抽象→抽象,123,0.6804,,,,,,,0.2722,,0.1497,1
xb_02949,理想,空的,空的,理想,ST,结构,TH,思维,3,抽象→抽象,990,0.9738,,,,,,,0.3895,,0.2142,2
xb_02950,整个世界,崇高的,崇高,世界,MR,机器,AB,抽象,3,抽象→抽象,123,0.6804,,,,,,,0.2722,,0.1497,1
xb_02951,自己的力量,了不起的,了不起,力量,ST,结构,AB,抽象,3,抽象→抽象,990,0.9738,,,,,,,0.3895,,0.2142,2
xb_02952,他的心,公正的,公正,心,MR,机器,TH,思维,2,具体→抽象,123,0.6804,,,,,,,0.2722,,0.1497,1
xb_02953,多数人,假的,假的,人,ST,结构,HM,人体,4,抽象→具体,990,0.9738,,,,,,,0.3895,,0.2142,2
xb_02954,人,复杂的动物,动物,人,LV,生命,HM,人体,1,具体→具体,263,0.7871,,,,,,,0.3148,,0.1732,1
xb_02955,前方的道路,曲折的,曲折,道路,ST,结构,TR,交通,3,抽象→抽象,990,0.9738,,,,,,,0.3895,,0.2142,2
xb_02956,我的心,红是黑,红,心,ST,结构,TH,思维,2,具体→抽象,990,0.9738,,,,,,,0.3895,,0.2142,2
xb_02957,英雄人物的胸怀,伟大的,伟大,胸怀,MR,机器,EM,情感,3,抽象→抽象,123,0.6804,,,,,,,0.2722,,0.1497,1
xb_02958,群众的眼睛,亮的,亮的,眼睛,ST,结构,BD,建筑,4,抽象→具体,990,0.9738,,,,,,,0.3895,,0.2142,2
xb_02959,你娘,贱命,贱命,你娘,ST,结构,HM,人体,3,抽象→抽象,990,0.9738,,,,,,,0.3895,,0.2142,2
xb_02960,眉毛,白的,白的,眉毛,ST,结构,BD,建筑,4,抽象→具体,990,0.9738,,,,,,,0.3895,,0.2142,2
xb_02961,它们的名字,美丽,美丽,名字,ST,结构,AB,抽象,3,抽象→抽象,990,0.9738,,,,,,,0.3895,,0.2142,2
xb_02962,女人,好东西,东西,女人,OB,物体,HM,人体,1,具体→具体,1192,1.0,,,,,,,0.4,,0.22,2
xb_02963,眉毛,成熟小麦的颜色,颜色,眉毛,ST,结构,BD,建筑,4,抽象→具体,990,0.9738,,,,,,,0.3895,,0.2142,2
xb_02964,我们的草原,疲惫的草原,草原,草原,ST,结构,NT,自然,4,抽象→具体,990,0.9738,,,,,,,0.3895,,0.2142,2
xb_02965,爱情,甜蜜的,甜蜜,爱情,ST,结构,EM,情感,3,抽象→抽象,990,0.9738,,,,,,,0.3895,,0.2142,2
xb_02966,荣誉,杀人的慢药,慢药,荣誉,OB,物体,AB,抽象,2,具体→抽象,1192,1.0,,,,,,,0.4,,0.22,2
xb_02967,前途,光明的,光明,前途,ST,结构,AB,抽象,3,抽象→抽象,990,0.9738,,,,,,,0.3895,,0.2142,2
xb_02968,这臭味,绿的,绿的,臭味,ST,结构,SN,感知,1,具体→具体,990,0.9738,,,,,,,0.3895,,0.2142,2
xb_02969,人的肚子,一条破麻袋,麻袋,肚子,OB,物体,BD,建筑,1,具体→具体,1192,1.0,,,,,,,0.4,,0.22,2
xb_02970,出产的肉,酸的,酸的,肉,ST,结构,OB,物体,4,抽象→具体,990,0.9738,,,,,,,0.3895,,0.2142,2
xb_02971,大哥的脸,青的,青的,脸,ST,结构,BD,建筑,4,抽象→具体,990,0.9738,,,,,,,0.3895,,0.2142,2
xb_02972,钱,死的,死的,钱,LV,生命,EC,经济,2,具体→抽象,263,0.7871,,,,,,,0.3148,,0.1732,1
xb_02973,男人的血,灼热的,灼热,血,ST,结构,BD,建筑,4,抽象→具体,990,0.9738,,,,,,,0.3895,,0.2142,2
xb_02974,太阳,黑的,黑的,太阳,ST,结构,NT,自然,4,抽象→具体,990,0.9738,,,,,,,0.3895,,0.2142,2
xb_02975,他,白面团,白面团,他,FD,食物,HM,人体,1,具体→具体,46,0.5435,,,,,,,0.2174,,0.1196,1
xb_02976,胆量,酒量,酒量,胆量,AB,抽象,AB,抽象,3,抽象→抽象,515,0.8817,,,,,,,0.3527,,0.194,1
xb_02977,猫,懒惰的动物,动物,猫,LV,生命,LV,生命,1,具体→具体,263,0.7871,,,,,,,0.3148,,0.1732,1
xb_02978,他那两只眼睛,冷的,冷的,眼睛,ST,结构,BD,建筑,4,抽象→具体,990,0.9738,,,,,,,0.3895,,0.2142,2
xb_02979,爷爷的预感,正确的,正确,预感,ST,结构,TH,思维,3,抽象→抽象,990,0.9738,,,,,,,0.3895,,0.2142,2
xb_02980,河水,浑浊的,浑浊,河水,ST,结构,NT,自然,4,抽象→具体,990,0.9738,,,,,,,0.3895,,0.2142,2
xb_02981,二哥的脸,蓝的,蓝的,脸,ST,结构,BD,建筑,4,抽象→具体,990,0.9738,,,,,,,0.3895,,0.2142,2
xb_02982,爹的脸,绿的,绿的,脸,ST,结构,BD,建筑,4,抽象→具体,990,0.9738,,,,,,,0.3895,,0.2142,2
xb_02983,娘的脸,黑的,黑的,脸,ST,结构,BD,建筑,4,抽象→具体,990,0.9738,,,,,,,0.3895,,0.2142,2
xb_02984,大哥的眼,白的,白的,眼,ST,结构,BD,建筑,4,抽象→具体,990,0.9738,,,,,,,0.3895,,0.2142,2
xb_02985,二哥的眼,金的,金的,眼,ST,结构,BD,建筑,4,抽象→具体,990,0.9738,,,,,,,0.3895,,0.2142,2
xb_02986,爱情,盲目的,盲目,爱情,ST,结构,EM,情感,3,抽象→抽象,990,0.9738,,,,,,,0.3895,,0.2142,2
xb_02987,眼里,血色的光芒,光芒,眼里,ST,结构,BD,建筑,4,抽象→具体,990,0.9738,,,,,,,0.3895,,0.2142,2
xb_02988,这绿色的世界,自己曾经无数次幻想过的一个彩色世界,世界,世界,ST,结构,AB,抽象,3,抽象→抽象,990,0.9738,,,,,,,0.3895,,0.2142,2
xb_02989,党和人民的眼睛,亮的,亮的,眼睛,ST,结构,BD,建筑,4,抽象→具体,990,0.9738,,,,,,,0.3895,,0.2142,2
xb_02990,我这两只手,干净的,的,手,ST,结构,BD,建筑,4,抽象→具体,990,0.9738,,,,,,,0.3895,,0.2142,2
xb_02991,语言,笨拙的,笨拙,语言,ST,结构,CM,通讯,3,抽象→抽象,990,0.9738,,,,,,,0.3895,,0.2142,2
xb_02992,酒,梦的母亲,母亲,酒,HM,人体,OB,物体,1,具体→具体,1099,0.9885,,,,,,,0.3954,,0.2175,2
xb_02993,人类,丑恶无比的东西,东西,人类,OB,物体,HM,人体,1,具体→具体,1192,1.0,,,,,,,0.4,,0.22,2
xb_02994,精神,好的,好的,精神,ST,结构,TH,思维,3,抽象→抽象,990,0.9738,,,,,,,0.3895,,0.2142,2
xb_02995,磨房里的磨倌,寂寞的,寂寞,磨倌,EM,情感,HM,人体,4,抽象→具体,134,0.6924,,,,,,,0.277,,0.1523,1
xb_02996,河,馋的,馋的,河,EM,情感,NT,自然,4,抽象→具体,134,0.6924,,,,,,,0.277,,0.1523,1
xb_02997,大人,大耗子,大耗子,大人,LV,生命,HM,人体,1,具体→具体,263,0.7871,,,,,,,0.3148,,0.1732,1
xb_02998,男人,严凉的人类,人类,男人,ST,结构,HM,人体,1,具体→具体,990,0.9738,,,,,,,0.3895,,0.2142,2
xb_02999,人生,幸福的,幸福,人生,EM,情感,LF,光线,3,抽象→抽象,134,0.6924,,,,,,,0.277,,0.1523,1
xb_03000,好事,无常的,无常,好事,ST,结构,EV,事件,3,抽象→抽象,990,0.9738,,,,,,,0.3895,,0.2142,2
xb_03001,她的心,善良的,善良,心,ST,结构,EM,情感,2,具体→抽象,990,0.9738,,,,,,,0.3895,,0.2142,2
xb_03002,做贼,不得已的,不得已,做贼,LV,生命,HM,人体,3,抽象→抽象,263,0.7871,,,,,,,0.3148,,0.1732,1
xb_03003,做贼,不得已的,不得已,做贼,OB,物体,CM,通讯,3,抽象→抽象,1192,1.0,,,,,,,0.4,,0.22,2
xb_03004,做贼,不得已的,不得已,做贼,ST,结构,NT,自然,3,抽象→抽象,990,0.9738,,,,,,,0.3895,,0.2142,2
xb_03005,做贼,不得已的,不得已,做贼,HM,人体,HM,人体,3,抽象→抽象,1099,0.9885,,,,,,,0.3954,,0.2175,2
xb_03006,做贼,不得已的,不得已,做贼,ST,结构,BD,建筑,3,抽象→抽象,990,0.9738,,,,,,,0.3895,,0.2142,2
xb_03007,笑声,明朗的,明朗,笑声,ST,结构,SN,感知,3,抽象→抽象,990,0.9738,,,,,,,0.3895,,0.2142,2
xb_03008,做贼,不得已的,不得已,做贼,ST,结构,EV,事件,3,抽象→抽象,990,0.9738,,,,,,,0.3895,,0.2142,2
xb_03009,母亲,最好的心理医师,医师,母亲,HM,人体,HM,人体,1,具体→具体,1099,0.9885,,,,,,,0.3954,,0.2175,2
xb_03010,她的手,温暖的,温暖,手,ST,结构,BD,建筑,4,抽象→具体,990,0.9738,,,,,,,0.3895,,0.2142,2
xb_03011,北边的风,寒冷的,寒冷,风,ST,结构,NT,自然,4,抽象→具体,990,0.9738,,,,,,,0.3895,,0.2142,2
xb_03012,圆,运动,运动,圆,SP,空间,SP,空间,3,抽象→抽象,203,0.7507,,,,,,,0.3003,,0.1652,1
xb_03013,妇人,静不下的身子,身子,妇人,BD,建筑,HM,人体,1,具体→具体,221,0.7626,,,,,,,0.3051,,0.1678,1
xb_03014,她骨子里,穷命,穷命,骨子里,LF,光线,HM,人体,2,具体→抽象,8,0.3102,,,,,,,0.1241,,0.0682,1
xb_03015,人,繁殖最多的种族之一种,之一,人,ST,结构,HM,人体,1,具体→具体,990,0.9738,,,,,,,0.3895,,0.2142,2
xb_03016,孟云房,大谝,大谝,孟云房,HM,人体,HM,人体,1,具体→具体,1099,0.9885,,,,,,,0.3954,,0.2175,2
xb_03017,这鸽子,聪明东西,东西,鸽子,ST,结构,NT,自然,1,具体→具体,990,0.9738,,,,,,,0.3895,,0.2142,2
xb_03018,这块石头,高贵的,高贵,石头,ST,结构,OB,物体,4,抽象→具体,990,0.9738,,,,,,,0.3895,,0.2142,2
xb_03019,水,甜的,甜的,水,ST,结构,NT,自然,4,抽象→具体,990,0.9738,,,,,,,0.3895,,0.2142,2
xb_03020,眼光,绿的,绿的,眼光,ST,结构,BD,建筑,4,抽象→具体,990,0.9738,,,,,,,0.3895,,0.2142,2
xb_03021,血,臭的,臭的,血,ST,结构,BD,建筑,4,抽象→具体,990,0.9738,,,,,,,0.3895,,0.2142,2
xb_03022,人,苦虫,苦虫,人,NT,自然,HM,人体,1,具体→具体,184,0.7369,,,,,,,0.2948,,0.1621,1
xb_03023,母土,热的,热的,母土,ST,结构,NT,自然,3,抽象→抽象,990,0.9738,,,,,,,0.3895,,0.2142,2
xb_03024,风,清的,清的,风,ST,结构,NT,自然,2,具体→抽象,990,0.9738,,,,,,,0.3895,,0.2142,2
xb_03025,爱情,甜蜜的,甜蜜,爱情,ST,结构,EM,情感,3,抽象→抽象,990,0.9738,,,,,,,0.3895,,0.2142,2
xb_03026,黑色,美丽的,美丽,黑色,ST,结构,SN,感知,3,抽象→抽象,990,0.9738,,,,,,,0.3895,,0.2142,2
xb_03027,王满银骨子里,胆小的人,人,骨子里,EM,情感,HM,人体,4,抽象→具体,134,0.6924,,,,,,,0.277,,0.1523,1
xb_03028,战争,和平的敌人,敌人,战争,HM,人体,AB,抽象,3,抽象→抽象,1099,0.9885,,,,,,,0.3954,,0.2175,2
xb_03029,眼睛,黑得怕人,怕人,眼睛,ST,结构,BD,建筑,4,抽象→具体,990,0.9738,,,,,,,0.3895,,0.2142,2
xb_03030,脸色,惨白的,惨白,脸色,ST,结构,BD,建筑,4,抽象→具体,990,0.9738,,,,,,,0.3895,,0.2142,2
xb_03031,湖水,混浊得无言可喻的了,无言可喻,湖水,ST,结构,NT,自然,4,抽象→具体,990,0.9738,,,,,,,0.3895,,0.2142,2
xb_03032,声音,宏亮的长沙调,长沙,声音,ST,结构,SN,感知,3,抽象→抽象,990,0.9738,,,,,,,0.3895,,0.2142,2
xb_03033,真正的幽默,能反躬自笑的,反躬自笑,幽默,ST,结构,TH,思维,3,抽象→抽象,990,0.9738,,,,,,,0.3895,,0.2142,2
xb_03034,法国人的思想,有名的清楚,清楚,思想,ST,结构,TH,思维,3,抽象→抽象,990,0.9738,,,,,,,0.3895,,0.2142,2
xb_03035,他们的美德,公道,公道,美德,MR,机器,MR,机器,3,抽象→抽象,123,0.6804,,,,,,,0.2722,,0.1497,1
xb_03036,世界,小,小,世界,SP,空间,AB,抽象,2,具体→抽象,203,0.7507,,,,,,,0.3003,,0.1652,1
xb_03037,空气,湿的,湿的,空气,ST,结构,NT,自然,4,抽象→具体,990,0.9738,,,,,,,0.3895,,0.2142,2
xb_03038,妻子的话,甜的,甜的,妻子,ST,结构,CM,通讯,3,抽象→抽象,990,0.9738,,,,,,,0.3895,,0.2142,2
xb_03039,离别的泪,苦的,苦的,泪,ST,结构,BD,建筑,4,抽象→具体,990,0.9738,,,,,,,0.3895,,0.2142,2
xb_03040,重逢的泪,甜的,甜的,泪,ST,结构,BD,建筑,4,抽象→具体,990,0.9738,,,,,,,0.3895,,0.2142,2
xb_03041,春天的雨,热情的,热情,雨,ST,结构,NT,自然,4,抽象→具体,990,0.9738,,,,,,,0.3895,,0.2142,2
xb_03042,姓名,神圣的,神圣,姓名,ST,结构,AB,抽象,3,抽象→抽象,990,0.9738,,,,,,,0.3895,,0.2142,2
xb_03043,世界,公平的,公平,世界,ST,结构,AB,抽象,3,抽象→抽象,990,0.9738,,,,,,,0.3895,,0.2142,2
xb_03044,雪山,有神的,有神,雪山,ST,结构,NT,自然,4,抽象→具体,990,0.9738,,,,,,,0.3895,,0.2142,2
xb_03045,空气,动人的,动人,空气,ST,结构,NT,自然,4,抽象→具体,990,0.9738,,,,,,,0.3895,,0.2142,2
xb_03046,水,漂亮的,漂亮,水,ST,结构,NT,自然,4,抽象→具体,990,0.9738,,,,,,,0.3895,,0.2142,2
xb_03047,后边的日子,整洁的,整洁,日子,ST,结构,TM,时间,3,抽象→抽象,990,0.9738,,,,,,,0.3895,,0.2142,2
xb_03048,人本,自由的鸟儿,鸟儿,人本,LV,生命,HM,人体,1,具体→具体,263,0.7871,,,,,,,0.3148,,0.1732,1
xb_03049,这教训,严厉的,的,教训,ST,结构,TH,思维,3,抽象→抽象,990,0.9738,,,,,,,0.3895,,0.2142,2
xb_03050,阿炳的耳朵,了不起的,了不起,耳朵,ST,结构,BD,建筑,4,抽象→具体,990,0.9738,,,,,,,0.3895,,0.2142,2
xb_03051,第一次,香甜的,香甜,第一,ST,结构,TM,时间,3,抽象→抽象,990,0.9738,,,,,,,0.3895,,0.2142,2
xb_03052,运气,神秘的东西,东西,运气,OB,物体,AB,抽象,2,具体→抽象,1192,1.0,,,,,,,0.4,,0.22,2
xb_03053,罪孽,甜蜜的,甜蜜,罪孽,ST,结构,MR,机器,3,抽象→抽象,990,0.9738,,,,,,,0.3895,,0.2142,2
xb_03054,海,平静的,平静,海,ST,结构,NT,自然,4,抽象→具体,990,0.9738,,,,,,,0.3895,,0.2142,2
xb_03055,这,真正的爱,爱,这,EM,情感,EM,情感,3,抽象→抽象,134,0.6924,,,,,,,0.277,,0.1523,1
xb_03056,这一强烈的爱情,可怕的，而且是危险的,危险,爱情,ST,结构,EM,情感,3,抽象→抽象,990,0.9738,,,,,,,0.3895,,0.2142,2
xb_03057,我们的事业,神圣的、正义的,正义,事业,ST,结构,SC,社会,3,抽象→抽象,990,0.9738,,,,,,,0.3895,,0.2142,2
xb_03058,这些新思想,严肃而热情的,严肃,思想,ST,结构,TH,思维,3,抽象→抽象,990,0.9738,,,,,,,0.3895,,0.2142,2
xb_03059,水中动物的种类,最多的,最多,种类,ST,结构,AB,抽象,3,抽象→抽象,990,0.9738,,,,,,,0.3895,,0.2142,2
xb_03060,彩虹汽水,危险的饮料,饮料,汽水,OB,物体,OB,物体,1,具体→具体,1192,1.0,,,,,,,0.4,,0.22,2
xb_03061,顾虑,多余的,多余,顾虑,ST,结构,TH,思维,3,抽象→抽象,990,0.9738,,,,,,,0.3895,,0.2142,2
xb_03062,想法,一样的,的,想法,ST,结构,TH,思维,3,抽象→抽象,990,0.9738,,,,,,,0.3895,,0.2142,2
xb_03063,行为,不对的,不对,行为,ST,结构,HM,人体,3,抽象→抽象,990,0.9738,,,,,,,0.3895,,0.2142,2
xb_03064,事物,良好生活的基本条件,条件,事物,AB,抽象,AB,抽象,3,抽象→抽象,515,0.8817,,,,,,,0.3527,,0.194,1
xb_03065,理性,完全真空的,真空,理性,SP,空间,TH,思维,2,具体→抽象,203,0.7507,,,,,,,0.3003,,0.1652,1
xb_03066,人,神圣的,神圣,人,ST,结构,HM,人体,4,抽象→具体,990,0.9738,,,,,,,0.3895,,0.2142,2
xb_03067,镜子,可怕的,可怕,镜子,ST,结构,OB,物体,4,抽象→具体,990,0.9738,,,,,,,0.3895,,0.2142,2
xb_03068,大自然,神圣的,神圣,大自然,ST,结构,NT,自然,4,抽象→具体,990,0.9738,,,,,,,0.3895,,0.2142,2
xb_03069,某件事情,真实的,真实,事情,ST,结构,EV,事件,3,抽象→抽象,990,0.9738,,,,,,,0.3895,,0.2142,2
xb_03070,怀疑一切事物,可能的,可能,事物,ST,结构,TH,思维,3,抽象→抽象,990,0.9738,,,,,,,0.3895,,0.2142,2
xb_03071,感觉与思维,不同的,不同,思维,ST,结构,TH,思维,3,抽象→抽象,990,0.9738,,,,,,,0.3895,,0.2142,2
xb_03072,物质世界,真实的,真实,世界,ST,结构,AB,抽象,3,抽象→抽象,990,0.9738,,,,,,,0.3895,,0.2142,2
xb_03073,事情,真的,真的,事情,ST,结构,EV,事件,3,抽象→抽象,990,0.9738,,,,,,,0.3895,,0.2142,2
xb_03074,因果律,绝对的,绝对,果律,ST,结构,AB,抽象,3,抽象→抽象,990,0.9738,,,,,,,0.3895,,0.2142,2
xb_03075,玩具熊,活的,活的,熊,LV,生命,OB,物体,4,抽象→具体,263,0.7871,,,,,,,0.3148,,0.1732,1
xb_03076,真理,主观的,主观,真理,ST,结构,AB,抽象,3,抽象→抽象,990,0.9738,,,,,,,0.3895,,0.2142,2
xb_03077,生命,漫长的,漫长,生命,ST,结构,LV,生命,3,抽象→抽象,990,0.9738,,,,,,,0.3895,,0.2142,2
xb_03078,事,偶然的,偶然,事,ST,结构,EV,事件,3,抽象→抽象,990,0.9738,,,,,,,0.3895,,0.2142,2
xb_03079,道理,正确的,正确,道理,ST,结构,AB,抽象,3,抽象→抽象,990,0.9738,,,,,,,0.3895,,0.2142,2
xb_03080,性的冲动,危险的,危险,冲动,ST,结构,EM,情感,3,抽象→抽象,990,0.9738,,,,,,,0.3895,,0.2142,2
xb_03081,战争,真的,真的,战争,ST,结构,EV,事件,3,抽象→抽象,990,0.9738,,,,,,,0.3895,,0.2142,2
xb_03082,人,渺小的,渺小,人,ST,结构,HM,人体,4,抽象→具体,990,0.9738,,,,,,,0.3895,,0.2142,2
xb_03083,地球,平的,平的,地球,ST,结构,NT,自然,4,抽象→具体,990,0.9738,,,,,,,0.3895,,0.2142,2
xb_03084,全体动物,平等的,平等,动物,ST,结构,LV,生命,4,抽象→具体,990,0.9738,,,,,,,0.3895,,0.2142,2
xb_03085,俱乐部会员,神圣不可亵渎的,亵渎,会员,ST,结构,HM,人体,4,抽象→具体,990,0.9738,,,,,,,0.3895,,0.2142,2
xb_03086,金钱,宝贵的,的,金钱,ST,结构,EC,经济,3,抽象→抽象,990,0.9738,,,,,,,0.3895,,0.2142,2
xb_03087,爱情,甜蜜的,甜蜜,爱情,ST,结构,EM,情感,3,抽象→抽象,990,0.9738,,,,,,,0.3895,,0.2142,2
xb_03088,猪,英勇的战士,战士,猪,HM,人体,LV,生命,1,具体→具体,1099,0.9885,,,,,,,0.3954,,0.2175,2
xb_03089,歌,甜蜜的,甜蜜,歌,ST,结构,CM,通讯,3,抽象→抽象,990,0.9738,,,,,,,0.3895,,0.2142,2
xb_03090,肉,充足的,充足,肉,ST,结构,FD,食物,4,抽象→具体,990,0.9738,,,,,,,0.3895,,0.2142,2
xb_03091,国土,死亡之地,地,国土,SP,空间,SP,空间,1,具体→具体,203,0.7507,,,,,,,0.3003,,0.1652,1
xb_03092,女人,绝对禁忌,禁忌,女人,AB,抽象,HM,人体,4,抽象→具体,515,0.8817,,,,,,,0.3527,,0.194,1
xb_03093,地铁,悲哀的,悲哀,地铁,EM,情感,OB,物体,4,抽象→具体,134,0.6924,,,,,,,0.277,,0.1523,1
xb_03094,心,黑的,黑的,心,SN,感知,TH,思维,2,具体→抽象,146,0.7044,,,,,,,0.2818,,0.155,1
xb_03095,命运,自由的,自由,命运,ST,结构,AB,抽象,3,抽象→抽象,990,0.9738,,,,,,,0.3895,,0.2142,2
xb_03096,人生,可笑的,的,人生,ST,结构,AB,抽象,3,抽象→抽象,990,0.9738,,,,,,,0.3895,,0.2142,2
xb_03097,情感,真实的,真实,情感,ST,结构,EM,情感,3,抽象→抽象,990,0.9738,,,,,,,0.3895,,0.2142,2
xb_03098,心,善良的,善良,心,ST,结构,TH,思维,2,具体→抽象,990,0.9738,,,,,,,0.3895,,0.2142,2
xb_03099,上帝,仁慈的,仁慈,上帝,ST,结构,HM,人体,3,抽象→抽象,990,0.9738,,,,,,,0.3895,,0.2142,2
xb_03100,上帝,沉默的,沉默,上帝,ST,结构,HM,人体,3,抽象→抽象,990,0.9738,,,,,,,0.3895,,0.2142,2
xb_03101,上帝,慈祥的,慈祥,上帝,ST,结构,HM,人体,3,抽象→抽象,990,0.9738,,,,,,,0.3895,,0.2142,2
xb_03102,上帝的手,沉重的,沉重,手,ST,结构,BD,建筑,4,抽象→具体,990,0.9738,,,,,,,0.3895,,0.2142,2
xb_03103,上帝,骗子,骗子,上帝,HM,人体,HM,人体,1,具体→具体,1099,0.9885,,,,,,,0.3954,,0.2175,2
xb_03104,人,自由的,自由,人,ST,结构,HM,人体,4,抽象→具体,990,0.9738,,,,,,,0.3895,,0.2142,2
xb_03105,教会,工具,工具,教会,OB,物体,SC,社会,2,具体→抽象,1192,1.0,,,,,,,0.4,,0.22,2
xb_03106,信仰,盲目的,盲目,信仰,ST,结构,TH,思维,3,抽象→抽象,990,0.9738,,,,,,,0.3895,,0.2142,2
xb_03107,地球,活的,活的,地球,LV,生命,NT,自然,4,抽象→具体,263,0.7871,,,,,,,0.3148,,0.1732,1
xb_03108,爱情,伟大的,伟大,爱情,ST,结构,EM,情感,3,抽象→抽象,990,0.9738,,,,,,,0.3895,,0.2142,2
xb_03109,黄厅,一部回忆录,回忆录,黄厅,CM,通讯,SP,空间,1,具体→具体,7,0.2935,,,,,,,0.1174,,0.0646,1
xb_03110,灵魂,崇高的,崇高,灵魂,ST,结构,TH,思维,3,抽象→抽象,990,0.9738,,,,,,,0.3895,,0.2142,2
xb_03111,教区,榨苹果汁的作坊,作坊,教区,SP,空间,SC,社会,2,具体→抽象,203,0.7507,,,,,,,0.3003,,0.1652,1
xb_03112,泪水,苦涩的,的,泪水,SN,感知,BD,建筑,4,抽象→具体,146,0.7044,,,,,,,0.2818,,0.155,1
xb_03113,灵魂,一顿大餐,大餐,灵魂,FD,食物,TH,思维,2,具体→抽象,46,0.5435,,,,,,,0.2174,,0.1196,1
xb_03114,感情,危险的,危险,感情,ST,结构,EM,情感,3,抽象→抽象,990,0.9738,,,,,,,0.3895,,0.2142,2
xb_03115,天空,恬静的,恬静,天空,ST,结构,NT,自然,4,抽象→具体,990,0.9738,,,,,,,0.3895,,0.2142,2
xb_03116,房间,温馨亲切的,温馨,房间,ST,结构,SP,空间,4,抽象→具体,990,0.9738,,,,,,,0.3895,,0.2142,2
xb_03117,爱情,盲目的,盲目,爱情,ST,结构,EM,情感,3,抽象→抽象,990,0.9738,,,,,,,0.3895,,0.2142,2
xb_03118,希望,疯狂的,疯狂,希望,ST,结构,EM,情感,3,抽象→抽象,990,0.9738,,,,,,,0.3895,,0.2142,2
xb_03119,情感,可耻的,可耻,情感,ST,结构,EM,情感,3,抽象→抽象,990,0.9738,,,,,,,0.3895,,0.2142,2
xb_03120,丈夫,多余的,多余,丈夫,ST,结构,HM,人体,4,抽象→具体,990,0.9738,,,,,,,0.3895,,0.2142,2
xb_03121,负担,轻的,轻的,负担,ST,结构,AB,抽象,3,抽象→抽象,990,0.9738,,,,,,,0.3895,,0.2142,2
xb_03122,思想,崇高的,崇高,思想,ST,结构,TH,思维,3,抽象→抽象,990,0.9738,,,,,,,0.3895,,0.2142,2
xb_03123,荣誉,宝贵的,的,荣誉,ST,结构,MR,机器,3,抽象→抽象,990,0.9738,,,,,,,0.3895,,0.2142,2
xb_03124,尾巴,悲伤的,悲伤,尾巴,EM,情感,BD,建筑,4,抽象→具体,134,0.6924,,,,,,,0.277,,0.1523,1
xb_03125,槌球,活刺猬,活刺,槌球,LV,生命,OB,物体,1,具体→具体,263,0.7871,,,,,,,0.3148,,0.1732,1
xb_03126,王国,无情和吝啬的,吝啬,王国,ST,结构,SC,社会,3,抽象→抽象,990,0.9738,,,,,,,0.3895,,0.2142,2
xb_03127,道路,漫长而艰巨的,漫长,道路,ST,结构,SP,空间,4,抽象→具体,990,0.9738,,,,,,,0.3895,,0.2142,2
xb_03128,旅途,寂寞的,寂寞,旅途,ST,结构,EV,事件,3,抽象→抽象,990,0.9738,,,,,,,0.3895,,0.2142,2
xb_03129,野心,崇高的,崇高,野心,ST,结构,EM,情感,3,抽象→抽象,990,0.9738,,,,,,,0.3895,,0.2142,2
xb_03130,得罪一个好房客,愚蠢的,愚蠢,房客,ST,结构,HM,人体,3,抽象→抽象,990,0.9738,,,,,,,0.3895,,0.2142,2
xb_03131,掉眼泪,可耻的,可耻,眼泪,ST,结构,HM,人体,3,抽象→抽象,990,0.9738,,,,,,,0.3895,,0.2142,2
xb_03132,身份,高贵的,高贵,身份,ST,结构,SC,社会,3,抽象→抽象,990,0.9738,,,,,,,0.3895,,0.2142,2
xb_03133,信仰,虚弱的,虚弱,信仰,ST,结构,TH,思维,3,抽象→抽象,990,0.9738,,,,,,,0.3895,,0.2142,2
xb_03134,一本好书,最好的朋友,朋友,书,HM,人体,CM,通讯,1,具体→具体,1099,0.9885,,,,,,,0.3954,,0.2175,2
xb_03135,把钱还给他们的想法,荒唐的,荒唐,想法,ST,结构,TH,思维,3,抽象→抽象,990,0.9738,,,,,,,0.3895,,0.2142,2
xb_03136,相信上帝,幼稚行为,行为,上帝,HM,人体,HM,人体,3,抽象→抽象,1099,0.9885,,,,,,,0.3954,,0.2175,2
xb_03137,回归地球,甜美的,甜美,地球,ST,结构,EV,事件,3,抽象→抽象,990,0.9738,,,,,,,0.3895,,0.2142,2
xb_03138,道路,漫长的,漫长,道路,ST,结构,SP,空间,4,抽象→具体,990,0.9738,,,,,,,0.3895,,0.2142,2
xb_03139,爱情,绝对的献身,献身,爱情,HM,人体,EM,情感,3,抽象→抽象,1099,0.9885,,,,,,,0.3954,,0.2175,2
xb_03140,雪人,活的,活的,雪人,LV,生命,OB,物体,4,抽象→具体,263,0.7871,,,,,,,0.3148,,0.1732,1
xb_03141,复杂的最终境界,简单,简单,境界,ST,结构,AB,抽象,3,抽象→抽象,990,0.9738,,,,,,,0.3895,,0.2142,2
xb_03142,上帝,公正的,公正,上帝,ST,结构,HM,人体,3,抽象→抽象,990,0.9738,,,,,,,0.3895,,0.2142,2
xb_03143,河,全个自然的母亲,母亲,河,HM,人体,NT,自然,1,具体→具体,1099,0.9885,,,,,,,0.3954,,0.2175,2
xb_03144,没有一样东西,真实的,真实,东西,ST,结构,OB,物体,4,抽象→具体,990,0.9738,,,,,,,0.3895,,0.2142,2
xb_03145,时间,缓慢的,缓慢,时间,ST,结构,TM,时间,3,抽象→抽象,990,0.9738,,,,,,,0.3895,,0.2142,2
xb_03146,我的意志,坚定的,坚定,意志,ST,结构,TH,思维,3,抽象→抽象,990,0.9738,,,,,,,0.3895,,0.2142,2
xb_03147,生活,悲惨的,悲惨,生活,ST,结构,AB,抽象,3,抽象→抽象,990,0.9738,,,,,,,0.3895,,0.2142,2
xb_03148,我们的律法,慈祥的,慈祥,律法,ST,结构,SC,社会,3,抽象→抽象,990,0.9738,,,,,,,0.3895,,0.2142,2
xb_03149,只有一条路,安全的,安全,路,ST,结构,SP,空间,4,抽象→具体,990,0.9738,,,,,,,0.3895,,0.2142,2
xb_03150,英国的人民,好斗的民族,民族,人民,HM,人体,SC,社会,1,具体→具体,1099,0.9885,,,,,,,0.3954,,0.2175,2
xb_03151,老天,公正的,公正,老天,ST,结构,HM,人体,3,抽象→抽象,990,0.9738,,,,,,,0.3895,,0.2142,2
xb_03152,真正的激情,自私的,自私,激情,ST,结构,EM,情感,3,抽象→抽象,990,0.9738,,,,,,,0.3895,,0.2142,2
xb_03153,舆论,可怕的,可怕,舆论,ST,结构,SC,社会,3,抽象→抽象,990,0.9738,,,,,,,0.3895,,0.2142,2
xb_03154,真理,严峻的,严峻,真理,ST,结构,AB,抽象,3,抽象→抽象,990,0.9738,,,,,,,0.3895,,0.2142,2
xb_03155,人的意志,强大的,强大,意志,ST,结构,TH,思维,3,抽象→抽象,990,0.9738,,,,,,,0.3895,,0.2142,2
xb_03156,这条大道,全印度的背脊骨,背脊,大道,BD,建筑,SP,空间,1,具体→具体,221,0.7626,,,,,,,0.3051,,0.1678,1
xb_03157,惠理子,一个巨大的存在,存在,惠理子,AB,抽象,HM,人体,4,抽象→具体,515,0.8817,,,,,,,0.3527,,0.194,1
xb_03158,人,孤独的,孤独,人,EM,情感,HM,人体,4,抽象→具体,134,0.6924,,,,,,,0.277,,0.1523,1
xb_03159,这个男人,完美的形体与巨大的力量的化身,化身,男人,AB,抽象,HM,人体,4,抽象→具体,515,0.8817,,,,,,,0.3527,,0.194,1
xb_03160,规律,必要的,必要,规律,ST,结构,AB,抽象,3,抽象→抽象,990,0.9738,,,,,,,0.3895,,0.2142,2
xb_03161,艺术,理想的升华之物,物,艺术,AB,抽象,CM,通讯,3,抽象→抽象,515,0.8817,,,,,,,0.3527,,0.194,1
xb_03162,爱情,甜蜜的,甜蜜,爱情,ST,结构,EM,情感,3,抽象→抽象,990,0.9738,,,,,,,0.3895,,0.2142,2
xb_03163,这个国度,文明的耻辱,耻辱,国度,MR,机器,SC,社会,3,抽象→抽象,123,0.6804,,,,,,,0.2722,,0.1497,1
xb_03164,我的心,麻木的,的,心,ST,结构,TH,思维,3,抽象→抽象,990,0.9738,,,,,,,0.3895,,0.2142,2
xb_03165,知识,自由的,自由,知识,ST,结构,TH,思维,3,抽象→抽象,990,0.9738,,,,,,,0.3895,,0.2142,2
xb_03166,我们的意志,自由的,自由,意志,ST,结构,TH,思维,3,抽象→抽象,990,0.9738,,,,,,,0.3895,,0.2142,2
xb_03167,骑士小说,有害的,有害,小说,ST,结构,CM,通讯,3,抽象→抽象,990,0.9738,,,,,,,0.3895,,0.2142,2
xb_03168,我的轭,软和的,软和,轭,ST,结构,OB,物体,4,抽象→具体,990,0.9738,,,,,,,0.3895,,0.2142,2
xb_03169,幸福,忘记自己,忘记,幸福,HM,人体,EM,情感,3,抽象→抽象,1099,0.9885,,,,,,,0.3954,,0.2175,2
xb_03170,花儿残留的芬芳,生命所留在记忆中的形象,形象,芬芳,AB,抽象,SN,感知,4,抽象→具体,515,0.8817,,,,,,,0.3527,,0.194,1
xb_03171,大地,迷人的母亲,母亲,大地,HM,人体,NT,自然,1,具体→具体,1099,0.9885,,,,,,,0.3954,,0.2175,2
xb_03172,共和国的原则,平等,平等,原则,AB,抽象,AB,抽象,3,抽象→抽象,515,0.8817,,,,,,,0.3527,,0.194,1
xb_03173,宗教,自由的源泉,源泉,宗教,NT,自然,SC,社会,2,具体→抽象,184,0.7369,,,,,,,0.2948,,0.1621,1
xb_03174,宗教思想,自由的基础,基础,思想,OB,物体,TH,思维,2,具体→抽象,1192,1.0,,,,,,,0.4,,0.22,2
xb_03175,黑夜,年轻的,年轻,黑夜,ST,结构,TM,时间,3,抽象→抽象,990,0.9738,,,,,,,0.3895,,0.2142,2
xb_03176,处女,神秘的鲜花,鲜花,处女,NT,自然,HM,人体,1,具体→具体,184,0.7369,,,,,,,0.2948,,0.1621,1
xb_03178,爱情,自私的,自私,爱情,ST,结构,EM,情感,3,抽象→抽象,990,0.9738,,,,,,,0.3895,,0.2142,2
xb_03179,自己所爱的女人,神圣的,神圣,女人,ST,结构,HM,人体,4,抽象→具体,990,0.9738,,,,,,,0.3895,,0.2142,2
xb_03180,爱情,幸福的源泉,源泉,爱情,NT,自然,EM,情感,2,具体→抽象,184,0.7369,,,,,,,0.2948,,0.1621,1
xb_03181,时间,宝贵的,的,时间,ST,结构,TM,时间,3,抽象→抽象,990,0.9738,,,,,,,0.3895,,0.2142,2
xb_03182,人,复杂的,的,人,ST,结构,HM,人体,4,抽象→具体,990,0.9738,,,,,,,0.3895,,0.2142,2
xb_03183,我们的大会,神圣的,神圣,大会,ST,结构,EV,事件,2,具体→抽象,990,0.9738,,,,,,,0.3895,,0.2142,2
xb_03184,新血统,宝贵的,的,血统,ST,结构,AB,抽象,2,具体→抽象,990,0.9738,,,,,,,0.3895,,0.2142,2
xb_03185,核武器,绝对的罪恶,罪恶,核武器,MR,机器,OB,物体,4,抽象→具体,123,0.6804,,,,,,,0.2722,,0.1497,1
xb_03186,世界,荒谬的,荒谬,世界,ST,结构,AB,抽象,3,抽象→抽象,990,0.9738,,,,,,,0.3895,,0.2142,2
xb_03187,女人,人类智慧当中一个灿烂的光点,光点,女人,SN,感知,HM,人体,1,具体→具体,146,0.7044,,,,,,,0.2818,,0.155,1
xb_03188,这两个淘气的男孩,大罪人了,大罪人,男孩,HM,人体,HM,人体,1,具体→具体,1099,0.9885,,,,,,,0.3954,,0.2175,2
xb_03189,人,自己的幸福的创造者,创造者,人,HM,人体,HM,人体,1,具体→具体,1099,0.9885,,,,,,,0.3954,,0.2175,2
xb_03190,我们的工作目标,神圣的,神圣,目标,ST,结构,AB,抽象,3,抽象→抽象,990,0.9738,,,,,,,0.3895,,0.2142,2
xb_03191,血,神圣的东西,东西,血,OB,物体,BD,建筑,4,抽象→具体,1192,1.0,,,,,,,0.4,,0.22,2
xb_03192,诗,神圣的语言,语言,诗,CM,通讯,CM,通讯,3,抽象→抽象,7,0.2935,,,,,,,0.1174,,0.0646,1
xb_03193,不知道真相的人,幸福的,幸福,人,EM,情感,HM,人体,4,抽象→具体,134,0.6924,,,,,,,0.277,,0.1523,1
xb_03194,他们的心,相通的,的,心,ST,结构,TH,思维,3,抽象→抽象,990,0.9738,,,,,,,0.3895,,0.2142,2
xb_03195,女人,恶魔,恶魔,女人,HM,人体,HM,人体,1,具体→具体,1099,0.9885,,,,,,,0.3954,,0.2175,2
xb_03196,这话,真的,真的,这话,ST,结构,AB,抽象,3,抽象→抽象,990,0.9738,,,,,,,0.3895,,0.2142,2
xb_03197,那因缘,阴暗的东西,东西,因缘,OB,物体,AB,抽象,2,具体→抽象,1192,1.0,,,,,,,0.4,,0.22,2
xb_03198,父亲,平和的,平和,父亲,ST,结构,HM,人体,4,抽象→具体,990,0.9738,,,,,,,0.3895,,0.2142,2
xb_03199,后果,可悲的,可悲,后果,EM,情感,AB,抽象,3,抽象→抽象,134,0.6924,,,,,,,0.277,,0.1523,1
xb_03200,上帝,善良的,善良,上帝,ST,结构,HM,人体,3,抽象→抽象,990,0.9738,,,,,,,0.3895,,0.2142,2
xb_03201,警察,无能的,无能,警察,ST,结构,HM,人体,4,抽象→具体,990,0.9738,,,,,,,0.3895,,0.2142,2
xb_03202,老天爷,公平的,公平,老天爷,ST,结构,HM,人体,3,抽象→抽象,990,0.9738,,,,,,,0.3895,,0.2142,2
xb_03203,我的动机,神圣的,神圣,动机,ST,结构,TH,思维,3,抽象→抽象,990,0.9738,,,,,,,0.3895,,0.2142,2
xb_03204,这个年轻人,无辜的,无辜,年轻人,ST,结构,HM,人体,4,抽象→具体,990,0.9738,,,,,,,0.3895,,0.2142,2
xb_03205,诗,圣洁的东西,东西,诗,OB,物体,CM,通讯,2,具体→抽象,1192,1.0,,,,,,,0.4,,0.22,2
xb_03206,你的妻子,清白的,清白,妻子,ST,结构,HM,人体,4,抽象→具体,990,0.9738,,,,,,,0.3895,,0.2142,2
xb_03207,德·巴日东太太,清白的,清白,太太,ST,结构,HM,人体,4,抽象→具体,990,0.9738,,,,,,,0.3895,,0.2142,2
xb_03208,一条路,漫长的,漫长,路,ST,结构,SP,空间,4,抽象→具体,990,0.9738,,,,,,,0.3895,,0.2142,2
xb_03209,爱情,极大的虚荣,虚荣,爱情,EM,情感,EM,情感,3,抽象→抽象,134,0.6924,,,,,,,0.277,,0.1523,1
xb_03210,伯爵,优秀的骑手,骑手,伯爵,HM,人体,HM,人体,1,具体→具体,1099,0.9885,,,,,,,0.3954,,0.2175,2
xb_03211,社会的结构,好的,好的,结构,ST,结构,AB,抽象,3,抽象→抽象,990,0.9738,,,,,,,0.3895,,0.2142,2
xb_03212,这些事件,天大的喜讯,喜讯,事件,ST,结构,AB,抽象,3,抽象→抽象,990,0.9738,,,,,,,0.3895,,0.2142,2
xb_03213,懦怯的人的特点,卑劣,卑劣,特点,ST,结构,AB,抽象,3,抽象→抽象,990,0.9738,,,,,,,0.3895,,0.2142,2
xb_03214,这心灵,纯洁无瑕的,纯洁,心灵,ST,结构,TH,思维,3,抽象→抽象,990,0.9738,,,,,,,0.3895,,0.2142,2
xb_03215,金子,值钱的东西,东西,金子,OB,物体,OB,物体,1,具体→具体,1192,1.0,,,,,,,0.4,,0.22,2
xb_03216,伯爵的家庭,典型的英国式贵族家庭,家庭,家庭,SC,社会,SC,社会,1,具体→具体,81,0.622,,,,,,,0.2488,,0.1369,1
xb_03217,诽谤祖国,最坏的行为,行为,祖国,HM,人体,HM,人体,2,具体→抽象,1099,0.9885,,,,,,,0.3954,,0.2175,2
xb_03218,我的天性,温和的,温和,天性,ST,结构,TH,思维,3,抽象→抽象,990,0.9738,,,,,,,0.3895,,0.2142,2
xb_03219,雕塑,最高的艺术,艺术,雕塑,CM,通讯,CM,通讯,3,抽象→抽象,7,0.2935,,,,,,,0.1174,,0.0646,1
xb_03220,与男爵的关系,纯洁的,纯洁,关系,ST,结构,AB,抽象,3,抽象→抽象,990,0.9738,,,,,,,0.3895,,0.2142,2
xb_03221,这一回的周转不灵,短时间的,时间,不灵,ST,结构,EV,事件,3,抽象→抽象,990,0.9738,,,,,,,0.3895,,0.2142,2
xb_03222,我的话,不错的,不错,的话,ST,结构,AB,抽象,3,抽象→抽象,990,0.9738,,,,,,,0.3895,,0.2142,2
xb_03223,送信的人,可靠的,的,人,ST,结构,HM,人体,4,抽象→具体,990,0.9738,,,,,,,0.3895,,0.2142,2
xb_03224,大哥的话,不错的,不错,大哥,ST,结构,AB,抽象,3,抽象→抽象,990,0.9738,,,,,,,0.3895,,0.2142,2
xb_03225,我的日子,有限的了,了,日子,ST,结构,TM,时间,3,抽象→抽象,990,0.9738,,,,,,,0.3895,,0.2142,2
xb_03226,毁谤一个女人,卑鄙的,卑鄙,女人,ST,结构,HM,人体,3,抽象→抽象,990,0.9738,,,,,,,0.3895,,0.2142,2
xb_03227,瓦莱丽的话,真的,真的,瓦莱丽,ST,结构,AB,抽象,3,抽象→抽象,990,0.9738,,,,,,,0.3895,,0.2142,2
xb_03228,有一个人,无辜的,无辜,人,ST,结构,HM,人体,4,抽象→具体,990,0.9738,,,,,,,0.3895,,0.2142,2
xb_03229,他的行为,可耻的,可耻,行为,ST,结构,HM,人体,3,抽象→抽象,990,0.9738,,,,,,,0.3895,,0.2142,2
xb_03230,**表语** (predicate): 桃花心木的,未标注表语,标注,表语,OB,物体,AB,抽象,4,抽象→具体,1192,1.0,,,,,,,0.4,,0.22,2
xb_03231,她的病,假的,假的,病,ST,结构,BD,建筑,3,抽象→抽象,990,0.9738,,,,,,,0.3895,,0.2142,2
xb_03232,我的教训,惨重的,惨重,教训,ST,结构,TH,思维,3,抽象→抽象,990,0.9738,,,,,,,0.3895,,0.2142,2
xb_03233,看您的样子,坏,坏,样子,ST,结构,SN,感知,3,抽象→抽象,990,0.9738,,,,,,,0.3895,,0.2142,2
xb_03234,我朋友,无辜的,无辜,朋友,ST,结构,HM,人体,4,抽象→具体,990,0.9738,,,,,,,0.3895,,0.2142,2
xb_03235,橡木加铅皮的,最合适的,合适,加铅皮,ST,结构,OB,物体,4,抽象→具体,990,0.9738,,,,,,,0.3895,,0.2142,2
xb_03236,您的第一个愿望,平凡的,平凡,愿望,ST,结构,TH,思维,3,抽象→抽象,990,0.9738,,,,,,,0.3895,,0.2142,2
xb_03237,这种景象,动人的,动人,景象,ST,结构,SN,感知,3,抽象→抽象,990,0.9738,,,,,,,0.3895,,0.2142,2
xb_03238,水,浑的,浑的,水,ST,结构,NT,自然,4,抽象→具体,990,0.9738,,,,,,,0.3895,,0.2142,2
xb_03239,这个女人,高傲的,高傲,女人,ST,结构,HM,人体,4,抽象→具体,990,0.9738,,,,,,,0.3895,,0.2142,2
xb_03240,我的爱情,普通的爱情,爱情,爱情,EM,情感,EM,情感,3,抽象→抽象,134,0.6924,,,,,,,0.277,,0.1523,1
xb_03241,疾病,偶然的事,事,疾病,EV,事件,BD,建筑,3,抽象→抽象,121,0.6781,,,,,,,0.2713,,0.1492,1
xb_03242,这个机器,伟大的帕斯卡尔之所以受到我们崇拜的一个最好的凭证,凭证,机器,AB,抽象,OB,物体,2,具体→抽象,515,0.8817,,,,,,,0.3527,,0.194,1
xb_03243,它的作用,忠实地传送这力量,力量,作用,HM,人体,AB,抽象,3,抽象→抽象,1099,0.9885,,,,,,,0.3954,,0.2175,2
xb_03244,人的生命,有限的,的,生命,ST,结构,LV,生命,3,抽象→抽象,990,0.9738,,,,,,,0.3895,,0.2142,2
xb_03245,我的意见,清楚的,的,意见,ST,结构,TH,思维,3,抽象→抽象,990,0.9738,,,,,,,0.3895,,0.2142,2
xb_03246,你的心,纯洁的,纯洁,心,ST,结构,TH,思维,3,抽象→抽象,990,0.9738,,,,,,,0.3895,,0.2142,2
xb_03247,你的信用,不错的,不错,信用,ST,结构,AB,抽象,3,抽象→抽象,990,0.9738,,,,,,,0.3895,,0.2142,2
xb_03248,子爵夫人脸上的光辉,真爱情的表示,爱情,光辉,AB,抽象,SN,感知,2,具体→抽象,515,0.8817,,,,,,,0.3527,,0.194,1
xb_03249,他给的衣著费,不够的,不够,衣著费,ST,结构,EC,经济,3,抽象→抽象,990,0.9738,,,,,,,0.3895,,0.2142,2
xb_03250,他的性格,高尚的,高尚,性格,ST,结构,TH,思维,3,抽象→抽象,990,0.9738,,,,,,,0.3895,,0.2142,2
xb_03251,上帝,正直的,正直,上帝,ST,结构,HM,人体,3,抽象→抽象,990,0.9738,,,,,,,0.3895,,0.2142,2
xb_03252,她心,好的,好的,她心,ST,结构,TH,思维,3,抽象→抽象,990,0.9738,,,,,,,0.3895,,0.2142,2
xb_03253,她的世界观,阴暗的,阴暗,世界观,SN,感知,TH,思维,3,抽象→抽象,146,0.7044,,,,,,,0.2818,,0.155,1
xb_03254,灵感,严肃的工作状态,状态,灵感,ST,结构,TH,思维,3,抽象→抽象,990,0.9738,,,,,,,0.3895,,0.2142,2
xb_03255,渡船,热闹的集体农庄市场,市场,渡船,SP,空间,TR,交通,1,具体→具体,203,0.7507,,,,,,,0.3003,,0.1652,1
xb_03256,他的记忆力,稀有的,稀有,记忆力,ST,结构,TH,思维,3,抽象→抽象,990,0.9738,,,,,,,0.3895,,0.2142,2
xb_03257,作一个人,幸福的,幸福,人,EM,情感,HM,人体,3,抽象→抽象,134,0.6924,,,,,,,0.277,,0.1523,1
xb_03258,他的出发点,荒谬的,荒谬,出发点,ST,结构,AB,抽象,3,抽象→抽象,990,0.9738,,,,,,,0.3895,,0.2142,2
xb_03259,羞耻心,必要的,必要,心,ST,结构,EM,情感,3,抽象→抽象,990,0.9738,,,,,,,0.3895,,0.2142,2
xb_03260,人们的情绪,激动的,激动,情绪,ST,结构,EM,情感,3,抽象→抽象,990,0.9738,,,,,,,0.3895,,0.2142,2
xb_03261,线路,空着的,空着,线路,ST,结构,OB,物体,4,抽象→具体,990,0.9738,,,,,,,0.3895,,0.2142,2
xb_03262,舌头,软的,软的,舌头,ST,结构,BD,建筑,4,抽象→具体,990,0.9738,,,,,,,0.3895,,0.2142,2
xb_03263,风,斜着刮的,的,风,ST,结构,NT,自然,4,抽象→具体,990,0.9738,,,,,,,0.3895,,0.2142,2
xb_03264,天地,广阔的,广阔,天地,ST,结构,NT,自然,4,抽象→具体,990,0.9738,,,,,,,0.3895,,0.2142,2
xb_03265,地方,开阔的,开阔,地方,ST,结构,SP,空间,4,抽象→具体,990,0.9738,,,,,,,0.3895,,0.2142,2
xb_03266,架子,空着的,空着,架子,ST,结构,OB,物体,4,抽象→具体,990,0.9738,,,,,,,0.3895,,0.2142,2
xb_03267,公路,出名的,出名,公路,ST,结构,SP,空间,4,抽象→具体,990,0.9738,,,,,,,0.3895,,0.2142,2
xb_03268,精神,合法的,合法,精神,ST,结构,TH,思维,3,抽象→抽象,990,0.9738,,,,,,,0.3895,,0.2142,2
xb_03269,寻求真理的精神,合法的,合法,精神,ST,结构,TH,思维,3,抽象→抽象,990,0.9738,,,,,,,0.3895,,0.2142,2
xb_03270,这种战争,顽强而持久的,顽强,战争,ST,结构,EV,事件,3,抽象→抽象,990,0.9738,,,,,,,0.3895,,0.2142,2
xb_03271,上帝,仁慈的,仁慈,上帝,ST,结构,HM,人体,3,抽象→抽象,990,0.9738,,,,,,,0.3895,,0.2142,2
xb_03272,信赖理性的声音,愉快的,愉快,声音,EM,情感,SN,感知,3,抽象→抽象,134,0.6924,,,,,,,0.277,,0.1523,1
xb_03273,皮革,诚实的,诚实,皮革,ST,结构,OB,物体,4,抽象→具体,990,0.9738,,,,,,,0.3895,,0.2142,2
xb_03274,大脑,座宫殿,殿,大脑,SP,空间,BD,建筑,1,具体→具体,203,0.7507,,,,,,,0.3003,,0.1652,1
xb_03275,时间,宝贵的,的,时间,ST,结构,TM,时间,3,抽象→抽象,990,0.9738,,,,,,,0.3895,,0.2142,2
xb_03276,女人的心,复杂的,的,心,ST,结构,TH,思维,3,抽象→抽象,990,0.9738,,,,,,,0.3895,,0.2142,2
xb_03277,言辞,空洞的,空洞,言辞,ST,结构,AB,抽象,3,抽象→抽象,990,0.9738,,,,,,,0.3895,,0.2142,2
xb_03278,人的心肠,硬的,硬的,心肠,ST,结构,TH,思维,3,抽象→抽象,990,0.9738,,,,,,,0.3895,,0.2142,2
xb_03279,你的衣服,最好的鸟窝,鸟窝,衣服,NT,自然,OB,物体,1,具体→具体,184,0.7369,,,,,,,0.2948,,0.1621,1
xb_03280,松露,形状不定的黑色珠宝,珠宝,松露,OB,物体,FD,食物,1,具体→具体,1192,1.0,,,,,,,0.4,,0.22,2
xb_03281,时间,伟大的治疗师,治疗师,时间,HM,人体,TM,时间,4,抽象→具体,1099,0.9885,,,,,,,0.3954,,0.2175,2
xb_03282,科技,神奇的,神奇,科技,ST,结构,AB,抽象,3,抽象→抽象,990,0.9738,,,,,,,0.3895,,0.2142,2
xb_03283,人生,漫长的旅程,旅程,人生,SP,空间,LF,光线,2,具体→抽象,203,0.7507,,,,,,,0.3003,,0.1652,1
xb_03284,克利福的作品,底子里空无一物,里空无一物,作品,ST,结构,EV,事件,3,抽象→抽象,990,0.9738,,,,,,,0.3895,,0.2142,2
xb_03285,你的选择的本能,高尚的,高尚,本能,ST,结构,TH,思维,3,抽象→抽象,990,0.9738,,,,,,,0.3895,,0.2142,2
xb_03286,金钱,成功的象征,象征,金钱,AB,抽象,EC,经济,3,抽象→抽象,515,0.8817,,,,,,,0.3527,,0.194,1
xb_03287,她对他的剧本,空虚无物的,空虚,剧本,ST,结构,EM,情感,3,抽象→抽象,990,0.9738,,,,,,,0.3895,,0.2142,2
xb_03288,他的眼睛,温暖的，仁慈的,温暖,眼睛,ST,结构,BD,建筑,4,抽象→具体,990,0.9738,,,,,,,0.3895,,0.2142,2
xb_03289,这种感觉,危险的,危险,感觉,ST,结构,EM,情感,3,抽象→抽象,990,0.9738,,,,,,,0.3895,,0.2142,2
xb_03290,他的眼睛,冷酷的，险恶的,冷酷,眼睛,ST,结构,BD,建筑,4,抽象→具体,990,0.9738,,,,,,,0.3895,,0.2142,2
xb_03291,社会,恶毒的、半疯狂的野兽,野兽,社会,LV,生命,SC,社会,2,具体→抽象,263,0.7871,,,,,,,0.3148,,0.1732,1
xb_03292,中上阶级,坚韧的,坚韧,阶级,ST,结构,SC,社会,3,抽象→抽象,990,0.9738,,,,,,,0.3895,,0.2142,2
xb_03293,乡间景色,忧郁的,忧郁,景色,EM,情感,SN,感知,4,抽象→具体,134,0.6924,,,,,,,0.277,,0.1523,1
xb_03294,闲话,可怕的,可怕,闲话,EM,情感,SC,社会,3,抽象→抽象,134,0.6924,,,,,,,0.277,,0.1523,1
xb_03295,歇斯底里,危险的,危险,歇斯底里,ST,结构,EM,情感,3,抽象→抽象,990,0.9738,,,,,,,0.3895,,0.2142,2
xb_03296,贞洁,可爱的,可爱,贞洁,ST,结构,MR,机器,3,抽象→抽象,990,0.9738,,,,,,,0.3895,,0.2142,2
xb_03297,情境,怪异的,怪异,情境,ST,结构,AB,抽象,3,抽象→抽象,990,0.9738,,,,,,,0.3895,,0.2142,2
xb_03298,虹,个象征,象征,虹,AB,抽象,NT,自然,2,具体→抽象,515,0.8817,,,,,,,0.3527,,0.194,1
xb_03299,那对爱侣,快乐的,快乐,爱侣,ST,结构,HM,人体,2,具体→抽象,990,0.9738,,,,,,,0.3895,,0.2142,2
xb_03300,他的目光,明锐的,明锐,目光,ST,结构,SN,感知,2,具体→抽象,990,0.9738,,,,,,,0.3895,,0.2142,2
xb_03301,那种神气,虚伪的,虚伪,神气,ST,结构,EM,情感,3,抽象→抽象,990,0.9738,,,,,,,0.3895,,0.2142,2
xb_03302,他的情感,高涨的,的,情感,ST,结构,EM,情感,3,抽象→抽象,990,0.9738,,,,,,,0.3895,,0.2142,2
xb_03303,那个时间,热烈的,热烈,时间,ST,结构,TM,时间,3,抽象→抽象,990,0.9738,,,,,,,0.3895,,0.2142,2
xb_03304,那种心情,合理的,合理,心情,ST,结构,EM,情感,3,抽象→抽象,990,0.9738,,,,,,,0.3895,,0.2142,2
xb_03305,感情,肮脏的指甲,指甲,感情,BD,建筑,EM,情感,2,具体→抽象,221,0.7626,,,,,,,0.3051,,0.1678,1
xb_03306,总统,清白的,清白,总统,ST,结构,HM,人体,2,具体→抽象,990,0.9738,,,,,,,0.3895,,0.2142,2
xb_03307,他的嘴唇,热烈的,热烈,嘴唇,ST,结构,BD,建筑,2,具体→抽象,990,0.9738,,,,,,,0.3895,,0.2142,2
xb_03308,表达能力,有限的,的,能力,ST,结构,AB,抽象,3,抽象→抽象,990,0.9738,,,,,,,0.3895,,0.2142,2
xb_03309,你的话,可靠的,的,的话,ST,结构,HM,人体,3,抽象→抽象,990,0.9738,,,,,,,0.3895,,0.2142,2
xb_03310,法律,正确的,正确,法律,ST,结构,SC,社会,3,抽象→抽象,990,0.9738,,,,,,,0.3895,,0.2142,2
xb_03311,良心,干净的,的,良心,ST,结构,MR,机器,3,抽象→抽象,990,0.9738,,,,,,,0.3895,,0.2142,2
xb_03312,奶油面包,苦涩的,的,面包,ST,结构,FD,食物,2,具体→抽象,990,0.9738,,,,,,,0.3895,,0.2142,2
xb_03313,您的目的,单纯的,单纯,目的,ST,结构,TH,思维,3,抽象→抽象,990,0.9738,,,,,,,0.3895,,0.2142,2
xb_03314,世人的言论,靠不住的,靠不住,言论,ST,结构,HM,人体,3,抽象→抽象,990,0.9738,,,,,,,0.3895,,0.2142,2
xb_03315,您的爱人,清白的,清白,爱人,ST,结构,HM,人体,2,具体→抽象,990,0.9738,,,,,,,0.3895,,0.2142,2
xb_03316,我的做法,不对的,不对,做法,ST,结构,HM,人体,3,抽象→抽象,990,0.9738,,,,,,,0.3895,,0.2142,2
xb_03317,这个想法,正确的,正确,想法,ST,结构,TH,思维,3,抽象→抽象,990,0.9738,,,,,,,0.3895,,0.2142,2
xb_03318,上流社会,愚蠢的,愚蠢,社会,ST,结构,SC,社会,3,抽象→抽象,990,0.9738,,,,,,,0.3895,,0.2142,2
xb_03319,他的嗓音,粗糙的,粗糙,嗓音,ST,结构,SN,感知,2,具体→抽象,990,0.9738,,,,,,,0.3895,,0.2142,2
xb_03320,道路,正确的,正确,道路,ST,结构,SP,空间,2,具体→抽象,990,0.9738,,,,,,,0.3895,,0.2142,2
xb_03321,我,完整的,完整,我,ST,结构,HM,人体,2,具体→抽象,990,0.9738,,,,,,,0.3895,,0.2142,2
xb_03322,写出来的版本,正确的,正确,版本,ST,结构,EV,事件,3,抽象→抽象,990,0.9738,,,,,,,0.3895,,0.2142,2
xb_03323,声音,微弱的,微弱,声音,ST,结构,SN,感知,2,具体→抽象,990,0.9738,,,,,,,0.3895,,0.2142,2
xb_03324,沙坑,圣洁的,圣洁,沙坑,ST,结构,SP,空间,2,具体→抽象,990,0.9738,,,,,,,0.3895,,0.2142,2
xb_03325,意图的方向,一致的,一致,方向,ST,结构,TH,思维,3,抽象→抽象,990,0.9738,,,,,,,0.3895,,0.2142,2
xb_03326,时间,有限的,的,时间,ST,结构,TM,时间,3,抽象→抽象,990,0.9738,,,,,,,0.3895,,0.2142,2
xb_03327,我的经历,清白的,清白,经历,ST,结构,EV,事件,3,抽象→抽象,990,0.9738,,,,,,,0.3895,,0.2142,2
xb_03328,阴影,邪恶的,邪恶,阴影,ST,结构,SN,感知,2,具体→抽象,990,0.9738,,,,,,,0.3895,,0.2142,2
xb_03329,世界,残酷的,残酷,世界,ST,结构,LF,光线,3,抽象→抽象,990,0.9738,,,,,,,0.3895,,0.2142,2
xb_03330,忠告,正确的,正确,忠告,ST,结构,HM,人体,3,抽象→抽象,990,0.9738,,,,,,,0.3895,,0.2142,2
xb_03331,乌鸦,聪明的,聪明,乌鸦,ST,结构,LV,生命,2,具体→抽象,990,0.9738,,,,,,,0.3895,,0.2142,2
xb_03332,时间,确实的,确实,时间,ST,结构,TM,时间,3,抽象→抽象,990,0.9738,,,,,,,0.3895,,0.2142,2
xb_03333,时间,正确的,正确,时间,ST,结构,TM,时间,3,抽象→抽象,990,0.9738,,,,,,,0.3895,,0.2142,2
xb_03334,时间,重要的,重要,时间,ST,结构,TM,时间,3,抽象→抽象,990,0.9738,,,,,,,0.3895,,0.2142,2
xb_03335,预感,正确的,正确,预感,ST,结构,TH,思维,3,抽象→抽象,990,0.9738,,,,,,,0.3895,,0.2142,2
xb_03336,耳朵,正常的,正常,耳朵,ST,结构,BD,建筑,2,具体→抽象,990,0.9738,,,,,,,0.3895,,0.2142,2
xb_03337,镇子,公平的,公平,镇子,ST,结构,SP,空间,2,具体→抽象,990,0.9738,,,,,,,0.3895,,0.2142,2
xb_03338,地铁,文明的延伸线,延伸线,地铁,SP,空间,OB,物体,1,具体→具体,203,0.7507,,,,,,,0.3003,,0.1652,1
xb_03339,姐姐,敏感的白雪公主,公主,姐姐,HM,人体,HM,人体,1,具体→具体,1099,0.9885,,,,,,,0.3954,,0.2175,2
xb_03340,人生,孤独的,孤独,人生,ST,结构,LF,光线,3,抽象→抽象,990,0.9738,,,,,,,0.3895,,0.2142,2
xb_03341,假发,赚钱行当,行当,假发,EC,经济,OB,物体,2,具体→抽象,129,0.6871,,,,,,,0.2748,,0.1512,1
xb_03342,传说,真的,真的,传说,ST,结构,EV,事件,3,抽象→抽象,990,0.9738,,,,,,,0.3895,,0.2142,2
xb_03343,建议,认真的,的,建议,ST,结构,HM,人体,3,抽象→抽象,990,0.9738,,,,,,,0.3895,,0.2142,2
xb_03344,新闻,真的,真的,新闻,ST,结构,EV,事件,3,抽象→抽象,990,0.9738,,,,,,,0.3895,,0.2142,2
xb_03345,花,新鲜的,新鲜,花,ST,结构,NT,自然,2,具体→抽象,990,0.9738,,,,,,,0.3895,,0.2142,2
xb_03346,山,活的,活的,山,LV,生命,NT,自然,1,具体→具体,263,0.7871,,,,,,,0.3148,,0.1732,1
xb_03347,分给猫,错误的,错误,猫,ST,结构,HM,人体,3,抽象→抽象,990,0.9738,,,,,,,0.3895,,0.2142,2
xb_03348,那女郎,真的,真的,女郎,ST,结构,HM,人体,2,具体→抽象,990,0.9738,,,,,,,0.3895,,0.2142,2
xb_03349,假说,正确的,正确,假说,ST,结构,TH,思维,3,抽象→抽象,990,0.9738,,,,,,,0.3895,,0.2142,2
xb_03350,蚂蚁,有名的劳动能手,能手,蚂蚁,HM,人体,LV,生命,1,具体→具体,1099,0.9885,,,,,,,0.3954,,0.2175,2
xb_03351,我,邪恶之物,物,我,OB,物体,HM,人体,1,具体→具体,1192,1.0,,,,,,,0.4,,0.22,2
xb_03352,照片,真的,真的,照片,ST,结构,OB,物体,2,具体→抽象,990,0.9738,,,,,,,0.3895,,0.2142,2
xb_03353,骨头,清洁而文静的,文静,骨头,ST,结构,BD,建筑,2,具体→抽象,990,0.9738,,,,,,,0.3895,,0.2142,2
xb_03354,海,庞大的思念,思念,海,EM,情感,NT,自然,2,具体→抽象,134,0.6924,,,,,,,0.277,,0.1523,1
xb_03355,你的话,真的,真的,的话,ST,结构,HM,人体,3,抽象→抽象,990,0.9738,,,,,,,0.3895,,0.2142,2
xb_03356,它的内心,清醒的,清醒,内心,ST,结构,TH,思维,3,抽象→抽象,990,0.9738,,,,,,,0.3895,,0.2142,2
xb_03357,她的心灵,常见的那种编狭心灵,心灵,心灵,SP,空间,TH,思维,3,抽象→抽象,203,0.7507,,,,,,,0.3003,,0.1652,1
xb_03358,这信心,孤独的,孤独,信心,ST,结构,EM,情感,3,抽象→抽象,990,0.9738,,,,,,,0.3895,,0.2142,2
xb_03359,我的理论,正确的,正确,理论,ST,结构,TH,思维,3,抽象→抽象,990,0.9738,,,,,,,0.3895,,0.2142,2
xb_03360,编辑们,能干的裁判员,裁判员,编辑们,HM,人体,HM,人体,1,具体→具体,1099,0.9885,,,,,,,0.3954,,0.2175,2
xb_03361,他的天才,审慎的创造天才,天才,天才,HM,人体,TH,思维,3,抽象→抽象,1099,0.9885,,,,,,,0.3954,,0.2175,2
xb_03362,时间,最好的药物,药物,时间,OB,物体,TM,时间,4,抽象→具体,1192,1.0,,,,,,,0.4,,0.22,2
xb_03363,资产阶级,怯懦的,怯懦,资产阶级,ST,结构,SC,社会,3,抽象→抽象,990,0.9738,,,,,,,0.3895,,0.2142,2
xb_03364,我的笔,软弱的、死板的,死板,笔,ST,结构,OB,物体,2,具体→抽象,990,0.9738,,,,,,,0.3895,,0.2142,2
xb_03365,他的作家生涯,严峻的,严峻,生涯,ST,结构,LF,光线,3,抽象→抽象,990,0.9738,,,,,,,0.3895,,0.2142,2
xb_03366,俄国人,了不起的,了不起,俄国人,ST,结构,HM,人体,2,具体→抽象,990,0.9738,,,,,,,0.3895,,0.2142,2
xb_03367,聪明人的意见,好的,好的,意见,ST,结构,TH,思维,3,抽象→抽象,990,0.9738,,,,,,,0.3895,,0.2142,2
xb_03368,敏捷的灵魂,聪明的,聪明,灵魂,ST,结构,TH,思维,3,抽象→抽象,990,0.9738,,,,,,,0.3895,,0.2142,2
xb_03369,他的行为,聪明的,聪明,行为,ST,结构,HM,人体,3,抽象→抽象,990,0.9738,,,,,,,0.3895,,0.2142,2
xb_03370,按照知识进行生活的人,幸福的,幸福,人,ST,结构,HM,人体,2,具体→抽象,990,0.9738,,,,,,,0.3895,,0.2142,2
xb_03371,我们的请求,恰当的,的,请求,ST,结构,HM,人体,3,抽象→抽象,990,0.9738,,,,,,,0.3895,,0.2142,2
xb_03372,我们就此所提的建议,最好的,最好,建议,ST,结构,HM,人体,3,抽象→抽象,990,0.9738,,,,,,,0.3895,,0.2142,2
xb_03373,这样有智慧、有准备的人,勇敢的,勇敢,人,ST,结构,HM,人体,2,具体→抽象,990,0.9738,,,,,,,0.3895,,0.2142,2
xb_03374,我所说的勇敢的行为,聪明的行为,行为,行为,HM,人体,HM,人体,3,抽象→抽象,1099,0.9885,,,,,,,0.3954,,0.2175,2
xb_03375,可怕的事情,坏的,坏的,事情,ST,结构,EV,事件,3,抽象→抽象,990,0.9738,,,,,,,0.3895,,0.2142,2
xb_03376,希望的事情,好的,好的,事情,ST,结构,EV,事件,3,抽象→抽象,990,0.9738,,,,,,,0.3895,,0.2142,2
xb_03377,相同的人,友好的,友好,人,ST,结构,HM,人体,2,具体→抽象,990,0.9738,,,,,,,0.3895,,0.2142,2
xb_03378,这两种诗歌,神圣的,神圣,诗歌,ST,结构,EV,事件,3,抽象→抽象,990,0.9738,,,,,,,0.3895,,0.2142,2
xb_03379,从事公共建筑,愚蠢的,愚蠢,建筑,ST,结构,HM,人体,3,抽象→抽象,990,0.9738,,,,,,,0.3895,,0.2142,2
xb_03380,这样的行为,愚蠢的,愚蠢,行为,ST,结构,HM,人体,3,抽象→抽象,990,0.9738,,,,,,,0.3895,,0.2142,2
xb_03381,政治家的言论,滑稽可笑的,滑稽可笑,言论,ST,结构,HM,人体,3,抽象→抽象,990,0.9738,,,,,,,0.3895,,0.2142,2
xb_03382,掌握权力的人,邪恶的,邪恶,人,ST,结构,HM,人体,2,具体→抽象,990,0.9738,,,,,,,0.3895,,0.2142,2
xb_03383,善,可以灌输的东西,东西,善,OB,物体,MR,机器,4,抽象→具体,1192,1.0,,,,,,,0.4,,0.22,2
xb_03384,同意这种看法,可耻的,可耻,看法,ST,结构,HM,人体,3,抽象→抽象,990,0.9738,,,,,,,0.3895,,0.2142,2
xb_03385,事物,有害的,有害,事物,ST,结构,AB,抽象,3,抽象→抽象,990,0.9738,,,,,,,0.3895,,0.2142,2
xb_03386,事物,有益的,有益,事物,ST,结构,AB,抽象,3,抽象→抽象,990,0.9738,,,,,,,0.3895,,0.2142,2
xb_03387,美德,高尚的,高尚,美德,ST,结构,MR,机器,3,抽象→抽象,990,0.9738,,,,,,,0.3895,,0.2142,2
xb_03388,好人,有用的,有用,好人,ST,结构,HM,人体,2,具体→抽象,990,0.9738,,,,,,,0.3895,,0.2142,2
xb_03389,前者,真实的,真实,前者,ST,结构,AB,抽象,3,抽象→抽象,990,0.9738,,,,,,,0.3895,,0.2142,2
xb_03390,他们的美德,勇敢,勇敢,美德,ST,结构,MR,机器,3,抽象→抽象,990,0.9738,,,,,,,0.3895,,0.2142,2
xb_03391,名称,自然的,自然,名称,ST,结构,AB,抽象,3,抽象→抽象,990,0.9738,,,,,,,0.3895,,0.2142,2
xb_03392,当时的人,善良的,善良,人,ST,结构,HM,人体,2,具体→抽象,990,0.9738,,,,,,,0.3895,,0.2142,2
xb_03393,好人,聪明人,聪明人,好人,HM,人体,HM,人体,1,具体→具体,1099,0.9885,,,,,,,0.3954,,0.2175,2
xb_03394,有智慧的人,富足的,富足,人,ST,结构,HM,人体,2,具体→抽象,990,0.9738,,,,,,,0.3895,,0.2142,2
xb_03395,正义,高尚的,高尚,正义,ST,结构,MR,机器,3,抽象→抽象,990,0.9738,,,,,,,0.3895,,0.2142,2
xb_03396,不正义,卑鄙的,卑鄙,正义,ST,结构,MR,机器,3,抽象→抽象,990,0.9738,,,,,,,0.3895,,0.2142,2
xb_03397,正义的人,好的,好的,人,ST,结构,HM,人体,2,具体→抽象,990,0.9738,,,,,,,0.3895,,0.2142,2
xb_03398,义人,幸福的,幸福,义人,ST,结构,HM,人体,2,具体→抽象,990,0.9738,,,,,,,0.3895,,0.2142,2
xb_03399,恶人,富足的,富足,恶人,ST,结构,HM,人体,2,具体→抽象,990,0.9738,,,,,,,0.3895,,0.2142,2
xb_03400,善,幸福的原因,原因,善,AB,抽象,MR,机器,3,抽象→抽象,515,0.8817,,,,,,,0.3527,,0.194,1
xb_03401,神,单一的,单一,神,ST,结构,AB,抽象,3,抽象→抽象,990,0.9738,,,,,,,0.3895,,0.2142,2
xb_03402,有一颗好灵魂的人,好的,好的,人,ST,结构,HM,人体,2,具体→抽象,990,0.9738,,,,,,,0.3895,,0.2142,2
xb_03403,世俗的金银,罪恶之源,源,世俗,AB,抽象,EC,经济,3,抽象→抽象,515,0.8817,,,,,,,0.3527,,0.194,1
xb_03404,与知识分离的意见,丑恶的,丑恶,意见,ST,结构,TH,思维,3,抽象→抽象,990,0.9738,,,,,,,0.3895,,0.2142,2
xb_03405,不同的事物,相同的,相同,事物,ST,结构,AB,抽象,3,抽象→抽象,990,0.9738,,,,,,,0.3895,,0.2142,2
xb_03406,我说的标准,适度,适度,标准,ST,结构,AB,抽象,3,抽象→抽象,990,0.9738,,,,,,,0.3895,,0.2142,2
xb_03407,宇宙之火,巨大的、神奇的、美丽的,巨大,火,ST,结构,NT,自然,2,具体→抽象,990,0.9738,,,,,,,0.3895,,0.2142,2
xb_03408,真实的标志,纯粹、清晰、充分,纯粹,标志,ST,结构,AB,抽象,3,抽象→抽象,990,0.9738,,,,,,,0.3895,,0.2142,2
xb_03409,他的一生,清醒的,清醒,一生,ST,结构,LF,光线,3,抽象→抽象,990,0.9738,,,,,,,0.3895,,0.2142,2
xb_03410,我们的心灵,清醒的,清醒,心灵,ST,结构,TH,思维,3,抽象→抽象,990,0.9738,,,,,,,0.3895,,0.2142,2
xb_03411,半音,最小的音程,音程,半音,AB,抽象,AB,抽象,3,抽象→抽象,515,0.8817,,,,,,,0.3527,,0.194,1
xb_03412,他的生活方式,快乐的、自由的、幸福的,幸福,方式,ST,结构,LF,光线,3,抽象→抽象,990,0.9738,,,,,,,0.3895,,0.2142,2
xb_03413,和聪明人交往的人,聪明的,聪明,人,ST,结构,HM,人体,2,具体→抽象,990,0.9738,,,,,,,0.3895,,0.2142,2
xb_03414,不让诗人进入治理良好的城邦,正确的,正确,城邦,ST,结构,HM,人体,3,抽象→抽象,990,0.9738,,,,,,,0.3895,,0.2142,2
xb_03415,你的话,公正的,公正,的话,ST,结构,HM,人体,3,抽象→抽象,990,0.9738,,,,,,,0.3895,,0.2142,2
xb_03416,他的灵魂,渺小、邪恶的,渺小,灵魂,ST,结构,TH,思维,3,抽象→抽象,990,0.9738,,,,,,,0.3895,,0.2142,2
xb_03417,没有什么东西,真实的,真实,东西,ST,结构,AB,抽象,3,抽象→抽象,990,0.9738,,,,,,,0.3895,,0.2142,2
xb_03418,关于事物的看法,错误的,错误,看法,ST,结构,TH,思维,3,抽象→抽象,990,0.9738,,,,,,,0.3895,,0.2142,2
xb_03419,骨髓,种子,种子,骨髓,NT,自然,BD,建筑,1,具体→具体,184,0.7369,,,,,,,0.2948,,0.1621,1
xb_03420,对他们的名声和名誉的热爱,无节制的、卑劣的,节制,热爱,ST,结构,EM,情感,3,抽象→抽象,990,0.9738,,,,,,,0.3895,,0.2142,2
xb_03421,完全的好,困难的,困难,好,ST,结构,AB,抽象,3,抽象→抽象,990,0.9738,,,,,,,0.3895,,0.2142,2
xb_03422,教育,引导和拖拉,拖拉,教育,MV,运动,HM,人体,4,抽象→具体,6,0.2747,,,,,,,0.1099,,0.0604,1
xb_03423,快乐的生活,最好的,最好,生活,ST,结构,LF,光线,3,抽象→抽象,990,0.9738,,,,,,,0.3895,,0.2142,2
xb_03424,智慧的快乐,最伟大、最真实的,伟大,快乐,ST,结构,EM,情感,3,抽象→抽象,990,0.9738,,,,,,,0.3895,,0.2142,2
xb_03425,节制的生活,愉快的,愉快,生活,ST,结构,LF,光线,3,抽象→抽象,990,0.9738,,,,,,,0.3895,,0.2142,2
xb_03426,这种快乐,纯粹的、真实的,真实,快乐,ST,结构,EM,情感,3,抽象→抽象,990,0.9738,,,,,,,0.3895,,0.2142,2
xb_03427,法律,神圣的,神圣,法律,ST,结构,SC,社会,3,抽象→抽象,990,0.9738,,,,,,,0.3895,,0.2142,2
xb_03428,正义的城邦,幸福的,幸福,城邦,ST,结构,SC,社会,3,抽象→抽象,990,0.9738,,,,,,,0.3895,,0.2142,2
xb_03429,打乱他的话,危险的,危险,打乱,ST,结构,HM,人体,3,抽象→抽象,990,0.9738,,,,,,,0.3895,,0.2142,2
xb_03430,我的时间,宝贵的,的,时间,ST,结构,TM,时间,3,抽象→抽象,990,0.9738,,,,,,,0.3895,,0.2142,2
xb_03431,这,容易发问但不好回答的问题,问题,这,AB,抽象,AB,抽象,3,抽象→抽象,515,0.8817,,,,,,,0.3527,,0.194,1
xb_03432,我们的目的,好的,好的,目的,ST,结构,TH,思维,3,抽象→抽象,990,0.9738,,,,,,,0.3895,,0.2142,2
xb_03433,这新生的孩子,无辜的,无辜,孩子,ST,结构,HM,人体,2,具体→抽象,990,0.9738,,,,,,,0.3895,,0.2142,2
xb_03434,鸫鸟,纯青的,纯青,鸫鸟,ST,结构,LV,生命,2,具体→抽象,990,0.9738,,,,,,,0.3895,,0.2142,2
xb_03435,我,善良的,善良,我,ST,结构,HM,人体,2,具体→抽象,990,0.9738,,,,,,,0.3895,,0.2142,2
xb_03436,这样的经济头脑,狭隘的,狭隘,头脑,ST,结构,TH,思维,3,抽象→抽象,990,0.9738,,,,,,,0.3895,,0.2142,2
xb_03437,你的手,干净的,的,手,ST,结构,BD,建筑,2,具体→抽象,990,0.9738,,,,,,,0.3895,,0.2142,2
xb_03438,你们俩的想法,错误的,错误,想法,ST,结构,TH,思维,3,抽象→抽象,990,0.9738,,,,,,,0.3895,,0.2142,2
xb_03439,不了解的东西,危险的,危险,东西,ST,结构,AB,抽象,3,抽象→抽象,990,0.9738,,,,,,,0.3895,,0.2142,2
xb_03440,丽莎的路,正确的,正确,路,ST,结构,SP,空间,2,具体→抽象,990,0.9738,,,,,,,0.3895,,0.2142,2
xb_03441,一个夜晚,不够的,不够,夜晚,ST,结构,TM,时间,3,抽象→抽象,990,0.9738,,,,,,,0.3895,,0.2142,2
xb_03442,所录下的东西,重要的,重要,东西,ST,结构,AB,抽象,3,抽象→抽象,990,0.9738,,,,,,,0.3895,,0.2142,2
xb_03443,接受事实,困难的,困难,事实,ST,结构,HM,人体,3,抽象→抽象,990,0.9738,,,,,,,0.3895,,0.2142,2
xb_03444,山洞,高大奇伟的形象,形象,山洞,AB,抽象,SP,空间,2,具体→抽象,515,0.8817,,,,,,,0.3527,,0.194,1
xb_03445,事情,正确的,正确,事情,ST,结构,EV,事件,3,抽象→抽象,990,0.9738,,,,,,,0.3895,,0.2142,2
xb_03446,他的事业,好的,好的,事业,ST,结构,AB,抽象,3,抽象→抽象,990,0.9738,,,,,,,0.3895,,0.2142,2
xb_03447,只有一件事,真的,真的,事,ST,结构,EV,事件,3,抽象→抽象,990,0.9738,,,,,,,0.3895,,0.2142,2
xb_03448,那用意,明确的,明确,用意,ST,结构,TH,思维,3,抽象→抽象,990,0.9738,,,,,,,0.3895,,0.2142,2
xb_03449,她的理想,高尚的,高尚,理想,ST,结构,TH,思维,3,抽象→抽象,990,0.9738,,,,,,,0.3895,,0.2142,2
xb_03450,她悲痛的感情,真实的,真实,感情,ST,结构,EM,情感,3,抽象→抽象,990,0.9738,,,,,,,0.3895,,0.2142,2
xb_03451,世界,无情的、残酷的,残酷,世界,ST,结构,AB,抽象,3,抽象→抽象,990,0.9738,,,,,,,0.3895,,0.2142,2
xb_03452,整支乐曲,优美的,优美,乐曲,ST,结构,EV,事件,3,抽象→抽象,990,0.9738,,,,,,,0.3895,,0.2142,2
xb_03453,老办法,最好的办法,办法,老办法,AB,抽象,AB,抽象,3,抽象→抽象,515,0.8817,,,,,,,0.3527,,0.194,1
xb_03454,你表姐,正确的,正确,表姐,ST,结构,HM,人体,2,具体→抽象,990,0.9738,,,,,,,0.3895,,0.2142,2
xb_03455,没有爱情的婚姻,不道德的,的,婚姻,ST,结构,SC,社会,3,抽象→抽象,990,0.9738,,,,,,,0.3895,,0.2142,2
xb_03456,知识,自由的,自由,知识,ST,结构,AB,抽象,3,抽象→抽象,990,0.9738,,,,,,,0.3895,,0.2142,2
xb_03457,我的前途,美丽的,美丽,前途,ST,结构,TM,时间,3,抽象→抽象,990,0.9738,,,,,,,0.3895,,0.2142,2
xb_03458,果实的事业,尊贵的,尊贵,事业,ST,结构,AB,抽象,3,抽象→抽象,990,0.9738,,,,,,,0.3895,,0.2142,2
xb_03459,那,罪孽,罪孽,那,MR,机器,AB,抽象,3,抽象→抽象,123,0.6804,,,,,,,0.2722,,0.1497,1
xb_03460,我的生活,愉快而美满的,愉快,生活,ST,结构,LF,光线,3,抽象→抽象,990,0.9738,,,,,,,0.3895,,0.2142,2
xb_03461,读书,我生活中最大的乐趣,乐趣,读书,EM,情感,HM,人体,3,抽象→抽象,134,0.6924,,,,,,,0.277,,0.1523,1
xb_03462,我的疾病,严重的,的,疾病,ST,结构,BD,建筑,3,抽象→抽象,990,0.9738,,,,,,,0.3895,,0.2142,2
xb_03463,世界,美丽的,美丽,世界,ST,结构,AB,抽象,3,抽象→抽象,990,0.9738,,,,,,,0.3895,,0.2142,2
xb_03464,战争,残酷的,残酷,战争,ST,结构,EV,事件,3,抽象→抽象,990,0.9738,,,,,,,0.3895,,0.2142,2
xb_03465,大海,他的家,家,大海,SP,空间,NT,自然,1,具体→具体,203,0.7507,,,,,,,0.3003,,0.1652,1
xb_03466,爱情,盲目的,盲目,爱情,ST,结构,EM,情感,3,抽象→抽象,990,0.9738,,,,,,,0.3895,,0.2142,2
xb_03467,太阳,永恒的,的,太阳,ST,结构,NT,自然,2,具体→抽象,990,0.9738,,,,,,,0.3895,,0.2142,2
xb_03468,生命,脆弱的,脆弱,生命,ST,结构,LF,光线,3,抽象→抽象,990,0.9738,,,,,,,0.3895,,0.2142,2
xb_03469,向人借书,不道德的,的,人,ST,结构,HM,人体,3,抽象→抽象,990,0.9738,,,,,,,0.3895,,0.2142,2
xb_03470,本质,一样的,的,本质,ST,结构,AB,抽象,3,抽象→抽象,990,0.9738,,,,,,,0.3895,,0.2142,2
xb_03471,暴怒的程度与热爱妻子的程度,一致的,一致,程度,ST,结构,AB,抽象,3,抽象→抽象,990,0.9738,,,,,,,0.3895,,0.2142,2
xb_03472,回想当时的情景,难堪的,难堪,情景,ST,结构,HM,人体,3,抽象→抽象,990,0.9738,,,,,,,0.3895,,0.2142,2
xb_03473,新年里自己一个人,难堪,难堪,人,ST,结构,AB,抽象,3,抽象→抽象,990,0.9738,,,,,,,0.3895,,0.2142,2
xb_03474,全体,统一的暗褐色系,色系,全体,SN,感知,AB,抽象,4,抽象→具体,146,0.7044,,,,,,,0.2818,,0.155,1
xb_03475,头脑,清醒的,清醒,头脑,ST,结构,TH,思维,3,抽象→抽象,990,0.9738,,,,,,,0.3895,,0.2142,2
xb_03476,姐夫,没用的傻瓜,傻瓜,姐夫,HM,人体,HM,人体,1,具体→具体,1099,0.9885,,,,,,,0.3954,,0.2175,2
xb_03477,父亲和母亲,虔诚的人,人,母亲,HM,人体,HM,人体,1,具体→具体,1099,0.9885,,,,,,,0.3954,,0.2175,2
xb_03478,这位年轻的女佣,好孩子,孩子,女佣,HM,人体,HM,人体,1,具体→具体,1099,0.9885,,,,,,,0.3954,,0.2175,2
xb_03479,嗓门,平淡的、驯善的,驯善,嗓门,ST,结构,SN,感知,2,具体→抽象,990,0.9738,,,,,,,0.3895,,0.2142,2
xb_03480,脚步,健壮而兴旺的,健壮,脚步,ST,结构,MV,运动,2,具体→抽象,990,0.9738,,,,,,,0.3895,,0.2142,2
xb_03481,脚步,坚定而匀称的,坚定,脚步,ST,结构,MV,运动,2,具体→抽象,990,0.9738,,,,,,,0.3895,,0.2142,2
xb_03482,习惯,轻松而有力的,轻松,习惯,ST,结构,AB,抽象,3,抽象→抽象,990,0.9738,,,,,,,0.3895,,0.2142,2
xb_03483,时间,漫长的,漫长,时间,ST,结构,TM,时间,3,抽象→抽象,990,0.9738,,,,,,,0.3895,,0.2142,2
xb_03484,群众,消极的旁观者,旁观者,群众,HM,人体,HM,人体,1,具体→具体,1099,0.9885,,,,,,,0.3954,,0.2175,2
xb_03485,他的感性,好的,好的,感性,ST,结构,TH,思维,3,抽象→抽象,990,0.9738,,,,,,,0.3895,,0.2142,2
xb_03486,我的眼界,有限的,的,眼界,ST,结构,TH,思维,3,抽象→抽象,990,0.9738,,,,,,,0.3895,,0.2142,2
xb_03487,本心,正直的,正直,本心,ST,结构,TH,思维,3,抽象→抽象,990,0.9738,,,,,,,0.3895,,0.2142,2
xb_03488,时间,宝贵的,的,时间,ST,结构,TM,时间,3,抽象→抽象,990,0.9738,,,,,,,0.3895,,0.2142,2
xb_03489,你的心,冷酷的,冷酷,心,ST,结构,TH,思维,3,抽象→抽象,990,0.9738,,,,,,,0.3895,,0.2142,2
xb_03490,眼泪,悲哀的信号,信号,眼泪,AB,抽象,BD,建筑,2,具体→抽象,515,0.8817,,,,,,,0.3527,,0.194,1
xb_03491,眼泪,软弱的象征,象征,眼泪,AB,抽象,BD,建筑,2,具体→抽象,515,0.8817,,,,,,,0.3527,,0.194,1
xb_03492,求生的欲望,强烈的,的,欲望,ST,结构,EM,情感,3,抽象→抽象,990,0.9738,,,,,,,0.3895,,0.2142,2
xb_03493,心,真诚的,真诚,心,ST,结构,TH,思维,3,抽象→抽象,990,0.9738,,,,,,,0.3895,,0.2142,2
xb_03494,这座房子,孤独之所,所,房子,SP,空间,SP,空间,1,具体→具体,203,0.7507,,,,,,,0.3003,,0.1652,1
xb_03495,作家,孤独的人,人,作家,HM,人体,HM,人体,1,具体→具体,1099,0.9885,,,,,,,0.3954,,0.2175,2
xb_03496,这段历史,漫长的,漫长,历史,ST,结构,TM,时间,3,抽象→抽象,990,0.9738,,,,,,,0.3895,,0.2142,2
xb_03497,温柔的嗓音,坚定的,坚定,嗓音,ST,结构,SN,感知,2,具体→抽象,990,0.9738,,,,,,,0.3895,,0.2142,2
xb_03498,她的肩膀,强壮的,强壮,肩膀,ST,结构,BD,建筑,2,具体→抽象,990,0.9738,,,,,,,0.3895,,0.2142,2
xb_03499,我的灵魂,明澈而香甜的,香甜,灵魂,ST,结构,TH,思维,3,抽象→抽象,990,0.9738,,,,,,,0.3895,,0.2142,2
xb_03500,大地,美好的,美好,大地,ST,结构,NT,自然,2,具体→抽象,990,0.9738,,,,,,,0.3895,,0.2142,2
xb_03501,男子的肉体,圣洁的,圣洁,肉体,ST,结构,BD,建筑,2,具体→抽象,990,0.9738,,,,,,,0.3895,,0.2142,2
xb_03502,我的声音,悲伤的,悲伤,声音,ST,结构,SN,感知,2,具体→抽象,990,0.9738,,,,,,,0.3895,,0.2142,2
xb_03503,灵魂,自在的,自在,灵魂,ST,结构,TH,思维,3,抽象→抽象,990,0.9738,,,,,,,0.3895,,0.2142,2
xb_03504,植物和矿物,完美的,完美,矿物,ST,结构,NT,自然,2,具体→抽象,990,0.9738,,,,,,,0.3895,,0.2142,2
xb_03505,时间和空间,宽裕的,宽裕,空间,ST,结构,TM,时间,3,抽象→抽象,990,0.9738,,,,,,,0.3895,,0.2142,2
xb_03506,地球,壮丽的,壮丽,地球,ST,结构,NT,自然,2,具体→抽象,990,0.9738,,,,,,,0.3895,,0.2142,2
xb_03507,他态度,谦让的,谦让,态度,ST,结构,TH,思维,3,抽象→抽象,990,0.9738,,,,,,,0.3895,,0.2142,2
xb_03508,冯子烨,智慧库,库,烨,OB,物体,HM,人体,1,具体→具体,1192,1.0,,,,,,,0.4,,0.22,2
xb_03509,老吴老苏,师傅,师傅,苏,HM,人体,HM,人体,1,具体→具体,1099,0.9885,,,,,,,0.3954,,0.2175,2
xb_03510,老张,同学,同学,老张,HM,人体,HM,人体,1,具体→具体,1099,0.9885,,,,,,,0.3954,,0.2175,2
xb_03511,秦书田,香/臭,香,书田,SN,感知,HM,人体,1,具体→具体,146,0.7044,,,,,,,0.2818,,0.155,1
xb_03512,毛先生,师傅,师傅,先生,HM,人体,HM,人体,1,具体→具体,1099,0.9885,,,,,,,0.3954,,0.2175,2
xb_03513,妞妞,光的孩子,孩子,妞妞,HM,人体,HM,人体,1,具体→具体,1099,0.9885,,,,,,,0.3954,,0.2175,2
xb_03514,耶稣,上帝的儿子,儿子,耶稣,HM,人体,HM,人体,1,具体→具体,1099,0.9885,,,,,,,0.3954,,0.2175,2
xb_03515,老尚,经理,经理,老尚,HM,人体,HM,人体,1,具体→具体,1099,0.9885,,,,,,,0.3954,,0.2175,2
xb_03516,巴金,坏人,坏人,巴金,HM,人体,HM,人体,1,具体→具体,1099,0.9885,,,,,,,0.3954,,0.2175,2
xb_03517,金焰,电影皇帝,皇帝,金焰,HM,人体,HM,人体,1,具体→具体,1099,0.9885,,,,,,,0.3954,,0.2175,2
xb_03518,杨诚,第一把手,第一把手,杨诚,HM,人体,HM,人体,1,具体→具体,1099,0.9885,,,,,,,0.3954,,0.2175,2
xb_03519,秋叶香,总长,总长,秋叶香,HM,人体,HM,人体,1,具体→具体,1099,0.9885,,,,,,,0.3954,,0.2175,2
xb_03520,王副军长,共产党,共产党,副军长,SC,社会,HM,人体,2,具体→抽象,81,0.622,,,,,,,0.2488,,0.1369,1
xb_03521,学者,坟圈,坟圈,学者,OB,物体,HM,人体,1,具体→具体,1192,1.0,,,,,,,0.4,,0.22,2
xb_03522,吴为,坏人,坏人,吴为,HM,人体,HM,人体,1,具体→具体,1099,0.9885,,,,,,,0.3954,,0.2175,2
xb_03523,希特勒,战争疯子,疯子,希特勒,HM,人体,HM,人体,1,具体→具体,1099,0.9885,,,,,,,0.3954,,0.2175,2
xb_03524,何宏,江湖豪侠,豪侠,何宏,HM,人体,HM,人体,1,具体→具体,1099,0.9885,,,,,,,0.3954,,0.2175,2
xb_03525,王羲之,最高典范,典范,王羲之,AB,抽象,HM,人体,2,具体→抽象,515,0.8817,,,,,,,0.3527,,0.194,1
xb_03526,你王纬宇,可怜虫,可怜虫,王纬宇,LV,生命,HM,人体,1,具体→具体,263,0.7871,,,,,,,0.3148,,0.1732,1
xb_03527,高志强,大奖赛主持人,主持人,高志强,HM,人体,HM,人体,1,具体→具体,1099,0.9885,,,,,,,0.3954,,0.2175,2
xb_03528,朱元璋,流氓,流氓,朱元璋,HM,人体,HM,人体,1,具体→具体,1099,0.9885,,,,,,,0.3954,,0.2175,2
xb_03529,李鸿章,官僚,官僚,李鸿章,HM,人体,HM,人体,1,具体→具体,1099,0.9885,,,,,,,0.3954,,0.2175,2
xb_03530,唐绍仪,中间人,中间人,唐绍仪,HM,人体,HM,人体,1,具体→具体,1099,0.9885,,,,,,,0.3954,,0.2175,2
xb_03531,吴相湘,博学多闻的史学家,史学家,吴相湘,HM,人体,HM,人体,1,具体→具体,1099,0.9885,,,,,,,0.3954,,0.2175,2
xb_03532,林柏榕,国民党小官僚,官僚,林柏榕,HM,人体,HM,人体,1,具体→具体,1099,0.9885,,,,,,,0.3954,,0.2175,2
xb_03533,墨子,禽兽,禽兽,墨子,LV,生命,HM,人体,1,具体→具体,263,0.7871,,,,,,,0.3148,,0.1732,1
xb_03534,冈日森格,神仙下凡,神仙,森格,HM,人体,HM,人体,1,具体→具体,1099,0.9885,,,,,,,0.3954,,0.2175,2
xb_03535,孔子,现实主义者,现实主义者,孔子,HM,人体,HM,人体,1,具体→具体,1099,0.9885,,,,,,,0.3954,,0.2175,2
xb_03536,老乔,人情练达的人,人,老乔,HM,人体,HM,人体,1,具体→具体,1099,0.9885,,,,,,,0.3954,,0.2175,2
xb_03537,王琦瑶,马路上成群结队的女性中的一个,女性,王琦瑶,HM,人体,HM,人体,1,具体→具体,1099,0.9885,,,,,,,0.3954,,0.2175,2
xb_03538,李主任,权力的象征,象征,主任,AB,抽象,HM,人体,2,具体→抽象,515,0.8817,,,,,,,0.3527,,0.194,1
xb_03539,李卫公,天才,天才,李卫公,HM,人体,HM,人体,1,具体→具体,1099,0.9885,,,,,,,0.3954,,0.2175,2
xb_03540,李卫公,全世界最聪明的人,人,李卫公,HM,人体,HM,人体,1,具体→具体,1099,0.9885,,,,,,,0.3954,,0.2175,2
xb_03541,高尔基,流氓作家,作家,高尔基,HM,人体,HM,人体,1,具体→具体,1099,0.9885,,,,,,,0.3954,,0.2175,2
xb_03542,王安,公差中的佼佼者,佼佼者,王安,HM,人体,HM,人体,1,具体→具体,1099,0.9885,,,,,,,0.3954,,0.2175,2
xb_03543,自己,水,水,自己,OB,物体,HM,人体,1,具体→具体,1192,1.0,,,,,,,0.4,,0.22,2
xb_03544,杭汉,武林中人,人,杭汉,HM,人体,HM,人体,1,具体→具体,1099,0.9885,,,,,,,0.3954,,0.2175,2
xb_03545,冯老师,第一个吃螃蟹的人,人,冯,HM,人体,HM,人体,1,具体→具体,1099,0.9885,,,,,,,0.3954,,0.2175,2
xb_03546,老陈,孝子,孝子,老陈,HM,人体,HM,人体,1,具体→具体,1099,0.9885,,,,,,,0.3954,,0.2175,2
xb_03547,任北海,才华横溢的年轻副师,副师,北海,HM,人体,HM,人体,1,具体→具体,1099,0.9885,,,,,,,0.3954,,0.2175,2
xb_03548,汪精卫,卖国贼,卖国贼,汪精卫,HM,人体,HM,人体,1,具体→具体,1099,0.9885,,,,,,,0.3954,,0.2175,2
xb_03549,李金才,走狗的走狗,走狗,李金才,LV,生命,HM,人体,1,具体→具体,263,0.7871,,,,,,,0.3148,,0.1732,1
xb_03550,范子愚,英雄,英雄,愚,HM,人体,HM,人体,1,具体→具体,1099,0.9885,,,,,,,0.3954,,0.2175,2
xb_03551,巴比特,福将,福将,巴比特,HM,人体,HM,人体,1,具体→具体,1099,0.9885,,,,,,,0.3954,,0.2175,2
xb_03552,上官公子,虎狼之躯,躯,公子,BD,建筑,HM,人体,1,具体→具体,221,0.7626,,,,,,,0.3051,,0.1678,1
xb_03553,莫言,阎王爷的书记员投胎转世,投胎,莫言,HM,人体,HM,人体,1,具体→具体,1099,0.9885,,,,,,,0.3954,,0.2175,2
xb_03554,余占鳌,千古罪人,千古罪人,余占鳌,HM,人体,HM,人体,1,具体→具体,1099,0.9885,,,,,,,0.3954,,0.2175,2
xb_03555,我与莫言,一丘之貉,一丘之貉,莫言,LV,生命,HM,人体,1,具体→具体,263,0.7871,,,,,,,0.3148,,0.1732,1
xb_03556,张春桥、姚文元,手持钢鞭的彼特鲁乔,彼特鲁乔,姚文,HM,人体,HM,人体,1,具体→具体,1099,0.9885,,,,,,,0.3954,,0.2175,2
xb_03557,柳月,衣服架子,架子,柳月,OB,物体,HM,人体,1,具体→具体,1192,1.0,,,,,,,0.4,,0.22,2
xb_03558,韩大宝,清风镇浅水里的王八,王八,大宝,LV,生命,HM,人体,1,具体→具体,263,0.7871,,,,,,,0.3148,,0.1732,1
xb_03559,奥木列,神鹰,神鹰,奥木列,LV,生命,HM,人体,1,具体→具体,263,0.7871,,,,,,,0.3148,,0.1732,1
xb_03560,娜杰什卡,妓女,妓女,娜杰,HM,人体,HM,人体,1,具体→具体,1099,0.9885,,,,,,,0.3954,,0.2175,2
xb_03561,金得,羽毛变成的,羽毛,金得,OB,物体,HM,人体,1,具体→具体,1192,1.0,,,,,,,0.4,,0.22,2
xb_03562,刘阮,庸才,庸才,刘阮,HM,人体,HM,人体,1,具体→具体,1099,0.9885,,,,,,,0.3954,,0.2175,2
xb_03563,列宁,全世界人的领袖,领袖,列宁,HM,人体,HM,人体,1,具体→具体,1099,0.9885,,,,,,,0.3954,,0.2175,2
xb_03564,林书记,清官,清官,林书记,HM,人体,HM,人体,1,具体→具体,1099,0.9885,,,,,,,0.3954,,0.2175,2
xb_03565,老子,炊事班长/妇女队长,队长,老子,HM,人体,HM,人体,1,具体→具体,1099,0.9885,,,,,,,0.3954,,0.2175,2
xb_03566,你刘某,叛徒,叛徒,刘某,HM,人体,HM,人体,1,具体→具体,1099,0.9885,,,,,,,0.3954,,0.2175,2
xb_03567,鲧,鱼,鱼,鲧,LV,生命,HM,人体,1,具体→具体,263,0.7871,,,,,,,0.3148,,0.1732,1
xb_03568,斯巴达克斯,正义和一切美德的化身,化身,斯巴达克斯,AB,抽象,HM,人体,2,具体→抽象,515,0.8817,,,,,,,0.3527,,0.194,1
xb_03569,堂阿尔瓦罗,政治上的侯爵,侯爵,阿尔瓦罗,HM,人体,HM,人体,1,具体→具体,1099,0.9885,,,,,,,0.3954,,0.2175,2
xb_03570,佩德拉,天使,天使,佩德拉,HM,人体,HM,人体,1,具体→具体,1099,0.9885,,,,,,,0.3954,,0.2175,2
xb_03571,萨拉西亚,大海的女儿,女儿,萨拉西亚,HM,人体,HM,人体,1,具体→具体,1099,0.9885,,,,,,,0.3954,,0.2175,2
xb_03572,西蒙·卡尔津金,农奴制隔代遗传的产物,产物,西蒙·卡尔津金,AB,抽象,HM,人体,2,具体→抽象,515,0.8817,,,,,,,0.3527,,0.194,1
xb_03573,弗龙斯基,朋友/敌人,朋友,弗龙斯基,HM,人体,HM,人体,1,具体→具体,1099,0.9885,,,,,,,0.3954,,0.2175,2
xb_03574,桑坦德,主犯,主犯,桑坦德,HM,人体,HM,人体,1,具体→具体,1099,0.9885,,,,,,,0.3954,,0.2175,2
xb_03575,安德烈斯·伊瓦拉,副官中最年轻快活的小伙子,小伙子,安德烈斯·伊瓦拉,HM,人体,HM,人体,1,具体→具体,1099,0.9885,,,,,,,0.3954,,0.2175,2
xb_03576,马里亚诺,税务稽查员,稽查员,马里亚诺,HM,人体,HM,人体,1,具体→具体,1099,0.9885,,,,,,,0.3954,,0.2175,2
xb_03577,查亨,村里脾气最暴的一个,脾气,查亨,HM,人体,HM,人体,1,具体→具体,1099,0.9885,,,,,,,0.3954,,0.2175,2
xb_03578,乔布斯,公司演讲领域的斯皮尔伯格,斯皮尔伯格,乔布斯,HM,人体,HM,人体,1,具体→具体,1099,0.9885,,,,,,,0.3954,,0.2175,2
xb_03579,基特里亚,世界上最美丽的女人,女人,基特里亚,HM,人体,HM,人体,1,具体→具体,1099,0.9885,,,,,,,0.3954,,0.2175,2
xb_03580,阿里阿德涅,希腊神话中一女神,女神,阿里阿德涅,HM,人体,HM,人体,1,具体→具体,1099,0.9885,,,,,,,0.3954,,0.2175,2
xb_03581,埃德.班基,潘西的篮球教练,教练,班基,HM,人体,HM,人体,1,具体→具体,1099,0.9885,,,,,,,0.3954,,0.2175,2
xb_03582,鹌鹑,由老鼠变成的,老鼠,鹌鹑,LV,生命,LV,生命,1,具体→具体,263,0.7871,,,,,,,0.3148,,0.1732,1
xb_03583,叶莲娜·安东诺芙娜,一面鼓,鼓,诺芙娜,OB,物体,HM,人体,1,具体→具体,1192,1.0,,,,,,,0.4,,0.22,2
xb_03584,莎士比亚,江湖艺人,艺人,莎士比亚,HM,人体,HM,人体,1,具体→具体,1099,0.9885,,,,,,,0.3954,,0.2175,2
xb_03585,夏多布里昂,海盗和窃贼的后代,后代,布里,HM,人体,HM,人体,1,具体→具体,1099,0.9885,,,,,,,0.3954,,0.2175,2
xb_03586,海明威,全体美国人的作家,作家,海明威,HM,人体,HM,人体,1,具体→具体,1099,0.9885,,,,,,,0.3954,,0.2175,2
xb_03587,霍莉,双子座,双子座,霍莉,AB,抽象,HM,人体,2,具体→抽象,515,0.8817,,,,,,,0.3527,,0.194,1
xb_03588,太田夫人,女性中的最高名品,名品,夫人,OB,物体,HM,人体,1,具体→具体,1192,1.0,,,,,,,0.4,,0.22,2
xb_03589,贡当松,商业警察的左膀右臂,右臂,贡当松,BD,建筑,HM,人体,1,具体→具体,221,0.7626,,,,,,,0.3051,,0.1678,1
xb_03590,查理一亨利·桑松,处死路易十六的刽子手,刽子手,一亨利·桑松,HM,人体,HM,人体,1,具体→具体,1099,0.9885,,,,,,,0.3954,,0.2175,2
xb_03591,吕西安,孝子贤兄,兄,吕西安,HM,人体,HM,人体,1,具体→具体,1099,0.9885,,,,,,,0.3954,,0.2175,2
xb_03592,狄东,迦太基女王和建国者,建国者,狄东,HM,人体,HM,人体,1,具体→具体,1099,0.9885,,,,,,,0.3954,,0.2175,2
xb_03593,拿破仑,太阳,太阳,拿破仑,NT,自然,HM,人体,1,具体→具体,184,0.7369,,,,,,,0.2948,,0.1621,1
xb_03594,于洛,太阳的光辉,光辉,于洛,NT,自然,HM,人体,1,具体→具体,184,0.7369,,,,,,,0.2948,,0.1621,1
xb_03595,玛奈弗太太,一把刀,刀,太太,WR,战争,HM,人体,1,具体→具体,198,0.7472,,,,,,,0.2989,,0.1644,1
xb_03596,李斯贝特,操刀的手,手,李斯贝特,BD,建筑,HM,人体,1,具体→具体,221,0.7626,,,,,,,0.3051,,0.1678,1
xb_03597,拉伯雷,教会的敌人,敌人,拉伯雷,HM,人体,HM,人体,1,具体→具体,1099,0.9885,,,,,,,0.3954,,0.2175,2
xb_03598,乔布斯,艺术家,艺术家,乔布斯,HM,人体,HM,人体,1,具体→具体,1099,0.9885,,,,,,,0.3954,,0.2175,2
xb_03599,保罗,神,神,保罗,AB,抽象,HM,人体,2,具体→抽象,515,0.8817,,,,,,,0.3527,,0.194,1
xb_03600,菲波斯,太阳神,太阳神,菲波斯,HM,人体,HM,人体,1,具体→具体,1099,0.9885,,,,,,,0.3954,,0.2175,2
xb_03601,尼德曼,代罪羔羊,代罪羔羊,尼德曼,LV,生命,HM,人体,1,具体→具体,263,0.7871,,,,,,,0.3148,,0.1732,1
xb_03602,泰勒波利安,禽兽,禽兽,泰勒,LV,生命,HM,人体,1,具体→具体,263,0.7871,,,,,,,0.3148,,0.1732,1
xb_03603,毕约克,关键,关键,毕约克,AB,抽象,HM,人体,2,具体→抽象,515,0.8817,,,,,,,0.3527,,0.194,1
xb_03604,耶稣,人类中最有人性的,人性,耶稣,AB,抽象,HM,人体,2,具体→抽象,515,0.8817,,,,,,,0.3527,,0.194,1
xb_03605,法里尔,宗教圈子里的革命家,革命家,法里尔,HM,人体,HM,人体,1,具体→具体,1099,0.9885,,,,,,,0.3954,,0.2175,2
xb_03606,茨威格,心理描写的大师,大师,茨威格,HM,人体,HM,人体,1,具体→具体,1099,0.9885,,,,,,,0.3954,,0.2175,2
xb_03607,普里什文,世界范围内生态文学的先驱作家之一,之一,普里,HM,人体,HM,人体,1,具体→具体,1099,0.9885,,,,,,,0.3954,,0.2175,2
xb_03608,马丁·伊登,资本主义社会的牺牲品,牺牲品,马丁·伊登,AB,抽象,HM,人体,2,具体→抽象,515,0.8817,,,,,,,0.3527,,0.194,1
xb_03609,安妮,初生之犊,初生之犊,安妮,LV,生命,HM,人体,1,具体→具体,263,0.7871,,,,,,,0.3148,,0.1732,1
xb_03610,瑞特,头配马嚼子的骡子,骡子,瑞特,LV,生命,HM,人体,1,具体→具体,263,0.7871,,,,,,,0.3148,,0.1732,1
xb_03611,阿兰·德龙,巨星中的巨星,巨星,阿兰·德龙,HM,人体,HM,人体,1,具体→具体,1099,0.9885,,,,,,,0.3954,,0.2175,2
xb_03612,瑞特,叛贼和恶棍,叛贼,瑞特,HM,人体,HM,人体,1,具体→具体,1099,0.9885,,,,,,,0.3954,,0.2175,2
xb_03613,雏子,夏娃,夏娃,雏子,HM,人体,HM,人体,1,具体→具体,1099,0.9885,,,,,,,0.3954,,0.2175,2
xb_03614,劳伦斯,智者,智者,劳伦斯,HM,人体,HM,人体,1,具体→具体,1099,0.9885,,,,,,,0.3954,,0.2175,2
xb_03615,朗费罗,文抄公,公,朗费罗,HM,人体,HM,人体,1,具体→具体,1099,0.9885,,,,,,,0.3954,,0.2175,2
xb_03616,汤姆,"众人公认的""主教""",众人,汤姆,HM,人体,HM,人体,1,具体→具体,1099,0.9885,,,,,,,0.3954,,0.2175,2
xb_03617,汤姆,英雄,英雄,汤姆,HM,人体,HM,人体,1,具体→具体,1099,0.9885,,,,,,,0.3954,,0.2175,2
xb_03618,亨利,时代的巨人,巨人,亨利,HM,人体,HM,人体,1,具体→具体,1099,0.9885,,,,,,,0.3954,,0.2175,2
xb_03619,列宁,德国人送来的,德国人,列宁,HM,人体,HM,人体,1,具体→具体,1099,0.9885,,,,,,,0.3954,,0.2175,2
xb_03620,阿诺德塞维尔,骗子,骗子,阿诺德塞维尔,HM,人体,HM,人体,1,具体→具体,1099,0.9885,,,,,,,0.3954,,0.2175,2
xb_03621,马利,世界上表现最为糟糕的一只动物,动物,马利,LV,生命,LV,生命,1,具体→具体,263,0.7871,,,,,,,0.3148,,0.1732,1
xb_03622,罗伯斯比尔,老虎,老虎,罗伯斯比尔,LV,生命,HM,人体,1,具体→具体,263,0.7871,,,,,,,0.3148,,0.1732,1
xb_03623,旺代,创伤，也是光荣,创伤,旺代,AB,抽象,SP,空间,2,具体→抽象,515,0.8817,,,,,,,0.3527,,0.194,1
xb_03624,笑时的沙威,老虎,老虎,沙威,LV,生命,HM,人体,1,具体→具体,263,0.7871,,,,,,,0.3148,,0.1732,1
xb_03625,郑重时的沙威,猎犬,猎犬,沙威,LV,生命,HM,人体,1,具体→具体,263,0.7871,,,,,,,0.3148,,0.1732,1
xb_03626,古费拉克,中心,中心,古费拉克,SP,空间,HM,人体,1,具体→具体,203,0.7507,,,,,,,0.3003,,0.1652,1
xb_03627,犹大,议员、教师、律师,律师,犹大,HM,人体,HM,人体,1,具体→具体,1099,0.9885,,,,,,,0.3954,,0.2175,2
xb_03628,福尔赛,社会的砥柱,砥柱,福尔赛,OB,物体,HM,人体,1,具体→具体,1192,1.0,,,,,,,0.4,,0.22,2
xb_03629,埃洛伊,金饰匠们供奉的有钱的小圣徒,圣徒,埃洛伊,HM,人体,HM,人体,1,具体→具体,1099,0.9885,,,,,,,0.3954,,0.2175,2
xb_03630,宙斯,神界的家长或旅长,旅长,宙斯,HM,人体,HM,人体,1,具体→具体,1099,0.9885,,,,,,,0.3954,,0.2175,2
xb_03631,葛罗斯特,人民的公敌,公敌,葛罗斯特,HM,人体,HM,人体,1,具体→具体,1099,0.9885,,,,,,,0.3954,,0.2175,2
xb_03632,护国公,我的死敌,死敌,护国,HM,人体,HM,人体,1,具体→具体,1099,0.9885,,,,,,,0.3954,,0.2175,2
xb_03633,维纳斯,露不出笑容来的,笑容,维纳斯,ST,结构,HM,人体,2,具体→抽象,990,0.9738,,,,,,,0.3895,,0.2142,2
xb_03634,**表语** (predicate): 兵士，也是偷儿,未标注表语,标注,表语,HM,人体,HM,人体,1,具体→具体,1099,0.9885,,,,,,,0.3954,,0.2175,2
xb_03635,勃鲁托斯,聪明正直、勇敢高尚的君子,君子,勃鲁托斯,HM,人体,HM,人体,1,具体→具体,1099,0.9885,,,,,,,0.3954,,0.2175,2
xb_03636,巴隆奇,世界上最高贵的望族,望族,巴隆奇,HM,人体,HM,人体,1,具体→具体,1099,0.9885,,,,,,,0.3954,,0.2175,2
xb_03637,托比,世界上最冷酷的浑蛋,浑蛋,托比,HM,人体,HM,人体,1,具体→具体,1099,0.9885,,,,,,,0.3954,,0.2175,2
xb_03638,柏拉图,哲学上的荷马,荷马,柏拉图,HM,人体,HM,人体,1,具体→具体,1099,0.9885,,,,,,,0.3954,,0.2175,2
xb_03639,赫拉克勒斯,希腊神话中的半神半人的英雄,英雄,赫拉克勒斯,HM,人体,HM,人体,1,具体→具体,1099,0.9885,,,,,,,0.3954,,0.2175,2
xb_03640,潘,希腊神话中人身羊足、头上有角的畜牧神,畜牧神,潘,HM,人体,HM,人体,1,具体→具体,1099,0.9885,,,,,,,0.3954,,0.2175,2
xb_03641,哈里·哈勒尔,害人虫,害人虫,哈里·哈勒尔,LV,生命,HM,人体,1,具体→具体,263,0.7871,,,,,,,0.3148,,0.1732,1
xb_03642,保罗,上帝创出的最棒的男人,男人,保罗,HM,人体,HM,人体,1,具体→具体,1099,0.9885,,,,,,,0.3954,,0.2175,2
xb_03643,比阿特丽斯,世界上最好的人,人,阿特丽斯,HM,人体,HM,人体,1,具体→具体,1099,0.9885,,,,,,,0.3954,,0.2175,2
xb_03644,莉丝,世界上最热情的女人,女人,莉丝,HM,人体,HM,人体,1,具体→具体,1099,0.9885,,,,,,,0.3954,,0.2175,2
xb_03645,他,世界上最善良的人,人,他,HM,人体,HM,人体,1,具体→具体,1099,0.9885,,,,,,,0.3954,,0.2175,2
xb_03646,胡子,反革命,反革命,胡子,BD,建筑,SC,社会,4,抽象→具体,221,0.7626,,,,,,,0.3051,,0.1678,1
xb_03647,那,梁葫芦的半块头皮换来的欧米茄,欧米茄,那,OB,物体,OB,物体,1,具体→具体,1192,1.0,,,,,,,0.4,,0.22,2
xb_03648,这,一群叫做囚犯的生物,生物,这,LV,生命,HM,人体,1,具体→具体,263,0.7871,,,,,,,0.3148,,0.1732,1
xb_03649,那,小卖部的贵族食品,食品,那,FD,食物,FD,食物,1,具体→具体,46,0.5435,,,,,,,0.2174,,0.1196,1
xb_03650,那,声音在进行长途旅行的声响,声响,那,TR,交通,SN,感知,4,抽象→具体,41,0.5276,,,,,,,0.211,,0.1161,1
xb_03651,那,银幕上的人,人,那,HM,人体,HM,人体,1,具体→具体,1099,0.9885,,,,,,,0.3954,,0.2175,2
xb_03652,那,旧社会,社会,那,SC,社会,SC,社会,3,抽象→抽象,81,0.622,,,,,,,0.2488,,0.1369,1
xb_03653,吃皇粮,做官的意思,意思,皇粮,SC,社会,SC,社会,3,抽象→抽象,81,0.622,,,,,,,0.2488,,0.1369,1
xb_03654,这,墓碑主人的灵魂附上了拓片,拓片,这,EM,情感,EV,事件,3,抽象→抽象,134,0.6924,,,,,,,0.277,,0.1523,1
xb_03655,这,报应,报应,这,MR,机器,EV,事件,3,抽象→抽象,123,0.6804,,,,,,,0.2722,,0.1497,1
xb_03656,那,情杀,情杀,那,EV,事件,EV,事件,3,抽象→抽象,121,0.6781,,,,,,,0.2713,,0.1492,1
xb_03657,那,生命疲惫不堪地接近终点,生命,那,TR,交通,ST,结构,4,抽象→具体,41,0.5276,,,,,,,0.211,,0.1161,1
xb_03658,那,母亲在绝望时唯一能够抓住的一根稻草,稻草,那,OB,物体,AB,抽象,4,抽象→具体,1192,1.0,,,,,,,0.4,,0.22,2
xb_03659,她,叛徒、走狗,走狗,她,LV,生命,HM,人体,1,具体→具体,263,0.7871,,,,,,,0.3148,,0.1732,1
xb_03660,我们,老师派来侦察你的,老师,我们,HM,人体,HM,人体,1,具体→具体,1099,0.9885,,,,,,,0.3954,,0.2175,2
xb_03661,我,傻子,傻子,我,HM,人体,HM,人体,1,具体→具体,1099,0.9885,,,,,,,0.3954,,0.2175,2
xb_03662,我们,夫妻,夫妻,我们,HM,人体,HM,人体,1,具体→具体,1099,0.9885,,,,,,,0.3954,,0.2175,2
xb_03663,我,朽木不可雕也,朽木不可雕也,我,OB,物体,HM,人体,1,具体→具体,1192,1.0,,,,,,,0.4,,0.22,2
xb_03664,自己,穷光蛋,穷光蛋,自己,HM,人体,HM,人体,1,具体→具体,1099,0.9885,,,,,,,0.3954,,0.2175,2
xb_03665,汽油桶,汽车吃饭用的饭碗,饭碗,汽油桶,OB,物体,OB,物体,1,具体→具体,1192,1.0,,,,,,,0.4,,0.22,2
xb_03666,那,祖先,祖先,那,HM,人体,HM,人体,1,具体→具体,1099,0.9885,,,,,,,0.3954,,0.2175,2
xb_03667,我们,国没破，家先亡,家,我们,ST,结构,HM,人体,2,具体→抽象,990,0.9738,,,,,,,0.3895,,0.2142,2
xb_03668,我,过来人,过来人,我,HM,人体,HM,人体,1,具体→具体,1099,0.9885,,,,,,,0.3954,,0.2175,2
xb_03669,这,命运的第三次暗示,命运,这,EV,事件,EV,事件,3,抽象→抽象,121,0.6781,,,,,,,0.2713,,0.1492,1
xb_03670,那,在石料上去掉那些不要的东西,东西,那,EV,事件,EV,事件,3,抽象→抽象,121,0.6781,,,,,,,0.2713,,0.1492,1
xb_03671,它,华夏文明的早期屏障,屏障,它,OB,物体,AB,抽象,1,具体→具体,1192,1.0,,,,,,,0.4,,0.22,2
xb_03672,这,学者的第二次死亡,死亡,这,EV,事件,EV,事件,3,抽象→抽象,121,0.6781,,,,,,,0.2713,,0.1492,1
xb_03673,他,窗户的开启者，又是大门的把守者,开启者,他,HM,人体,HM,人体,1,具体→具体,1099,0.9885,,,,,,,0.3954,,0.2175,2
xb_03674,它,后世欧洲各种文明的共同祖先,祖先,它,HM,人体,SC,社会,4,抽象→具体,1099,0.9885,,,,,,,0.3954,,0.2175,2
xb_03675,我,废墟的泪,泪,我,BD,建筑,HM,人体,1,具体→具体,221,0.7626,,,,,,,0.3051,,0.1678,1
xb_03676,他们,一团驱之不散又不见痕迹的腐蚀之气,气,他们,NT,自然,HM,人体,1,具体→具体,184,0.7369,,,,,,,0.2948,,0.1621,1
xb_03677,他们,急先锋,急先锋,他们,HM,人体,HM,人体,1,具体→具体,1099,0.9885,,,,,,,0.3954,,0.2175,2
xb_03678,这,高利贷的物质文明,文明,这,SC,社会,AB,抽象,3,抽象→抽象,81,0.622,,,,,,,0.2488,,0.1369,1
xb_03679,我们,狗化定了,狗,我们,LV,生命,HM,人体,1,具体→具体,263,0.7871,,,,,,,0.3148,,0.1732,1
xb_03680,风,拨乱其间的小丑,小丑,风,HM,人体,NT,自然,1,具体→具体,1099,0.9885,,,,,,,0.3954,,0.2175,2
xb_03681,你们,义务的助哀人,助哀人,你们,HM,人体,HM,人体,1,具体→具体,1099,0.9885,,,,,,,0.3954,,0.2175,2
xb_03682,他,神仙,神仙,他,HM,人体,HM,人体,1,具体→具体,1099,0.9885,,,,,,,0.3954,,0.2175,2
xb_03683,它,生命之花,花,它,LV,生命,EV,事件,1,具体→具体,263,0.7871,,,,,,,0.3148,,0.1732,1
xb_03684,我,世界的光,光,我,NT,自然,HM,人体,1,具体→具体,184,0.7369,,,,,,,0.2948,,0.1621,1
xb_03685,它们,光明闪烁的,的,它们,NT,自然,EV,事件,4,抽象→具体,184,0.7369,,,,,,,0.2948,,0.1621,1
xb_03686,它,灵魂海中的一滴,海,它,OB,物体,EM,情感,2,具体→抽象,1192,1.0,,,,,,,0.4,,0.22,2
xb_03687,你,海的小妹妹,妹,你,HM,人体,HM,人体,1,具体→具体,1099,0.9885,,,,,,,0.3954,,0.2175,2
xb_03688,声音,发光的,的,声音,NT,自然,SN,感知,4,抽象→具体,184,0.7369,,,,,,,0.2948,,0.1621,1
xb_03689,我和他,社会的同类,同类,他,HM,人体,HM,人体,1,具体→具体,1099,0.9885,,,,,,,0.3954,,0.2175,2
xb_03690,这,无限的希冀之所在,所在,这,SP,空间,EM,情感,2,具体→抽象,203,0.7507,,,,,,,0.3003,,0.1652,1
xb_03691,这,历史的本来面目,面目,这,BD,建筑,AB,抽象,4,抽象→具体,221,0.7626,,,,,,,0.3051,,0.1678,1
xb_03692,这,压箱底的宝贝,宝贝,这,OB,物体,OB,物体,1,具体→具体,1192,1.0,,,,,,,0.4,,0.22,2
xb_03693,他,神仙,神仙,他,HM,人体,HM,人体,1,具体→具体,1099,0.9885,,,,,,,0.3954,,0.2175,2
xb_03694,我,世界的光,光,我,NT,自然,HM,人体,1,具体→具体,184,0.7369,,,,,,,0.2948,,0.1621,1
xb_03695,你,大调和的生命里的一部分,生命,你,OB,物体,HM,人体,1,具体→具体,1192,1.0,,,,,,,0.4,,0.22,2
xb_03696,它,灵魂海中的一滴,海,它,OB,物体,EM,情感,2,具体→抽象,1192,1.0,,,,,,,0.4,,0.22,2
xb_03697,你,海的小妹妹,妹,你,HM,人体,HM,人体,1,具体→具体,1099,0.9885,,,,,,,0.3954,,0.2175,2
xb_03698,她,一团火焰,火焰,她,NT,自然,HM,人体,1,具体→具体,184,0.7369,,,,,,,0.2948,,0.1621,1
xb_03699,我们,宇宙大气中之一息,之一,我们,NT,自然,HM,人体,1,具体→具体,184,0.7369,,,,,,,0.2948,,0.1621,1
xb_03700,你,大海,大海,你,NT,自然,HM,人体,1,具体→具体,184,0.7369,,,,,,,0.2948,,0.1621,1
xb_03701,你们,弓,弓,你们,OB,物体,HM,人体,1,具体→具体,1192,1.0,,,,,,,0.4,,0.22,2
xb_03702,你,母亲一块肉,肉,你,BD,建筑,HM,人体,1,具体→具体,221,0.7626,,,,,,,0.3051,,0.1678,1
xb_03703,你,王后,王后,你,HM,人体,HM,人体,1,具体→具体,1099,0.9885,,,,,,,0.3954,,0.2175,2
xb_03704,他,石头,石头,他,OB,物体,HM,人体,1,具体→具体,1192,1.0,,,,,,,0.4,,0.22,2
xb_03705,他,羊群里的骆驼,骆驼,他,LV,生命,HM,人体,1,具体→具体,263,0.7871,,,,,,,0.3148,,0.1732,1
xb_03706,你,工厂的主宰,主宰,你,HM,人体,HM,人体,1,具体→具体,1099,0.9885,,,,,,,0.3954,,0.2175,2
xb_03707,她,"一架""爱""的机器",机器,她,MC,医疗,HM,人体,1,具体→具体,32,0.4936,,,,,,,0.1974,,0.1086,1
xb_03709,他们,历史最终的胜利者,胜利者,他们,HM,人体,HM,人体,1,具体→具体,1099,0.9885,,,,,,,0.3954,,0.2175,2
xb_03710,这,血和汗凝成的牢不可破的战斗的友谊,友谊,这,EM,情感,AB,抽象,3,抽象→抽象,134,0.6924,,,,,,,0.277,,0.1523,1
xb_03711,这,文学形式中的一种奢侈品,形式,这,OB,物体,AB,抽象,4,抽象→具体,1192,1.0,,,,,,,0.4,,0.22,2
xb_03712,它,形式的创造,创造,它,EV,事件,AB,抽象,3,抽象→抽象,121,0.6781,,,,,,,0.2713,,0.1492,1
xb_03713,他们,党和毛主席伟大民族政策的化身,化身,他们,HM,人体,HM,人体,1,具体→具体,1099,0.9885,,,,,,,0.3954,,0.2175,2
xb_03714,你,精湛的学问,学问,你,AB,抽象,HM,人体,2,具体→抽象,515,0.8817,,,,,,,0.3527,,0.194,1
xb_03715,容忍,和高傲狂害着相思的一种病症,病症,容忍,BD,建筑,AB,抽象,4,抽象→具体,221,0.7626,,,,,,,0.3051,,0.1678,1
xb_03716,我,烈火,烈火,我,NT,自然,HM,人体,1,具体→具体,184,0.7369,,,,,,,0.2948,,0.1621,1
xb_03717,它,叛徒的巢穴,叛徒,它,LV,生命,SP,空间,1,具体→具体,263,0.7871,,,,,,,0.3148,,0.1732,1
xb_03718,这里,个人吃人的世界,世界,这里,SC,社会,SP,空间,2,具体→抽象,81,0.622,,,,,,,0.2488,,0.1369,1
xb_03720,我们,大地的自豪的儿子,儿子,我们,HM,人体,HM,人体,1,具体→具体,1099,0.9885,,,,,,,0.3954,,0.2175,2
xb_03721,她,自然女儿的典型一种,女儿,她,HM,人体,HM,人体,1,具体→具体,1099,0.9885,,,,,,,0.3954,,0.2175,2
xb_03722,你,老朋友,老朋友,你,HM,人体,HM,人体,1,具体→具体,1099,0.9885,,,,,,,0.3954,,0.2175,2
xb_03723,这,人民的力量和智慧的结晶,结晶,这,OB,物体,EV,事件,2,具体→抽象,1192,1.0,,,,,,,0.4,,0.22,2
xb_03724,你,历史的见证,见证,你,HM,人体,HM,人体,1,具体→具体,1099,0.9885,,,,,,,0.3954,,0.2175,2
xb_03725,你,大哥,大哥,你,HM,人体,HM,人体,1,具体→具体,1099,0.9885,,,,,,,0.3954,,0.2175,2
xb_03726,我,老四,老四,我,HM,人体,HM,人体,1,具体→具体,1099,0.9885,,,,,,,0.3954,,0.2175,2
xb_03727,我,山羊的女王,女王,我,HM,人体,HM,人体,1,具体→具体,1099,0.9885,,,,,,,0.3954,,0.2175,2
xb_03728,你,天空、窝巢,天空,你,SP,空间,HM,人体,1,具体→具体,203,0.7507,,,,,,,0.3003,,0.1652,1
xb_03729,这,人民的胜利,胜利,这,EV,事件,AB,抽象,3,抽象→抽象,121,0.6781,,,,,,,0.2713,,0.1492,1
xb_03730,我们,兄弟姊妹,姊妹,我们,HM,人体,HM,人体,1,具体→具体,1099,0.9885,,,,,,,0.3954,,0.2175,2
xb_03731,我,军人,军人,我,HM,人体,HM,人体,1,具体→具体,1099,0.9885,,,,,,,0.3954,,0.2175,2
xb_03732,我,骑兵,骑兵,我,HM,人体,HM,人体,1,具体→具体,1099,0.9885,,,,,,,0.3954,,0.2175,2
xb_03733,我们,共存共荣的,共荣,我们,ST,结构,HM,人体,2,具体→抽象,990,0.9738,,,,,,,0.3895,,0.2142,2
xb_03734,这,社会主义、国际主义的精神,精神,这,AB,抽象,TH,思维,3,抽象→抽象,515,0.8817,,,,,,,0.3527,,0.194,1
xb_03735,我,老寿星,老寿星,我,HM,人体,HM,人体,1,具体→具体,1099,0.9885,,,,,,,0.3954,,0.2175,2
xb_03736,我,反动派,反动派,我,HM,人体,HM,人体,1,具体→具体,1099,0.9885,,,,,,,0.3954,,0.2175,2
xb_03737,服务员同自己,阶级兄弟,兄弟,服务员,HM,人体,HM,人体,1,具体→具体,1099,0.9885,,,,,,,0.3954,,0.2175,2
xb_03738,那、我要的,肉、灵,灵,的,BD,建筑,AB,抽象,2,具体→抽象,221,0.7626,,,,,,,0.3051,,0.1678,1
xb_03739,他们,君子之贼,贼,他们,HM,人体,HM,人体,1,具体→具体,1099,0.9885,,,,,,,0.3954,,0.2175,2
xb_03740,这,谣言,谣言,这,TH,思维,AB,抽象,3,抽象→抽象,101,0.6529,,,,,,,0.2611,,0.1436,1
xb_03741,谁,赢家,赢家,谁,HM,人体,HM,人体,1,具体→具体,1099,0.9885,,,,,,,0.3954,,0.2175,2
xb_03742,人家,家财万贯的翩翩公子,公子,人家,HM,人体,HM,人体,1,具体→具体,1099,0.9885,,,,,,,0.3954,,0.2175,2
xb_03743,我们,做现钱买卖,买卖,我们,EC,经济,HM,人体,2,具体→抽象,129,0.6871,,,,,,,0.2748,,0.1512,1
xb_03744,那,晚生胡乱涂鸦,涂鸦,那,EV,事件,AB,抽象,3,抽象→抽象,121,0.6781,,,,,,,0.2713,,0.1492,1
xb_03745,你,钱牧老的高足,牧老,你,HM,人体,HM,人体,1,具体→具体,1099,0.9885,,,,,,,0.3954,,0.2175,2
xb_03746,她,妇人之见,妇人之见,她,TH,思维,HM,人体,2,具体→抽象,101,0.6529,,,,,,,0.2611,,0.1436,1
xb_03747,你,好人,好人,你,HM,人体,HM,人体,1,具体→具体,1099,0.9885,,,,,,,0.3954,,0.2175,2
xb_03748,咱,一家人,一家人,咱,HM,人体,HM,人体,1,具体→具体,1099,0.9885,,,,,,,0.3954,,0.2175,2
xb_03749,咱,土包子,包子,咱,HM,人体,HM,人体,1,具体→具体,1099,0.9885,,,,,,,0.3954,,0.2175,2
xb_03750,他们/我,帅才/将才,将才,他们,HM,人体,HM,人体,1,具体→具体,1099,0.9885,,,,,,,0.3954,,0.2175,2
xb_03751,这,石破天惊的一刻,一刻,这,TM,时间,AB,抽象,3,抽象→抽象,40,0.5242,,,,,,,0.2097,,0.1153,1
xb_03752,这,晴空霹雳的一刻,一刻,这,NT,自然,EV,事件,4,抽象→具体,184,0.7369,,,,,,,0.2948,,0.1621,1
xb_03753,这,黑暗地狱终于被天堂阳光照亮的一刻,一刻,这,SP,空间,EV,事件,1,具体→具体,203,0.7507,,,,,,,0.3003,,0.1652,1
xb_03754,这,死命令,死命令,这,SC,社会,AB,抽象,3,抽象→抽象,81,0.622,,,,,,,0.2488,,0.1369,1
xb_03755,她,中华民族的脊梁骨,脊梁骨,她,BD,建筑,HM,人体,1,具体→具体,221,0.7626,,,,,,,0.3051,,0.1678,1
xb_03756,我们,幸存者,幸存者,我们,HM,人体,HM,人体,1,具体→具体,1099,0.9885,,,,,,,0.3954,,0.2175,2
xb_03757,你,幻想,幻想,你,TH,思维,HM,人体,2,具体→抽象,101,0.6529,,,,,,,0.2611,,0.1436,1
xb_03758,这,党对我们每一个人发出的新的进军的命令,命令,这,SC,社会,SC,社会,3,抽象→抽象,81,0.622,,,,,,,0.2488,,0.1369,1
xb_03759,这,无产阶级的火车头,火车头,这,TR,交通,AB,抽象,4,抽象→具体,41,0.5276,,,,,,,0.211,,0.1161,1
xb_03760,这儿,老鼠、蟑螂、臭虫、虱子和被污辱与被损害的人们的世界,世界,这儿,SC,社会,SP,空间,2,具体→抽象,81,0.622,,,,,,,0.2488,,0.1369,1
xb_03761,你,死棋,死棋,你,OB,物体,HM,人体,1,具体→具体,1192,1.0,,,,,,,0.4,,0.22,2
xb_03762,这,冰块,冰块,这,OB,物体,BD,建筑,1,具体→具体,1192,1.0,,,,,,,0.4,,0.22,2
xb_03763,你,虎老雄心在,虎,你,LV,生命,HM,人体,2,具体→抽象,263,0.7871,,,,,,,0.3148,,0.1732,1
xb_03764,这,神圣不可侵犯的时刻,时刻,这,TM,时间,TM,时间,3,抽象→抽象,40,0.5242,,,,,,,0.2097,,0.1153,1
xb_03765,这,人海,人海,这,NT,自然,HM,人体,1,具体→具体,184,0.7369,,,,,,,0.2948,,0.1621,1
xb_03766,这,文学创作的丰富的矿藏,矿藏,这,NT,自然,AB,抽象,4,抽象→具体,184,0.7369,,,,,,,0.2948,,0.1621,1
xb_03767,你,骆驼托生的,托生,你,LV,生命,HM,人体,1,具体→具体,263,0.7871,,,,,,,0.3148,,0.1732,1
xb_03768,这,老天爷在挽留骆雨,挽留,这,HM,人体,EV,事件,4,抽象→具体,1099,0.9885,,,,,,,0.3954,,0.2175,2
xb_03769,这,民办教师的心病,心病,这,BD,建筑,AB,抽象,2,具体→抽象,221,0.7626,,,,,,,0.3051,,0.1678,1
xb_03770,这,民办教师的心病,心病,这,EM,情感,SC,社会,3,抽象→抽象,134,0.6924,,,,,,,0.277,,0.1523,1
xb_03771,他,狐狸精,精,他,LV,生命,HM,人体,1,具体→具体,263,0.7871,,,,,,,0.3148,,0.1732,1
xb_03772,你,界岭的孔圣人,孔圣人,你,HM,人体,HM,人体,1,具体→具体,1099,0.9885,,,,,,,0.3954,,0.2175,2
xb_03773,我,小人得志,小人得志,我,ST,结构,HM,人体,2,具体→抽象,990,0.9738,,,,,,,0.3895,,0.2142,2
xb_03774,豆腐,白玉,白玉,豆腐,OB,物体,FD,食物,1,具体→具体,1192,1.0,,,,,,,0.4,,0.22,2
xb_03775,我,龟孙,龟孙,我,LV,生命,HM,人体,1,具体→具体,263,0.7871,,,,,,,0.3148,,0.1732,1
xb_03776,你儿子,癞蛤蟆,癞蛤,儿子,LV,生命,HM,人体,1,具体→具体,263,0.7871,,,,,,,0.3148,,0.1732,1
xb_03777,你,猪,猪,你,LV,生命,HM,人体,1,具体→具体,263,0.7871,,,,,,,0.3148,,0.1732,1
xb_03778,这,导火索,导火索,这,OB,物体,EV,事件,4,抽象→具体,1192,1.0,,,,,,,0.4,,0.22,2
xb_03779,这,穷开心,开心,这,EM,情感,EM,情感,3,抽象→抽象,134,0.6924,,,,,,,0.277,,0.1523,1
xb_03780,人家,农业的红旗,红旗,人家,OB,物体,HM,人体,1,具体→具体,1192,1.0,,,,,,,0.4,,0.22,2
xb_03781,你们,社会渣滓,社会,你们,OB,物体,HM,人体,1,具体→具体,1192,1.0,,,,,,,0.4,,0.22,2
xb_03782,媒人,竹扫把,竹扫,媒人,OB,物体,HM,人体,1,具体→具体,1192,1.0,,,,,,,0.4,,0.22,2
xb_03783,那,狼,狼,那,LV,生命,HM,人体,1,具体→具体,263,0.7871,,,,,,,0.3148,,0.1732,1
xb_03784,那,梦,梦,那,TH,思维,EV,事件,3,抽象→抽象,101,0.6529,,,,,,,0.2611,,0.1436,1
xb_03785,这,上帝的安排,安排,这,HM,人体,EV,事件,4,抽象→具体,1099,0.9885,,,,,,,0.3954,,0.2175,2
xb_03786,这,命,命,这,AB,抽象,EV,事件,3,抽象→抽象,515,0.8817,,,,,,,0.3527,,0.194,1
xb_03787,这,命令,命令,这,SC,社会,AB,抽象,3,抽象→抽象,81,0.622,,,,,,,0.2488,,0.1369,1
xb_03788,她,女性,女性,她,HM,人体,HM,人体,1,具体→具体,1099,0.9885,,,,,,,0.3954,,0.2175,2
xb_03789,哪里,鼻子,鼻子,哪里,BD,建筑,BD,建筑,1,具体→具体,221,0.7626,,,,,,,0.3051,,0.1678,1
xb_03790,您/我,天/地,地,您,NT,自然,HM,人体,1,具体→具体,184,0.7369,,,,,,,0.2948,,0.1621,1
xb_03791,它,柔肠寸断,柔肠寸断,它,BD,建筑,AB,抽象,2,具体→抽象,221,0.7626,,,,,,,0.3051,,0.1678,1
xb_03792,它,空城计,空城计,它,TH,思维,AB,抽象,3,抽象→抽象,101,0.6529,,,,,,,0.2611,,0.1436,1
xb_03793,这,哪吒三太子,太子,这,HM,人体,HM,人体,1,具体→具体,1099,0.9885,,,,,,,0.3954,,0.2175,2
xb_03794,这,闪电交加的滂沱的雷雨,雷雨,这,NT,自然,EM,情感,4,抽象→具体,184,0.7369,,,,,,,0.2948,,0.1621,1
xb_03795,那,命运,命运,那,AB,抽象,EV,事件,3,抽象→抽象,515,0.8817,,,,,,,0.3527,,0.194,1
xb_03796,他,随手就能捏得死的蝼蚁,蝼蚁,他,LV,生命,HM,人体,1,具体→具体,263,0.7871,,,,,,,0.3148,,0.1732,1
xb_03797,它,地的摇撼,摇撼,它,NT,自然,AB,抽象,3,抽象→抽象,184,0.7369,,,,,,,0.2948,,0.1621,1
xb_03798,那,灯油将尽的预兆,预兆,那,AB,抽象,AB,抽象,3,抽象→抽象,515,0.8817,,,,,,,0.3527,,0.194,1
xb_03799,那,人间最鲜丽最温暖的祥云,人间,那,NT,自然,AB,抽象,4,抽象→具体,184,0.7369,,,,,,,0.2948,,0.1621,1
xb_03800,这,前生罪孽重,罪孽,这,MR,机器,EV,事件,3,抽象→抽象,123,0.6804,,,,,,,0.2722,,0.1497,1
xb_03801,污秽神圣,一物,一物,神圣,OB,物体,AB,抽象,4,抽象→具体,1192,1.0,,,,,,,0.4,,0.22,2
xb_03802,这,新生命向古老生命源头认同的典礼,典礼,这,EV,事件,EV,事件,3,抽象→抽象,121,0.6781,,,,,,,0.2713,,0.1492,1
xb_03803,这,命,命,这,AB,抽象,EV,事件,3,抽象→抽象,515,0.8817,,,,,,,0.3527,,0.194,1
xb_03804,这,意义,意义,这,AB,抽象,EV,事件,3,抽象→抽象,515,0.8817,,,,,,,0.3527,,0.194,1
xb_03805,这,生命的欢悦,欢悦,这,EM,情感,AB,抽象,3,抽象→抽象,134,0.6924,,,,,,,0.277,,0.1523,1
xb_03806,我们,舞台上的英雄,英雄,我们,HM,人体,HM,人体,1,具体→具体,1099,0.9885,,,,,,,0.3954,,0.2175,2
xb_03807,这,造物主借孩子之口对你的父亲资格的确认,确认,这,EV,事件,AB,抽象,3,抽象→抽象,121,0.6781,,,,,,,0.2713,,0.1492,1
xb_03808,这,家,家,这,SP,空间,SP,空间,1,具体→具体,203,0.7507,,,,,,,0.3003,,0.1652,1
xb_03809,那,她的业,业,那,MR,机器,AB,抽象,3,抽象→抽象,123,0.6804,,,,,,,0.2722,,0.1497,1
xb_03810,你,玉女,玉女,你,HM,人体,HM,人体,1,具体→具体,1099,0.9885,,,,,,,0.3954,,0.2175,2
xb_03811,我,楚王庄的王,王,我,HM,人体,HM,人体,1,具体→具体,1099,0.9885,,,,,,,0.3954,,0.2175,2
xb_03812,这,上帝亲自指点你该怎么办的,上帝,这,HM,人体,AB,抽象,4,抽象→具体,1099,0.9885,,,,,,,0.3954,,0.2175,2
xb_03813,他,时代的牺牲品,牺牲品,他,OB,物体,HM,人体,1,具体→具体,1192,1.0,,,,,,,0.4,,0.22,2
xb_03814,他,沙漠的皇帝,皇帝,他,HM,人体,HM,人体,1,具体→具体,1099,0.9885,,,,,,,0.3954,,0.2175,2
xb_03815,他,国王,国王,他,HM,人体,HM,人体,1,具体→具体,1099,0.9885,,,,,,,0.3954,,0.2175,2
xb_03816,这,偏见,偏见,这,TH,思维,TH,思维,3,抽象→抽象,101,0.6529,,,,,,,0.2611,,0.1436,1
xb_03817,这,哲学,哲学,这,TH,思维,AB,抽象,3,抽象→抽象,101,0.6529,,,,,,,0.2611,,0.1436,1
xb_03818,这,幻觉,幻觉,这,ST,结构,EV,事件,3,抽象→抽象,990,0.9738,,,,,,,0.3895,,0.2142,2
xb_03819,他,木头,木头,他,OB,物体,HM,人体,1,具体→具体,1192,1.0,,,,,,,0.4,,0.22,2
xb_03820,她,地主太太,太太,她,HM,人体,HM,人体,1,具体→具体,1099,0.9885,,,,,,,0.3954,,0.2175,2
xb_03821,这,局部的问题,问题,这,AB,抽象,ST,结构,3,抽象→抽象,515,0.8817,,,,,,,0.3527,,0.194,1
xb_03822,他,吸血鬼,吸血鬼,他,LV,生命,HM,人体,1,具体→具体,263,0.7871,,,,,,,0.3148,,0.1732,1
xb_03823,这,教士在门廊里正在为去世的婴儿做安魂祈祷,祈祷,这,EV,事件,EV,事件,3,抽象→抽象,121,0.6781,,,,,,,0.2713,,0.1492,1
xb_03824,这,轻松愉快的劳动,劳动,这,ST,结构,ST,结构,3,抽象→抽象,990,0.9738,,,,,,,0.3895,,0.2142,2
xb_03825,这,父亲从俱乐部回来了,俱乐部,这,EV,事件,EV,事件,3,抽象→抽象,121,0.6781,,,,,,,0.2713,,0.1492,1
xb_03826,你,奶油冰淇淋,冰淇淋,你,FD,食物,HM,人体,1,具体→具体,46,0.5435,,,,,,,0.2174,,0.1196,1
xb_03827,他,大学传统的保护人,保护人,他,HM,人体,HM,人体,1,具体→具体,1099,0.9885,,,,,,,0.3954,,0.2175,2
xb_03828,这,节庆,节庆,这,EV,事件,EV,事件,3,抽象→抽象,121,0.6781,,,,,,,0.2713,,0.1492,1
xb_03829,自己,皇帝,皇帝,自己,HM,人体,HM,人体,1,具体→具体,1099,0.9885,,,,,,,0.3954,,0.2175,2
xb_03830,他,乡里的土皇帝,土皇帝,他,HM,人体,HM,人体,1,具体→具体,1099,0.9885,,,,,,,0.3954,,0.2175,2
xb_03831,自己,大桥的主人,主人,自己,HM,人体,HM,人体,1,具体→具体,1099,0.9885,,,,,,,0.3954,,0.2175,2
xb_03832,这,群众的热情,热情,这,EM,情感,ST,结构,3,抽象→抽象,134,0.6924,,,,,,,0.277,,0.1523,1
xb_03833,这,事实,事实,这,AB,抽象,AB,抽象,3,抽象→抽象,515,0.8817,,,,,,,0.3527,,0.194,1
xb_03834,这,科学,科学,这,TH,思维,EV,事件,3,抽象→抽象,101,0.6529,,,,,,,0.2611,,0.1436,1
xb_03835,这,世界公例,公例,这,SC,社会,AB,抽象,3,抽象→抽象,81,0.622,,,,,,,0.2488,,0.1369,1
xb_03836,这,心理上的目中无人,目中无人,这,TH,思维,EV,事件,3,抽象→抽象,101,0.6529,,,,,,,0.2611,,0.1436,1
xb_03837,这,自然规律,规律,这,NT,自然,AB,抽象,3,抽象→抽象,184,0.7369,,,,,,,0.2948,,0.1621,1
xb_03838,这,地面上的奇迹,奇迹,这,EV,事件,SC,社会,3,抽象→抽象,121,0.6781,,,,,,,0.2713,,0.1492,1
xb_03839,它,精神上的,精神,它,TH,思维,ST,结构,3,抽象→抽象,101,0.6529,,,,,,,0.2611,,0.1436,1
xb_03840,你,圣母,圣母,你,HM,人体,HM,人体,1,具体→具体,1099,0.9885,,,,,,,0.3954,,0.2175,2
xb_03841,她,孟家人,孟家人,她,HM,人体,HM,人体,1,具体→具体,1099,0.9885,,,,,,,0.3954,,0.2175,2
xb_03842,犹太民族,伟大的,伟大,民族,ST,结构,SC,社会,3,抽象→抽象,990,0.9738,,,,,,,0.3895,,0.2142,2
xb_03843,她,母亲,母亲,她,HM,人体,HM,人体,1,具体→具体,1099,0.9885,,,,,,,0.3954,,0.2175,2
xb_03844,这,男儿死所,男儿,这,SP,空间,SP,空间,1,具体→具体,203,0.7507,,,,,,,0.3003,,0.1652,1
xb_03845,这,战士的任务,任务,这,SC,社会,SC,社会,3,抽象→抽象,81,0.622,,,,,,,0.2488,,0.1369,1
xb_03846,你,少爷,少爷,你,HM,人体,HM,人体,1,具体→具体,1099,0.9885,,,,,,,0.3954,,0.2175,2
xb_03847,我,丫头,丫头,我,HM,人体,HM,人体,1,具体→具体,1099,0.9885,,,,,,,0.3954,,0.2175,2
xb_03848,我们,青年,青年,我们,HM,人体,HM,人体,1,具体→具体,1099,0.9885,,,,,,,0.3954,,0.2175,2
xb_03849,这,事实,事实,这,AB,抽象,AB,抽象,3,抽象→抽象,515,0.8817,,,,,,,0.3527,,0.194,1
xb_03850,这,责任的问题,问题,这,AB,抽象,AB,抽象,3,抽象→抽象,515,0.8817,,,,,,,0.3527,,0.194,1
xb_03851,这,膀胱炎,膀胱,这,BD,建筑,BD,建筑,1,具体→具体,221,0.7626,,,,,,,0.3051,,0.1678,1
xb_03852,你,伤心人,人,你,HM,人体,HM,人体,1,具体→具体,1099,0.9885,,,,,,,0.3954,,0.2175,2
xb_03853,自己,世界上最痛苦的人,人,自己,HM,人体,HM,人体,1,具体→具体,1099,0.9885,,,,,,,0.3954,,0.2175,2
xb_03854,这,良心所不允许的,良心,这,MR,机器,EV,事件,3,抽象→抽象,123,0.6804,,,,,,,0.2722,,0.1497,1
xb_03855,我们,生来寻求痛苦的人,人,我们,HM,人体,HM,人体,1,具体→具体,1099,0.9885,,,,,,,0.3954,,0.2175,2
xb_03856,我,世界上最幸福的人,人,我,HM,人体,HM,人体,1,具体→具体,1099,0.9885,,,,,,,0.3954,,0.2175,2
xb_03857,这,真话,真话,这,TH,思维,TH,思维,3,抽象→抽象,101,0.6529,,,,,,,0.2611,,0.1436,1
xb_03858,这,革命党的主张,主张,这,TH,思维,TH,思维,3,抽象→抽象,101,0.6529,,,,,,,0.2611,,0.1436,1
xb_03859,这,社会主义,社会主义,这,SC,社会,SC,社会,3,抽象→抽象,81,0.622,,,,,,,0.2488,,0.1369,1
xb_03860,这,资产阶级复辟,资产阶级,这,EV,事件,EV,事件,3,抽象→抽象,121,0.6781,,,,,,,0.2713,,0.1492,1
xb_03861,这,社会主义,社会主义,这,SC,社会,AB,抽象,3,抽象→抽象,81,0.622,,,,,,,0.2488,,0.1369,1
xb_03862,他,党员,党员,他,HM,人体,HM,人体,1,具体→具体,1099,0.9885,,,,,,,0.3954,,0.2175,2
xb_03863,这,悲剧,悲剧,这,EV,事件,SC,社会,3,抽象→抽象,121,0.6781,,,,,,,0.2713,,0.1492,1
xb_03864,我,春蚕,春蚕,我,LV,生命,HM,人体,1,具体→具体,263,0.7871,,,,,,,0.3148,,0.1732,1
xb_03865,这,人类历史上的奇迹,奇迹,这,EV,事件,AB,抽象,3,抽象→抽象,121,0.6781,,,,,,,0.2713,,0.1492,1
xb_03866,这,假话,假话,这,TH,思维,TH,思维,3,抽象→抽象,101,0.6529,,,,,,,0.2611,,0.1436,1
xb_03867,这,事实,事实,这,AB,抽象,AB,抽象,3,抽象→抽象,515,0.8817,,,,,,,0.3527,,0.194,1
xb_03868,他,世界上最真诚的人,人,他,HM,人体,HM,人体,1,具体→具体,1099,0.9885,,,,,,,0.3954,,0.2175,2
xb_03869,我,作家,作家,我,HM,人体,HM,人体,1,具体→具体,1099,0.9885,,,,,,,0.3954,,0.2175,2
xb_03870,你,反贪局长,局长,你,HM,人体,HM,人体,1,具体→具体,1099,0.9885,,,,,,,0.3954,,0.2175,2
xb_03871,这,运动,运动,这,EV,事件,AB,抽象,3,抽象→抽象,121,0.6781,,,,,,,0.2713,,0.1492,1
xb_03872,我,省委常委,常委,我,HM,人体,HM,人体,1,具体→具体,1099,0.9885,,,,,,,0.3954,,0.2175,2
xb_03873,这,大局,大局,这,SC,社会,SC,社会,3,抽象→抽象,81,0.622,,,,,,,0.2488,,0.1369,1
xb_03874,他,党的一个高级干部,干部,他,HM,人体,HM,人体,1,具体→具体,1099,0.9885,,,,,,,0.3954,,0.2175,2
xb_03875,你,市委书记,书记,你,HM,人体,HM,人体,1,具体→具体,1099,0.9885,,,,,,,0.3954,,0.2175,2
xb_03876,这,政治任务,任务,这,SC,社会,AB,抽象,3,抽象→抽象,81,0.622,,,,,,,0.2488,,0.1369,1
xb_03877,我,流氓,流氓,我,HM,人体,HM,人体,1,具体→具体,1099,0.9885,,,,,,,0.3954,,0.2175,2
xb_03878,你,流氓,流氓,你,HM,人体,HM,人体,1,具体→具体,1099,0.9885,,,,,,,0.3954,,0.2175,2
xb_03879,你,实干家,实干家,你,HM,人体,HM,人体,1,具体→具体,1099,0.9885,,,,,,,0.3954,,0.2175,2
xb_03880,这,父母之命,命,这,SC,社会,AB,抽象,3,抽象→抽象,81,0.622,,,,,,,0.2488,,0.1369,1
xb_03881,这,父母之命,命,这,SC,社会,EV,事件,3,抽象→抽象,81,0.622,,,,,,,0.2488,,0.1369,1
xb_03882,您,长辈,长辈,您,HM,人体,HM,人体,1,具体→具体,1099,0.9885,,,,,,,0.3954,,0.2175,2
xb_03883,那,外行话,外行话,那,TH,思维,SC,社会,3,抽象→抽象,101,0.6529,,,,,,,0.2611,,0.1436,1
xb_03884,这,米粉,米粉,这,FD,食物,FD,食物,1,具体→具体,46,0.5435,,,,,,,0.2174,,0.1196,1
xb_03885,天河,很客气地说道,说道,天河,ST,结构,HM,人体,1,具体→具体,990,0.9738,,,,,,,0.3895,,0.2142,2
xb_03886,这,应该的,的,这,ST,结构,EV,事件,3,抽象→抽象,990,0.9738,,,,,,,0.3895,,0.2142,2
xb_03887,这,当然的事,事,这,EV,事件,EV,事件,3,抽象→抽象,121,0.6781,,,,,,,0.2713,,0.1492,1
xb_03888,**表语** (predicate): 外人,未标注表语,标注,表语,HM,人体,HM,人体,1,具体→具体,1099,0.9885,,,,,,,0.3954,,0.2175,2
xb_03889,我们,有志气的民族,民族,我们,HM,人体,HM,人体,1,具体→具体,1099,0.9885,,,,,,,0.3954,,0.2175,2
xb_03890,这北京城,两个世界,世界,北京城,SP,空间,SP,空间,1,具体→具体,203,0.7507,,,,,,,0.3003,,0.1652,1
xb_03891,我,无面目见江东父老,无面目见江东父老,我,EM,情感,HM,人体,2,具体→抽象,134,0.6924,,,,,,,0.277,,0.1523,1
xb_03892,你这,善门难开,善门难开,你这,TH,思维,EV,事件,3,抽象→抽象,101,0.6529,,,,,,,0.2611,,0.1436,1
xb_03893,你这,少所见而多所怪,怪,你这,TH,思维,EV,事件,3,抽象→抽象,101,0.6529,,,,,,,0.2611,,0.1436,1
xb_03894,那,阔人挂高蹈招牌的地方,地方,那,SP,空间,SP,空间,1,具体→具体,203,0.7507,,,,,,,0.3003,,0.1652,1
xb_03895,这,千金市骨的意思,意思,这,TH,思维,TH,思维,3,抽象→抽象,101,0.6529,,,,,,,0.2611,,0.1436,1
xb_03896,你这,外行话,外行话,你这,TH,思维,SC,社会,3,抽象→抽象,101,0.6529,,,,,,,0.2611,,0.1436,1
xb_03897,这,女性一方面，逍遥浪荡的下场头,头,这,EV,事件,EV,事件,3,抽象→抽象,121,0.6781,,,,,,,0.2713,,0.1492,1
xb_03898,这,菩萨话,菩萨话,这,TH,思维,SC,社会,3,抽象→抽象,101,0.6529,,,,,,,0.2611,,0.1436,1
xb_03899,这,人间地狱,地狱,这,SP,空间,SP,空间,1,具体→具体,203,0.7507,,,,,,,0.3003,,0.1652,1
xb_03900,那,盲人骑瞎马，夜半临深池的情形,情形,那,EV,事件,EV,事件,3,抽象→抽象,121,0.6781,,,,,,,0.2713,,0.1492,1
xb_03901,我,笑话,笑话,我,TH,思维,HM,人体,2,具体→抽象,101,0.6529,,,,,,,0.2611,,0.1436,1
xb_03902,这,笑话,笑话,这,TH,思维,EV,事件,3,抽象→抽象,101,0.6529,,,,,,,0.2611,,0.1436,1
xb_03903,那,对牛弹琴,对牛弹琴,那,TH,思维,EV,事件,3,抽象→抽象,101,0.6529,,,,,,,0.2611,,0.1436,1
xb_03904,这,真话,真话,这,TH,思维,TH,思维,3,抽象→抽象,101,0.6529,,,,,,,0.2611,,0.1436,1
xb_03905,这,笑话,笑话,这,TH,思维,EV,事件,3,抽象→抽象,101,0.6529,,,,,,,0.2611,,0.1436,1
xb_03906,你们,爱情结合的婚姻,婚姻,你们,SC,社会,HM,人体,2,具体→抽象,81,0.622,,,,,,,0.2488,,0.1369,1
xb_03907,这,资产阶级的感情游戏,游戏,这,EV,事件,EV,事件,3,抽象→抽象,121,0.6781,,,,,,,0.2713,,0.1492,1
xb_03908,那,生命的源泉,源泉,那,NT,自然,EM,情感,2,具体→抽象,184,0.7369,,,,,,,0.2948,,0.1621,1
xb_03909,这,"一本""变天账""","账""",这,OB,物体,OB,物体,1,具体→具体,1192,1.0,,,,,,,0.4,,0.22,2
xb_03910,这,业务工作,工作,这,LV,生命,HM,人体,1,具体→具体,263,0.7871,,,,,,,0.3148,,0.1732,1
xb_03911,他们,人,人,他们,MC,医疗,HM,人体,1,具体→具体,32,0.4936,,,,,,,0.1974,,0.1086,1
xb_03912,这,马克思主义的三要素,要素,这,TH,思维,TH,思维,3,抽象→抽象,101,0.6529,,,,,,,0.2611,,0.1436,1
xb_03913,这,蝉蜕时期的痛苦,痛苦,这,ST,结构,EM,情感,3,抽象→抽象,990,0.9738,,,,,,,0.3895,,0.2142,2
xb_03914,它,艺术王冠上的宝石,宝石,它,OB,物体,SC,社会,2,具体→抽象,1192,1.0,,,,,,,0.4,,0.22,2
xb_03915,这,一个人的政治生命,生命,这,AB,抽象,SC,社会,3,抽象→抽象,515,0.8817,,,,,,,0.3527,,0.194,1
xb_03916,郑子云,当代中国脊梁,脊梁,郑子云,BD,建筑,HM,人体,1,具体→具体,221,0.7626,,,,,,,0.3051,,0.1678,1
xb_03917,它,火的飞动,飞动,它,NT,自然,EV,事件,2,具体→抽象,184,0.7369,,,,,,,0.2948,,0.1621,1
xb_03918,这,丧魂失魄的事儿,事儿,这,EV,事件,EV,事件,3,抽象→抽象,121,0.6781,,,,,,,0.2713,,0.1492,1
xb_03919,那儿,魔鬼徘徊之地,地,那儿,SP,空间,SP,空间,1,具体→具体,203,0.7507,,,,,,,0.3003,,0.1652,1
xb_03920,那,诗与史的双璧,璧,那,OB,物体,TH,思维,3,抽象→抽象,1192,1.0,,,,,,,0.4,,0.22,2
xb_03921,这,鲜血滋润出的一片土地,土地,这,SP,空间,SP,空间,1,具体→具体,203,0.7507,,,,,,,0.3003,,0.1652,1
xb_03922,这,大地上的野火,野火,这,NT,自然,EV,事件,2,具体→抽象,184,0.7369,,,,,,,0.2948,,0.1621,1
xb_03923,你,黄鼠狼,黄鼠狼,你,LV,生命,HM,人体,1,具体→具体,263,0.7871,,,,,,,0.3148,,0.1732,1
xb_03924,这,天籁,天籁,这,NT,自然,NT,自然,3,抽象→抽象,184,0.7369,,,,,,,0.2948,,0.1621,1
xb_03925,这,一群狠物,狠物,这,LV,生命,HM,人体,1,具体→具体,263,0.7871,,,,,,,0.3148,,0.1732,1
xb_03926,那,神,神,那,HM,人体,HM,人体,1,具体→具体,1099,0.9885,,,,,,,0.3954,,0.2175,2
xb_03927,这,一种奇怪的人生设置,设置,这,AB,抽象,SC,社会,3,抽象→抽象,515,0.8817,,,,,,,0.3527,,0.194,1
xb_03928,这,资产阶级大少爷才干的丑事儿,丑事儿,这,EV,事件,EV,事件,3,抽象→抽象,121,0.6781,,,,,,,0.2713,,0.1492,1
xb_03929,这,命运对于她的一种讽刺,命运,这,TH,思维,EV,事件,3,抽象→抽象,101,0.6529,,,,,,,0.2611,,0.1436,1
xb_03930,这,人民的财产,财产,这,OB,物体,OB,物体,1,具体→具体,1192,1.0,,,,,,,0.4,,0.22,2
xb_03931,这,精神上的萎缩,萎缩,这,BD,建筑,ST,结构,3,抽象→抽象,221,0.7626,,,,,,,0.3051,,0.1678,1
xb_03932,这,全国性的运动,运动,这,EV,事件,EV,事件,3,抽象→抽象,121,0.6781,,,,,,,0.2713,,0.1492,1
xb_03933,这,命运的安排,安排,这,EV,事件,EV,事件,3,抽象→抽象,121,0.6781,,,,,,,0.2713,,0.1492,1
xb_03934,这,命运对我们的恩典,命运,这,EV,事件,EV,事件,3,抽象→抽象,121,0.6781,,,,,,,0.2713,,0.1492,1
xb_03935,这,沙漠上的海市蜃楼,海市蜃楼,这,NT,自然,NT,自然,2,具体→抽象,184,0.7369,,,,,,,0.2948,,0.1621,1
xb_03936,这,历史的大事,大事,这,EV,事件,EV,事件,3,抽象→抽象,121,0.6781,,,,,,,0.2713,,0.1492,1
xb_03937,他,贵胄子弟,子弟,他,HM,人体,HM,人体,1,具体→具体,1099,0.9885,,,,,,,0.3954,,0.2175,2
xb_03938,他们,混血儿,混血儿,他们,HM,人体,HM,人体,1,具体→具体,1099,0.9885,,,,,,,0.3954,,0.2175,2
xb_03939,这,士兵的失职,士兵,这,EV,事件,EV,事件,3,抽象→抽象,121,0.6781,,,,,,,0.2713,,0.1492,1
xb_03940,这,第二次伐辽战争,战争,这,EV,事件,EV,事件,3,抽象→抽象,121,0.6781,,,,,,,0.2713,,0.1492,1
xb_03941,这,一场梦,梦,这,TH,思维,EV,事件,3,抽象→抽象,101,0.6529,,,,,,,0.2611,,0.1436,1
xb_03942,你,时代精神的先觉者,先觉者,你,HM,人体,HM,人体,1,具体→具体,1099,0.9885,,,,,,,0.3954,,0.2175,2
xb_03943,我,宇宙的枢纽,枢纽,我,MC,医疗,HM,人体,1,具体→具体,32,0.4936,,,,,,,0.1974,,0.1086,1
xb_03944,我,光明的泉源,泉源,我,NT,自然,HM,人体,1,具体→具体,184,0.7369,,,,,,,0.2948,,0.1621,1
xb_03945,你,人间的四月天,人间,你,NT,自然,HM,人体,1,具体→具体,184,0.7369,,,,,,,0.2948,,0.1621,1
xb_03946,人生,一支曲子,曲子,人生,OB,物体,AB,抽象,4,抽象→具体,1192,1.0,,,,,,,0.4,,0.22,2
xb_03947,它,时代的诗,诗,它,TH,思维,AB,抽象,3,抽象→抽象,101,0.6529,,,,,,,0.2611,,0.1436,1
xb_03948,这,艺术的女人,女人,这,HM,人体,HM,人体,1,具体→具体,1099,0.9885,,,,,,,0.3954,,0.2175,2
xb_03949,这,平民世纪,世纪,这,TM,时间,TM,时间,3,抽象→抽象,40,0.5242,,,,,,,0.2097,,0.1153,1
xb_03950,这,匕首，投枪,投枪,这,WR,战争,EV,事件,4,抽象→具体,198,0.7472,,,,,,,0.2989,,0.1644,1
xb_03951,这,看不见的人的眼睛，说不出的人的舌头,舌头,这,BD,建筑,EV,事件,4,抽象→具体,221,0.7626,,,,,,,0.3051,,0.1678,1
xb_03952,人生,戏,戏,人生,EV,事件,AB,抽象,3,抽象→抽象,121,0.6781,,,,,,,0.2713,,0.1492,1
xb_03953,这,青年时代,时代,这,TM,时间,TM,时间,3,抽象→抽象,40,0.5242,,,,,,,0.2097,,0.1153,1
xb_03954,他,艺术与科学的广大教主,教主,他,HM,人体,HM,人体,1,具体→具体,1099,0.9885,,,,,,,0.3954,,0.2175,2
xb_03955,这些,黑暗底心澜,底心,这些,EM,情感,EM,情感,3,抽象→抽象,134,0.6924,,,,,,,0.277,,0.1523,1
xb_03956,那儿,醉乡梦乡,醉乡,那儿,SP,空间,SP,空间,1,具体→具体,203,0.7507,,,,,,,0.3003,,0.1652,1
xb_03957,你,一团火,一团火,你,NT,自然,HM,人体,1,具体→具体,184,0.7369,,,,,,,0.2948,,0.1621,1
xb_03958,这,另一个天地,天地,这,SP,空间,AB,抽象,4,抽象→具体,203,0.7507,,,,,,,0.3003,,0.1652,1
xb_03959,它,人,人,它,HM,人体,SC,社会,1,具体→具体,1099,0.9885,,,,,,,0.3954,,0.2175,2
xb_03960,他,一家之主,一家,他,HM,人体,HM,人体,1,具体→具体,1099,0.9885,,,,,,,0.3954,,0.2175,2
xb_03961,这,命里注定的,命里,这,AB,抽象,EV,事件,3,抽象→抽象,515,0.8817,,,,,,,0.3527,,0.194,1
xb_03962,他,"为人排忧解难的""智多星""",星,他,HM,人体,HM,人体,1,具体→具体,1099,0.9885,,,,,,,0.3954,,0.2175,2
xb_03963,我,菩萨,菩萨,我,HM,人体,HM,人体,1,具体→具体,1099,0.9885,,,,,,,0.3954,,0.2175,2
xb_03964,这,民谚,民谚,这,TH,思维,TH,思维,3,抽象→抽象,101,0.6529,,,,,,,0.2611,,0.1436,1
xb_03965,你;他们,人,人,;,HM,人体,HM,人体,1,具体→具体,1099,0.9885,,,,,,,0.3954,,0.2175,2
xb_03966,我们,新四军;起义军,;起,我们,SC,社会,HM,人体,2,具体→抽象,81,0.622,,,,,,,0.2488,,0.1369,1
xb_03967,我们,共产党,共产党,我们,SC,社会,HM,人体,2,具体→抽象,81,0.622,,,,,,,0.2488,,0.1369,1
xb_03968,她们,学生,学生,她们,HM,人体,HM,人体,1,具体→具体,1099,0.9885,,,,,,,0.3954,,0.2175,2
xb_03969,你,男子汉,男子汉,你,HM,人体,HM,人体,1,具体→具体,1099,0.9885,,,,,,,0.3954,,0.2175,2
xb_03970,你,男子汉,男子汉,你,HM,人体,HM,人体,1,具体→具体,1099,0.9885,,,,,,,0.3954,,0.2175,2
xb_03971,她们,学生,学生,她们,HM,人体,HM,人体,1,具体→具体,1099,0.9885,,,,,,,0.3954,,0.2175,2
xb_03972,你,长辈,长辈,你,HM,人体,HM,人体,1,具体→具体,1099,0.9885,,,,,,,0.3954,,0.2175,2
xb_03973,他,一家之主,一家,他,HM,人体,HM,人体,1,具体→具体,1099,0.9885,,,,,,,0.3954,,0.2175,2
xb_03974,他们,男孩子,孩子,他们,HM,人体,HM,人体,1,具体→具体,1099,0.9885,,,,,,,0.3954,,0.2175,2
xb_03975,我们,新四军,新四军,我们,SC,社会,HM,人体,2,具体→抽象,81,0.622,,,,,,,0.2488,,0.1369,1
xb_03976,咱们,一家人了,一家人,咱们,HM,人体,HM,人体,1,具体→具体,1099,0.9885,,,,,,,0.3954,,0.2175,2
xb_03977,你,商界的,商界,你,SC,社会,HM,人体,2,具体→抽象,81,0.622,,,,,,,0.2488,,0.1369,1
xb_03978,我们,生意人,生意人,我们,HM,人体,HM,人体,1,具体→具体,1099,0.9885,,,,,,,0.3954,,0.2175,2
xb_03979,我,天下掉下来的星星,星星,我,NT,自然,HM,人体,1,具体→具体,184,0.7369,,,,,,,0.2948,,0.1621,1
xb_03980,我们,异乡人,异乡人,我们,HM,人体,HM,人体,1,具体→具体,1099,0.9885,,,,,,,0.3954,,0.2175,2
xb_03981,我,菩萨,菩萨,我,HM,人体,HM,人体,1,具体→具体,1099,0.9885,,,,,,,0.3954,,0.2175,2
xb_03982,我,阿弥陀佛,阿弥陀佛,我,HM,人体,HM,人体,1,具体→具体,1099,0.9885,,,,,,,0.3954,,0.2175,2
xb_03983,你,富豪,富豪,你,HM,人体,HM,人体,1,具体→具体,1099,0.9885,,,,,,,0.3954,,0.2175,2
xb_03984,我,土地,土地,我,NT,自然,HM,人体,1,具体→具体,184,0.7369,,,,,,,0.2948,,0.1621,1
xb_03985,咱们,朋友,朋友,咱们,HM,人体,HM,人体,1,具体→具体,1099,0.9885,,,,,,,0.3954,,0.2175,2
xb_03986,你,评论家,评论家,你,HM,人体,HM,人体,1,具体→具体,1099,0.9885,,,,,,,0.3954,,0.2175,2
xb_03987,我,老虎,老虎,我,LV,生命,HM,人体,1,具体→具体,263,0.7871,,,,,,,0.3148,,0.1732,1
xb_03988,我,导演,导演,我,HM,人体,HM,人体,1,具体→具体,1099,0.9885,,,,,,,0.3954,,0.2175,2
xb_03989,他,名人,名人,他,HM,人体,HM,人体,1,具体→具体,1099,0.9885,,,,,,,0.3954,,0.2175,2
xb_03990,他,大坟圈,大坟圈,他,SP,空间,HM,人体,1,具体→具体,203,0.7507,,,,,,,0.3003,,0.1652,1
xb_03991,TM,人,人,TM,HM,人体,HM,人体,1,具体→具体,1099,0.9885,,,,,,,0.3954,,0.2175,2
xb_03992,这,人生,人生,这,AB,抽象,AB,抽象,3,抽象→抽象,515,0.8817,,,,,,,0.3527,,0.194,1
xb_03993,他人,地狱,地狱,他人,SP,空间,HM,人体,1,具体→具体,203,0.7507,,,,,,,0.3003,,0.1652,1
xb_03994,男人,垃圾,垃圾,男人,OB,物体,HM,人体,1,具体→具体,1192,1.0,,,,,,,0.4,,0.22,2
xb_03995,house,坏孩子,孩子,house,HM,人体,HM,人体,1,具体→具体,1099,0.9885,,,,,,,0.3954,,0.2175,2
xb_03996,wilson,乖宝宝,宝宝,wilson,HM,人体,HM,人体,1,具体→具体,1099,0.9885,,,,,,,0.3954,,0.2175,2
xb_03997,世界,苍老,苍老,世界,ST,结构,AB,抽象,3,抽象→抽象,990,0.9738,,,,,,,0.3895,,0.2142,2
xb_03998,**表语** (predicate): 风的追求/树的不挽留,未标注表语,标注,表语,EV,事件,EM,情感,3,抽象→抽象,121,0.6781,,,,,,,0.2713,,0.1492,1
xb_03999,晚上的weibo,安静的,安静,weibo,ST,结构,OB,物体,2,具体→抽象,990,0.9738,,,,,,,0.3895,,0.2142,2
xb_04000,高铁的baby,便当车,当车,baby,TR,交通,MR,机器,1,具体→具体,41,0.5276,,,,,,,0.211,,0.1161,1
xb_04001,WC,最好的休息地方,地方,WC,SP,空间,SP,空间,1,具体→具体,203,0.7507,,,,,,,0.3003,,0.1652,1
xb_04002,morningcall,最好的新年礼物,礼物,morningcall,OB,物体,AB,抽象,4,抽象→具体,1192,1.0,,,,,,,0.4,,0.22,2
xb_04003,ZF,人民的ZF,ZF,ZF,SC,社会,SC,社会,3,抽象→抽象,81,0.622,,,,,,,0.2488,,0.1369,1
xb_04004,LV,奢侈品,奢侈品,LV,OB,物体,OB,物体,1,具体→具体,1192,1.0,,,,,,,0.4,,0.22,2
xb_04005,爱情,必需品,必需品,爱情,OB,物体,EM,情感,4,抽象→具体,1192,1.0,,,,,,,0.4,,0.22,2
xb_04006,LG,厨师,厨师,LG,HM,人体,HM,人体,1,具体→具体,1099,0.9885,,,,,,,0.3954,,0.2175,2
xb_04007,CHANEL,女人的香气,香气,CHANEL,SN,感知,OB,物体,2,具体→抽象,146,0.7044,,,,,,,0.2818,,0.155,1
xb_04008,ipad,二手货,二手货,ipad,OB,物体,OB,物体,1,具体→具体,1192,1.0,,,,,,,0.4,,0.22,2
xb_04009,HTC,水货受害者,受害者,HTC,HM,人体,OB,物体,4,抽象→具体,1099,0.9885,,,,,,,0.3954,,0.2175,2
xb_04010,消费者,媒介,媒介,消费者,SC,社会,HM,人体,2,具体→抽象,81,0.622,,,,,,,0.2488,,0.1369,1
xb_04011,媒介,讯息,讯息,媒介,TH,思维,AB,抽象,3,抽象→抽象,101,0.6529,,,,,,,0.2611,,0.1436,1
xb_04012,内容,媒介,媒介,内容,AB,抽象,AB,抽象,3,抽象→抽象,515,0.8817,,,,,,,0.3527,,0.194,1
xb_04013,Zelda,疯子,疯子,Zeld,HM,人体,HM,人体,1,具体→具体,1099,0.9885,,,,,,,0.3954,,0.2175,2
xb_04014,战争,和平,和平,战争,ST,结构,EV,事件,3,抽象→抽象,990,0.9738,,,,,,,0.3895,,0.2142,2
xb_04015,自由,奴役,奴役,自由,ST,结构,AB,抽象,3,抽象→抽象,990,0.9738,,,,,,,0.3895,,0.2142,2
xb_04016,无知,力量,力量,无知,AB,抽象,ST,结构,3,抽象→抽象,515,0.8817,,,,,,,0.3527,,0.194,1
xb_04017,42%,浮云,浮云,42%,NT,自然,AB,抽象,4,抽象→具体,184,0.7369,,,,,,,0.2948,,0.1621,1
xb_04018,200%,王道,王道,200%,AB,抽象,AB,抽象,3,抽象→抽象,515,0.8817,,,,,,,0.3527,,0.194,1
xb_04019,HTC,吉利,吉利,HTC,ST,结构,OB,物体,2,具体→抽象,990,0.9738,,,,,,,0.3895,,0.2142,2
xb_04020,yumi,懒大块头,块头,yumi,HM,人体,HM,人体,1,具体→具体,1099,0.9885,,,,,,,0.3954,,0.2175,2
xb_04021,GaGa,神,神,GaGa,HM,人体,HM,人体,1,具体→具体,1099,0.9885,,,,,,,0.3954,,0.2175,2
xb_04022,m&m,烦恼解药,解药,m,OB,物体,OB,物体,1,具体→具体,1192,1.0,,,,,,,0.4,,0.22,2
xb_04023,执行力,竞争力,竞争力,执行力,AB,抽象,AB,抽象,3,抽象→抽象,515,0.8817,,,,,,,0.3527,,0.194,1
xb_04024,JINNY,贴心小棉袄,棉袄,Y,OB,物体,HM,人体,1,具体→具体,1192,1.0,,,,,,,0.4,,0.22,2
xb_04025,杨leader,好男人,男人,杨leader,HM,人体,HM,人体,1,具体→具体,1099,0.9885,,,,,,,0.3954,,0.2175,2
xb_04026,这TM,浮云,浮云,TM,NT,自然,AB,抽象,4,抽象→具体,184,0.7369,,,,,,,0.2948,,0.1621,1
xb_04027,维生素C,保护神,保护神,维生素C,HM,人体,OB,物体,1,具体→具体,1099,0.9885,,,,,,,0.3954,,0.2175,2
xb_04028,男人,垃圾,垃圾,男人,OB,物体,HM,人体,1,具体→具体,1192,1.0,,,,,,,0.4,,0.22,2
xb_04029,BU,梦想,梦想,BU,TH,思维,AB,抽象,3,抽象→抽象,101,0.6529,,,,,,,0.2611,,0.1436,1
xb_04030,TH,长青树,树,TH,LV,生命,AB,抽象,1,具体→具体,263,0.7871,,,,,,,0.3148,,0.1732,1
xb_04031,人品,茶品,茶品,人品,ST,结构,MR,机器,3,抽象→抽象,990,0.9738,,,,,,,0.3895,,0.2142,2
xb_04032,HOT,传说,传说,HOT,TH,思维,AB,抽象,3,抽象→抽象,101,0.6529,,,,,,,0.2611,,0.1436,1
xb_04033,BB,活玩具,玩具,BB,OB,物体,HM,人体,1,具体→具体,1192,1.0,,,,,,,0.4,,0.22,2
xb_04034,AXLROSE,神,神,E,HM,人体,HM,人体,1,具体→具体,1099,0.9885,,,,,,,0.3954,,0.2175,2
xb_04035,兴趣,资本,资本,兴趣,SC,社会,AB,抽象,3,抽象→抽象,81,0.622,,,,,,,0.2488,,0.1369,1
xb_04036,LG,蝎子,蝎子,LG,LV,生命,HM,人体,1,具体→具体,263,0.7871,,,,,,,0.3148,,0.1732,1
xb_04037,engineer,本质,本质,engineer,AB,抽象,HM,人体,2,具体→抽象,515,0.8817,,,,,,,0.3527,,0.194,1
xb_04038,VersaceforH&M,低端货色,货色,M,OB,物体,OB,物体,1,具体→具体,1192,1.0,,,,,,,0.4,,0.22,2
xb_04039,GAGA,宇宙之母,母,GAGA,HM,人体,HM,人体,1,具体→具体,1099,0.9885,,,,,,,0.3954,,0.2175,2
xb_04040,LV,驴友专用包,驴友,LV,OB,物体,OB,物体,1,具体→具体,1192,1.0,,,,,,,0.4,,0.22,2
xb_04041,maggie,书签,书签,maggie,OB,物体,HM,人体,1,具体→具体,1192,1.0,,,,,,,0.4,,0.22,2
xb_04042,那人,狮子,狮子,那人,LV,生命,HM,人体,1,具体→具体,263,0.7871,,,,,,,0.3148,,0.1732,1
xb_04043,Y,世界上最能代表幸福的字母,字母,Y,AB,抽象,AB,抽象,3,抽象→抽象,515,0.8817,,,,,,,0.3527,,0.194,1
xb_04044,kbs,抠鼻屎,抠,kbs,EV,事件,AB,抽象,4,抽象→具体,121,0.6781,,,,,,,0.2713,,0.1492,1
xb_04045,AMD,大众货,货,AMD,OB,物体,OB,物体,1,具体→具体,1192,1.0,,,,,,,0.4,,0.22,2
xb_04046,眼镜娘,正义,正义,眼镜娘,AB,抽象,HM,人体,2,具体→抽象,515,0.8817,,,,,,,0.3527,,0.194,1
xb_04047,X,世界上最能代表悲伤的字母,字母,X,AB,抽象,AB,抽象,3,抽象→抽象,515,0.8817,,,,,,,0.3527,,0.194,1
xb_04048,执行力,竞争力,竞争力,执行力,AB,抽象,AB,抽象,3,抽象→抽象,515,0.8817,,,,,,,0.3527,,0.194,1
xb_04049,商场,战场,战场,商场,SP,空间,SC,社会,4,抽象→具体,203,0.7507,,,,,,,0.3003,,0.1652,1
xb_04050,媒介,讯息,讯息,媒介,TH,思维,AB,抽象,3,抽象→抽象,101,0.6529,,,,,,,0.2611,,0.1436,1
xb_04051,EM,神,神,EM,HM,人体,HM,人体,1,具体→具体,1099,0.9885,,,,,,,0.3954,,0.2175,2
xb_04052,男人没钱,垃圾,垃圾,男人,OB,物体,HM,人体,1,具体→具体,1192,1.0,,,,,,,0.4,,0.22,2
xb_04053,情,因,因,情,AB,抽象,EM,情感,3,抽象→抽象,515,0.8817,,,,,,,0.3527,,0.194,1
xb_04054,爱,果,果,爱,AB,抽象,EM,情感,2,具体→抽象,515,0.8817,,,,,,,0.3527,,0.194,1
xb_04055,笑容,心胸,心胸,笑容,MR,机器,SN,感知,2,具体→抽象,123,0.6804,,,,,,,0.2722,,0.1497,1
xb_04056,Dota,小三,小三,Dot,HM,人体,OB,物体,1,具体→具体,1099,0.9885,,,,,,,0.3954,,0.2175,2
xb_04057,MJ,神,神,MJ,HM,人体,HM,人体,1,具体→具体,1099,0.9885,,,,,,,0.3954,,0.2175,2
xb_04058,公司,坛城,坛城,公司,SP,空间,SC,社会,4,抽象→具体,203,0.7507,,,,,,,0.3003,,0.1652,1
xb_04059,文件,经典,经典,文件,TH,思维,OB,物体,2,具体→抽象,101,0.6529,,,,,,,0.2611,,0.1436,1
xb_04060,同事,菩萨,菩萨,同事,HM,人体,HM,人体,1,具体→具体,1099,0.9885,,,,,,,0.3954,,0.2175,2
xb_04061,X,世界上最能代表悲伤的字母,字母,X,AB,抽象,AB,抽象,3,抽象→抽象,515,0.8817,,,,,,,0.3527,,0.194,1
xb_04062,2G,刀剑,刀剑,2G,WR,战争,AB,抽象,4,抽象→具体,198,0.7472,,,,,,,0.2989,,0.1644,1
xb_04063,C.C,痛苦的,痛苦,C,EM,情感,HM,人体,2,具体→抽象,134,0.6924,,,,,,,0.277,,0.1523,1
xb_04064,观音,官印,官印,观音,OB,物体,HM,人体,1,具体→具体,1192,1.0,,,,,,,0.4,,0.22,2
xb_04065,牛B,单恋,单恋,牛B,EM,情感,AB,抽象,3,抽象→抽象,134,0.6924,,,,,,,0.277,,0.1523,1
xb_04066,SB,两情相悦,相悦,SB,EM,情感,AB,抽象,3,抽象→抽象,134,0.6924,,,,,,,0.277,,0.1523,1
xb_04067,他人,地狱,地狱,他人,SP,空间,HM,人体,1,具体→具体,203,0.7507,,,,,,,0.3003,,0.1652,1
xb_04068,UFO,飞人,飞人,UFO,HM,人体,OB,物体,1,具体→具体,1099,0.9885,,,,,,,0.3954,,0.2175,2
xb_04069,孩子的问题,父母的问题,问题,问题,EV,事件,EV,事件,3,抽象→抽象,121,0.6781,,,,,,,0.2713,,0.1492,1
xb_04070,WIND,富四代,富,WIND,HM,人体,HM,人体,1,具体→具体,1099,0.9885,,,,,,,0.3954,,0.2175,2
xb_04071,暖心,舒心,舒心,暖心,EM,情感,EM,情感,3,抽象→抽象,134,0.6924,,,,,,,0.277,,0.1523,1
xb_04072,他人,地狱,地狱,他人,SP,空间,HM,人体,1,具体→具体,203,0.7507,,,,,,,0.3003,,0.1652,1
xb_04073,LV,奢侈品,奢侈品,LV,OB,物体,OB,物体,1,具体→具体,1192,1.0,,,,,,,0.4,,0.22,2
xb_04074,爱情,生活必需品,必需品,爱情,OB,物体,EM,情感,4,抽象→具体,1192,1.0,,,,,,,0.4,,0.22,2
xb_04075,TOP,真爷们儿,们儿,TOP,HM,人体,HM,人体,1,具体→具体,1099,0.9885,,,,,,,0.3954,,0.2175,2
xb_04076,我,火星来的,火星,我,SP,空间,HM,人体,1,具体→具体,203,0.7507,,,,,,,0.3003,,0.1652,1
xb_04077,KPI,手段,手段,KPI,AB,抽象,AB,抽象,3,抽象→抽象,515,0.8817,,,,,,,0.3527,,0.194,1
xb_04078,世界,苍老,苍老,世界,ST,结构,AB,抽象,3,抽象→抽象,990,0.9738,,,,,,,0.3895,,0.2142,2
xb_04079,百姓,人民,人民,百姓,HM,人体,HM,人体,1,具体→具体,1099,0.9885,,,,,,,0.3954,,0.2175,2
xb_04080,礼仪,制度,制度,礼仪,SC,社会,SC,社会,3,抽象→抽象,81,0.622,,,,,,,0.2488,,0.1369,1
xb_04081,网龄,Q龄,Q龄,网龄,TM,时间,TM,时间,3,抽象→抽象,40,0.5242,,,,,,,0.2097,,0.1153,1
xb_04082,世间,清静,清静,世间,ST,结构,AB,抽象,3,抽象→抽象,990,0.9738,,,,,,,0.3895,,0.2142,2
xb_04083,心,解脱,解脱,心,ST,结构,AB,抽象,2,具体→抽象,990,0.9738,,,,,,,0.3895,,0.2142,2
xb_04084,国人,罪人,罪人,国人,HM,人体,HM,人体,1,具体→具体,1099,0.9885,,,,,,,0.3954,,0.2175,2
xb_04085,爱,奢侈品,奢侈品,爱,OB,物体,EM,情感,4,抽象→具体,1192,1.0,,,,,,,0.4,,0.22,2
xb_04086,执行力,竞争力,竞争力,执行力,AB,抽象,AB,抽象,3,抽象→抽象,515,0.8817,,,,,,,0.3527,,0.194,1
xb_04087,操蛋,善良,善良,操蛋,MR,机器,AB,抽象,3,抽象→抽象,123,0.6804,,,,,,,0.2722,,0.1497,1
xb_04088,O,世界上最能代表幸福的字母,字母,O,AB,抽象,AB,抽象,3,抽象→抽象,515,0.8817,,,,,,,0.3527,,0.194,1
xb_04089,X,世界上最能代表悲伤的字母,字母,X,AB,抽象,AB,抽象,3,抽象→抽象,515,0.8817,,,,,,,0.3527,,0.194,1
xb_04090,成就他人,成就自己,成就,成就,EV,事件,EV,事件,3,抽象→抽象,121,0.6781,,,,,,,0.2713,,0.1492,1
xb_04091,dota,正房,正房,dota,HM,人体,OB,物体,1,具体→具体,1099,0.9885,,,,,,,0.3954,,0.2175,2
xb_04092,期末考,小三,小三,期末,HM,人体,EV,事件,4,抽象→具体,1099,0.9885,,,,,,,0.3954,,0.2175,2
xb_04093,纪实,汉奸,汉奸,纪实,HM,人体,TH,思维,4,抽象→具体,1099,0.9885,,,,,,,0.3954,,0.2175,2
xb_04094,逢考必A,命运石之门的选择,选择,逢,EV,事件,EV,事件,3,抽象→抽象,121,0.6781,,,,,,,0.2713,,0.1492,1
xb_04095,战争,和平,和平,战争,ST,结构,EV,事件,3,抽象→抽象,990,0.9738,,,,,,,0.3895,,0.2142,2
xb_04096,自由,奴役,奴役,自由,ST,结构,AB,抽象,3,抽象→抽象,990,0.9738,,,,,,,0.3895,,0.2142,2
xb_04097,TBBT,理工科宅男的写照,男的,TBBT,TH,思维,OB,物体,3,抽象→抽象,101,0.6529,,,,,,,0.2611,,0.1436,1
xb_04098,已婚CODY,好CODY,CODY,CODY,HM,人体,HM,人体,1,具体→具体,1099,0.9885,,,,,,,0.3954,,0.2175,2
xb_04099,加V,脑残的标志,标志,加V,AB,抽象,EV,事件,3,抽象→抽象,515,0.8817,,,,,,,0.3527,,0.194,1
xb_04100,他人,地狱,地狱,他人,SP,空间,HM,人体,1,具体→具体,203,0.7507,,,,,,,0.3003,,0.1652,1
xb_04101,SUJU,世界,世界,SUJU,AB,抽象,AB,抽象,3,抽象→抽象,515,0.8817,,,,,,,0.3527,,0.194,1
xb_04102,整天对着弟弟YY,病,病,YY,ST,结构,EV,事件,3,抽象→抽象,990,0.9738,,,,,,,0.3895,,0.2142,2
xb_04103,生命,一根幹骨,幹骨,生命,BD,建筑,AB,抽象,4,抽象→具体,221,0.7626,,,,,,,0.3051,,0.1678,1
xb_04104,生命,一個歡舞,歡舞,生命,EV,事件,AB,抽象,3,抽象→抽象,121,0.6781,,,,,,,0.2713,,0.1492,1
xb_04105,HARRYWINSTON,王道,王道,NSTON,AB,抽象,OB,物体,2,具体→抽象,515,0.8817,,,,,,,0.3527,,0.194,1
xb_04106,DANCE,世界共同的语言,语言,E,TH,思维,EV,事件,3,抽象→抽象,101,0.6529,,,,,,,0.2611,,0.1436,1
xb_04107,ATO,良心,良心,ATO,MR,机器,AB,抽象,3,抽象→抽象,123,0.6804,,,,,,,0.2722,,0.1497,1
xb_04108,名人,榜样,榜样,名人,HM,人体,HM,人体,1,具体→具体,1099,0.9885,,,,,,,0.3954,,0.2175,2
xb_04109,CEO,浮云,浮云,CEO,NT,自然,AB,抽象,4,抽象→具体,184,0.7369,,,,,,,0.2948,,0.1621,1
xb_04110,国人,罪人,罪人,国人,HM,人体,HM,人体,1,具体→具体,1099,0.9885,,,,,,,0.3954,,0.2175,2
xb_04111,LOLI,浮云,浮云,LOLI,NT,自然,HM,人体,1,具体→具体,184,0.7369,,,,,,,0.2948,,0.1621,1
xb_04112,商场,战场,战场,商场,SP,空间,SC,社会,4,抽象→具体,203,0.7507,,,,,,,0.3003,,0.1652,1
xb_04113,psvita,个淫荡的机器,机器,psvita,MC,医疗,OB,物体,1,具体→具体,32,0.4936,,,,,,,0.1974,,0.1086,1
xb_04114,AKB,人海战术,战术,AKB,EV,事件,HM,人体,3,抽象→抽象,121,0.6781,,,,,,,0.2713,,0.1492,1
xb_04115,ella,表情帝,表情帝,ella,HM,人体,HM,人体,1,具体→具体,1099,0.9885,,,,,,,0.3954,,0.2175,2
xb_04116,MAMA,垃圾,垃圾,MAMA,OB,物体,AB,抽象,4,抽象→具体,1192,1.0,,,,,,,0.4,,0.22,2
xb_04117,政府,人民的仆人,仆人,政府,HM,人体,SC,社会,4,抽象→具体,1099,0.9885,,,,,,,0.3954,,0.2175,2
xb_04118,产品,灵魂,灵魂,产品,AB,抽象,OB,物体,2,具体→抽象,515,0.8817,,,,,,,0.3527,,0.194,1
xb_04119,内疚,维系感情的最好方法,方法,内疚,AB,抽象,EM,情感,3,抽象→抽象,515,0.8817,,,,,,,0.3527,,0.194,1
xb_04120,心佛,佛,佛,心佛,HM,人体,AB,抽象,4,抽象→具体,1099,0.9885,,,,,,,0.3954,,0.2175,2
xb_04121,GPA,浮云,浮云,GPA,NT,自然,AB,抽象,4,抽象→具体,184,0.7369,,,,,,,0.2948,,0.1621,1
xb_04122,Amy,亮点,亮点,Amy,AB,抽象,HM,人体,2,具体→抽象,515,0.8817,,,,,,,0.3527,,0.194,1
xb_04123,党,人民,人民,党,HM,人体,SC,社会,4,抽象→具体,1099,0.9885,,,,,,,0.3954,,0.2175,2
xb_04124,爱情,奢侈品,奢侈品,爱情,OB,物体,EM,情感,4,抽象→具体,1192,1.0,,,,,,,0.4,,0.22,2
xb_04125,世界,苍老,苍老,世界,ST,结构,AB,抽象,3,抽象→抽象,990,0.9738,,,,,,,0.3895,,0.2142,2
xb_04126,环境,心境,心境,环境,EM,情感,AB,抽象,3,抽象→抽象,134,0.6924,,,,,,,0.277,,0.1523,1
xb_04127,你,炮,炮,你,WR,战争,HM,人体,1,具体→具体,198,0.7472,,,,,,,0.2989,,0.1644,1
xb_04128,YY,病,病,YY,ST,结构,EV,事件,3,抽象→抽象,990,0.9738,,,,,,,0.3895,,0.2142,2
xb_04129,BACCANO,神作,神作,BACCANO,OB,物体,OB,物体,1,具体→具体,1192,1.0,,,,,,,0.4,,0.22,2
xb_04130,sense,真的很棒,棒,sense,ST,结构,AB,抽象,3,抽象→抽象,990,0.9738,,,,,,,0.3895,,0.2142,2
xb_04131,没3g的iPad,垃圾,垃圾,iPad,OB,物体,OB,物体,1,具体→具体,1192,1.0,,,,,,,0.4,,0.22,2
xb_04132,ELF,首位的,首位,ELF,ST,结构,HM,人体,2,具体→抽象,990,0.9738,,,,,,,0.3895,,0.2142,2
xb_04133,我和SINGO,菜市场的阿姨,阿姨,NGO,HM,人体,HM,人体,1,具体→具体,1099,0.9885,,,,,,,0.3954,,0.2175,2
xb_04134,为商,为人,为人,为商,EV,事件,EV,事件,3,抽象→抽象,121,0.6781,,,,,,,0.2713,,0.1492,1
xb_04135,CCTV,党的喉舌,喉舌,CCTV,BD,建筑,OB,物体,1,具体→具体,221,0.7626,,,,,,,0.3051,,0.1678,1
xb_04136,上班,件令人愉快的事情,事情,上班,EV,事件,EV,事件,3,抽象→抽象,121,0.6781,,,,,,,0.2713,,0.1492,1
xb_04137,骨子里,一条斑条,斑条,骨子里,LV,生命,MR,机器,4,抽象→具体,263,0.7871,,,,,,,0.3148,,0.1732,1
xb_04138,人,咖啡豆研磨机,研磨机,人,MC,医疗,HM,人体,1,具体→具体,32,0.4936,,,,,,,0.1974,,0.1086,1
xb_04139,**表语** (predicate): 段困难的时期,未标注表语,标注,表语,TM,时间,TM,时间,3,抽象→抽象,40,0.5242,,,,,,,0.2097,,0.1153,1
xb_04140,哲学,世界精神的镜子,镜子,哲学,OB,物体,AB,抽象,4,抽象→具体,1192,1.0,,,,,,,0.4,,0.22,2
xb_04141,这,只神鹿,神鹿,这,LV,生命,LV,生命,1,具体→具体,263,0.7871,,,,,,,0.3148,,0.1732,1
xb_04142,小的,冤枉,冤枉,小的,ST,结构,HM,人体,4,抽象→具体,990,0.9738,,,,,,,0.3895,,0.2142,2
xb_04143,世,猫,猫,世,LV,生命,AB,抽象,1,具体→具体,263,0.7871,,,,,,,0.3148,,0.1732,1
xb_04144,这,个肉神,肉神,这,HM,人体,HM,人体,1,具体→具体,1099,0.9885,,,,,,,0.3954,,0.2175,2
xb_04145,他,一颗学界新星,新星,他,NT,自然,HM,人体,1,具体→具体,184,0.7369,,,,,,,0.2948,,0.1621,1
xb_04146,国人,罪人,罪人,国人,HM,人体,SC,社会,1,具体→具体,1099,0.9885,,,,,,,0.3954,,0.2175,2
xb_04147,GAY,病,病,GAY,ST,结构,SC,社会,3,抽象→抽象,990,0.9738,,,,,,,0.3895,,0.2142,2
xb_04148,B,多啦A梦的口袋,口袋,B,OB,物体,AB,抽象,1,具体→具体,1192,1.0,,,,,,,0.4,,0.22,2
xb_04149,LV,奢侈品,奢侈品,LV,OB,物体,OB,物体,1,具体→具体,1192,1.0,,,,,,,0.4,,0.22,2
xb_04150,爱情,必须品,品,爱情,OB,物体,EM,情感,2,具体→抽象,1192,1.0,,,,,,,0.4,,0.22,2
xb_04151,CSR,企业和社会的新交叉点,交叉点,CSR,SP,空间,AB,抽象,2,具体→抽象,203,0.7507,,,,,,,0.3003,,0.1652,1
xb_04152,谁,孙子,孙子,谁,HM,人体,HM,人体,1,具体→具体,1099,0.9885,,,,,,,0.3954,,0.2175,2
xb_04153,网银,SHI,SHI,网银,OB,物体,AB,抽象,3,抽象→抽象,1192,1.0,,,,,,,0.4,,0.22,2
xb_04154,官方的GDP,官员在家里填出来的,家里,GDP,EV,事件,AB,抽象,3,抽象→抽象,121,0.6781,,,,,,,0.2713,,0.1492,1
xb_04155,msn/qq,动物,动物,qq,LV,生命,AB,抽象,2,具体→抽象,263,0.7871,,,,,,,0.3148,,0.1732,1
xb_04156,大自然,一位温和的向导,向导,大自然,HM,人体,NT,自然,2,具体→抽象,1099,0.9885,,,,,,,0.3954,,0.2175,2
xb_04157,诗,经验,经验,诗,TH,思维,AB,抽象,3,抽象→抽象,101,0.6529,,,,,,,0.2611,,0.1436,1
xb_04158,犹太人,本着这个想法来杀害基督教徒的男孩儿的,男孩儿,犹太人,HM,人体,SC,社会,1,具体→具体,1099,0.9885,,,,,,,0.3954,,0.2175,2
xb_04159,世界的尽头,它们自然的边界,边界,尽头,SP,空间,SP,空间,1,具体→具体,203,0.7507,,,,,,,0.3003,,0.1652,1
xb_04160,[省略，语境回指人物],个冤死鬼,鬼,省略,HM,人体,HM,人体,1,具体→具体,1099,0.9885,,,,,,,0.3954,,0.2175,2
xb_04161,一个优秀的科学家,一个探寻大自然奥秘的人,人,科学家,HM,人体,HM,人体,1,具体→具体,1099,0.9885,,,,,,,0.3954,,0.2175,2
xb_04162,人家,苏联英雄,英雄,人家,HM,人体,HM,人体,1,具体→具体,1099,0.9885,,,,,,,0.3954,,0.2175,2
xb_04163,这,英国人的鬼魂,鬼魂,这,HM,人体,SC,社会,1,具体→具体,1099,0.9885,,,,,,,0.3954,,0.2175,2
xb_04164,这里,专司男女情爱的,情爱,这里,EV,事件,SP,空间,3,抽象→抽象,121,0.6781,,,,,,,0.2713,,0.1492,1
xb_04165,这,战后最大的历史转折点,转折点,这,TM,时间,EV,事件,3,抽象→抽象,40,0.5242,,,,,,,0.2097,,0.1153,1
xb_04166,起初犯人几乎觉得,一阵轻松,轻松,犯人,ST,结构,EM,情感,3,抽象→抽象,990,0.9738,,,,,,,0.3895,,0.2142,2
xb_04167,流出来的,真泪,真泪,流,BD,建筑,BD,建筑,1,具体→具体,221,0.7626,,,,,,,0.3051,,0.1678,1
xb_04168,大侦探,举世家喻户晓的人物,人物,侦探,HM,人体,HM,人体,1,具体→具体,1099,0.9885,,,,,,,0.3954,,0.2175,2
xb_04169,一副黄牙,吴为不得不日夜面对的景物,景物,副黄牙,NT,自然,BD,建筑,1,具体→具体,184,0.7369,,,,,,,0.2948,,0.1621,1
xb_04170,爵士乐,美国对20世纪音乐的一大贡献,贡献,爵士乐,AB,抽象,AB,抽象,3,抽象→抽象,515,0.8817,,,,,,,0.3527,,0.194,1
xb_04171,轻松愉快完成的事,真正的德操要完成的事,事,事,EV,事件,EV,事件,3,抽象→抽象,121,0.6781,,,,,,,0.2713,,0.1492,1
xb_04172,她,个瞎眼儿,瞎眼儿,她,HM,人体,HM,人体,1,具体→具体,1099,0.9885,,,,,,,0.3954,,0.2175,2
xb_04173,大众接在手里看,日本对中国提出的二十一条件的,条件,手里,EV,事件,EV,事件,3,抽象→抽象,121,0.6781,,,,,,,0.2713,,0.1492,1
xb_04174,这个称呼,最美丽的,美丽,称呼,ST,结构,AB,抽象,3,抽象→抽象,990,0.9738,,,,,,,0.3895,,0.2142,2
xb_04175,什么,沧海桑田,沧海桑田,什么,NT,自然,AB,抽象,3,抽象→抽象,184,0.7369,,,,,,,0.2948,,0.1621,1
xb_04176,第二天早晨的黎明,令人沮丧,人,黎明,EM,情感,TM,时间,3,抽象→抽象,134,0.6924,,,,,,,0.277,,0.1523,1
xb_04177,圣乔治,神话中的战神,战神,圣乔治,HM,人体,HM,人体,1,具体→具体,1099,0.9885,,,,,,,0.3954,,0.2175,2
xb_04178,共产党,人精,人精,共产党,HM,人体,SC,社会,1,具体→具体,1099,0.9885,,,,,,,0.3954,,0.2175,2
xb_04179,这,拜伦一生中所铸的最大的错误,错误,这,AB,抽象,EV,事件,3,抽象→抽象,515,0.8817,,,,,,,0.3527,,0.194,1
xb_04180,第三卷,一部由五个'声部'组成的,部',卷,OB,物体,OB,物体,1,具体→具体,1192,1.0,,,,,,,0.4,,0.22,2
xb_04181,毛主席,毛主席,主席,主席,HM,人体,HM,人体,1,具体→具体,1099,0.9885,,,,,,,0.3954,,0.2175,2
xb_04182,色,空,空,色,AB,抽象,AB,抽象,3,抽象→抽象,515,0.8817,,,,,,,0.3527,,0.194,1
xb_04183,咱们的家,一个玩儿的地方,地方,家,SP,空间,SP,空间,1,具体→具体,203,0.7507,,,,,,,0.3003,,0.1652,1
xb_04184,爱情,桃花,桃花,爱情,NT,自然,EM,情感,2,具体→抽象,184,0.7369,,,,,,,0.2948,,0.1621,1
xb_04185,世界,大的,大的,世界,ST,结构,AB,抽象,3,抽象→抽象,990,0.9738,,,,,,,0.3895,,0.2142,2
xb_04186,人们,可怖的,可怖,人们,ST,结构,SC,社会,3,抽象→抽象,990,0.9738,,,,,,,0.3895,,0.2142,2
xb_04187,这,这个动物无可奈何处,动物,这,ST,结构,AB,抽象,3,抽象→抽象,990,0.9738,,,,,,,0.3895,,0.2142,2
xb_04188,主妇朱丽亚、女仆安托尼亚,一对可怜虫,可怜虫,安托尼亚,LV,生命,HM,人体,1,具体→具体,263,0.7871,,,,,,,0.3148,,0.1732,1
xb_04189,母亲的心,拴在儿女身上的,拴,心,EV,事件,EM,情感,2,具体→抽象,121,0.6781,,,,,,,0.2713,,0.1492,1
xb_04190,山下,另外一个世界,世界,山下,SP,空间,SP,空间,1,具体→具体,203,0.7507,,,,,,,0.3003,,0.1652,1
xb_04191,角瑞,麒麟的一种,麒麟,角瑞,LV,生命,LV,生命,1,具体→具体,263,0.7871,,,,,,,0.3148,,0.1732,1
xb_04192,他们,一群大吵大嚷的人,人,他们,HM,人体,HM,人体,1,具体→具体,1099,0.9885,,,,,,,0.3954,,0.2175,2
xb_04193,我叔叔,'咸鱼大王',大王,叔叔,HM,人体,HM,人体,1,具体→具体,1099,0.9885,,,,,,,0.3954,,0.2175,2
xb_04194,对小模型的爱好,崇尚秩序的人的特征,特征,爱好,ST,结构,EM,情感,3,抽象→抽象,990,0.9738,,,,,,,0.3895,,0.2142,2
xb_04195,话语,妙语连珠,连珠,话语,OB,物体,AB,抽象,2,具体→抽象,1192,1.0,,,,,,,0.4,,0.22,2
xb_04196,人,万物之灵,万物之灵,人,AB,抽象,HM,人体,3,抽象→抽象,515,0.8817,,,,,,,0.3527,,0.194,1
xb_04197,我的悲哀,天鹅绒样的悲哀,悲哀,悲哀,OB,物体,EM,情感,2,具体→抽象,1192,1.0,,,,,,,0.4,,0.22,2
xb_04198,童子,少年,少年,童子,HM,人体,HM,人体,1,具体→具体,1099,0.9885,,,,,,,0.3954,,0.2175,2
xb_04199,他骨子里,一个'妓男','妓,骨子里,HM,人体,HM,人体,1,具体→具体,1099,0.9885,,,,,,,0.3954,,0.2175,2
xb_04200,老二,个小丑,小丑,老二,HM,人体,SC,社会,1,具体→具体,1099,0.9885,,,,,,,0.3954,,0.2175,2
xb_04201,你,这行里的状元,状元,你,HM,人体,HM,人体,1,具体→具体,1099,0.9885,,,,,,,0.3954,,0.2175,2
xb_04202,传说,架通历史与文学的桥梁,桥梁,传说,OB,物体,AB,抽象,2,具体→抽象,1192,1.0,,,,,,,0.4,,0.22,2
xb_04203,那些报道,一场噩梦,噩梦,报道,TH,思维,EV,事件,3,抽象→抽象,101,0.6529,,,,,,,0.2611,,0.1436,1
xb_04204,我'梁胆大',真心想害河西农民,农民,'梁,TH,思维,HM,人体,3,抽象→抽象,101,0.6529,,,,,,,0.2611,,0.1436,1
xb_04205,先生,位哲,位哲,先生,HM,人体,HM,人体,1,具体→具体,1099,0.9885,,,,,,,0.3954,,0.2175,2
xb_04206,爱情,万恶之神,神,爱情,HM,人体,EM,情感,2,具体→抽象,1099,0.9885,,,,,,,0.3954,,0.2175,2
xb_04207,爱情,助渗剂,助渗剂,爱情,OB,物体,EM,情感,2,具体→抽象,1192,1.0,,,,,,,0.4,,0.22,2
xb_04208,中国,一派可怜景象,景象,中国,ST,结构,SC,社会,1,具体→具体,990,0.9738,,,,,,,0.3895,,0.2142,2
xb_04209,它,一个带病的美人,美人,它,HM,人体,HM,人体,1,具体→具体,1099,0.9885,,,,,,,0.3954,,0.2175,2
xb_04210,果这办法,工程师独自一个人想出来的,人,办法,EV,事件,TH,思维,3,抽象→抽象,121,0.6781,,,,,,,0.2713,,0.1492,1
xb_04211,他的历史观,动态的,动态,历史观,ST,结构,TH,思维,3,抽象→抽象,990,0.9738,,,,,,,0.3895,,0.2142,2
xb_04212,人,不渴而饮，四季有性欲的动物,动物,人,LV,生命,HM,人体,1,具体→具体,263,0.7871,,,,,,,0.3148,,0.1732,1
xb_04213,你,那个恶名昭彰的-绅士大盗,大盗,你,HM,人体,HM,人体,1,具体→具体,1099,0.9885,,,,,,,0.3954,,0.2175,2
xb_04214,我,害死了他,害死,我,EV,事件,HM,人体,3,抽象→抽象,121,0.6781,,,,,,,0.2713,,0.1492,1
xb_04215,这些人和那位真正大方的拉菲特,欧洲真正的主人,主人,拉菲特,HM,人体,HM,人体,1,具体→具体,1099,0.9885,,,,,,,0.3954,,0.2175,2
xb_04216,绿叶的生与死,旋风的急骤的旋转,旋转,死,EV,事件,EV,事件,3,抽象→抽象,121,0.6781,,,,,,,0.2713,,0.1492,1
xb_04217,爱,一切自然颂歌的主题,主题,爱,AB,抽象,EM,情感,3,抽象→抽象,515,0.8817,,,,,,,0.3527,,0.194,1
xb_04218,维纳斯,罗马神话里爱,神话,维纳斯,EM,情感,HM,人体,4,抽象→具体,134,0.6924,,,,,,,0.277,,0.1523,1
xb_04219,格温普兰,一个艺术家,艺术家,格温普兰,HM,人体,HM,人体,1,具体→具体,1099,0.9885,,,,,,,0.3954,,0.2175,2
xb_04220,理想的爱人,自己塑造成的幻影,幻影,爱人,TH,思维,HM,人体,4,抽象→具体,101,0.6529,,,,,,,0.2611,,0.1436,1
xb_04221,死,更丰富的生,生,死,EV,事件,EV,事件,3,抽象→抽象,121,0.6781,,,,,,,0.2713,,0.1492,1
xb_04222,尘世的快乐,虚假和瞬时的,虚假,快乐,ST,结构,EM,情感,3,抽象→抽象,990,0.9738,,,,,,,0.3895,,0.2142,2
xb_04223,浪漫主义运动,对启蒙运动缺失的人性和情感的一种反动,情感,运动,EV,事件,EV,事件,3,抽象→抽象,121,0.6781,,,,,,,0.2713,,0.1492,1
xb_04224,哲学,对智慧的爱,爱,哲学,EM,情感,TH,思维,3,抽象→抽象,134,0.6924,,,,,,,0.277,,0.1523,1
xb_04225,历史,人类的一连串选择,选择,历史,EV,事件,EV,事件,3,抽象→抽象,121,0.6781,,,,,,,0.2713,,0.1492,1
xb_04226,爱情,必备品,必备品,爱情,OB,物体,EM,情感,2,具体→抽象,1192,1.0,,,,,,,0.4,,0.22,2
xb_04227,M,避风港,避风港,M,SP,空间,AB,抽象,2,具体→抽象,203,0.7507,,,,,,,0.3003,,0.1652,1
xb_04228,Crush,大病了一场,大病,Crush,ST,结构,EM,情感,3,抽象→抽象,990,0.9738,,,,,,,0.3895,,0.2142,2
xb_04229,有我,苦,苦,有我,EM,情感,EM,情感,3,抽象→抽象,134,0.6924,,,,,,,0.277,,0.1523,1
xb_04230,压力,动力,动力,压力,AB,抽象,AB,抽象,3,抽象→抽象,515,0.8817,,,,,,,0.3527,,0.194,1
xb_04231,个人,世界,世界,个人,SP,空间,HM,人体,2,具体→抽象,203,0.7507,,,,,,,0.3003,,0.1652,1
xb_04232,他人,地狱,地狱,他人,SP,空间,HM,人体,1,具体→具体,203,0.7507,,,,,,,0.3003,,0.1652,1
xb_04233,ASOBIO,变化的化身,化身,ASOBIO,HM,人体,OB,物体,1,具体→具体,1099,0.9885,,,,,,,0.3954,,0.2175,2
xb_04234,BJD,情色的艺术,艺术,BJD,AB,抽象,OB,物体,3,抽象→抽象,515,0.8817,,,,,,,0.3527,,0.194,1
xb_04235,孙海英老师,明白人,明白人,老师,HM,人体,HM,人体,1,具体→具体,1099,0.9885,,,,,,,0.3954,,0.2175,2
xb_04236,达人,草根,草根,达人,HM,人体,HM,人体,1,具体→具体,1099,0.9885,,,,,,,0.3954,,0.2175,2
xb_04237,加V,名人,名人,加V,HM,人体,HM,人体,1,具体→具体,1099,0.9885,,,,,,,0.3954,,0.2175,2
xb_04238,僵尸粉,群众演员,演员,粉,HM,人体,HM,人体,1,具体→具体,1099,0.9885,,,,,,,0.3954,,0.2175,2
xb_04239,国人,罪人,罪人,国人,HM,人体,HM,人体,1,具体→具体,1099,0.9885,,,,,,,0.3954,,0.2175,2
xb_04240,智商,命运,命运,智商,AB,抽象,TH,思维,3,抽象→抽象,515,0.8817,,,,,,,0.3527,,0.194,1
xb_04241,他乡,故乡,故乡,他乡,SP,空间,SP,空间,1,具体→具体,203,0.7507,,,,,,,0.3003,,0.1652,1
xb_04242,暖气,幸福,幸福,暖气,EM,情感,OB,物体,3,抽象→抽象,134,0.6924,,,,,,,0.277,,0.1523,1
xb_04243,男人没钱,垃圾,垃圾,男人,OB,物体,HM,人体,1,具体→具体,1192,1.0,,,,,,,0.4,,0.22,2
xb_04244,微笑,自信的表现,表现,微笑,ST,结构,EV,事件,3,抽象→抽象,990,0.9738,,,,,,,0.3895,,0.2142,2
xb_04245,democracy,科学,科学,democracy,TH,思维,AB,抽象,3,抽象→抽象,101,0.6529,,,,,,,0.2611,,0.1436,1
xb_04246,science,民主,民主,science,AB,抽象,TH,思维,3,抽象→抽象,515,0.8817,,,,,,,0.3527,,0.194,1
xb_04247,爱情,奢侈品,奢侈品,爱情,OB,物体,EM,情感,2,具体→抽象,1192,1.0,,,,,,,0.4,,0.22,2
xb_04248,LV,生活必需品,必需品,LV,OB,物体,OB,物体,1,具体→具体,1192,1.0,,,,,,,0.4,,0.22,2
xb_04249,B,Birth,Birth,B,EV,事件,AB,抽象,3,抽象→抽象,121,0.6781,,,,,,,0.2713,,0.1492,1
xb_04250,D,Death,Death,D,EV,事件,AB,抽象,3,抽象→抽象,121,0.6781,,,,,,,0.2713,,0.1492,1
xb_04251,C,Choice,Choice,C,EV,事件,AB,抽象,3,抽象→抽象,121,0.6781,,,,,,,0.2713,,0.1492,1
xb_04252,机场,T台,T台,机场,SP,空间,SP,空间,1,具体→具体,203,0.7507,,,,,,,0.3003,,0.1652,1
xb_04253,Tina,笨蛋,笨蛋,Tina,HM,人体,HM,人体,1,具体→具体,1099,0.9885,,,,,,,0.3954,,0.2175,2
xb_04254,momo,小毛孩子,孩子,momo,HM,人体,HM,人体,1,具体→具体,1099,0.9885,,,,,,,0.3954,,0.2175,2
xb_04255,iPhone,最大的获利王,王,iPhone,HM,人体,OB,物体,2,具体→抽象,1099,0.9885,,,,,,,0.3954,,0.2175,2
xb_04256,nike,对号,对号,nike,OB,物体,OB,物体,1,具体→具体,1192,1.0,,,,,,,0.4,,0.22,2
xb_04257,阿迪,三道杠,杠,阿迪,OB,物体,OB,物体,1,具体→具体,1192,1.0,,,,,,,0.4,,0.22,2
xb_04258,11.22,射手,射手,22,NT,自然,TM,时间,1,具体→具体,184,0.7369,,,,,,,0.2948,,0.1621,1
xb_04259,嫁郎不嫁GWY,真理,真理,GWY,AB,抽象,TH,思维,3,抽象→抽象,515,0.8817,,,,,,,0.3527,,0.194,1
xb_04260,人体90%,细菌,细菌,人体,LV,生命,BD,建筑,1,具体→具体,263,0.7871,,,,,,,0.3148,,0.1732,1
xb_04261,IT,高危行业,行业,IT,SC,社会,AB,抽象,3,抽象→抽象,81,0.622,,,,,,,0.2488,,0.1369,1
xb_04262,HE,梦幻,梦幻,HE,AB,抽象,EV,事件,3,抽象→抽象,515,0.8817,,,,,,,0.3527,,0.194,1
xb_04263,libra,天平,天平,libra,OB,物体,AB,抽象,1,具体→具体,1192,1.0,,,,,,,0.4,,0.22,2
xb_04264,网贴90%,真,真,网贴,ST,结构,AB,抽象,3,抽象→抽象,990,0.9738,,,,,,,0.3895,,0.2142,2
xb_04265,GD,BIGBANG里腰力最好的男人,男人,GD,HM,人体,HM,人体,1,具体→具体,1099,0.9885,,,,,,,0.3954,,0.2175,2
xb_04266,狗,畜牲,畜牲,狗,LV,生命,LV,生命,1,具体→具体,263,0.7871,,,,,,,0.3148,,0.1732,1
xb_04267,2011耶路撒冷UFO,昴宿星人的飞船,飞船,UFO,OB,物体,OB,物体,1,具体→具体,1192,1.0,,,,,,,0.4,,0.22,2
xb_04268,ot,笨蛋,笨蛋,ot,HM,人体,HM,人体,1,具体→具体,1099,0.9885,,,,,,,0.3954,,0.2175,2
xb_04269,GDP的70%,钢筋水泥,水泥,GDP,OB,物体,AB,抽象,2,具体→抽象,1192,1.0,,,,,,,0.4,,0.22,2
xb_04270,Scar,新一代步枪的典范,典范,Scar,AB,抽象,WR,战争,3,抽象→抽象,515,0.8817,,,,,,,0.3527,,0.194,1
xb_04271,利益最大化,核心价值观,价值观,利益,TH,思维,TH,思维,3,抽象→抽象,101,0.6529,,,,,,,0.2611,,0.1436,1
xb_04272,M,醋厂,醋厂,M,SP,空间,HM,人体,2,具体→抽象,203,0.7507,,,,,,,0.3003,,0.1652,1
xb_04273,shopping,最好的发泄,发泄,shopping,EV,事件,EV,事件,3,抽象→抽象,121,0.6781,,,,,,,0.2713,,0.1492,1
xb_04274,辉煌过后,虚无,虚无,辉煌,AB,抽象,TM,时间,3,抽象→抽象,515,0.8817,,,,,,,0.3527,,0.194,1
xb_04275,TONY,可爱,可爱,Y,ST,结构,HM,人体,3,抽象→抽象,990,0.9738,,,,,,,0.3895,,0.2142,2
xb_04276,LP,GP的真谛,真谛,LP,AB,抽象,AB,抽象,3,抽象→抽象,515,0.8817,,,,,,,0.3527,,0.194,1
xb_04277,CNN,死不悔改的一个范例,范例,CNN,AB,抽象,SC,社会,3,抽象→抽象,515,0.8817,,,,,,,0.3527,,0.194,1
xb_04278,JYP,泡菜国爱豆界的黄埔军校,校,P,SP,空间,SC,社会,2,具体→抽象,203,0.7507,,,,,,,0.3003,,0.1652,1
xb_04279,LV；爱情,必需品；奢侈品,必需品,爱情,OB,物体,OB,物体,2,具体→抽象,1192,1.0,,,,,,,0.4,,0.22,2
xb_04280,TD,国家战略,战略,TD,AB,抽象,TH,思维,3,抽象→抽象,515,0.8817,,,,,,,0.3527,,0.194,1
xb_04281,大PP,财运旺,财运,大PP,ST,结构,BD,建筑,3,抽象→抽象,990,0.9738,,,,,,,0.3895,,0.2142,2
xb_04282,东方神起和JYJ,卫生巾,卫生巾,JYJ,OB,物体,SC,社会,2,具体→抽象,1192,1.0,,,,,,,0.4,,0.22,2
xb_04283,他们,17世纪的残存者,残存者,他们,HM,人体,HM,人体,1,具体→具体,1099,0.9885,,,,,,,0.3954,,0.2175,2
xb_04284,高贵的夫人,死神呀,死神,夫人,HM,人体,HM,人体,1,具体→具体,1099,0.9885,,,,,,,0.3954,,0.2175,2
xb_04285,更多的,靠勇敢而不是智慧,智慧,的,TH,思维,AB,抽象,3,抽象→抽象,101,0.6529,,,,,,,0.2611,,0.1436,1
xb_04286,5月份,一年之中最好的时光,时光,5月份,TM,时间,TM,时间,3,抽象→抽象,40,0.5242,,,,,,,0.2097,,0.1153,1
xb_04287,理智,世间所有知识泉源,泉源,理智,NT,自然,TH,思维,2,具体→抽象,184,0.7369,,,,,,,0.2948,,0.1621,1
xb_04288,所有事物,流动的,流动,事物,ST,结构,AB,抽象,3,抽象→抽象,990,0.9738,,,,,,,0.3895,,0.2142,2
xb_04289,暖暖,赏心苑的功臣,功臣,暖暖,HM,人体,HM,人体,1,具体→具体,1099,0.9885,,,,,,,0.3954,,0.2175,2
xb_04290,人活着,终归是要死,死,人,EV,事件,HM,人体,3,抽象→抽象,121,0.6781,,,,,,,0.2713,,0.1492,1
xb_04291,他,维利亚康纳霍斯的叭喇狗,狗,他,LV,生命,HM,人体,2,具体→抽象,263,0.7871,,,,,,,0.3148,,0.1732,1
xb_04292,**表语** (predicate): 一块令人恶心的绊脚石,未标注表语,标注,绊脚石,OB,物体,AB,抽象,2,具体→抽象,1192,1.0,,,,,,,0.4,,0.22,2
xb_04293,BUG,彩蛋,彩蛋,BUG,OB,物体,AB,抽象,2,具体→抽象,1192,1.0,,,,,,,0.4,,0.22,2
xb_04294,爱情,奢侈品,奢侈品,爱情,OB,物体,EM,情感,2,具体→抽象,1192,1.0,,,,,,,0.4,,0.22,2
xb_04295,小O,小B的命中克星,克星,小O,HM,人体,HM,人体,1,具体→具体,1099,0.9885,,,,,,,0.3954,,0.2175,2
xb_04296,Ann,小狮子的N克拉钻,N克拉钻,Ann,OB,物体,HM,人体,2,具体→抽象,1192,1.0,,,,,,,0.4,,0.22,2
xb_04297,伟大,熬出来的,熬,伟大,EV,事件,ST,结构,3,抽象→抽象,121,0.6781,,,,,,,0.2713,,0.1492,1
xb_04298,年龄,浮云,浮云,年龄,NT,自然,TM,时间,2,具体→抽象,184,0.7369,,,,,,,0.2948,,0.1621,1
xb_04299,B,Bicycle,Bicycle,B,TR,交通,AB,抽象,2,具体→抽象,41,0.5276,,,,,,,0.211,,0.1161,1
xb_04300,HTC,吉利,吉利,HTC,OB,物体,OB,物体,1,具体→具体,1192,1.0,,,,,,,0.4,,0.22,2
xb_04301,云吞,饺子,饺子,云吞,FD,食物,FD,食物,1,具体→具体,46,0.5435,,,,,,,0.2174,,0.1196,1
xb_04302,西门子,悍马,悍马,西门子,OB,物体,OB,物体,1,具体→具体,1192,1.0,,,,,,,0.4,,0.22,2
xb_04303,blabla,世界上最傻逼矫情无耻的忽悠,忽悠,blabla,EV,事件,EV,事件,3,抽象→抽象,121,0.6781,,,,,,,0.2713,,0.1492,1
xb_04304,你,湖人,湖人,你,SC,社会,HM,人体,4,抽象→具体,81,0.622,,,,,,,0.2488,,0.1369,1
xb_04305,疼,幻觉,幻觉,疼,TH,思维,SN,感知,3,抽象→抽象,101,0.6529,,,,,,,0.2611,,0.1436,1
xb_04306,SimonPegg,亮点,亮点,SimonPegg,AB,抽象,HM,人体,3,抽象→抽象,515,0.8817,,,,,,,0.3527,,0.194,1
xb_04307,BB,可怕的自作聪明,自作聪明,BB,TH,思维,HM,人体,4,抽象→具体,101,0.6529,,,,,,,0.2611,,0.1436,1
xb_04308,70%,垃圾,垃圾,70%,OB,物体,AB,抽象,2,具体→抽象,1192,1.0,,,,,,,0.4,,0.22,2
xb_04309,80%,竹竿,竹竿,80%,NT,自然,AB,抽象,2,具体→抽象,184,0.7369,,,,,,,0.2948,,0.1621,1
xb_04310,孟Y,最小也是最大,大,孟Y,ST,结构,HM,人体,4,抽象→具体,990,0.9738,,,,,,,0.3895,,0.2142,2
xb_04311,发展GDP,硬道理,道理,GDP,TH,思维,TH,思维,3,抽象→抽象,101,0.6529,,,,,,,0.2611,,0.1436,1
xb_04312,这,it人的耻辱,耻辱,这,EM,情感,AB,抽象,3,抽象→抽象,134,0.6924,,,,,,,0.277,,0.1523,1
xb_04313,shi,硬道理,道理,shi,TH,思维,AB,抽象,3,抽象→抽象,101,0.6529,,,,,,,0.2611,,0.1436,1
xb_04314,这句话,真理,真理,话,AB,抽象,TH,思维,3,抽象→抽象,515,0.8817,,,,,,,0.3527,,0.194,1
xb_04315,我的3D,病毒,病毒,3D,OB,物体,OB,物体,1,具体→具体,1192,1.0,,,,,,,0.4,,0.22,2
xb_04316,GODIVA,最好的圣诞礼物,礼物,IVA,OB,物体,FD,食物,1,具体→具体,1192,1.0,,,,,,,0.4,,0.22,2
xb_04317,75B,最好的,最好,B,ST,结构,BD,建筑,3,抽象→抽象,990,0.9738,,,,,,,0.3895,,0.2142,2
xb_04318,Reeder,最好的,最好,Reeder,ST,结构,OB,物体,3,抽象→抽象,990,0.9738,,,,,,,0.3895,,0.2142,2
xb_04319,关注了再删,伤感情了,感情,关注,EM,情感,EV,事件,3,抽象→抽象,134,0.6924,,,,,,,0.277,,0.1523,1
xb_04320,这个销魂的小PG,轻松熊,熊,小PG,OB,物体,BD,建筑,2,具体→抽象,1192,1.0,,,,,,,0.4,,0.22,2
xb_04321,城墙、国王,物理、权,权,国王,TH,思维,OB,物体,3,抽象→抽象,101,0.6529,,,,,,,0.2611,,0.1436,1
xb_04322,Gcd,人民的保护神,保护神,Gcd,HM,人体,SC,社会,2,具体→抽象,1099,0.9885,,,,,,,0.3954,,0.2175,2
xb_04323,DINGDING,土豪,土豪,G,HM,人体,HM,人体,1,具体→具体,1099,0.9885,,,,,,,0.3954,,0.2175,2
xb_04324,爱情,生活必需品,必需品,爱情,OB,物体,EM,情感,2,具体→抽象,1192,1.0,,,,,,,0.4,,0.22,2
xb_04325,你妈的B,骂人的,骂人,B,EV,事件,EV,事件,3,抽象→抽象,121,0.6781,,,,,,,0.2713,,0.1492,1
xb_04326,失恋,种放大的情绪,情绪,失恋,EM,情感,EM,情感,3,抽象→抽象,134,0.6924,,,,,,,0.277,,0.1523,1
xb_04327,TT,高音皇后,皇后,TT,HM,人体,HM,人体,1,具体→具体,1099,0.9885,,,,,,,0.3954,,0.2175,2
xb_04328,世界,苍老,苍老,世界,ST,结构,SP,空间,3,抽象→抽象,990,0.9738,,,,,,,0.3895,,0.2142,2
xb_04329,国人,罪人,罪人,国人,HM,人体,HM,人体,1,具体→具体,1099,0.9885,,,,,,,0.3954,,0.2175,2
xb_04330,男人没钱,垃圾,垃圾,男人,OB,物体,HM,人体,1,具体→具体,1192,1.0,,,,,,,0.4,,0.22,2
xb_04331,Sadie,人民公敌,人民,Sadie,HM,人体,HM,人体,1,具体→具体,1099,0.9885,,,,,,,0.3954,,0.2175,2
xb_04332,他人,地狱,地狱,他人,SP,空间,HM,人体,2,具体→抽象,203,0.7507,,,,,,,0.3003,,0.1652,1
xb_04333,SUJU,傻帽亲爹,亲爹,SUJU,HM,人体,SC,社会,1,具体→具体,1099,0.9885,,,,,,,0.3954,,0.2175,2
xb_04334,Bmw,好车,好车,Bmw,TR,交通,TR,交通,1,具体→具体,41,0.5276,,,,,,,0.211,,0.1161,1
xb_04335,CNBLUE,用汗水组成的,汗水,CNBLUE,BD,建筑,SC,社会,2,具体→抽象,221,0.7626,,,,,,,0.3051,,0.1678,1
xb_04336,人,信息,信息,人,AB,抽象,HM,人体,3,抽象→抽象,515,0.8817,,,,,,,0.3527,,0.194,1
xb_04337,pc,卡车,卡车,pc,TR,交通,OB,物体,1,具体→具体,41,0.5276,,,,,,,0.211,,0.1161,1
xb_04338,百威,寂寞的伴侣,伴侣,百威,HM,人体,FD,食物,2,具体→抽象,1099,0.9885,,,,,,,0.3954,,0.2175,2
xb_04339,沟通70%,情绪,情绪,沟通,EM,情感,EV,事件,3,抽象→抽象,134,0.6924,,,,,,,0.277,,0.1523,1
xb_04340,GOOGLE,最好的专家,专家,GOOGLE,HM,人体,SC,社会,1,具体→具体,1099,0.9885,,,,,,,0.3954,,0.2175,2
xb_04341,贺兄的镜头,历史,历史,镜头,TM,时间,OB,物体,3,抽象→抽象,40,0.5242,,,,,,,0.2097,,0.1153,1
xb_04342,世界,苍老,苍老,世界,ST,结构,SP,空间,3,抽象→抽象,990,0.9738,,,,,,,0.3895,,0.2142,2
xb_04343,L,人生赢家,赢家,L,HM,人体,HM,人体,1,具体→具体,1099,0.9885,,,,,,,0.3954,,0.2175,2
xb_04344,Northener,粗鲁,粗鲁,Northener,ST,结构,SC,社会,3,抽象→抽象,990,0.9738,,,,,,,0.3895,,0.2142,2
xb_04345,执行力,竞争力,竞争力,执行力,AB,抽象,AB,抽象,3,抽象→抽象,515,0.8817,,,,,,,0.3527,,0.194,1
xb_04346,不已XX为目的的抱养,耍流氓,耍流氓,抱养,EV,事件,EV,事件,3,抽象→抽象,121,0.6781,,,,,,,0.2713,,0.1492,1
xb_04347,战争,正义,正义,战争,MR,机器,EV,事件,3,抽象→抽象,123,0.6804,,,,,,,0.2722,,0.1497,1
xb_04348,我,神人,神人,我,HM,人体,HM,人体,1,具体→具体,1099,0.9885,,,,,,,0.3954,,0.2175,2
xb_04349,BRS,人类最后的希望,希望,BRS,EM,情感,AB,抽象,3,抽象→抽象,134,0.6924,,,,,,,0.277,,0.1523,1
xb_04350,writing,短板,短板,writing,OB,物体,TH,思维,2,具体→抽象,1192,1.0,,,,,,,0.4,,0.22,2
xb_04351,积攒的RP,时候,时候,RP,TM,时间,AB,抽象,3,抽象→抽象,40,0.5242,,,,,,,0.2097,,0.1153,1
xb_04352,现实,弯路,弯路,现实,SP,空间,AB,抽象,2,具体→抽象,203,0.7507,,,,,,,0.3003,,0.1652,1
xb_04353,新闻的本质,真实,真实,本质,ST,结构,TH,思维,3,抽象→抽象,990,0.9738,,,,,,,0.3895,,0.2142,2
xb_04354,吾,真理,真理,吾,AB,抽象,HM,人体,4,抽象→具体,515,0.8817,,,,,,,0.3527,,0.194,1
xb_04355,求官六字真言,空贡冲捧恐送,恐送,求官,EV,事件,TH,思维,3,抽象→抽象,121,0.6781,,,,,,,0.2713,,0.1492,1
xb_04356,PMI,宏观经济重要先行指标,指标,PMI,TH,思维,TH,思维,3,抽象→抽象,101,0.6529,,,,,,,0.2611,,0.1436,1
xb_04357,现实,一场游戏,游戏,现实,EV,事件,AB,抽象,2,具体→抽象,121,0.6781,,,,,,,0.2713,,0.1492,1
xb_04358,国人,罪人,罪人,国人,HM,人体,HM,人体,1,具体→具体,1099,0.9885,,,,,,,0.3954,,0.2175,2
xb_04359,有气质的淑女,低调,低调,淑女,ST,结构,HM,人体,4,抽象→具体,990,0.9738,,,,,,,0.3895,,0.2142,2
xb_04360,微信对QQ,补充,补充,QQ,AB,抽象,OB,物体,3,抽象→抽象,515,0.8817,,,,,,,0.3527,,0.194,1
xb_04361,天命,星运,星运,天命,AB,抽象,AB,抽象,3,抽象→抽象,515,0.8817,,,,,,,0.3527,,0.194,1
xb_04362,无我,无苦,无苦,无我,EM,情感,TH,思维,3,抽象→抽象,134,0.6924,,,,,,,0.277,,0.1523,1
xb_04363,twitter,敏感词,词,twitter,TH,思维,AB,抽象,3,抽象→抽象,101,0.6529,,,,,,,0.2611,,0.1436,1
xb_04364,CBD,朝阳重点发展的功能区,功能区,CBD,SP,空间,SP,空间,1,具体→具体,203,0.7507,,,,,,,0.3003,,0.1652,1
xb_04365,2,EQ问题,问题,2,TH,思维,AB,抽象,3,抽象→抽象,101,0.6529,,,,,,,0.2611,,0.1436,1
xb_04366,最大的JQ,蛇妖跟野也,蛇妖,JQ,HM,人体,EM,情感,4,抽象→具体,1099,0.9885,,,,,,,0.3954,,0.2175,2
xb_04367,KK,地沟油,沟油,KK,OB,物体,HM,人体,2,具体→抽象,1192,1.0,,,,,,,0.4,,0.22,2
xb_04368,雇主,投资者,投资者,雇主,HM,人体,HM,人体,1,具体→具体,1099,0.9885,,,,,,,0.3954,,0.2175,2
xb_04369,爱情+LV,奢侈品+生活品,生活品,LV,OB,物体,EM,情感,2,具体→抽象,1192,1.0,,,,,,,0.4,,0.22,2
xb_04370,Dota,小三,小三,Dot,HM,人体,EV,事件,2,具体→抽象,1099,0.9885,,,,,,,0.3954,,0.2175,2
xb_04371,husband+wife,u+i,i,wife,AB,抽象,HM,人体,4,抽象→具体,515,0.8817,,,,,,,0.3527,,0.194,1
xb_04372,2B,铅笔,铅笔,2B,OB,物体,OB,物体,1,具体→具体,1192,1.0,,,,,,,0.4,,0.22,2
xb_04373,A+B+C+D,本质+核心+根本+重中之重,根本,D,AB,抽象,AB,抽象,3,抽象→抽象,515,0.8817,,,,,,,0.3527,,0.194,1
xb_04374,LBS,地理位置服务,位置,LBS,SC,社会,AB,抽象,3,抽象→抽象,81,0.622,,,,,,,0.2488,,0.1369,1
xb_04375,18K,纯度约为75%的黄金,黄金,18K,OB,物体,OB,物体,1,具体→具体,1192,1.0,,,,,,,0.4,,0.22,2
xb_04376,龙头帮+KC,物理攻击+精神攻击,攻击,KC,EV,事件,SC,社会,3,抽象→抽象,121,0.6781,,,,,,,0.2713,,0.1492,1
xb_04377,B,一样的B,B,B,AB,抽象,AB,抽象,3,抽象→抽象,515,0.8817,,,,,,,0.3527,,0.194,1
xb_04378,大学,社会,社会,大学,SC,社会,SC,社会,3,抽象→抽象,81,0.622,,,,,,,0.2488,,0.1369,1
xb_04379,A与B,夫妻,夫妻,B,HM,人体,HM,人体,1,具体→具体,1099,0.9885,,,,,,,0.3954,,0.2175,2
xb_04380,S和M,對立的,的,S和M,ST,结构,AB,抽象,3,抽象→抽象,990,0.9738,,,,,,,0.3895,,0.2142,2
xb_04381,DOTA,正房,正房,DOTA,HM,人体,EV,事件,2,具体→抽象,1099,0.9885,,,,,,,0.3954,,0.2175,2
xb_04382,ZF,国家的载体,载体,ZF,OB,物体,SC,社会,2,具体→抽象,1192,1.0,,,,,,,0.4,,0.22,2
xb_04383,BMWM,宝马高性能车型代号,代号,BMWM,AB,抽象,AB,抽象,3,抽象→抽象,515,0.8817,,,,,,,0.3527,,0.194,1
xb_04384,XY,世界上最能代表幸福的字母,字母,XY,AB,抽象,AB,抽象,3,抽象→抽象,515,0.8817,,,,,,,0.3527,,0.194,1
xb_04385,VC,风险资金,资金,VC,AB,抽象,AB,抽象,3,抽象→抽象,515,0.8817,,,,,,,0.3527,,0.194,1
xb_04386,CL,淡定,淡定,CL,ST,结构,HM,人体,4,抽象→具体,990,0.9738,,,,,,,0.3895,,0.2142,2
xb_04387,SJ,真的很暖的團體,團體,SJ,SC,社会,SC,社会,3,抽象→抽象,81,0.622,,,,,,,0.2488,,0.1369,1
xb_04388,ASOBIO,深海里的鲨鱼,鲨鱼,ASOBIO,LV,生命,OB,物体,2,具体→抽象,263,0.7871,,,,,,,0.3148,,0.1732,1
xb_04389,处女座男,傻缺,傻缺,男,HM,人体,HM,人体,1,具体→具体,1099,0.9885,,,,,,,0.3954,,0.2175,2
xb_04390,HTC,火腿肠,火腿肠,HTC,FD,食物,OB,物体,1,具体→具体,46,0.5435,,,,,,,0.2174,,0.1196,1
xb_04391,现实,幻象,幻象,现实,TH,思维,AB,抽象,3,抽象→抽象,101,0.6529,,,,,,,0.2611,,0.1436,1
xb_04392,活力,年轻,年轻,活力,ST,结构,ST,结构,3,抽象→抽象,990,0.9738,,,,,,,0.3895,,0.2142,2
xb_04393,他人,地狱,地狱,他人,SP,空间,HM,人体,2,具体→抽象,203,0.7507,,,,,,,0.3003,,0.1652,1
xb_04394,福利,特权,特权,福利,AB,抽象,AB,抽象,3,抽象→抽象,515,0.8817,,,,,,,0.3527,,0.194,1
xb_04395,秩序,稳定,稳定,秩序,ST,结构,AB,抽象,3,抽象→抽象,990,0.9738,,,,,,,0.3895,,0.2142,2
xb_04396,产品,人品,人品,产品,MR,机器,OB,物体,4,抽象→具体,123,0.6804,,,,,,,0.2722,,0.1497,1
xb_04397,媒体,真相,真相,媒体,AB,抽象,SC,社会,3,抽象→抽象,515,0.8817,,,,,,,0.3527,,0.194,1
xb_04398,chrome,最好的浏览器,浏览器,chrome,OB,物体,OB,物体,1,具体→具体,1192,1.0,,,,,,,0.4,,0.22,2
xb_04399,SJBCJ,王道,王道,SJBC,AB,抽象,AB,抽象,3,抽象→抽象,515,0.8817,,,,,,,0.3527,,0.194,1
xb_04400,TMA,神,神,TMA,HM,人体,SC,社会,2,具体→抽象,1099,0.9885,,,,,,,0.3954,,0.2175,2
xb_04401,GC,高潮,高潮,GC,EV,事件,AB,抽象,3,抽象→抽象,121,0.6781,,,,,,,0.2713,,0.1492,1
xb_04402,Lu,马,马,Lu,LV,生命,AB,抽象,4,抽象→具体,263,0.7871,,,,,,,0.3148,,0.1732,1
xb_04403,1-2%/3-5%/5%以上,普通跌幅/文艺跌幅/2B跌幅,文艺,1-2,ST,结构,AB,抽象,3,抽象→抽象,990,0.9738,,,,,,,0.3895,,0.2142,2
xb_04404,男人没钱,垃圾,垃圾,男人,OB,物体,HM,人体,1,具体→具体,1192,1.0,,,,,,,0.4,,0.22,2
xb_04405,iPhone,穷B用的,穷B,iPhone,HM,人体,OB,物体,1,具体→具体,1099,0.9885,,,,,,,0.3954,,0.2175,2
xb_04406,iPhone4S,奢侈品,奢侈品,iPhone4,OB,物体,OB,物体,1,具体→具体,1192,1.0,,,,,,,0.4,,0.22,2
xb_04407,SSD,王道,王道,D,TH,思维,OB,物体,2,具体→抽象,101,0.6529,,,,,,,0.2611,,0.1436,1
xb_04408,Y,世界上最能代表幸福的字母,字母,Y,AB,抽象,AB,抽象,3,抽象→抽象,515,0.8817,,,,,,,0.3527,,0.194,1
xb_04409,X,世界上最能代表悲伤的字母,字母,X,AB,抽象,AB,抽象,3,抽象→抽象,515,0.8817,,,,,,,0.3527,,0.194,1
xb_04410,大D,战斗机,战斗机,大D,TR,交通,AB,抽象,4,抽象→具体,41,0.5276,,,,,,,0.211,,0.1161,1
xb_04411,把聊天记录写出来的,坏人,坏人,记录,HM,人体,HM,人体,1,具体→具体,1099,0.9885,,,,,,,0.3954,,0.2175,2
xb_04412,英国除了伦敦其他,村儿,村儿,英国,SP,空间,SP,空间,1,具体→具体,203,0.7507,,,,,,,0.3003,,0.1652,1
xb_04413,法律,公正,公正,法律,MR,机器,SC,社会,3,抽象→抽象,123,0.6804,,,,,,,0.2722,,0.1497,1
xb_04414,wife,i,i,wife,AB,抽象,AB,抽象,3,抽象→抽象,515,0.8817,,,,,,,0.3527,,0.194,1
xb_04415,这,青年敬老院,敬老院,这,SP,空间,SP,空间,1,具体→具体,203,0.7507,,,,,,,0.3003,,0.1652,1
xb_04416,dota,神器,神器,dota,OB,物体,AB,抽象,4,抽象→具体,1192,1.0,,,,,,,0.4,,0.22,2
xb_04417,C,弱势群体,群体,C,HM,人体,SC,社会,4,抽象→具体,1099,0.9885,,,,,,,0.3954,,0.2175,2
xb_04418,眼睛,ACDSee+PS,PS,眼睛,OB,物体,BD,建筑,1,具体→具体,1192,1.0,,,,,,,0.4,,0.22,2
xb_04419,HTC,垃圾,垃圾,HTC,OB,物体,OB,物体,1,具体→具体,1192,1.0,,,,,,,0.4,,0.22,2
xb_04420,声音,杀器,杀器,声音,WR,战争,SN,感知,4,抽象→具体,198,0.7472,,,,,,,0.2989,,0.1644,1
xb_04421,GAGA,美人,美人,GAGA,HM,人体,HM,人体,1,具体→具体,1099,0.9885,,,,,,,0.3954,,0.2175,2
xb_04422,B,噩梦,噩梦,B,TH,思维,AB,抽象,3,抽象→抽象,101,0.6529,,,,,,,0.2611,,0.1436,1
xb_04423,CJT,初二的败类,败类,CJT,HM,人体,HM,人体,1,具体→具体,1099,0.9885,,,,,,,0.3954,,0.2175,2
xb_04424,onisa,姐姐,姐姐,onis,HM,人体,AB,抽象,4,抽象→具体,1099,0.9885,,,,,,,0.3954,,0.2175,2
xb_04425,最右,恐怖组织,组织,最右,SC,社会,AB,抽象,3,抽象→抽象,81,0.622,,,,,,,0.2488,,0.1369,1
xb_04426,沟通70%,情绪,情绪,沟通,EM,情感,AB,抽象,3,抽象→抽象,134,0.6924,,,,,,,0.277,,0.1523,1
xb_04427,记单词,王道,王道,词,TH,思维,EV,事件,3,抽象→抽象,101,0.6529,,,,,,,0.2611,,0.1436,1
xb_04428,S,正直帅,直帅,S,ST,结构,AB,抽象,3,抽象→抽象,990,0.9738,,,,,,,0.3895,,0.2142,2
xb_04429,女人最好的BAR,男人的手,手,BAR,BD,建筑,AB,抽象,4,抽象→具体,221,0.7626,,,,,,,0.3051,,0.1678,1
xb_04430,Dora,豆沙饼,饼,Dora,FD,食物,HM,人体,1,具体→具体,46,0.5435,,,,,,,0.2174,,0.1196,1
xb_04431,他人,地狱,地狱,他人,SP,空间,HM,人体,1,具体→具体,203,0.7507,,,,,,,0.3003,,0.1652,1
xb_04432,商场,战场,战场,商场,SP,空间,SC,社会,4,抽象→具体,203,0.7507,,,,,,,0.3003,,0.1652,1
xb_04433,10M,米老鼠,米老鼠,M,HM,人体,AB,抽象,4,抽象→具体,1099,0.9885,,,,,,,0.3954,,0.2175,2
xb_04434,你的MJ,Michael Jackson,Jackson,MJ,HM,人体,AB,抽象,4,抽象→具体,1099,0.9885,,,,,,,0.3954,,0.2175,2
xb_04435,篮协,公共厕所,厕所,篮协,SP,空间,SC,社会,4,抽象→具体,203,0.7507,,,,,,,0.3003,,0.1652,1
xb_04436,B,绝对主角,主角,B,HM,人体,AB,抽象,4,抽象→具体,1099,0.9885,,,,,,,0.3954,,0.2175,2
xb_04437,灵魂,自由,自由,灵魂,AB,抽象,AB,抽象,3,抽象→抽象,515,0.8817,,,,,,,0.3527,,0.194,1
xb_04438,爱,力量,力量,爱,AB,抽象,EM,情感,3,抽象→抽象,515,0.8817,,,,,,,0.3527,,0.194,1
xb_04439,希望,爱,爱,希望,EM,情感,EM,情感,3,抽象→抽象,134,0.6924,,,,,,,0.277,,0.1523,1
xb_04440,L,你望着我的样子,样子,L,ST,结构,AB,抽象,3,抽象→抽象,990,0.9738,,,,,,,0.3895,,0.2142,2
xb_04441,O,我眼里只有你,眼里,O,EM,情感,AB,抽象,3,抽象→抽象,134,0.6924,,,,,,,0.277,,0.1523,1
xb_04442,V,感觉非常非常特别,感觉,V,ST,结构,AB,抽象,3,抽象→抽象,990,0.9738,,,,,,,0.3895,,0.2142,2
xb_04443,他的同情和'当局的方针',两码子事,事,',AB,抽象,AB,抽象,3,抽象→抽象,515,0.8817,,,,,,,0.3527,,0.194,1
xb_04444,芝加哥,蓝调、爵士乐、音乐剧,音乐剧,芝加哥,AB,抽象,SP,空间,2,具体→抽象,515,0.8817,,,,,,,0.3527,,0.194,1
xb_04445,那儿,屠宰场,屠宰场,那儿,SP,空间,SP,空间,1,具体→具体,203,0.7507,,,,,,,0.3003,,0.1652,1
xb_04446,**表语** (predicate): 蚂蚁,未标注表语,标注,表语,HM,人体,LV,生命,1,具体→具体,1099,0.9885,,,,,,,0.3954,,0.2175,2
xb_04447,我所知道的××思想,科学思想,思想,思想,TH,思维,TH,思维,3,抽象→抽象,101,0.6529,,,,,,,0.2611,,0.1436,1
xb_04448,美人,英雄红颜知己,红颜,美人,HM,人体,HM,人体,1,具体→具体,1099,0.9885,,,,,,,0.3954,,0.2175,2
xb_04449,这,所谓的'西线',',这,SP,空间,AB,抽象,1,具体→具体,203,0.7507,,,,,,,0.3003,,0.1652,1
xb_04450,姑娘的,奥特格纳夫人,夫人,姑娘,HM,人体,AB,抽象,4,抽象→具体,1099,0.9885,,,,,,,0.3954,,0.2175,2
xb_04451,这,人家送的礼,礼,这,OB,物体,AB,抽象,4,抽象→具体,1192,1.0,,,,,,,0.4,,0.22,2
xb_04452,那,一辆汽车,汽车,那,TR,交通,AB,抽象,4,抽象→具体,41,0.5276,,,,,,,0.211,,0.1161,1
xb_04453,夏天,食物最丰富的季节，我们的好时光,时光,夏天,TM,时间,TM,时间,3,抽象→抽象,40,0.5242,,,,,,,0.2097,,0.1153,1
xb_04454,我,个'皮笊篱','皮笊,我,OB,物体,HM,人体,1,具体→具体,1192,1.0,,,,,,,0.4,,0.22,2
xb_04455,她,个'罐头筒',',她,OB,物体,HM,人体,1,具体→具体,1192,1.0,,,,,,,0.4,,0.22,2
xb_04456,**表语** (predicate): '饭碗主义',未标注表语,标注,',OB,物体,AB,抽象,2,具体→抽象,1192,1.0,,,,,,,0.4,,0.22,2
xb_04457,这些退会的不满分子,下层信徒，小人物,小人物,分子,HM,人体,HM,人体,1,具体→具体,1099,0.9885,,,,,,,0.3954,,0.2175,2
xb_04458,这,西方的神,神,这,HM,人体,AB,抽象,4,抽象→具体,1099,0.9885,,,,,,,0.3954,,0.2175,2
xb_04459,'军臭',个什么东西,东西,'军,OB,物体,AB,抽象,4,抽象→具体,1192,1.0,,,,,,,0.4,,0.22,2
xb_04460,'军臭',解放鞋,解放鞋,'军,OB,物体,AB,抽象,4,抽象→具体,1192,1.0,,,,,,,0.4,,0.22,2
xb_04461,这,我的'自传',我,这,OB,物体,AB,抽象,4,抽象→具体,1192,1.0,,,,,,,0.4,,0.22,2
xb_04462,人死了,一身肉,肉,人,BD,建筑,LF,光线,1,具体→具体,221,0.7626,,,,,,,0.3051,,0.1678,1
xb_04463,捧角的人,起哄,起哄,人,EV,事件,HM,人体,2,具体→抽象,121,0.6781,,,,,,,0.2713,,0.1492,1
xb_04464,这,以柔,以柔,这,TH,思维,AB,抽象,3,抽象→抽象,101,0.6529,,,,,,,0.2611,,0.1436,1
xb_04465,二妹你,稀客,稀客,二妹,HM,人体,HM,人体,1,具体→具体,1099,0.9885,,,,,,,0.3954,,0.2175,2
xb_04466,我,一头母牛,母牛,我,LV,生命,HM,人体,1,具体→具体,263,0.7871,,,,,,,0.3148,,0.1732,1
xb_04467,他,一条疯狗,疯狗,他,LV,生命,HM,人体,1,具体→具体,263,0.7871,,,,,,,0.3148,,0.1732,1
xb_04468,生命,原始汤,汤,生命,AB,抽象,LF,光线,3,抽象→抽象,515,0.8817,,,,,,,0.3527,,0.194,1
xb_04469,梦想,现实,现实,梦想,AB,抽象,TH,思维,3,抽象→抽象,515,0.8817,,,,,,,0.3527,,0.194,1
xb_04470,基因图谱,钥匙,钥匙,图谱,OB,物体,AB,抽象,4,抽象→具体,1192,1.0,,,,,,,0.4,,0.22,2
xb_04471,这里,你的家,家,这里,SP,空间,SP,空间,1,具体→具体,203,0.7507,,,,,,,0.3003,,0.1652,1
xb_04472,他,作'贼'心虚,虚,他,TH,思维,HM,人体,2,具体→抽象,101,0.6529,,,,,,,0.2611,,0.1436,1
xb_04473,作品,人品,人品,作品,MR,机器,OB,物体,2,具体→抽象,123,0.6804,,,,,,,0.2722,,0.1497,1
xb_04474,权力,责任,责任,权力,MR,机器,SC,社会,3,抽象→抽象,123,0.6804,,,,,,,0.2722,,0.1497,1
xb_04475,产品,人品,人品,产品,MR,机器,OB,物体,2,具体→抽象,123,0.6804,,,,,,,0.2722,,0.1497,1
xb_04476,质量,市场,市场,质量,EC,经济,AB,抽象,3,抽象→抽象,129,0.6871,,,,,,,0.2748,,0.1512,1
xb_04477,企业,家业,家业,企业,SC,社会,SC,社会,3,抽象→抽象,81,0.622,,,,,,,0.2488,,0.1369,1
xb_04478,生活,教育,教育,生活,EV,事件,EV,事件,3,抽象→抽象,121,0.6781,,,,,,,0.2713,,0.1492,1
xb_04479,社会,学校,学校,社会,SP,空间,SC,社会,4,抽象→具体,203,0.7507,,,,,,,0.3003,,0.1652,1
xb_04480,神仙,人,人,神仙,HM,人体,HM,人体,1,具体→具体,1099,0.9885,,,,,,,0.3954,,0.2175,2
xb_04481,天,人,人,天,HM,人体,NT,自然,4,抽象→具体,1099,0.9885,,,,,,,0.3954,,0.2175,2
xb_04482,人,天,天,人,NT,自然,HM,人体,2,具体→抽象,184,0.7369,,,,,,,0.2948,,0.1621,1
xb_04483,商场,战场,战场,商场,SP,空间,SC,社会,4,抽象→具体,203,0.7507,,,,,,,0.3003,,0.1652,1
xb_04484,儒家,传统,传统,儒家,SC,社会,TH,思维,3,抽象→抽象,81,0.622,,,,,,,0.2488,,0.1369,1
xb_04485,客厅,工厂,工厂,客厅,SP,空间,SP,空间,1,具体→具体,203,0.7507,,,,,,,0.3003,,0.1652,1
xb_04486,斜坡,市场,市场,斜坡,SC,社会,SP,空间,2,具体→抽象,81,0.622,,,,,,,0.2488,,0.1369,1
xb_04487,天,神,神,天,HM,人体,AB,抽象,4,抽象→具体,1099,0.9885,,,,,,,0.3954,,0.2175,2
xb_04488,画价,人的价值,价值,画价,AB,抽象,AB,抽象,3,抽象→抽象,515,0.8817,,,,,,,0.3527,,0.194,1
xb_04489,信息,财富,财富,信息,EC,经济,AB,抽象,3,抽象→抽象,129,0.6871,,,,,,,0.2748,,0.1512,1
xb_04490,电话,文明生活一大标志,标志,电话,AB,抽象,OB,物体,2,具体→抽象,515,0.8817,,,,,,,0.3527,,0.194,1
xb_04491,人,树,树,人,LV,生命,HM,人体,1,具体→具体,263,0.7871,,,,,,,0.3148,,0.1732,1
xb_04492,合同,契约精神,精神,合同,TH,思维,OB,物体,2,具体→抽象,101,0.6529,,,,,,,0.2611,,0.1436,1
xb_04493,堡垒,产权问题,问题,堡垒,SC,社会,AB,抽象,2,具体→抽象,81,0.622,,,,,,,0.2488,,0.1369,1
xb_04494,生活,学习,学习,生活,EV,事件,EV,事件,3,抽象→抽象,121,0.6781,,,,,,,0.2713,,0.1492,1
xb_04495,企业,人,人,企业,HM,人体,SC,社会,4,抽象→具体,1099,0.9885,,,,,,,0.3954,,0.2175,2
xb_04496,你,一树一树的花开,花开,你,LV,生命,HM,人体,1,具体→具体,263,0.7871,,,,,,,0.3148,,0.1732,1
xb_04497,奴,钻石,钻石,奴,OB,物体,HM,人体,1,具体→具体,1192,1.0,,,,,,,0.4,,0.22,2
xb_04498,你,一个孩子,孩子,你,HM,人体,HM,人体,1,具体→具体,1099,0.9885,,,,,,,0.3954,,0.2175,2
xb_04499,文笔,汪洋恣肆,恣肆,文笔,NT,自然,AB,抽象,3,抽象→抽象,184,0.7369,,,,,,,0.2948,,0.1621,1
xb_04500,老实人,万中有一,有,老实人,AB,抽象,HM,人体,2,具体→抽象,515,0.8817,,,,,,,0.3527,,0.194,1
xb_04501,你,个小孩子,小孩子,你,HM,人体,HM,人体,1,具体→具体,1099,0.9885,,,,,,,0.3954,,0.2175,2
xb_04502,色彩,眼睛的触摸,触摸,色彩,SN,感知,SN,感知,3,抽象→抽象,146,0.7044,,,,,,,0.2818,,0.155,1
xb_04503,所有的艺术,装饰性的,装饰性,艺术,ST,结构,AB,抽象,3,抽象→抽象,990,0.9738,,,,,,,0.3895,,0.2142,2
xb_04504,血；脉搏,熔岩；火焰,熔岩,血,NT,自然,BD,建筑,1,具体→具体,184,0.7369,,,,,,,0.2948,,0.1621,1
xb_04505,钱,人的胆,胆,钱,BD,建筑,OB,物体,1,具体→具体,221,0.7626,,,,,,,0.3051,,0.1678,1
xb_04506,贞操,块蜡,块蜡,贞操,OB,物体,MR,机器,4,抽象→具体,1192,1.0,,,,,,,0.4,,0.22,2
xb_04507,人们表面的自由意志,一种错觉,错觉,意志,TH,思维,TH,思维,3,抽象→抽象,101,0.6529,,,,,,,0.2611,,0.1436,1
xb_04508,我的国家,剧痛者的天堂,天堂,国家,SP,空间,SC,社会,4,抽象→具体,203,0.7507,,,,,,,0.3003,,0.1652,1
xb_04509,相互的爱情,一场梦呓,梦呓,爱情,TH,思维,EM,情感,3,抽象→抽象,101,0.6529,,,,,,,0.2611,,0.1436,1
xb_04510,薛嵩,爱情,爱情,薛嵩,EM,情感,HM,人体,2,具体→抽象,134,0.6924,,,,,,,0.277,,0.1523,1
xb_04511,眼睛,心灵的窗户,窗户,眼睛,OB,物体,BD,建筑,1,具体→具体,1192,1.0,,,,,,,0.4,,0.22,2
xb_04512,自己,一个芭比娃娃,娃娃,自己,OB,物体,HM,人体,1,具体→具体,1192,1.0,,,,,,,0.4,,0.22,2
xb_04513,神的意义,'自然',',意义,NT,自然,AB,抽象,3,抽象→抽象,184,0.7369,,,,,,,0.2948,,0.1621,1
xb_04514,花园,民主的牺牲品,牺牲品,花园,AB,抽象,SP,空间,2,具体→抽象,515,0.8817,,,,,,,0.3527,,0.194,1
xb_04515,代价,巨大的,巨大,代价,ST,结构,AB,抽象,3,抽象→抽象,990,0.9738,,,,,,,0.3895,,0.2142,2
xb_04516,地球,活的,活的,地球,ST,结构,NT,自然,2,具体→抽象,990,0.9738,,,,,,,0.3895,,0.2142,2
xb_04517,生命,短暂的,短暂,生命,TM,时间,LF,光线,3,抽象→抽象,40,0.5242,,,,,,,0.2097,,0.1153,1
xb_04518,世界,美好的,美好,世界,ST,结构,AB,抽象,3,抽象→抽象,990,0.9738,,,,,,,0.3895,,0.2142,2
xb_04519,爱情,伟大的,伟大,爱情,ST,结构,EM,情感,3,抽象→抽象,990,0.9738,,,,,,,0.3895,,0.2142,2
xb_04520,这种爱情,盲目的,盲目,爱情,SN,感知,EM,情感,3,抽象→抽象,146,0.7044,,,,,,,0.2818,,0.155,1
xb_04521,他的希望,疯狂的,疯狂,希望,ST,结构,EM,情感,3,抽象→抽象,990,0.9738,,,,,,,0.3895,,0.2142,2
xb_04522,慈悲,无边的,无边,慈悲,SP,空间,EM,情感,3,抽象→抽象,203,0.7507,,,,,,,0.3003,,0.1652,1
xb_04523,人,邪恶的,邪恶,人,MR,机器,HM,人体,2,具体→抽象,123,0.6804,,,,,,,0.2722,,0.1497,1
xb_04524,上帝,慈悲的,慈悲,上帝,ST,结构,HM,人体,2,具体→抽象,990,0.9738,,,,,,,0.3895,,0.2142,2
xb_04525,我们的处境,痛苦的,痛苦,处境,ST,结构,ST,结构,3,抽象→抽象,990,0.9738,,,,,,,0.3895,,0.2142,2
xb_04526,她的病,假的,假的,病,ST,结构,ST,结构,3,抽象→抽象,990,0.9738,,,,,,,0.3895,,0.2142,2
xb_04527,他打算做的事,不对的,不对,事,MR,机器,EV,事件,3,抽象→抽象,123,0.6804,,,,,,,0.2722,,0.1497,1
xb_04528,他的眼睛,明亮的,明亮,眼睛,SN,感知,BD,建筑,2,具体→抽象,146,0.7044,,,,,,,0.2818,,0.155,1
xb_04529,眼神,严肃的,严肃,眼神,ST,结构,SN,感知,3,抽象→抽象,990,0.9738,,,,,,,0.3895,,0.2142,2
xb_04530,他的话,愚蠢的,愚蠢,的话,ST,结构,TH,思维,3,抽象→抽象,990,0.9738,,,,,,,0.3895,,0.2142,2
xb_04531,上帝的负担,轻的,轻的,负担,ST,结构,AB,抽象,3,抽象→抽象,990,0.9738,,,,,,,0.3895,,0.2142,2
xb_04532,他的家族,长寿的,长寿,家族,ST,结构,SC,社会,3,抽象→抽象,990,0.9738,,,,,,,0.3895,,0.2142,2
xb_04533,这辆车,破的,破的,车,ST,结构,TR,交通,2,具体→抽象,990,0.9738,,,,,,,0.3895,,0.2142,2
xb_04534,唤醒这种感情,痛苦的,痛苦,感情,ST,结构,EV,事件,3,抽象→抽象,990,0.9738,,,,,,,0.3895,,0.2142,2
xb_04535,这些话,真实的,真实,话,ST,结构,TH,思维,3,抽象→抽象,990,0.9738,,,,,,,0.3895,,0.2142,2
xb_04536,我的活动天地,狭窄的,狭窄,天地,ST,结构,SP,空间,2,具体→抽象,990,0.9738,,,,,,,0.3895,,0.2142,2
xb_04537,这些感情,错误的,错误,感情,MR,机器,EM,情感,3,抽象→抽象,123,0.6804,,,,,,,0.2722,,0.1497,1
xb_04538,表兄妹关系,不行的,的,关系,ST,结构,SC,社会,3,抽象→抽象,990,0.9738,,,,,,,0.3895,,0.2142,2
xb_04539,你的希望,合理的,合理,希望,ST,结构,TH,思维,3,抽象→抽象,990,0.9738,,,,,,,0.3895,,0.2142,2
xb_04540,这种刺痛,有益的,有益,刺痛,ST,结构,SN,感知,3,抽象→抽象,990,0.9738,,,,,,,0.3895,,0.2142,2
xb_04541,他的野心,崇高的,崇高,野心,ST,结构,TH,思维,3,抽象→抽象,990,0.9738,,,,,,,0.3895,,0.2142,2
xb_04542,得罪一个好房客,愚蠢的,愚蠢,房客,ST,结构,EV,事件,3,抽象→抽象,990,0.9738,,,,,,,0.3895,,0.2142,2
xb_04543,一个,软弱天性,天性,一个,ST,结构,AB,抽象,3,抽象→抽象,990,0.9738,,,,,,,0.3895,,0.2142,2
xb_04544,报复,公平的,公平,报复,MR,机器,EV,事件,3,抽象→抽象,123,0.6804,,,,,,,0.2722,,0.1497,1
xb_04545,他的脸,苍白的,苍白,脸,SN,感知,BD,建筑,2,具体→抽象,146,0.7044,,,,,,,0.2818,,0.155,1
xb_04546,时间,缓慢的,缓慢,时间,ST,结构,TM,时间,3,抽象→抽象,990,0.9738,,,,,,,0.3895,,0.2142,2
xb_04547,生命,神圣的,神圣,生命,ST,结构,LF,光线,3,抽象→抽象,990,0.9738,,,,,,,0.3895,,0.2142,2
xb_04548,地球,安全的,安全,地球,ST,结构,NT,自然,3,抽象→抽象,990,0.9738,,,,,,,0.3895,,0.2142,2
xb_04549,回归地球,甜美的,甜美,地球,SN,感知,EV,事件,3,抽象→抽象,146,0.7044,,,,,,,0.2818,,0.155,1
xb_04550,重返祖国,幸福的,幸福,祖国,ST,结构,EV,事件,3,抽象→抽象,990,0.9738,,,,,,,0.3895,,0.2142,2
xb_04551,道路,漫长的,漫长,道路,ST,结构,SP,空间,2,具体→抽象,990,0.9738,,,,,,,0.3895,,0.2142,2
xb_04552,火,红的,红的,火,SN,感知,NT,自然,2,具体→抽象,146,0.7044,,,,,,,0.2818,,0.155,1
xb_04553,天,蔚蓝的,蔚蓝,天,SN,感知,NT,自然,2,具体→抽象,146,0.7044,,,,,,,0.2818,,0.155,1
xb_04554,一本好书,最好的朋友,朋友,书,HM,人体,OB,物体,1,具体→具体,1099,0.9885,,,,,,,0.3954,,0.2175,2
xb_04555,女孩子们的唇,红的,红的,唇,SN,感知,BD,建筑,2,具体→抽象,146,0.7044,,,,,,,0.2818,,0.155,1
xb_04556,牙,白的,白的,牙,SN,感知,BD,建筑,2,具体→抽象,146,0.7044,,,,,,,0.2818,,0.155,1
xb_04557,舌和牙龈,肉色的,肉色,牙龈,SN,感知,BD,建筑,2,具体→抽象,146,0.7044,,,,,,,0.2818,,0.155,1
xb_04558,眼睛,海蓝,海蓝,眼睛,SN,感知,BD,建筑,2,具体→抽象,146,0.7044,,,,,,,0.2818,,0.155,1
xb_04559,河,一个很有力又很纯洁的母亲,母亲,河,HM,人体,NT,自然,1,具体→具体,1099,0.9885,,,,,,,0.3954,,0.2175,2
xb_04560,河,全个自然的母亲,母亲,河,HM,人体,NT,自然,1,具体→具体,1099,0.9885,,,,,,,0.3954,,0.2175,2
xb_04561,我们的园子,丰满而温柔的,丰满,园子,ST,结构,SP,空间,2,具体→抽象,990,0.9738,,,,,,,0.3895,,0.2142,2
xb_04562,我的神智,清楚的,的,神智,ST,结构,TH,思维,3,抽象→抽象,990,0.9738,,,,,,,0.3895,,0.2142,2
xb_04563,大海,辽阔的,辽阔,大海,ST,结构,NT,自然,3,抽象→抽象,990,0.9738,,,,,,,0.3895,,0.2142,2
xb_04564,时间,缓慢的,缓慢,时间,ST,结构,TM,时间,3,抽象→抽象,990,0.9738,,,,,,,0.3895,,0.2142,2
xb_04565,无边无际的传说,穷苦人的消遣,消遣,传说,EV,事件,AB,抽象,3,抽象→抽象,121,0.6781,,,,,,,0.2713,,0.1492,1
xb_04566,流浪汉和吟游诗人,邪恶的种族,种族,诗人,HM,人体,HM,人体,1,具体→具体,1099,0.9885,,,,,,,0.3954,,0.2175,2
xb_04567,说这些话的人,蠢蛋中的蠢蛋,蠢蛋,人,HM,人体,HM,人体,1,具体→具体,1099,0.9885,,,,,,,0.3954,,0.2175,2
xb_04568,哪片削瘦,高大的杉树,杉树,哪片,LV,生命,AB,抽象,4,抽象→具体,263,0.7871,,,,,,,0.3148,,0.1732,1
xb_04569,用斗气限定实力,狭隘的,狭隘,实力,ST,结构,TH,思维,3,抽象→抽象,990,0.9738,,,,,,,0.3895,,0.2142,2
xb_04570,我们的利益,一致的,一致,利益,ST,结构,SC,社会,3,抽象→抽象,990,0.9738,,,,,,,0.3895,,0.2142,2
xb_04571,我们的心意,真诚的,真诚,心意,ST,结构,EM,情感,3,抽象→抽象,990,0.9738,,,,,,,0.3895,,0.2142,2
xb_04572,主人的歉意,多余的,多余,歉意,ST,结构,EM,情感,3,抽象→抽象,990,0.9738,,,,,,,0.3895,,0.2142,2
xb_04573,犹太人,穷苦的,穷苦,犹太人,EC,经济,HM,人体,2,具体→抽象,129,0.6871,,,,,,,0.2748,,0.1512,1
xb_04574,给人民带来的灾难,深重的,的,灾难,ST,结构,EV,事件,3,抽象→抽象,990,0.9738,,,,,,,0.3895,,0.2142,2
xb_04575,有些人,老奸巨滑,老奸巨滑,人,ST,结构,HM,人体,2,具体→抽象,990,0.9738,,,,,,,0.3895,,0.2142,2
xb_04576,我的意志,坚定的,坚定,意志,ST,结构,TH,思维,3,抽象→抽象,990,0.9738,,,,,,,0.3895,,0.2142,2
xb_04577,让读者阅读这样的记载,残忍的,残忍,记载,ST,结构,EV,事件,3,抽象→抽象,990,0.9738,,,,,,,0.3895,,0.2142,2
xb_04578,她的理由,充足的,充足,理由,ST,结构,TH,思维,3,抽象→抽象,990,0.9738,,,,,,,0.3895,,0.2142,2
xb_04579,舌头,自由的,自由,舌头,ST,结构,BD,建筑,2,具体→抽象,990,0.9738,,,,,,,0.3895,,0.2142,2
xb_04580,有一点,确凿无疑的,确凿,有,ST,结构,AB,抽象,3,抽象→抽象,990,0.9738,,,,,,,0.3895,,0.2142,2
xb_04581,米莉亚姆的一生,不幸的,不幸,一生,ST,结构,LF,光线,3,抽象→抽象,990,0.9738,,,,,,,0.3895,,0.2142,2
xb_04582,那个犹太人,邪教徒,邪教徒,犹太人,HM,人体,HM,人体,1,具体→具体,1099,0.9885,,,,,,,0.3954,,0.2175,2
xb_04583,一条路,安全的,安全,路,ST,结构,SP,空间,2,具体→抽象,990,0.9738,,,,,,,0.3895,,0.2142,2
xb_04584,团体的纪律,严格的,严格,纪律,ST,结构,SC,社会,3,抽象→抽象,990,0.9738,,,,,,,0.3895,,0.2142,2
xb_04585,你的好意,坦率的,坦率,好意,ST,结构,EM,情感,3,抽象→抽象,990,0.9738,,,,,,,0.3895,,0.2142,2
xb_04586,处死犹太女子,必要的赎罪,赎罪,女子,EV,事件,EV,事件,3,抽象→抽象,121,0.6781,,,,,,,0.2713,,0.1492,1
xb_04587,你的动机,好的,好的,动机,ST,结构,TH,思维,3,抽象→抽象,990,0.9738,,,,,,,0.3895,,0.2142,2
xb_04588,生活,悲惨的,悲惨,生活,ST,结构,EV,事件,3,抽象→抽象,990,0.9738,,,,,,,0.3895,,0.2142,2
xb_04589,我最近的这些日子,悲惨的,悲惨,日子,ST,结构,TM,时间,3,抽象→抽象,990,0.9738,,,,,,,0.3895,,0.2142,2
xb_04590,我们的律法,慈祥的,慈祥,律法,ST,结构,SC,社会,3,抽象→抽象,990,0.9738,,,,,,,0.3895,,0.2142,2
xb_04591,我做的事,正确的,正确,事,MR,机器,EV,事件,3,抽象→抽象,123,0.6804,,,,,,,0.2722,,0.1497,1
xb_04592,英国的人民,好斗的民族,民族,人民,HM,人体,HM,人体,1,具体→具体,1099,0.9885,,,,,,,0.3954,,0.2175,2
xb_04593,公爵,有理的,的,公爵,ST,结构,HM,人体,2,具体→抽象,990,0.9738,,,,,,,0.3895,,0.2142,2
xb_04594,这种报仇方式,可笑的,的,方式,ST,结构,TH,思维,3,抽象→抽象,990,0.9738,,,,,,,0.3895,,0.2142,2
xb_04595,她的情人,世上最完美的人,人,情人,HM,人体,HM,人体,1,具体→具体,1099,0.9885,,,,,,,0.3954,,0.2175,2
xb_04596,老天,公正的,公正,老天,ST,结构,AB,抽象,3,抽象→抽象,990,0.9738,,,,,,,0.3895,,0.2142,2
xb_04597,他,公正的,公正,他,ST,结构,HM,人体,2,具体→抽象,990,0.9738,,,,,,,0.3895,,0.2142,2
xb_04598,我的罪孽,可怕的,可怕,罪孽,ST,结构,MR,机器,3,抽象→抽象,990,0.9738,,,,,,,0.3895,,0.2142,2
xb_04599,我的心,残忍的,残忍,心,ST,结构,EM,情感,3,抽象→抽象,990,0.9738,,,,,,,0.3895,,0.2142,2
xb_04600,他的妻子,清白的,清白,妻子,ST,结构,HM,人体,2,具体→抽象,990,0.9738,,,,,,,0.3895,,0.2142,2
xb_04601,他今天早晨的态度,高贵的,高贵,态度,ST,结构,TH,思维,3,抽象→抽象,990,0.9738,,,,,,,0.3895,,0.2142,2
xb_04602,最明智的英国人每天都有一个钟头,疯狂的,疯狂,钟头,ST,结构,TM,时间,3,抽象→抽象,990,0.9738,,,,,,,0.3895,,0.2142,2
xb_04603,于连的目光,残暴的,残暴,目光,ST,结构,SN,感知,3,抽象→抽象,990,0.9738,,,,,,,0.3895,,0.2142,2
xb_04604,脸上的表情,丑恶的,丑恶,表情,ST,结构,SN,感知,3,抽象→抽象,990,0.9738,,,,,,,0.3895,,0.2142,2
xb_04605,她的神情,冷酷的,冷酷,神情,SN,感知,SN,感知,3,抽象→抽象,146,0.7044,,,,,,,0.2818,,0.155,1
xb_04606,他的记忆力,残酷的,残酷,记忆力,ST,结构,TH,思维,3,抽象→抽象,990,0.9738,,,,,,,0.3895,,0.2142,2
xb_04607,他的第一个责任,谨慎,谨慎,责任,TH,思维,MR,机器,3,抽象→抽象,101,0.6529,,,,,,,0.2611,,0.1436,1
xb_04608,这个错误,可怕的,可怕,错误,ST,结构,TH,思维,3,抽象→抽象,990,0.9738,,,,,,,0.3895,,0.2142,2
xb_04609,有两位跟德·拉莫尔先生说话口气,平等的,平等,口气,ST,结构,TH,思维,3,抽象→抽象,990,0.9738,,,,,,,0.3895,,0.2142,2
xb_04610,她跟他在一起时,温顺的,温顺,在一起,ST,结构,AB,抽象,3,抽象→抽象,990,0.9738,,,,,,,0.3895,,0.2142,2
xb_04611,你的手,干净的,的,手,ST,结构,BD,建筑,2,具体→抽象,990,0.9738,,,,,,,0.3895,,0.2142,2
xb_04612,地,好净土,净土,地,SP,空间,SP,空间,1,具体→具体,203,0.7507,,,,,,,0.3003,,0.1652,1
xb_04613,天,黑的,黑的,天,SN,感知,NT,自然,2,具体→抽象,146,0.7044,,,,,,,0.2818,,0.155,1
xb_04614,惠理子,一个巨大的存在,存在,惠理子,AB,抽象,HM,人体,2,具体→抽象,515,0.8817,,,,,,,0.3527,,0.194,1
xb_04615,迎面的微风,清纯而新鲜的,清纯,微风,ST,结构,NT,自然,3,抽象→抽象,990,0.9738,,,,,,,0.3895,,0.2142,2
xb_04616,驼背,正确的,正确,驼背,MR,机器,ST,结构,4,抽象→具体,123,0.6804,,,,,,,0.2722,,0.1497,1
xb_04617,纳粹党,正确的,正确,纳粹党,ST,结构,SC,社会,3,抽象→抽象,990,0.9738,,,,,,,0.3895,,0.2142,2
xb_04618,格雷夫夫妇的婚姻,美满的婚姻,婚姻,婚姻,SC,社会,SC,社会,3,抽象→抽象,81,0.622,,,,,,,0.2488,,0.1369,1
xb_04619,病情,严重的,的,病情,ST,结构,ST,结构,3,抽象→抽象,990,0.9738,,,,,,,0.3895,,0.2142,2
xb_04620,这种时间,短暂的,短暂,时间,ST,结构,TM,时间,3,抽象→抽象,990,0.9738,,,,,,,0.3895,,0.2142,2
xb_04621,丽丝的眼睛,湿润的,湿润,眼睛,SN,感知,BD,建筑,2,具体→抽象,146,0.7044,,,,,,,0.2818,,0.155,1
xb_04622,水,甜的,甜的,水,SN,感知,NT,自然,2,具体→抽象,146,0.7044,,,,,,,0.2818,,0.155,1
xb_04623,水,清凉的,清凉,水,SN,感知,NT,自然,2,具体→抽象,146,0.7044,,,,,,,0.2818,,0.155,1
xb_04624,人们的声音,嘶哑的,嘶哑,声音,ST,结构,SN,感知,3,抽象→抽象,990,0.9738,,,,,,,0.3895,,0.2142,2
xb_04625,我良心,平安的,平安,良心,ST,结构,MR,机器,3,抽象→抽象,990,0.9738,,,,,,,0.3895,,0.2142,2
xb_04626,剃刀这东西,有用的,有用,东西,ST,结构,OB,物体,2,具体→抽象,990,0.9738,,,,,,,0.3895,,0.2142,2
xb_04627,这奶,甜的,甜的,这奶,SN,感知,FD,食物,2,具体→抽象,146,0.7044,,,,,,,0.2818,,0.155,1
xb_04628,他的面孔,冷酷的,冷酷,面孔,SN,感知,BD,建筑,2,具体→抽象,146,0.7044,,,,,,,0.2818,,0.155,1
xb_04629,有一点,清楚的,的,有,ST,结构,AB,抽象,3,抽象→抽象,990,0.9738,,,,,,,0.3895,,0.2142,2
xb_04630,内容,真实的,真实,内容,ST,结构,TH,思维,3,抽象→抽象,990,0.9738,,,,,,,0.3895,,0.2142,2
xb_04631,马里尼的田野,迷人的,的,马里尼,ST,结构,SP,空间,2,具体→抽象,990,0.9738,,,,,,,0.3895,,0.2142,2
xb_04632,农民,健壮的诺曼底人,底人,农民,HM,人体,HM,人体,1,具体→具体,1099,0.9885,,,,,,,0.3954,,0.2175,2
xb_04633,快乐的酒鬼,幸福的人,人,酒鬼,HM,人体,HM,人体,1,具体→具体,1099,0.9885,,,,,,,0.3954,,0.2175,2
xb_04634,仪式,一样的,的,仪式,ST,结构,EV,事件,3,抽象→抽象,990,0.9738,,,,,,,0.3895,,0.2142,2
xb_04635,总督,不安的,不安,总督,ST,结构,HM,人体,2,具体→抽象,990,0.9738,,,,,,,0.3895,,0.2142,2
xb_04636,我的宗教感情同这种情景,一致的,一致,情景,ST,结构,AB,抽象,3,抽象→抽象,990,0.9738,,,,,,,0.3895,,0.2142,2
xb_04637,费城的外貌,单调的,单调,外貌,SN,感知,SN,感知,3,抽象→抽象,146,0.7044,,,,,,,0.2818,,0.155,1
xb_04638,公谊会女教徒,美丽的,美丽,教徒,ST,结构,HM,人体,2,具体→抽象,990,0.9738,,,,,,,0.3895,,0.2142,2
xb_04639,伤势,危险的,危险,伤势,ST,结构,ST,结构,3,抽象→抽象,990,0.9738,,,,,,,0.3895,,0.2142,2
xb_04640,爱要满足幸福的一切条件,困难的,困难,爱,ST,结构,EV,事件,3,抽象→抽象,990,0.9738,,,,,,,0.3895,,0.2142,2
xb_04641,晚餐,沉闷的,沉闷,晚餐,ST,结构,EV,事件,4,抽象→具体,990,0.9738,,,,,,,0.3895,,0.2142,2
xb_04642,我对德·夏多布里昂夫人的敬爱之心,深沉的,深沉,心,ST,结构,EM,情感,3,抽象→抽象,990,0.9738,,,,,,,0.3895,,0.2142,2
xb_04643,我们的航程,漫长的,漫长,航程,TM,时间,EV,事件,3,抽象→抽象,40,0.5242,,,,,,,0.2097,,0.1153,1
xb_04644,英国圣公会,博学、好客和慷慨的,好客,圣公会,ST,结构,SC,社会,3,抽象→抽象,990,0.9738,,,,,,,0.3895,,0.2142,2
xb_04645,他的话,冷漠的,冷漠,的话,EM,情感,TH,思维,3,抽象→抽象,134,0.6924,,,,,,,0.277,,0.1523,1
xb_04646,我当时的心情同我在一八二二年写这本回忆录时的心情,不同的,不同,心情,ST,结构,EM,情感,3,抽象→抽象,990,0.9738,,,,,,,0.3895,,0.2142,2
xb_04647,了解我的《回忆录》的进展情况,有益的,有益,情况,ST,结构,EV,事件,3,抽象→抽象,990,0.9738,,,,,,,0.3895,,0.2142,2
xb_04648,共和国的原则,平等,平等,原则,AB,抽象,AB,抽象,3,抽象→抽象,515,0.8817,,,,,,,0.3527,,0.194,1
xb_04649,帝国的原则,力量,力量,原则,AB,抽象,AB,抽象,3,抽象→抽象,515,0.8817,,,,,,,0.3527,,0.194,1
xb_04650,复辟王朝的原则,自由,自由,原则,AB,抽象,AB,抽象,3,抽象→抽象,515,0.8817,,,,,,,0.3527,,0.194,1
xb_04651,我的本性,好的,好的,本性,ST,结构,ST,结构,3,抽象→抽象,990,0.9738,,,,,,,0.3895,,0.2142,2
xb_04652,她的语言,谨慎的,谨慎,语言,ST,结构,TH,思维,3,抽象→抽象,990,0.9738,,,,,,,0.3895,,0.2142,2
xb_04653,性格,含蓄的,含蓄,性格,ST,结构,ST,结构,3,抽象→抽象,990,0.9738,,,,,,,0.3895,,0.2142,2
xb_04654,思想,成熟的,成熟,思想,LV,生命,TH,思维,3,抽象→抽象,263,0.7871,,,,,,,0.3148,,0.1732,1
xb_04655,人类心灵尚未被发现的细小角落,狭小的地盘,地盘,角落,SP,空间,AB,抽象,2,具体→抽象,203,0.7507,,,,,,,0.3003,,0.1652,1
xb_04656,新文学,自由的,自由,新文学,ST,结构,AB,抽象,3,抽象→抽象,990,0.9738,,,,,,,0.3895,,0.2142,2
xb_04657,伦理,持久的,持久,伦理,TM,时间,AB,抽象,3,抽象→抽象,40,0.5242,,,,,,,0.2097,,0.1153,1
xb_04658,它的价值,偶然的,偶然,价值,ST,结构,AB,抽象,3,抽象→抽象,990,0.9738,,,,,,,0.3895,,0.2142,2
xb_04659,模特儿,靠不住的,靠不住,模特儿,ST,结构,HM,人体,2,具体→抽象,990,0.9738,,,,,,,0.3895,,0.2142,2
xb_04660,夜色,迷人的,的,夜色,SN,感知,NT,自然,2,具体→抽象,146,0.7044,,,,,,,0.2818,,0.155,1
xb_04661,风,微弱的,微弱,风,ST,结构,NT,自然,2,具体→抽象,990,0.9738,,,,,,,0.3895,,0.2142,2
xb_04662,船长,正确的,正确,船长,ST,结构,HM,人体,2,具体→抽象,990,0.9738,,,,,,,0.3895,,0.2142,2
xb_04663,前途,广阔的,广阔,前途,ST,结构,TM,时间,3,抽象→抽象,990,0.9738,,,,,,,0.3895,,0.2142,2
xb_04664,作者,可信的,可信,作者,ST,结构,HM,人体,2,具体→抽象,990,0.9738,,,,,,,0.3895,,0.2142,2
xb_04665,俄罗斯人的事业,正确的,正确,事业,ST,结构,AB,抽象,3,抽象→抽象,990,0.9738,,,,,,,0.3895,,0.2142,2
xb_04666,只有年轻人,真诚的,真诚,年轻人,ST,结构,HM,人体,2,具体→抽象,990,0.9738,,,,,,,0.3895,,0.2142,2
xb_04667,批驳人家在正式文献中想建立的整套新学说,有益的,有益,新学,ST,结构,EV,事件,3,抽象→抽象,990,0.9738,,,,,,,0.3895,,0.2142,2
xb_04668,个人被宣布,自由的,自由,个人,ST,结构,HM,人体,2,具体→抽象,990,0.9738,,,,,,,0.3895,,0.2142,2
xb_04669,民族,自由的,自由,民族,ST,结构,AB,抽象,3,抽象→抽象,990,0.9738,,,,,,,0.3895,,0.2142,2
xb_04670,没有人,真诚的,真诚,人,ST,结构,HM,人体,2,具体→抽象,990,0.9738,,,,,,,0.3895,,0.2142,2
xb_04671,有一点,确实的,确实,有,ST,结构,AB,抽象,3,抽象→抽象,990,0.9738,,,,,,,0.3895,,0.2142,2
xb_04672,这份报告,假的,假的,报告,ST,结构,TH,思维,4,抽象→具体,990,0.9738,,,,,,,0.3895,,0.2142,2
xb_04673,不采用白旗,明智的,明智,白旗,ST,结构,EV,事件,3,抽象→抽象,990,0.9738,,,,,,,0.3895,,0.2142,2
xb_04674,这封信的语气,恰当的,的,语气,ST,结构,TH,思维,3,抽象→抽象,990,0.9738,,,,,,,0.3895,,0.2142,2
xb_04675,白纸黑字的材料,真的,真的,材料,ST,结构,OB,物体,2,具体→抽象,990,0.9738,,,,,,,0.3895,,0.2142,2
xb_04676,宗教,自由的源泉,源泉,宗教,NT,自然,AB,抽象,2,具体→抽象,184,0.7369,,,,,,,0.2948,,0.1621,1
xb_04677,乐池,空的,空的,乐池,ST,结构,SP,空间,2,具体→抽象,990,0.9738,,,,,,,0.3895,,0.2142,2
xb_04678,那种做法,虚伪的,虚伪,做法,ST,结构,EV,事件,3,抽象→抽象,990,0.9738,,,,,,,0.3895,,0.2142,2
xb_04679,我却始终认为它,真诚的,真诚,认为,ST,结构,AB,抽象,3,抽象→抽象,990,0.9738,,,,,,,0.3895,,0.2142,2
xb_04680,宗教感情,人天生的权力,权力,感情,AB,抽象,EM,情感,3,抽象→抽象,515,0.8817,,,,,,,0.3527,,0.194,1
xb_04681,断言这种权力来自欺骗与谎言,荒谬的,荒谬,谎言,ST,结构,EV,事件,3,抽象→抽象,990,0.9738,,,,,,,0.3895,,0.2142,2
xb_04682,本性,软弱的,软弱,本性,ST,结构,ST,结构,3,抽象→抽象,990,0.9738,,,,,,,0.3895,,0.2142,2
xb_04683,我却相信他的感情,坚实可靠的,坚实,感情,ST,结构,EM,情感,3,抽象→抽象,990,0.9738,,,,,,,0.3895,,0.2142,2
xb_04684,有些血,沉默的,沉默,血,HM,人体,BD,建筑,1,具体→具体,1099,0.9885,,,,,,,0.3954,,0.2175,2
xb_04685,它们对于历史,有用的,有用,历史,ST,结构,AB,抽象,3,抽象→抽象,990,0.9738,,,,,,,0.3895,,0.2142,2
xb_04686,世界,盲目的,盲目,世界,ST,结构,AB,抽象,3,抽象→抽象,990,0.9738,,,,,,,0.3895,,0.2142,2
xb_04687,它的废墟,自由之乡,乡,废墟,SP,空间,SP,空间,1,具体→具体,203,0.7507,,,,,,,0.3003,,0.1652,1
xb_04688,法国人的地位,强大的,强大,地位,ST,结构,SC,社会,3,抽象→抽象,990,0.9738,,,,,,,0.3895,,0.2142,2
xb_04689,我们的财政的繁荣在欧洲,绝无仅有的,绝无仅有,欧洲,ST,结构,AB,抽象,3,抽象→抽象,990,0.9738,,,,,,,0.3895,,0.2142,2
xb_04690,我相信这个消息,真的,真的,消息,ST,结构,TH,思维,3,抽象→抽象,990,0.9738,,,,,,,0.3895,,0.2142,2
xb_04691,我相信阿尔巴尼主教,诚恳的,诚恳,阿尔巴尼主教,ST,结构,HM,人体,2,具体→抽象,990,0.9738,,,,,,,0.3895,,0.2142,2
xb_04692,老年人,神圣的,神圣,老年人,ST,结构,HM,人体,2,具体→抽象,990,0.9738,,,,,,,0.3895,,0.2142,2
xb_04693,暴力,成功的唯一手段,手段,暴力,AB,抽象,AB,抽象,3,抽象→抽象,515,0.8817,,,,,,,0.3527,,0.194,1
xb_04694,我的文学生涯,圆满的,圆满,涯,ST,结构,EV,事件,3,抽象→抽象,990,0.9738,,,,,,,0.3895,,0.2142,2
xb_04695,人生,短暂的,短暂,人生,TM,时间,LF,光线,3,抽象→抽象,40,0.5242,,,,,,,0.2097,,0.1153,1
xb_04696,宗教思想,自由的基础,基础,思想,OB,物体,TH,思维,2,具体→抽象,1192,1.0,,,,,,,0.4,,0.22,2
xb_04697,卡雷尔先生,虔诚的保王派鲁昂家族的一员,家族,先生,HM,人体,HM,人体,1,具体→具体,1099,0.9885,,,,,,,0.3954,,0.2175,2
xb_04698,您的事业,正义的,正义,事业,ST,结构,AB,抽象,3,抽象→抽象,990,0.9738,,,,,,,0.3895,,0.2142,2
xb_04699,您的护照,旧的,旧的,护照,TM,时间,OB,物体,2,具体→抽象,40,0.5242,,,,,,,0.2097,,0.1153,1
xb_04700,黑夜/白昼,年轻的/永恒的,的,白昼,TM,时间,TM,时间,3,抽象→抽象,40,0.5242,,,,,,,0.2097,,0.1153,1
xb_04701,菲利普的优势,现实的，但也是相对的,现实,优势,ST,结构,AB,抽象,3,抽象→抽象,990,0.9738,,,,,,,0.3895,,0.2142,2
xb_04702,人类,重要的参与者,参与者,人类,HM,人体,HM,人体,1,具体→具体,1099,0.9885,,,,,,,0.3954,,0.2175,2
xb_04703,我的作品,糟糕的,糟糕,作品,ST,结构,AB,抽象,3,抽象→抽象,990,0.9738,,,,,,,0.3895,,0.2142,2
xb_04704,处女,神秘的鲜花,鲜花,处女,LV,生命,HM,人体,1,具体→具体,263,0.7871,,,,,,,0.3148,,0.1732,1
xb_04705,整体,正四边形,形,整体,SP,空间,AB,抽象,2,具体→抽象,203,0.7507,,,,,,,0.3003,,0.1652,1
xb_04706,自己的一生,达观的,达观,一生,ST,结构,LF,光线,3,抽象→抽象,990,0.9738,,,,,,,0.3895,,0.2142,2
xb_04707,她的心情,快活的,快活,心情,ST,结构,EM,情感,3,抽象→抽象,990,0.9738,,,,,,,0.3895,,0.2142,2
xb_04708,这种担心,多余的,多余,担心,ST,结构,EM,情感,3,抽象→抽象,990,0.9738,,,,,,,0.3895,,0.2142,2
xb_04709,你的忠告,错误的,错误,忠告,ST,结构,TH,思维,3,抽象→抽象,990,0.9738,,,,,,,0.3895,,0.2142,2
xb_04710,那个消息,假的,假的,消息,ST,结构,TH,思维,3,抽象→抽象,990,0.9738,,,,,,,0.3895,,0.2142,2
xb_04711,他的门第,不错,不错,门第,ST,结构,SC,社会,3,抽象→抽象,990,0.9738,,,,,,,0.3895,,0.2142,2
xb_04712,这个孩子,活着的,的,孩子,LF,光线,HM,人体,1,具体→具体,8,0.3102,,,,,,,0.1241,,0.0682,1
xb_04713,我的处境,绝望的,绝望,处境,EM,情感,ST,结构,3,抽象→抽象,134,0.6924,,,,,,,0.277,,0.1523,1
xb_04714,自己所爱的女人,神圣的,神圣,女人,ST,结构,HM,人体,2,具体→抽象,990,0.9738,,,,,,,0.3895,,0.2142,2
xb_04715,病症,一样的,的,病症,ST,结构,BD,建筑,2,具体→抽象,990,0.9738,,,,,,,0.3895,,0.2142,2
xb_04716,只有一条路,安全的,安全,路,ST,结构,SP,空间,2,具体→抽象,990,0.9738,,,,,,,0.3895,,0.2142,2
xb_04717,老年人,自私的,自私,老年人,ST,结构,HM,人体,2,具体→抽象,990,0.9738,,,,,,,0.3895,,0.2142,2
xb_04718,那段消息,正确的,正确,消息,ST,结构,TH,思维,3,抽象→抽象,990,0.9738,,,,,,,0.3895,,0.2142,2
xb_04719,我的要求,正当的,的,要求,ST,结构,TH,思维,3,抽象→抽象,990,0.9738,,,,,,,0.3895,,0.2142,2
xb_04720,(对于一个出类拔萃的人),有害的,有害,人,ST,结构,AB,抽象,3,抽象→抽象,990,0.9738,,,,,,,0.3895,,0.2142,2
xb_04721,我走的道路,错误的,错误,道路,ST,结构,LF,光线,3,抽象→抽象,990,0.9738,,,,,,,0.3895,,0.2142,2
xb_04722,你的生命,安全的,安全,生命,ST,结构,LF,光线,3,抽象→抽象,990,0.9738,,,,,,,0.3895,,0.2142,2
xb_04723,内心,犹疑不定的,犹疑,内心,ST,结构,TH,思维,3,抽象→抽象,990,0.9738,,,,,,,0.3895,,0.2142,2
xb_04724,阿尔图瓦伯爵夫人的担心,多余的,多余,担心,ST,结构,EM,情感,3,抽象→抽象,990,0.9738,,,,,,,0.3895,,0.2142,2
xb_04725,您的担心,多余的,多余,担心,ST,结构,EM,情感,3,抽象→抽象,990,0.9738,,,,,,,0.3895,,0.2142,2
xb_04726,您的做法,可耻的,可耻,做法,ST,结构,EV,事件,3,抽象→抽象,990,0.9738,,,,,,,0.3895,,0.2142,2
xb_04727,那个女人,个诡变多端的人,人,女人,HM,人体,HM,人体,1,具体→具体,1099,0.9885,,,,,,,0.3954,,0.2175,2
xb_04728,您刚才所做的事,崇高的,崇高,事,ST,结构,EV,事件,3,抽象→抽象,990,0.9738,,,,,,,0.3895,,0.2142,2
xb_04729,他们内心的感情,相同的,相同,感情,ST,结构,EM,情感,3,抽象→抽象,990,0.9738,,,,,,,0.3895,,0.2142,2
xb_04730,我的动机,好的,好的,动机,ST,结构,TH,思维,3,抽象→抽象,990,0.9738,,,,,,,0.3895,,0.2142,2
xb_04731,您的思想,崇高和伟大的,崇高,思想,ST,结构,TH,思维,3,抽象→抽象,990,0.9738,,,,,,,0.3895,,0.2142,2
xb_04732,一朵插在胸衣上的花和挂在耳朵上的一颗钻石的价值,一样的,的,价值,ST,结构,AB,抽象,3,抽象→抽象,990,0.9738,,,,,,,0.3895,,0.2142,2
xb_04733,您的心灵,软弱的,软弱,心灵,ST,结构,EM,情感,3,抽象→抽象,990,0.9738,,,,,,,0.3895,,0.2142,2
xb_04734,您的智慧,丰富的,丰富,智慧,ST,结构,TH,思维,3,抽象→抽象,990,0.9738,,,,,,,0.3895,,0.2142,2
xb_04735,时间,宝贵的,的,时间,ST,结构,TM,时间,3,抽象→抽象,990,0.9738,,,,,,,0.3895,,0.2142,2
xb_04736,这种征兆,严重的,的,征兆,ST,结构,AB,抽象,3,抽象→抽象,990,0.9738,,,,,,,0.3895,,0.2142,2
xb_04737,项链,美丽的,美丽,项链,SN,感知,OB,物体,2,具体→抽象,146,0.7044,,,,,,,0.2818,,0.155,1
xb_04738,血,鲜红的,鲜红,血,SN,感知,BD,建筑,2,具体→抽象,146,0.7044,,,,,,,0.2818,,0.155,1
xb_04739,她的心,好的,好的,心,ST,结构,EM,情感,3,抽象→抽象,990,0.9738,,,,,,,0.3895,,0.2142,2
xb_04740,王后手上的收据,假的,假的,收据,ST,结构,OB,物体,2,具体→抽象,990,0.9738,,,,,,,0.3895,,0.2142,2
xb_04741,您这个做法,多余的,多余,做法,ST,结构,EV,事件,3,抽象→抽象,990,0.9738,,,,,,,0.3895,,0.2142,2
xb_04742,他的神情,真实的,真实,神情,ST,结构,EM,情感,3,抽象→抽象,990,0.9738,,,,,,,0.3895,,0.2142,2
xb_04743,一个女人的力量,有限的,的,力量,ST,结构,AB,抽象,3,抽象→抽象,990,0.9738,,,,,,,0.3895,,0.2142,2
xb_04744,语言,多余的,多余,语言,ST,结构,TH,思维,3,抽象→抽象,990,0.9738,,,,,,,0.3895,,0.2142,2
xb_04745,他的行为,高贵而且无可非议的,高贵,行为,ST,结构,EV,事件,3,抽象→抽象,990,0.9738,,,,,,,0.3895,,0.2142,2
xb_04746,人,复杂的,的,人,ST,结构,HM,人体,2,具体→抽象,990,0.9738,,,,,,,0.3895,,0.2142,2
xb_04747,从盆地以外来的新血统,宝贵的,的,血统,ST,结构,AB,抽象,3,抽象→抽象,990,0.9738,,,,,,,0.3895,,0.2142,2
xb_04748,田部夫人,圆脸,圆脸,夫人,BD,建筑,HM,人体,1,具体→具体,221,0.7626,,,,,,,0.3051,,0.1678,1
xb_04749,真正痛苦的人,沉默的,沉默,人,ST,结构,HM,人体,2,具体→抽象,990,0.9738,,,,,,,0.3895,,0.2142,2
xb_04750,核武器,绝对的罪恶,罪恶,核武器,MR,机器,OB,物体,2,具体→抽象,123,0.6804,,,,,,,0.2722,,0.1497,1
xb_04751,对此不抱希望的人,失败主义,失败主义,人,TH,思维,HM,人体,2,具体→抽象,101,0.6529,,,,,,,0.2611,,0.1436,1
xb_04752,庭院,神圣的场所,场所,庭院,SP,空间,SP,空间,1,具体→具体,203,0.7507,,,,,,,0.3003,,0.1652,1
xb_04753,能量,极大的,大,能量,ST,结构,AB,抽象,3,抽象→抽象,990,0.9738,,,,,,,0.3895,,0.2142,2
xb_04754,有关未来这句话语的使用方法,错误的,错误,方法,ST,结构,AB,抽象,3,抽象→抽象,990,0.9738,,,,,,,0.3895,,0.2142,2
xb_04755,性质,一样的,的,性质,ST,结构,AB,抽象,3,抽象→抽象,990,0.9738,,,,,,,0.3895,,0.2142,2
xb_04756,井里的水,浑浊不堪的,的,水,SN,感知,NT,自然,2,具体→抽象,146,0.7044,,,,,,,0.2818,,0.155,1
xb_04757,他们反对核武器的权利,正当的,的,权利,ST,结构,AB,抽象,3,抽象→抽象,990,0.9738,,,,,,,0.3895,,0.2142,2
xb_04758,用法西斯主义那一套管理人民,最好的方法,方法,人民,AB,抽象,SC,社会,3,抽象→抽象,515,0.8817,,,,,,,0.3527,,0.194,1
xb_04759,那种油,泻药,泻药,油,OB,物体,OB,物体,1,具体→具体,1192,1.0,,,,,,,0.4,,0.22,2
xb_04760,长安城里的大道,黄土铺成的,铺成,大道,OB,物体,SP,空间,1,具体→具体,1192,1.0,,,,,,,0.4,,0.22,2
xb_04761,胡敬德的老母亲,贵妇的领袖,领袖,母亲,HM,人体,HM,人体,1,具体→具体,1099,0.9885,,,,,,,0.3954,,0.2175,2
xb_04762,起初我们给的,公道价,价,起初,AB,抽象,AB,抽象,3,抽象→抽象,515,0.8817,,,,,,,0.3527,,0.194,1
xb_04763,考试成绩通通,零蛋,零蛋,成绩,AB,抽象,AB,抽象,3,抽象→抽象,515,0.8817,,,,,,,0.3527,,0.194,1
xb_04764,这,世界上最伟大的防御工事,工事,这,OB,物体,OB,物体,1,具体→具体,1192,1.0,,,,,,,0.4,,0.22,2
xb_04765,它,一座人造的山脊,山脊,它,NT,自然,OB,物体,1,具体→具体,184,0.7369,,,,,,,0.2948,,0.1621,1
xb_04766,这种露水,爱情,爱情,露水,EM,情感,AB,抽象,4,抽象→具体,134,0.6924,,,,,,,0.277,,0.1523,1
xb_04767,富人的心,皮革做的,皮革,心,OB,物体,EM,情感,2,具体→抽象,1192,1.0,,,,,,,0.4,,0.22,2
xb_04768,皇帝,世界上一切爱的本源,本源,皇帝,AB,抽象,HM,人体,2,具体→抽象,515,0.8817,,,,,,,0.3527,,0.194,1
xb_04769,胡子,男人的威严,威严,胡子,AB,抽象,BD,建筑,2,具体→抽象,515,0.8817,,,,,,,0.3527,,0.194,1
xb_04770,格调不高的梦,万恶之源,万恶之源,梦,AB,抽象,TH,思维,3,抽象→抽象,515,0.8817,,,,,,,0.3527,,0.194,1
xb_04771,术,一种爱情,爱情,术,EM,情感,AB,抽象,3,抽象→抽象,134,0.6924,,,,,,,0.277,,0.1523,1
xb_04772,宁静的茶室,灵魂的避难所,避难所,茶室,SP,空间,SP,空间,1,具体→具体,203,0.7507,,,,,,,0.3003,,0.1652,1
xb_04773,信,黄表纸,黄表纸,信,OB,物体,OB,物体,1,具体→具体,1192,1.0,,,,,,,0.4,,0.22,2
xb_04774,采茶,科学,科学,采茶,AB,抽象,EV,事件,3,抽象→抽象,515,0.8817,,,,,,,0.3527,,0.194,1
xb_04775,男人,泥做的,做,男人,NT,自然,HM,人体,1,具体→具体,184,0.7369,,,,,,,0.2948,,0.1621,1
xb_04776,女人,水做的,水,女人,NT,自然,HM,人体,1,具体→具体,184,0.7369,,,,,,,0.2948,,0.1621,1
xb_04777,水西流,第一性的,第一性,水西流,ST,结构,AB,抽象,3,抽象→抽象,990,0.9738,,,,,,,0.3895,,0.2142,2
xb_04778,水西流,源头,源头,水西流,NT,自然,NT,自然,1,具体→具体,184,0.7369,,,,,,,0.2948,,0.1621,1
xb_04779,我的未来,梦,梦,未来,TH,思维,TM,时间,3,抽象→抽象,101,0.6529,,,,,,,0.2611,,0.1436,1
xb_04780,三十五年,弹指一挥间,弹指一挥间,三十五年,BD,建筑,TM,时间,2,具体→抽象,221,0.7626,,,,,,,0.3051,,0.1678,1
xb_04781,会学的人,金玉其外败絮其中,金玉其外败絮其中,人,ST,结构,HM,人体,2,具体→抽象,990,0.9738,,,,,,,0.3895,,0.2142,2
xb_04782,佛爷,泥巴捏的,巴捏,佛爷,NT,自然,HM,人体,1,具体→具体,184,0.7369,,,,,,,0.2948,,0.1621,1
xb_04783,脸,古铜色的,古铜色,脸,SN,感知,BD,建筑,2,具体→抽象,146,0.7044,,,,,,,0.2818,,0.155,1
xb_04784,覆手,雨,雨,覆手,NT,自然,BD,建筑,1,具体→具体,184,0.7369,,,,,,,0.2948,,0.1621,1
xb_04785,钱借给他,肉包子打狗有去无还,肉包子打狗,钱,FD,食物,AB,抽象,2,具体→抽象,46,0.5435,,,,,,,0.2174,,0.1196,1
xb_04786,人；国家,鱼；水,水,国家,LV,生命,HM,人体,1,具体→具体,263,0.7871,,,,,,,0.3148,,0.1732,1
xb_04787,钱,特效药,特效药,钱,OB,物体,AB,抽象,2,具体→抽象,1192,1.0,,,,,,,0.4,,0.22,2
xb_04788,青春；环境,铁；火炉,铁,青春,OB,物体,AB,抽象,2,具体→抽象,1192,1.0,,,,,,,0.4,,0.22,2
xb_04789,北平；北平人；我,大盆；鳝鱼；泥鳅,大盆,北平人,OB,物体,SP,空间,1,具体→具体,1192,1.0,,,,,,,0.4,,0.22,2
xb_04790,伟大的建筑,历史,历史,建筑,TM,时间,OB,物体,2,具体→抽象,40,0.5242,,,,,,,0.2097,,0.1153,1
xb_04791,诗书,雨,雨,诗书,NT,自然,TH,思维,2,具体→抽象,184,0.7369,,,,,,,0.2948,,0.1621,1
xb_04792,你们的办法,圣旨,圣旨,办法,OB,物体,AB,抽象,2,具体→抽象,1192,1.0,,,,,,,0.4,,0.22,2
xb_04793,钱,玩艺,玩艺,钱,OB,物体,AB,抽象,2,具体→抽象,1192,1.0,,,,,,,0.4,,0.22,2
xb_04794,流氓；事业,手段；目的,手段,流氓,AB,抽象,AB,抽象,3,抽象→抽象,515,0.8817,,,,,,,0.3527,,0.194,1
xb_04795,钱,蛆,蛆,钱,LV,生命,AB,抽象,2,具体→抽象,263,0.7871,,,,,,,0.3148,,0.1732,1
xb_04796,电话,部队的耳目,耳目,电话,BD,建筑,OB,物体,1,具体→具体,221,0.7626,,,,,,,0.3051,,0.1678,1
xb_04797,姑母,爆竹脾气,脾气,姑母,OB,物体,HM,人体,1,具体→具体,1192,1.0,,,,,,,0.4,,0.22,2
xb_04798,光阴,经,经,光阴,OB,物体,TM,时间,2,具体→抽象,1192,1.0,,,,,,,0.4,,0.22,2
xb_04799,党员,旗帜,旗帜,党员,OB,物体,SC,社会,1,具体→具体,1192,1.0,,,,,,,0.4,,0.22,2
xb_04800,它,精神粮食,粮食,它,FD,食物,AB,抽象,2,具体→抽象,46,0.5435,,,,,,,0.2174,,0.1196,1
xb_04801,迷叶,国食,国食,迷叶,FD,食物,OB,物体,1,具体→具体,46,0.5435,,,,,,,0.2174,,0.1196,1
xb_04802,大鹰,国贼,国贼,大鹰,HM,人体,HM,人体,1,具体→具体,1099,0.9885,,,,,,,0.3954,,0.2175,2
xb_04803,日本兵,皇上,皇上,兵,HM,人体,SC,社会,1,具体→具体,1099,0.9885,,,,,,,0.3954,,0.2175,2
xb_04804,小鸡,命,命,小鸡,LF,光线,LV,生命,2,具体→抽象,8,0.3102,,,,,,,0.1241,,0.0682,1
xb_04805,情感,爱情的住所,住所,情感,SP,空间,EM,情感,2,具体→抽象,203,0.7507,,,,,,,0.3003,,0.1652,1
xb_04806,女子,玩物,玩物,女子,OB,物体,HM,人体,1,具体→具体,1192,1.0,,,,,,,0.4,,0.22,2
xb_04807,老张的债,阎王债,债,债,AB,抽象,AB,抽象,3,抽象→抽象,515,0.8817,,,,,,,0.3527,,0.194,1
xb_04808,爸爸,卖国贼,卖国贼,爸爸,HM,人体,HM,人体,1,具体→具体,1099,0.9885,,,,,,,0.3954,,0.2175,2
xb_04809,我的话,命令,命令,的话,TH,思维,TH,思维,3,抽象→抽象,101,0.6529,,,,,,,0.2611,,0.1436,1
xb_04810,出锋头,嘴上的,嘴,锋头,BD,建筑,EV,事件,4,抽象→具体,221,0.7626,,,,,,,0.3051,,0.1678,1
xb_04811,这,我的命,命,这,LF,光线,AB,抽象,3,抽象→抽象,8,0.3102,,,,,,,0.1241,,0.0682,1
xb_04812,历史,谎言的纪录簿,纪录簿,历史,OB,物体,TM,时间,2,具体→抽象,1192,1.0,,,,,,,0.4,,0.22,2
xb_04813,报纸,谎言的播音机,播音机,报纸,OB,物体,OB,物体,1,具体→具体,1192,1.0,,,,,,,0.4,,0.22,2
xb_04814,体统,法治的基本,法治,体统,AB,抽象,AB,抽象,3,抽象→抽象,515,0.8817,,,,,,,0.3527,,0.194,1
xb_04815,前途,雾阵,雾阵,前途,NT,自然,TM,时间,2,具体→抽象,184,0.7369,,,,,,,0.2948,,0.1621,1
xb_04816,政治,统帅,统帅,政治,HM,人体,AB,抽象,2,具体→抽象,1099,0.9885,,,,,,,0.3954,,0.2175,2
xb_04817,政治,灵魂,灵魂,政治,TH,思维,AB,抽象,3,抽象→抽象,101,0.6529,,,,,,,0.2611,,0.1436,1
xb_04818,用户,朋友,朋友,用户,HM,人体,HM,人体,1,具体→具体,1099,0.9885,,,,,,,0.3954,,0.2175,2
xb_04819,人民群众,国家的主人,主人,群众,HM,人体,SC,社会,1,具体→具体,1099,0.9885,,,,,,,0.3954,,0.2175,2
xb_04820,人民战争,被压迫人民战胜强大敌人的最有力武器,武器,战争,WR,战争,EV,事件,2,具体→抽象,198,0.7472,,,,,,,0.2989,,0.1644,1
xb_04821,党风,形象,形象,党风,AB,抽象,AB,抽象,3,抽象→抽象,515,0.8817,,,,,,,0.3527,,0.194,1
xb_04822,农业生产合作社,互助组、单干农民的榜样,榜样,合作社,AB,抽象,SC,社会,3,抽象→抽象,515,0.8817,,,,,,,0.3527,,0.194,1
xb_04823,红旗,荣誉,荣誉,红旗,AB,抽象,OB,物体,2,具体→抽象,515,0.8817,,,,,,,0.3527,,0.194,1
xb_04824,团结,力量,力量,团结,AB,抽象,AB,抽象,3,抽象→抽象,515,0.8817,,,,,,,0.3527,,0.194,1
xb_04825,实践,检验真理的唯一标准,标准,实践,AB,抽象,AB,抽象,3,抽象→抽象,515,0.8817,,,,,,,0.3527,,0.194,1
xb_04826,文化遗产,财富,财富,遗产,AB,抽象,AB,抽象,3,抽象→抽象,515,0.8817,,,,,,,0.3527,,0.194,1
xb_04827,基础,物质,物质,基础,AB,抽象,AB,抽象,3,抽象→抽象,515,0.8817,,,,,,,0.3527,,0.194,1
xb_04828,文艺,火炬,火炬,文艺,OB,物体,AB,抽象,2,具体→抽象,1192,1.0,,,,,,,0.4,,0.22,2
xb_04829,成长,作业,作业,成长,AB,抽象,AB,抽象,3,抽象→抽象,515,0.8817,,,,,,,0.3527,,0.194,1
xb_04830,毛泽东思想,马克思列宁主义,列宁主义,思想,TH,思维,TH,思维,3,抽象→抽象,101,0.6529,,,,,,,0.2611,,0.1436,1
xb_04831,大学,阶梯,阶梯,大学,OB,物体,AB,抽象,4,抽象→具体,1192,1.0,,,,,,,0.4,,0.22,2
xb_04832,水利,命脉,命脉,水利,BD,建筑,AB,抽象,2,具体→抽象,221,0.7626,,,,,,,0.3051,,0.1678,1
xb_04833,辩证法唯物论,宇宙观,宇宙观,唯物论,TH,思维,TH,思维,3,抽象→抽象,101,0.6529,,,,,,,0.2611,,0.1436,1
xb_04834,科技,要素,要素,科技,AB,抽象,AB,抽象,3,抽象→抽象,515,0.8817,,,,,,,0.3527,,0.194,1
xb_04835,宪法,根本法,法,宪法,AB,抽象,AB,抽象,3,抽象→抽象,515,0.8817,,,,,,,0.3527,,0.194,1
xb_04836,宗旨与目标,灵魂,灵魂,目标,TH,思维,AB,抽象,3,抽象→抽象,101,0.6529,,,,,,,0.2611,,0.1436,1
xb_04837,孩子,未来,未来,孩子,TM,时间,HM,人体,2,具体→抽象,40,0.5242,,,,,,,0.2097,,0.1153,1
xb_04838,婚姻家庭,根基,根基,家庭,OB,物体,AB,抽象,2,具体→抽象,1192,1.0,,,,,,,0.4,,0.22,2
xb_04839,实践,目的,目的,实践,AB,抽象,EV,事件,3,抽象→抽象,515,0.8817,,,,,,,0.3527,,0.194,1
xb_04840,关键,科技,科技,关键,AB,抽象,AB,抽象,3,抽象→抽象,515,0.8817,,,,,,,0.3527,,0.194,1
xb_04841,良种,要素,要素,良种,AB,抽象,OB,物体,2,具体→抽象,515,0.8817,,,,,,,0.3527,,0.194,1
xb_04842,帝国主义,敌人,敌人,帝国主义,HM,人体,AB,抽象,2,具体→抽象,1099,0.9885,,,,,,,0.3954,,0.2175,2
xb_04843,质量,生命,生命,质量,LF,光线,AB,抽象,3,抽象→抽象,8,0.3102,,,,,,,0.1241,,0.0682,1
xb_04844,市场经济,信用经济,经济,经济,AB,抽象,AB,抽象,3,抽象→抽象,515,0.8817,,,,,,,0.3527,,0.194,1
xb_04845,农业,条件,条件,农业,AB,抽象,AB,抽象,3,抽象→抽象,515,0.8817,,,,,,,0.3527,,0.194,1
xb_04846,美帝国主义,敌人,敌人,帝国主义,HM,人体,AB,抽象,2,具体→抽象,1099,0.9885,,,,,,,0.3954,,0.2175,2
xb_04847,调查研究,方法,方法,研究,AB,抽象,EV,事件,3,抽象→抽象,515,0.8817,,,,,,,0.3527,,0.194,1
xb_04848,农业,大金矿,矿,农业,OB,物体,AB,抽象,2,具体→抽象,1192,1.0,,,,,,,0.4,,0.22,2
xb_04849,农业,聚宝盆,聚宝盆,农业,OB,物体,AB,抽象,2,具体→抽象,1192,1.0,,,,,,,0.4,,0.22,2
xb_04850,毛泽东思想,结合,结合,思想,AB,抽象,TH,思维,3,抽象→抽象,515,0.8817,,,,,,,0.3527,,0.194,1
xb_04851,帝国主义,根源,根源,帝国主义,AB,抽象,AB,抽象,3,抽象→抽象,515,0.8817,,,,,,,0.3527,,0.194,1
xb_04852,为人民服务,宗旨,宗旨,人民,AB,抽象,EV,事件,3,抽象→抽象,515,0.8817,,,,,,,0.3527,,0.194,1
xb_04853,毛泽东思想,顶峰,顶峰,思想,SP,空间,TH,思维,2,具体→抽象,203,0.7507,,,,,,,0.3003,,0.1652,1
xb_04854,奴隶,主人,主人,奴隶,HM,人体,HM,人体,1,具体→具体,1099,0.9885,,,,,,,0.3954,,0.2175,2
xb_04855,传统医药,财富,财富,医药,AB,抽象,AB,抽象,3,抽象→抽象,515,0.8817,,,,,,,0.3527,,0.194,1
xb_04856,知识经济,结合,结合,经济,AB,抽象,AB,抽象,3,抽象→抽象,515,0.8817,,,,,,,0.3527,,0.194,1
xb_04857,对立统一规律,根本规律,规律,规律,AB,抽象,AB,抽象,3,抽象→抽象,515,0.8817,,,,,,,0.3527,,0.194,1
xb_04858,粮食,基础,基础,粮食,AB,抽象,FD,食物,4,抽象→具体,515,0.8817,,,,,,,0.3527,,0.194,1
xb_04859,权力,责任,责任,权力,AB,抽象,AB,抽象,3,抽象→抽象,515,0.8817,,,,,,,0.3527,,0.194,1
xb_04860,文坛娃娃脸,财富,财富,娃娃脸,AB,抽象,HM,人体,4,抽象→具体,515,0.8817,,,,,,,0.3527,,0.194,1
xb_04861,民主,巨轮,巨轮,民主,OB,物体,AB,抽象,2,具体→抽象,1192,1.0,,,,,,,0.4,,0.22,2
xb_04862,文艺阵地,堡垒,堡垒,阵地,OB,物体,SP,空间,2,具体→抽象,1192,1.0,,,,,,,0.4,,0.22,2
xb_04863,友情,融合,融合,友情,AB,抽象,EM,情感,3,抽象→抽象,515,0.8817,,,,,,,0.3527,,0.194,1
xb_04864,政治,统帅,统帅,政治,HM,人体,AB,抽象,2,具体→抽象,1099,0.9885,,,,,,,0.3954,,0.2175,2
xb_04865,家庭,细胞,细胞,家庭,BD,建筑,SC,社会,2,具体→抽象,221,0.7626,,,,,,,0.3051,,0.1678,1
xb_04866,警察,卫士,卫士,警察,HM,人体,HM,人体,1,具体→具体,1099,0.9885,,,,,,,0.3954,,0.2175,2
xb_04867,音乐,化身,化身,音乐,AB,抽象,AB,抽象,3,抽象→抽象,515,0.8817,,,,,,,0.3527,,0.194,1
xb_04868,文艺,部分,部分,文艺,AB,抽象,AB,抽象,3,抽象→抽象,515,0.8817,,,,,,,0.3527,,0.194,1
xb_04869,要素,基础,基础,要素,AB,抽象,AB,抽象,3,抽象→抽象,515,0.8817,,,,,,,0.3527,,0.194,1
xb_04870,党,化身,化身,党,AB,抽象,SC,社会,3,抽象→抽象,515,0.8817,,,,,,,0.3527,,0.194,1
xb_04871,工人,主人翁,主人翁,工人,HM,人体,HM,人体,1,具体→具体,1099,0.9885,,,,,,,0.3954,,0.2175,2
xb_04872,科技,利器,利器,科技,OB,物体,AB,抽象,2,具体→抽象,1192,1.0,,,,,,,0.4,,0.22,2
xb_04873,规划,龙头,龙头,规划,BD,建筑,EV,事件,2,具体→抽象,221,0.7626,,,,,,,0.3051,,0.1678,1
xb_04874,质量,血,血,质量,BD,建筑,AB,抽象,2,具体→抽象,221,0.7626,,,,,,,0.3051,,0.1678,1
xb_04875,政治,统帅,统帅,政治,HM,人体,AB,抽象,2,具体→抽象,1099,0.9885,,,,,,,0.3954,,0.2175,2
xb_04876,苏联军队,侵略者,侵略者,军队,HM,人体,SC,社会,2,具体→抽象,1099,0.9885,,,,,,,0.3954,,0.2175,2
xb_04877,企业,载体,载体,企业,OB,物体,SC,社会,2,具体→抽象,1192,1.0,,,,,,,0.4,,0.22,2
xb_04878,马克思主义,科学,科学,马克思主义,AB,抽象,TH,思维,3,抽象→抽象,515,0.8817,,,,,,,0.3527,,0.194,1
xb_04879,离退休干部,财富,财富,干部,AB,抽象,HM,人体,4,抽象→具体,515,0.8817,,,,,,,0.3527,,0.194,1
xb_04880,党,墙,墙,党,OB,物体,SC,社会,2,具体→抽象,1192,1.0,,,,,,,0.4,,0.22,2
xb_04881,语言,肌体,肌体,语言,BD,建筑,AB,抽象,2,具体→抽象,221,0.7626,,,,,,,0.3051,,0.1678,1
xb_04882,儿童,幼苗,幼苗,儿童,LV,生命,HM,人体,1,具体→具体,263,0.7871,,,,,,,0.3148,,0.1732,1
xb_04883,少年儿童,未来,未来,儿童,TM,时间,HM,人体,4,抽象→具体,40,0.5242,,,,,,,0.2097,,0.1153,1
xb_04884,铁路,大动脉,大动脉,铁路,BD,建筑,OB,物体,1,具体→具体,221,0.7626,,,,,,,0.3051,,0.1678,1
xb_04885,政治,统帅,统帅,政治,HM,人体,AB,抽象,2,具体→抽象,1099,0.9885,,,,,,,0.3954,,0.2175,2
xb_04886,党的话,真理,真理,党,AB,抽象,TH,思维,3,抽象→抽象,515,0.8817,,,,,,,0.3527,,0.194,1
xb_04887,少年儿童,未来,未来,儿童,TM,时间,HM,人体,4,抽象→具体,40,0.5242,,,,,,,0.2097,,0.1153,1
xb_04888,决心,力量,力量,决心,AB,抽象,TH,思维,3,抽象→抽象,515,0.8817,,,,,,,0.3527,,0.194,1
xb_04889,黑书黑戏,砒霜,砒霜,黑书,OB,物体,OB,物体,1,具体→具体,1192,1.0,,,,,,,0.4,,0.22,2
xb_04890,准备车间,龙头,龙头,车间,BD,建筑,OB,物体,1,具体→具体,221,0.7626,,,,,,,0.3051,,0.1678,1
xb_04891,民族大学,缩影,缩影,大学,AB,抽象,SC,社会,3,抽象→抽象,515,0.8817,,,,,,,0.3527,,0.194,1
xb_04892,权力,命根子,命根子,权力,BD,建筑,AB,抽象,2,具体→抽象,221,0.7626,,,,,,,0.3051,,0.1678,1
xb_04893,撤军,基础,基础,撤军,AB,抽象,EV,事件,3,抽象→抽象,515,0.8817,,,,,,,0.3527,,0.194,1
xb_04894,大厦,象征,象征,大厦,AB,抽象,OB,物体,4,抽象→具体,515,0.8817,,,,,,,0.3527,,0.194,1
xb_04895,一个中国原则,大势,大势,原则,AB,抽象,AB,抽象,3,抽象→抽象,515,0.8817,,,,,,,0.3527,,0.194,1
xb_04896,社会主义,金光大道,大道,社会主义,SP,空间,AB,抽象,2,具体→抽象,203,0.7507,,,,,,,0.3003,,0.1652,1
xb_04897,爱情,知音,知音,爱情,HM,人体,EM,情感,2,具体→抽象,1099,0.9885,,,,,,,0.3954,,0.2175,2
xb_04898,孩子,未来,未来,孩子,TM,时间,HM,人体,4,抽象→具体,40,0.5242,,,,,,,0.2097,,0.1153,1
xb_04899,科学技术,生产力,生产力,技术,AB,抽象,AB,抽象,3,抽象→抽象,515,0.8817,,,,,,,0.3527,,0.194,1
xb_04900,人民群众,主人,主人,群众,HM,人体,HM,人体,1,具体→具体,1099,0.9885,,,,,,,0.3954,,0.2175,2
xb_04901,政治,统帅,统帅,政治,HM,人体,AB,抽象,2,具体→抽象,1099,0.9885,,,,,,,0.3954,,0.2175,2
xb_04902,世界杯,舞台,舞台,世界杯,OB,物体,EV,事件,2,具体→抽象,1192,1.0,,,,,,,0.4,,0.22,2
xb_04903,工厂,战场,战场,工厂,SP,空间,OB,物体,1,具体→具体,203,0.7507,,,,,,,0.3003,,0.1652,1
xb_04904,总路线,灯塔,灯塔,总路线,OB,物体,AB,抽象,2,具体→抽象,1192,1.0,,,,,,,0.4,,0.22,2
xb_04905,人民,母亲,母亲,人民,HM,人体,HM,人体,1,具体→具体,1099,0.9885,,,,,,,0.3954,,0.2175,2
xb_04906,光通信产业,朝阳产业,朝阳产业,产业,AB,抽象,AB,抽象,3,抽象→抽象,515,0.8817,,,,,,,0.3527,,0.194,1
xb_04907,超级计算机,战略制高点,制高点,计算机,SP,空间,OB,物体,1,具体→具体,203,0.7507,,,,,,,0.3003,,0.1652,1
xb_04908,美帝国主义,死敌,死敌,帝国主义,HM,人体,AB,抽象,2,具体→抽象,1099,0.9885,,,,,,,0.3954,,0.2175,2
xb_04909,工业,主导,主导,工业,AB,抽象,AB,抽象,3,抽象→抽象,515,0.8817,,,,,,,0.3527,,0.194,1
xb_04910,毛泽东思想,灯塔,灯塔,思想,OB,物体,TH,思维,2,具体→抽象,1192,1.0,,,,,,,0.4,,0.22,2
xb_04911,意志,精神支柱,支柱,意志,AB,抽象,TH,思维,3,抽象→抽象,515,0.8817,,,,,,,0.3527,,0.194,1
xb_04912,反革命集团,工具,工具,集团,OB,物体,SC,社会,2,具体→抽象,1192,1.0,,,,,,,0.4,,0.22,2
xb_04913,儿童,未来,未来,儿童,TM,时间,HM,人体,4,抽象→具体,40,0.5242,,,,,,,0.2097,,0.1153,1
xb_04914,工业,基石,基石,工业,OB,物体,AB,抽象,2,具体→抽象,1192,1.0,,,,,,,0.4,,0.22,2
xb_04915,虐待儿童,高压线,高压线,儿童,OB,物体,EV,事件,2,具体→抽象,1192,1.0,,,,,,,0.4,,0.22,2
xb_04916,看我屁股的,小狗,小狗,屁股,LV,生命,HM,人体,1,具体→具体,263,0.7871,,,,,,,0.3148,,0.1732,1
xb_04917,那个直挺挺的器官,他思想问题的铁证,铁证,器官,AB,抽象,BD,建筑,4,抽象→具体,515,0.8817,,,,,,,0.3527,,0.194,1
xb_04918,玉娥,他心上的肉,肉,玉娥,BD,建筑,HM,人体,1,具体→具体,221,0.7626,,,,,,,0.3051,,0.1678,1
xb_04919,曹先生,孔圣人,孔圣人,先生,HM,人体,HM,人体,1,具体→具体,1099,0.9885,,,,,,,0.3954,,0.2175,2
xb_04920,你,西门闹转世,西门闹,你,HM,人体,HM,人体,1,具体→具体,1099,0.9885,,,,,,,0.3954,,0.2175,2
xb_04921,银子之外,厕所,厕所,银子,OB,物体,SP,空间,1,具体→具体,1192,1.0,,,,,,,0.4,,0.22,2
xb_04922,我,粗纤维造的,粗纤,我,ST,结构,HM,人体,4,抽象→具体,990,0.9738,,,,,,,0.3895,,0.2142,2
xb_04923,你,个梦想家,梦想家,你,HM,人体,HM,人体,1,具体→具体,1099,0.9885,,,,,,,0.3954,,0.2175,2
xb_04924,精神病患者,冉森教派的女先知,女先,患者,HM,人体,HM,人体,1,具体→具体,1099,0.9885,,,,,,,0.3954,,0.2175,2
xb_04925,饥饿艺术家,苦不堪言,苦不堪言,艺术家,ST,结构,HM,人体,4,抽象→具体,990,0.9738,,,,,,,0.3895,,0.2142,2
xb_04926,数大,美,美,数大,ST,结构,AB,抽象,3,抽象→抽象,990,0.9738,,,,,,,0.3895,,0.2142,2
xb_04927,忘却,很烦人,烦人,忘却,ST,结构,TH,思维,3,抽象→抽象,990,0.9738,,,,,,,0.3895,,0.2142,2
xb_04928,孔雀的翎毛,它们头顶上的神灵,神灵,翎毛,AB,抽象,BD,建筑,4,抽象→具体,515,0.8817,,,,,,,0.3527,,0.194,1
xb_04929,美国独立战争,他们惟一知道的战争,战争,战争,EV,事件,EV,事件,3,抽象→抽象,121,0.6781,,,,,,,0.2713,,0.1492,1
xb_04930,根本,无病呻吟,无病呻吟,根本,EV,事件,AB,抽象,1,具体→具体,121,0.6781,,,,,,,0.2713,,0.1492,1
xb_04931,那些学生,木头人,人,学生,OB,物体,HM,人体,1,具体→具体,1192,1.0,,,,,,,0.4,,0.22,2
xb_04932,(零形式),磨人,磨人,形式,ST,结构,AB,抽象,1,具体→具体,990,0.9738,,,,,,,0.3895,,0.2142,2
xb_04933,色彩,眼睛的触摸,触摸,色彩,SN,感知,SN,感知,3,抽象→抽象,146,0.7044,,,,,,,0.2818,,0.155,1
xb_04934,色彩,聋子音乐,音乐,色彩,SN,感知,SN,感知,3,抽象→抽象,146,0.7044,,,,,,,0.2818,,0.155,1
xb_04935,色彩,黑暗吐露的话语,话语,色彩,CM,通讯,SN,感知,2,具体→抽象,7,0.2935,,,,,,,0.1174,,0.0646,1
xb_04936,智慧,学问,学问,智慧,AB,抽象,TH,思维,3,抽象→抽象,515,0.8817,,,,,,,0.3527,,0.194,1
xb_04937,嫂子,蝴蝶,蝴蝶,嫂子,LV,生命,HM,人体,1,具体→具体,263,0.7871,,,,,,,0.3148,,0.1732,1
xb_04938,锚,十字架,十字架,锚,OB,物体,OB,物体,1,具体→具体,1192,1.0,,,,,,,0.4,,0.22,2
xb_04939,大军事家,统帅,统帅,军事家,HM,人体,HM,人体,1,具体→具体,1099,0.9885,,,,,,,0.3954,,0.2175,2
xb_04940,学费,铁皮炉子,炉子,学费,OB,物体,AB,抽象,2,具体→抽象,1192,1.0,,,,,,,0.4,,0.22,2
xb_04941,文学,热点,热点,文学,AB,抽象,AB,抽象,3,抽象→抽象,515,0.8817,,,,,,,0.3527,,0.194,1
xb_04942,女人,魔鬼,魔鬼,女人,HM,人体,HM,人体,1,具体→具体,1099,0.9885,,,,,,,0.3954,,0.2175,2
xb_04943,朋友,酒,酒,朋友,OB,物体,HM,人体,1,具体→具体,1192,1.0,,,,,,,0.4,,0.22,2
xb_04944,庭长夫人,堡垒,堡垒,夫人,OB,物体,HM,人体,1,具体→具体,1192,1.0,,,,,,,0.4,,0.22,2
xb_04945,连长,猛虎,猛虎,连长,LV,生命,HM,人体,1,具体→具体,263,0.7871,,,,,,,0.3148,,0.1732,1
xb_04946,连长,猛虎,猛虎,连长,LV,生命,HM,人体,1,具体→具体,263,0.7871,,,,,,,0.3148,,0.1732,1
xb_04947,猫,老虎的师父,师父,猫,HM,人体,LV,生命,1,具体→具体,1099,0.9885,,,,,,,0.3954,,0.2175,2
xb_04948,猫儿,客厅里的老虎,老虎,猫儿,LV,生命,LV,生命,1,具体→具体,263,0.7871,,,,,,,0.3148,,0.1732,1
xb_04949,武器,笔,笔,武器,OB,物体,OB,物体,1,具体→具体,1192,1.0,,,,,,,0.4,,0.22,2
xb_04950,夫妇,树,树,夫妇,LV,生命,HM,人体,1,具体→具体,263,0.7871,,,,,,,0.3148,,0.1732,1
xb_04951,桥,纽带,纽带,桥,OB,物体,OB,物体,1,具体→具体,1192,1.0,,,,,,,0.4,,0.22,2
xb_04952,老百姓,水,水,老百姓,NT,自然,HM,人体,1,具体→具体,184,0.7369,,,,,,,0.2948,,0.1621,1
xb_04953,钱财,血脉,血脉,钱财,BD,建筑,AB,抽象,2,具体→抽象,221,0.7626,,,,,,,0.3051,,0.1678,1
xb_04954,学问,光明,光明,学问,SN,感知,AB,抽象,2,具体→抽象,146,0.7044,,,,,,,0.2818,,0.155,1
xb_04955,语言,思想的乳头,乳头,语言,BD,建筑,AB,抽象,2,具体→抽象,221,0.7626,,,,,,,0.3051,,0.1678,1
xb_04956,我的肠胃,台硬磁盘机,磁盘机,肠胃,OB,物体,BD,建筑,1,具体→具体,1192,1.0,,,,,,,0.4,,0.22,2
xb_04957,金钱,人类社会万恶之源,万恶之源,金钱,AB,抽象,AB,抽象,3,抽象→抽象,515,0.8817,,,,,,,0.3527,,0.194,1
xb_04958,水利,农业的命,命,水利,LF,光线,AB,抽象,2,具体→抽象,8,0.3102,,,,,,,0.1241,,0.0682,1
xb_04959,人民之间的友谊,割不断的,割,友谊,ST,结构,EM,情感,3,抽象→抽象,990,0.9738,,,,,,,0.3895,,0.2142,2
xb_04960,枪,世界上最重要的东西,东西,枪,AB,抽象,OB,物体,4,抽象→具体,515,0.8817,,,,,,,0.3527,,0.194,1
xb_04961,法律,人的公正的主人和国王,国王,法律,HM,人体,AB,抽象,2,具体→抽象,1099,0.9885,,,,,,,0.3954,,0.2175,2
xb_04962,这片热土,黄蜂和蜜蜂的乐土,乐土,热土,SP,空间,SP,空间,1,具体→具体,203,0.7507,,,,,,,0.3003,,0.1652,1
xb_04963,他的路,窄狭的,窄狭,路,ST,结构,SP,空间,3,抽象→抽象,990,0.9738,,,,,,,0.3895,,0.2142,2
xb_04964,你的财产,积蓄在天国里面的,里面,财产,ST,结构,AB,抽象,3,抽象→抽象,990,0.9738,,,,,,,0.3895,,0.2142,2
xb_04965,贤慧妇人,丈夫的光荣,光荣,妇人,AB,抽象,HM,人体,4,抽象→具体,515,0.8817,,,,,,,0.3527,,0.194,1
xb_04966,弱者,女人,女人,弱者,HM,人体,HM,人体,1,具体→具体,1099,0.9885,,,,,,,0.3954,,0.2175,2
xb_04967,挥霍的人,瞎子,瞎子,人,HM,人体,HM,人体,1,具体→具体,1099,0.9885,,,,,,,0.3954,,0.2175,2
xb_04968,笑声,最佳良药,良药,笑声,OB,物体,EM,情感,2,具体→抽象,1192,1.0,,,,,,,0.4,,0.22,2
xb_04969,嫉妒心,荣誉底害虫,虫,嫉妒心,LV,生命,EM,情感,2,具体→抽象,263,0.7871,,,,,,,0.3148,,0.1732,1
xb_04970,灾难,傲骨的奶娘,奶娘,灾难,HM,人体,EV,事件,2,具体→抽象,1099,0.9885,,,,,,,0.3954,,0.2175,2
xb_04971,时间,世界上最宝贵的财富,财富,时间,AB,抽象,TM,时间,3,抽象→抽象,515,0.8817,,,,,,,0.3527,,0.194,1
xb_04972,人,万物的尺度,尺度,人,OB,物体,HM,人体,1,具体→具体,1192,1.0,,,,,,,0.4,,0.22,2
xb_04973,历史,谎言的纪录簿,纪录簿,历史,OB,物体,AB,抽象,2,具体→抽象,1192,1.0,,,,,,,0.4,,0.22,2
xb_04974,沙漠,死神,死神,沙漠,HM,人体,NT,自然,1,具体→具体,1099,0.9885,,,,,,,0.3954,,0.2175,2
xb_04975,爱情,理性的放纵,放纵,爱情,AB,抽象,EM,情感,3,抽象→抽象,515,0.8817,,,,,,,0.3527,,0.194,1
xb_04976,海流,水里的风,风,海流,NT,自然,NT,自然,1,具体→具体,184,0.7369,,,,,,,0.2948,,0.1621,1
xb_04977,疯子,小鬼缠了身,身,疯子,ST,结构,HM,人体,4,抽象→具体,990,0.9738,,,,,,,0.3895,,0.2142,2
xb_04978,男人,主人,主人,男人,HM,人体,HM,人体,1,具体→具体,1099,0.9885,,,,,,,0.3954,,0.2175,2
xb_04979,保育工作者,集体儿童的妈妈,妈妈,工作者,HM,人体,HM,人体,1,具体→具体,1099,0.9885,,,,,,,0.3954,,0.2175,2
xb_04980,他的名字,用水写的,写,名字,ST,结构,AB,抽象,3,抽象→抽象,990,0.9738,,,,,,,0.3895,,0.2142,2
xb_04981,沉海的,蠢人,蠢人,沉海,HM,人体,HM,人体,1,具体→具体,1099,0.9885,,,,,,,0.3954,,0.2175,2
xb_04982,这场戏,武打的还是艺术的,艺术,戏,ST,结构,EV,事件,3,抽象→抽象,990,0.9738,,,,,,,0.3895,,0.2142,2
xb_04983,诗有意义,诗的不幸,不幸,意义,EM,情感,AB,抽象,3,抽象→抽象,134,0.6924,,,,,,,0.277,,0.1523,1
xb_04984,自己,一块废料,废料,自己,OB,物体,HM,人体,1,具体→具体,1192,1.0,,,,,,,0.4,,0.22,2
xb_04985,文本,游戏,游戏,文本,EV,事件,AB,抽象,3,抽象→抽象,121,0.6781,,,,,,,0.2713,,0.1492,1
xb_04986,云彩,毒雾,毒雾,云彩,NT,自然,NT,自然,1,具体→具体,184,0.7369,,,,,,,0.2948,,0.1621,1
xb_04987,城市,旷野,旷野,城市,SP,空间,SP,空间,1,具体→具体,203,0.7507,,,,,,,0.3003,,0.1652,1
xb_04988,友谊,商品,商品,友谊,OB,物体,EM,情感,2,具体→抽象,1192,1.0,,,,,,,0.4,,0.22,2
xb_04989,"过去的""我""",三千年前的业障,业障,过去,AB,抽象,HM,人体,3,抽象→抽象,515,0.8817,,,,,,,0.3527,,0.194,1
xb_04990,他们,两只狗,狗,他们,LV,生命,HM,人体,1,具体→具体,263,0.7871,,,,,,,0.3148,,0.1732,1
xb_04991,我的良心,你,你,良心,HM,人体,TH,思维,2,具体→抽象,1099,0.9885,,,,,,,0.3954,,0.2175,2
xb_04992,吵架,家常便饭,家常便饭,吵架,FD,食物,EV,事件,2,具体→抽象,46,0.5435,,,,,,,0.2174,,0.1196,1
xb_04993,你,一根擎天柱撑住了方家门,方家门,你,OB,物体,HM,人体,1,具体→具体,1192,1.0,,,,,,,0.4,,0.22,2
xb_04994,钱夫人,戏里的'通天教主',',夫人,HM,人体,HM,人体,1,具体→具体,1099,0.9885,,,,,,,0.3954,,0.2175,2
xb_04995,科学,一辈子,一辈子,科学,TM,时间,AB,抽象,3,抽象→抽象,40,0.5242,,,,,,,0.2097,,0.1153,1
xb_04996,跟年头儿叫死劲,自己找别扭,找别,死劲,EV,事件,EV,事件,3,抽象→抽象,121,0.6781,,,,,,,0.2713,,0.1492,1
xb_04997,那,上帝的旨意,旨意,那,AB,抽象,AB,抽象,3,抽象→抽象,515,0.8817,,,,,,,0.3527,,0.194,1
xb_04998,嫖,人干的事,事,嫖,EV,事件,EV,事件,3,抽象→抽象,121,0.6781,,,,,,,0.2713,,0.1492,1
xb_04999,买卖,活的,活的,买卖,ST,结构,EV,事件,3,抽象→抽象,990,0.9738,,,,,,,0.3895,,0.2142,2
xb_05000,日租界,已经死了,死,日租界,ST,结构,SP,空间,4,抽象→具体,990,0.9738,,,,,,,0.3895,,0.2142,2
xb_05001,茶,金子银子,银子,茶,OB,物体,FD,食物,1,具体→具体,1192,1.0,,,,,,,0.4,,0.22,2
xb_05002,土地,财富的惟一来源,来源,土地,AB,抽象,NT,自然,4,抽象→具体,515,0.8817,,,,,,,0.3527,,0.194,1
xb_05003,部落战争,草原生活最基本的形态,形态,战争,AB,抽象,EV,事件,3,抽象→抽象,515,0.8817,,,,,,,0.3527,,0.194,1
xb_05004,梦,心头想,心头,梦,TH,思维,TH,思维,3,抽象→抽象,101,0.6529,,,,,,,0.2611,,0.1436,1
xb_05005,他和老天爷,儿女亲家,儿女,老天爷,HM,人体,HM,人体,1,具体→具体,1099,0.9885,,,,,,,0.3954,,0.2175,2
xb_05006,这病,心病,心病,这病,TH,思维,ST,结构,3,抽象→抽象,101,0.6529,,,,,,,0.2611,,0.1436,1
xb_05007,小说,寻找逝去时间的工具,工具,小说,OB,物体,AB,抽象,2,具体→抽象,1192,1.0,,,,,,,0.4,,0.22,2
xb_05010,战争,社会变态,变态,战争,ST,结构,EV,事件,3,抽象→抽象,990,0.9738,,,,,,,0.3895,,0.2142,2
xb_05008,女子,玩物,玩物,女子,OB,物体,HM,人体,1,具体→具体,1192,1.0,,,,,,,0.4,,0.22,2
xb_05009,正义,美德,美德,正义,MR,机器,MR,机器,3,抽象→抽象,123,0.6804,,,,,,,0.2722,,0.1497,1
xb_05011,人,习惯的动物,动物,人,LV,生命,HM,人体,1,具体→具体,263,0.7871,,,,,,,0.3148,,0.1732,1
xb_05012,酒,魔鬼的血,血,酒,BD,建筑,FD,食物,1,具体→具体,221,0.7626,,,,,,,0.3051,,0.1678,1
xb_05013,烟,魔鬼的呼吸,呼吸,烟,BD,建筑,OB,物体,1,具体→具体,221,0.7626,,,,,,,0.3051,,0.1678,1
xb_05014,醋,灵魂,灵魂,醋,AB,抽象,FD,食物,4,抽象→具体,515,0.8817,,,,,,,0.3527,,0.194,1
xb_05015,孔雀,死神的传令官,传令官,孔雀,HM,人体,LV,生命,1,具体→具体,1099,0.9885,,,,,,,0.3954,,0.2175,2
xb_05016,温柔,女人的武器,武器,温柔,WR,战争,EM,情感,2,具体→抽象,198,0.7472,,,,,,,0.2989,,0.1644,1
xb_05017,酒,抚慰病痛的良药,良药,酒,OB,物体,FD,食物,1,具体→具体,1192,1.0,,,,,,,0.4,,0.22,2
xb_05018,冷冻室,极地洞窟,极地,冷冻室,SP,空间,SP,空间,1,具体→具体,203,0.7507,,,,,,,0.3003,,0.1652,1
xb_05019,劳动者,阳光沐浴之子,子,劳动者,HM,人体,HM,人体,1,具体→具体,1099,0.9885,,,,,,,0.3954,,0.2175,2
xb_05020,人,天地间的小爬虫,小爬虫,人,LV,生命,HM,人体,1,具体→具体,263,0.7871,,,,,,,0.3148,,0.1732,1
xb_05021,铁路,社会变革的象征,象征,铁路,AB,抽象,OB,物体,4,抽象→具体,515,0.8817,,,,,,,0.3527,,0.194,1
xb_05022,人,社会关系的总和,总和,人,AB,抽象,HM,人体,4,抽象→具体,515,0.8817,,,,,,,0.3527,,0.194,1
xb_05023,驯鹿,神鹿,神鹿,驯鹿,LV,生命,LV,生命,1,具体→具体,263,0.7871,,,,,,,0.3148,,0.1732,1
xb_05024,老婆,一堆死死肉,肉,老婆,BD,建筑,HM,人体,1,具体→具体,221,0.7626,,,,,,,0.3051,,0.1678,1
xb_05025,一流宾馆,城市的死角,死角,宾馆,SP,空间,OB,物体,1,具体→具体,203,0.7507,,,,,,,0.3003,,0.1652,1
xb_05026,妈,老古董,古董,妈,OB,物体,HM,人体,1,具体→具体,1192,1.0,,,,,,,0.4,,0.22,2
xb_05027,招弟,异宝奇珍,异宝奇珍,招弟,OB,物体,HM,人体,1,具体→具体,1192,1.0,,,,,,,0.4,,0.22,2
xb_05028,她的胸部和腰窝,雪和熔岩组成的,熔岩,腰窝,NT,自然,BD,建筑,1,具体→具体,184,0.7369,,,,,,,0.2948,,0.1621,1
xb_05029,她的声音,头脑的声音,声音,声音,TH,思维,SN,感知,3,抽象→抽象,101,0.6529,,,,,,,0.2611,,0.1436,1
xb_05030,这想象力,龙门能跳狗洞能钻的,狗洞,想象力,ST,结构,TH,思维,3,抽象→抽象,990,0.9738,,,,,,,0.3895,,0.2142,2
xb_05031,主任,快手,快手,主任,HM,人体,HM,人体,1,具体→具体,1099,0.9885,,,,,,,0.3954,,0.2175,2
xb_05032,地主,剥削阶级,阶级,地主,SC,社会,HM,人体,4,抽象→具体,81,0.622,,,,,,,0.2488,,0.1369,1
xb_05033,吝啬的人,瞎子,瞎子,人,HM,人体,HM,人体,1,具体→具体,1099,0.9885,,,,,,,0.3954,,0.2175,2
xb_05034,男人,天地间的流浪汉,流浪汉,男人,HM,人体,HM,人体,1,具体→具体,1099,0.9885,,,,,,,0.3954,,0.2175,2
xb_05035,七小姐,小孩子脾气,脾气,小姐,ST,结构,HM,人体,4,抽象→具体,990,0.9738,,,,,,,0.3895,,0.2142,2
xb_05036,飓风,魔鬼打这儿经过的声音,声音,飓风,SN,感知,NT,自然,4,抽象→具体,146,0.7044,,,,,,,0.2818,,0.155,1
xb_05037,这双手,棉花做的,棉花,双手,ST,结构,BD,建筑,4,抽象→具体,990,0.9738,,,,,,,0.3895,,0.2142,2
xb_05038,战争,人类在不由自主的情况下对人类进行侵犯的行为,行为,战争,EV,事件,EV,事件,3,抽象→抽象,121,0.6781,,,,,,,0.2713,,0.1492,1
xb_05039,学生,顾客,顾客,学生,HM,人体,HM,人体,1,具体→具体,1099,0.9885,,,,,,,0.3954,,0.2175,2
xb_05040,修女,宫嫔,宫嫔,修女,HM,人体,HM,人体,1,具体→具体,1099,0.9885,,,,,,,0.3954,,0.2175,2
xb_05041,将来的世界,银子的,银子,世界,OB,物体,AB,抽象,2,具体→抽象,1192,1.0,,,,,,,0.4,,0.22,2
xb_05042,名字,一切的出发点,出发点,名字,AB,抽象,AB,抽象,3,抽象→抽象,515,0.8817,,,,,,,0.3527,,0.194,1
xb_05043,逻辑,上帝头脑的秩序,秩序,逻辑,AB,抽象,TH,思维,3,抽象→抽象,515,0.8817,,,,,,,0.3527,,0.194,1
xb_05044,"人, 饭","铁, 钢",钢,饭,OB,物体,HM,人体,1,具体→具体,1192,1.0,,,,,,,0.4,,0.22,2
xb_05045,完美生活的原则,仁爱,仁爱,原则,MR,机器,AB,抽象,3,抽象→抽象,123,0.6804,,,,,,,0.2722,,0.1497,1
xb_05046,空间,上帝用来感知事物的器官,器官,空间,BD,建筑,SP,空间,2,具体→抽象,221,0.7626,,,,,,,0.3051,,0.1678,1
xb_05047,这种病,上帝对男同性恋者的惩罚,同性恋者,病,EV,事件,ST,结构,3,抽象→抽象,121,0.6781,,,,,,,0.2713,,0.1492,1
xb_05048,"别人, 我","羊, 老虎",老虎,别人,LV,生命,HM,人体,1,具体→具体,263,0.7871,,,,,,,0.3148,,0.1732,1
xb_05049,电力,资本主义车轮的润滑剂,润滑剂,电力,OB,物体,AB,抽象,2,具体→抽象,1192,1.0,,,,,,,0.4,,0.22,2
xb_05050,军旗,烈士的鲜血染红的,鲜血,军旗,ST,结构,OB,物体,4,抽象→具体,990,0.9738,,,,,,,0.3895,,0.2142,2
xb_05051,百无一用,书生,书生,百无一用,HM,人体,ST,结构,2,具体→抽象,1099,0.9885,,,,,,,0.3954,,0.2175,2
xb_05052,冯姑娘,货物,货物,冯姑娘,OB,物体,HM,人体,1,具体→具体,1192,1.0,,,,,,,0.4,,0.22,2
xb_05053,钱,大哥一个鞋钉一个鞋钉敲出来的,鞋钉,钱,ST,结构,AB,抽象,2,具体→抽象,990,0.9738,,,,,,,0.3895,,0.2142,2
xb_05054,荣誉,上帝赐予我们的,上帝,荣誉,ST,结构,AB,抽象,3,抽象→抽象,990,0.9738,,,,,,,0.3895,,0.2142,2
xb_05055,烧酒,药,药,烧酒,OB,物体,FD,食物,1,具体→具体,1192,1.0,,,,,,,0.4,,0.22,2
xb_05056,视觉幻象,神经病学方面的真相,真相,幻象,AB,抽象,SN,感知,3,抽象→抽象,515,0.8817,,,,,,,0.3527,,0.194,1
xb_05057,他的刀尖和刀尖上的钱肉,中心里的中心,中心,肉,AB,抽象,OB,物体,4,抽象→具体,515,0.8817,,,,,,,0.3527,,0.194,1
xb_05058,世界,精神,精神,世界,TH,思维,AB,抽象,3,抽象→抽象,101,0.6529,,,,,,,0.2611,,0.1436,1
xb_05059,死神,画家的一个模特儿,模特儿,死神,HM,人体,AB,抽象,1,具体→具体,1099,0.9885,,,,,,,0.3954,,0.2175,2
xb_05060,狗,人的影子,影子,狗,NT,自然,LV,生命,1,具体→具体,184,0.7369,,,,,,,0.2948,,0.1621,1
xb_05061,帝国主义,资本主义发展的最高阶段,阶段,帝国主义,AB,抽象,AB,抽象,3,抽象→抽象,515,0.8817,,,,,,,0.3527,,0.194,1
xb_05062,燕窝,洞中神灵的私有财产,财产,燕窝,AB,抽象,OB,物体,4,抽象→具体,515,0.8817,,,,,,,0.3527,,0.194,1
xb_05063,人/饭,铁/钢,钢,饭,OB,物体,HM,人体,1,具体→具体,1192,1.0,,,,,,,0.4,,0.22,2
xb_05064,钱,臭狗屎,狗屎,钱,OB,物体,AB,抽象,2,具体→抽象,1192,1.0,,,,,,,0.4,,0.22,2
xb_05065,僵硬的礼节,坟墓的宫殿,宫殿,礼节,OB,物体,AB,抽象,2,具体→抽象,1192,1.0,,,,,,,0.4,,0.22,2
xb_05066,时钟,上帝的声音,声音,时钟,SN,感知,OB,物体,4,抽象→具体,146,0.7044,,,,,,,0.2818,,0.155,1
xb_05067,家庭,社会的细胞,细胞,家庭,BD,建筑,SC,社会,2,具体→抽象,221,0.7626,,,,,,,0.3051,,0.1678,1
xb_05068,国家财产,大义之所在,所在,财产,MR,机器,AB,抽象,3,抽象→抽象,123,0.6804,,,,,,,0.2722,,0.1497,1
xb_05069,人,那波涛连涌的弄堂里的小不点儿,小不点儿,人,HM,人体,HM,人体,1,具体→具体,1099,0.9885,,,,,,,0.3954,,0.2175,2
xb_05070,躯体,灵魂临时的依附之所,所,躯体,SP,空间,BD,建筑,1,具体→具体,203,0.7507,,,,,,,0.3003,,0.1652,1
xb_05071,历史,谜语,谜语,历史,AB,抽象,AB,抽象,3,抽象→抽象,515,0.8817,,,,,,,0.3527,,0.194,1
xb_05072,国民公会,人民的第一个化身,化身,公会,AB,抽象,SC,社会,3,抽象→抽象,515,0.8817,,,,,,,0.3527,,0.194,1
xb_05073,婚姻,终身大事,终身大事,婚姻,EV,事件,EV,事件,3,抽象→抽象,121,0.6781,,,,,,,0.2713,,0.1492,1
xb_05074,这个人,苦水里泡大的,苦水,人,ST,结构,HM,人体,4,抽象→具体,990,0.9738,,,,,,,0.3895,,0.2142,2
xb_05075,那家商店,警方编织的一张网,网,商店,OB,物体,OB,物体,1,具体→具体,1192,1.0,,,,,,,0.4,,0.22,2
xb_05076,服从命令,军人的天职,天职,命令,AB,抽象,EV,事件,3,抽象→抽象,515,0.8817,,,,,,,0.3527,,0.194,1
xb_05077,咖啡,魔鬼的产物,产物,咖啡,AB,抽象,FD,食物,2,具体→抽象,515,0.8817,,,,,,,0.3527,,0.194,1
xb_05078,爱情,女人的日月,日月,爱情,NT,自然,EM,情感,2,具体→抽象,184,0.7369,,,,,,,0.2948,,0.1621,1
xb_05079,废墟,进化的长链,长链,废墟,AB,抽象,OB,物体,4,抽象→具体,515,0.8817,,,,,,,0.3527,,0.194,1
xb_05080,人,世界上最卑鄙的东西,东西,人,OB,物体,HM,人体,1,具体→具体,1192,1.0,,,,,,,0.4,,0.22,2
xb_05082,他,象征一个行将结束的世界的,世界,他,AB,抽象,HM,人体,4,抽象→具体,515,0.8817,,,,,,,0.3527,,0.194,1
xb_05084,这场倒霉的西班牙战争,真正的灾祸,灾祸,战争,EV,事件,EV,事件,3,抽象→抽象,121,0.6781,,,,,,,0.2713,,0.1492,1
xb_05085,一圈光环升起,一口长长的棺材上的景象,景象,光环,SN,感知,SN,感知,3,抽象→抽象,146,0.7044,,,,,,,0.2818,,0.155,1
xb_05086,两个跟班,两只绿毛猴子,猴子,跟班,LV,生命,HM,人体,1,具体→具体,263,0.7871,,,,,,,0.3148,,0.1732,1
xb_05088,冬眠和复活这样的词句,契机,契机,冬眠,AB,抽象,AB,抽象,3,抽象→抽象,515,0.8817,,,,,,,0.3527,,0.194,1
xb_05090,他,森的父亲攻击的靶子,父亲,他,OB,物体,HM,人体,1,具体→具体,1192,1.0,,,,,,,0.4,,0.22,2
xb_05081,伯爵,敌人阴谋的牺牲品,牺牲品,伯爵,OB,物体,HM,人体,1,具体→具体,1192,1.0,,,,,,,0.4,,0.22,2
xb_05083,我们的各种疾病,将我们逐渐推回港口的微风,微风,疾病,NT,自然,ST,结构,2,具体→抽象,184,0.7369,,,,,,,0.2948,,0.1621,1
xb_05087,釜山,他不穿内裤的情妇,情妇,釜山,HM,人体,SP,空间,1,具体→具体,1099,0.9885,,,,,,,0.3954,,0.2175,2
xb_05089,作曲,光整个生活的顶峰,顶峰,作曲,SP,空间,EV,事件,2,具体→抽象,203,0.7507,,,,,,,0.3003,,0.1652,1
xb_05091,钱,人的胆,胆,钱,BD,建筑,AB,抽象,2,具体→抽象,221,0.7626,,,,,,,0.3051,,0.1678,1
xb_05092,腐败的血液,罪恶的根源,根源,血液,AB,抽象,BD,建筑,4,抽象→具体,515,0.8817,,,,,,,0.3527,,0.194,1
xb_05093,战场,圣地,圣地,战场,SP,空间,SP,空间,1,具体→具体,203,0.7507,,,,,,,0.3003,,0.1652,1
xb_05094,学生,花朵,花朵,学生,LV,生命,HM,人体,1,具体→具体,263,0.7871,,,,,,,0.3148,,0.1732,1
xb_05095,灵魂深处,资产阶级王国,王国,深处,SP,空间,TH,思维,2,具体→抽象,203,0.7507,,,,,,,0.3003,,0.1652,1
xb_05096,痛苦的根源,人的欲望,欲望,根源,TH,思维,AB,抽象,3,抽象→抽象,101,0.6529,,,,,,,0.2611,,0.1436,1
xb_05097,臭味,黄色的,黄色,臭味,SN,感知,SN,感知,3,抽象→抽象,146,0.7044,,,,,,,0.2818,,0.155,1
xb_05098,思想,鲜花,鲜花,思想,LV,生命,TH,思维,2,具体→抽象,263,0.7871,,,,,,,0.3148,,0.1732,1
xb_05099,感觉,人的认识的开始与结束,开始,感觉,AB,抽象,SN,感知,3,抽象→抽象,515,0.8817,,,,,,,0.3527,,0.194,1
xb_05100,怪物,魔鬼,魔鬼,怪物,AB,抽象,LV,生命,4,抽象→具体,515,0.8817,,,,,,,0.3527,,0.194,1
xb_05101,家庭,社会的根本,社会,家庭,AB,抽象,SC,社会,3,抽象→抽象,515,0.8817,,,,,,,0.3527,,0.194,1
xb_05102,万岁,平方,平方,万岁,AB,抽象,AB,抽象,3,抽象→抽象,515,0.8817,,,,,,,0.3527,,0.194,1
xb_05103,眼泪,一个人的精华,精华,眼泪,AB,抽象,BD,建筑,4,抽象→具体,515,0.8817,,,,,,,0.3527,,0.194,1
xb_05104,天皇,日本国的象征,象征,天皇,AB,抽象,HM,人体,4,抽象→具体,515,0.8817,,,,,,,0.3527,,0.194,1
xb_05105,茎,儿女的笔挺的身躯,身躯,茎,BD,建筑,LV,生命,1,具体→具体,221,0.7626,,,,,,,0.3051,,0.1678,1
xb_05106,灾难,傲骨的奶娘,奶娘,灾难,HM,人体,EV,事件,2,具体→抽象,1099,0.9885,,,,,,,0.3954,,0.2175,2
xb_05107,人,世界上最可怕的动物,动物,人,LV,生命,HM,人体,1,具体→具体,263,0.7871,,,,,,,0.3148,,0.1732,1
xb_05108,这家伙,活宝,活宝,家伙,HM,人体,HM,人体,1,具体→具体,1099,0.9885,,,,,,,0.3954,,0.2175,2
xb_05109,青蛙,人类的朋友,朋友,青蛙,HM,人体,LV,生命,1,具体→具体,1099,0.9885,,,,,,,0.3954,,0.2175,2
xb_05110,欲望与感情,人性的发条,发条,感情,OB,物体,TH,思维,2,具体→抽象,1192,1.0,,,,,,,0.4,,0.22,2
xb_05111,海里,弱肉强食的世界,世界,海里,AB,抽象,SP,空间,4,抽象→具体,515,0.8817,,,,,,,0.3527,,0.194,1
xb_05112,它,小夜子惟一的朋友,朋友,它,HM,人体,LV,生命,1,具体→具体,1099,0.9885,,,,,,,0.3954,,0.2175,2
xb_05113,（这）,飞来横祸,飞来横祸,这,EV,事件,EV,事件,3,抽象→抽象,121,0.6781,,,,,,,0.2713,,0.1492,1
xb_05114,（这回她们碰到的）,无比的亲切,亲切,碰到,EM,情感,EV,事件,3,抽象→抽象,134,0.6924,,,,,,,0.277,,0.1523,1
xb_05115,这,空洞的笑声,笑声,这,SN,感知,AB,抽象,1,具体→具体,146,0.7044,,,,,,,0.2818,,0.155,1
xb_05116,佩拉德,不幸,不幸,佩拉德,EM,情感,HM,人体,4,抽象→具体,134,0.6924,,,,,,,0.277,,0.1523,1
xb_05117,（巴黎四周）,一些刚刚开化的野蛮人居住的陋室,陋室,四周,OB,物体,SP,空间,1,具体→具体,1192,1.0,,,,,,,0.4,,0.22,2
xb_05118,（乌莫）,第二个昂古莱姆,昂古莱姆,乌莫,SP,空间,SP,空间,1,具体→具体,203,0.7507,,,,,,,0.3003,,0.1652,1
xb_05119,夏特莱,这等人物,人物,夏特莱,HM,人体,HM,人体,1,具体→具体,1099,0.9885,,,,,,,0.3954,,0.2175,2
xb_05120,这,送孩子上学的报应,报应,这,EV,事件,AB,抽象,3,抽象→抽象,121,0.6781,,,,,,,0.2713,,0.1492,1
xb_05121,朋友们的成心,小看他,小看,成心,EV,事件,TH,思维,3,抽象→抽象,121,0.6781,,,,,,,0.2713,,0.1492,1
xb_05122,你,乡下佬,乡下,你,HM,人体,HM,人体,1,具体→具体,1099,0.9885,,,,,,,0.3954,,0.2175,2
xb_05123,（它）,爱情送来的一口银箱,银箱,它,OB,物体,AB,抽象,1,具体→具体,1192,1.0,,,,,,,0.4,,0.22,2
xb_05124,他,平民,平民,他,HM,人体,HM,人体,1,具体→具体,1099,0.9885,,,,,,,0.3954,,0.2175,2
xb_05125,（吕西安）,富翁,富翁,吕西安,HM,人体,HM,人体,1,具体→具体,1099,0.9885,,,,,,,0.3954,,0.2175,2
xb_05126,一桩毫无意义的丑闻,过失,过失,丑闻,MR,机器,EV,事件,3,抽象→抽象,123,0.6804,,,,,,,0.2722,,0.1497,1
xb_05127,他们,生客,生客,他们,HM,人体,HM,人体,1,具体→具体,1099,0.9885,,,,,,,0.3954,,0.2175,2
xb_05128,他,一个老烟鬼,烟鬼,他,HM,人体,HM,人体,1,具体→具体,1099,0.9885,,,,,,,0.3954,,0.2175,2
xb_05129,你,个怪物,怪物,你,HM,人体,HM,人体,1,具体→具体,1099,0.9885,,,,,,,0.3954,,0.2175,2
xb_05130,（我心目中赞成的思想）,罪过,罪过,思想,MR,机器,EV,事件,3,抽象→抽象,123,0.6804,,,,,,,0.2722,,0.1497,1
xb_05131,他们,祸首,祸首,他们,HM,人体,HM,人体,1,具体→具体,1099,0.9885,,,,,,,0.3954,,0.2175,2
xb_05132,(省略主语),那个杂种,杂种,主语,HM,人体,HM,人体,1,具体→具体,1099,0.9885,,,,,,,0.3954,,0.2175,2
xb_05133,他的人品,相当难得的,的,人品,ST,结构,MR,机器,3,抽象→抽象,990,0.9738,,,,,,,0.3895,,0.2142,2
xb_05134,胶片的发霉部分,时间的骤变,骤变,部分,OB,物体,AB,抽象,4,抽象→具体,1192,1.0,,,,,,,0.4,,0.22,2
xb_05135,您,无可救药(了),无可救药,您,ST,结构,HM,人体,4,抽象→具体,990,0.9738,,,,,,,0.3895,,0.2142,2
xb_05136,其更为人熟知的名字,紫铆,紫铆,名字,AB,抽象,AB,抽象,3,抽象→抽象,515,0.8817,,,,,,,0.3527,,0.194,1
xb_05137,那,纯粹是机械加工的事,事,那,EV,事件,EV,事件,3,抽象→抽象,121,0.6781,,,,,,,0.2713,,0.1492,1
xb_05138,"(省略主语，指代""他们的威胁"")",吓唬人,吓唬人,""")",EV,事件,EV,事件,3,抽象→抽象,121,0.6781,,,,,,,0.2713,,0.1492,1
xb_05139,卖话,律师的勾当,勾当,卖话,EV,事件,EV,事件,3,抽象→抽象,121,0.6781,,,,,,,0.2713,,0.1492,1
xb_05140,客房,她精心安排的杰作,杰作,客房,AB,抽象,SP,空间,4,抽象→具体,515,0.8817,,,,,,,0.3527,,0.194,1
xb_05141,爱情,"女人的""生意""","意""",爱情,EV,事件,EM,情感,2,具体→抽象,121,0.6781,,,,,,,0.2713,,0.1492,1
xb_05142,女性,世界上最好的图画,图画,女性,OB,物体,HM,人体,1,具体→具体,1192,1.0,,,,,,,0.4,,0.22,2
xb_05143,三枝子小姐,病叶,病叶,小姐,LV,生命,HM,人体,1,具体→具体,263,0.7871,,,,,,,0.3148,,0.1732,1
xb_05144,记忆,一场梦,梦,记忆,TH,思维,TH,思维,3,抽象→抽象,101,0.6529,,,,,,,0.2611,,0.1436,1
xb_05145,断头台,刽子手的同伙,同伙,断头台,HM,人体,OB,物体,1,具体→具体,1099,0.9885,,,,,,,0.3954,,0.2175,2
xb_05146,麦其家的百姓,天国的选民,选民,百姓,HM,人体,HM,人体,1,具体→具体,1099,0.9885,,,,,,,0.3954,,0.2175,2
xb_05147,这些鸟,季风来临的象征,象征,鸟,AB,抽象,LV,生命,4,抽象→具体,515,0.8817,,,,,,,0.3527,,0.194,1
xb_05148,乐章,思维的具体成形,成形,乐章,ST,结构,AB,抽象,4,抽象→具体,990,0.9738,,,,,,,0.3895,,0.2142,2
xb_05149,语言,思想的乳头,乳头,语言,BD,建筑,AB,抽象,2,具体→抽象,221,0.7626,,,,,,,0.3051,,0.1678,1
xb_05150,女人,上帝发怒的工具,工具,女人,OB,物体,HM,人体,1,具体→具体,1192,1.0,,,,,,,0.4,,0.22,2
xb_05151,诗,在人间拉线搭桥的媒人,媒人,诗,HM,人体,AB,抽象,2,具体→抽象,1099,0.9885,,,,,,,0.3954,,0.2175,2
xb_05152,格司津先生笔下这位可怜的女主人公,我从前的朋友,朋友,女主人,HM,人体,HM,人体,1,具体→具体,1099,0.9885,,,,,,,0.3954,,0.2175,2
xb_05153,地道的人,真正理解者（隐含）,理解者,人,HM,人体,HM,人体,1,具体→具体,1099,0.9885,,,,,,,0.3954,,0.2175,2
xb_05154,我,以自己意志选定的后天性天地中,天地,我,SP,空间,HM,人体,1,具体→具体,203,0.7507,,,,,,,0.3003,,0.1652,1
xb_05155,自己,一个虫子,虫子,自己,LV,生命,HM,人体,1,具体→具体,263,0.7871,,,,,,,0.3148,,0.1732,1
xb_05156,我,心甘情愿,心甘情愿,我,EM,情感,HM,人体,4,抽象→具体,134,0.6924,,,,,,,0.277,,0.1523,1
xb_05157,这种水沟下面,古代的阿兹特克湖,阿兹特克湖,下面,SP,空间,SP,空间,1,具体→具体,203,0.7507,,,,,,,0.3003,,0.1652,1
xb_05158,该姓,由鞋字演化而成的,鞋字,该姓,EV,事件,AB,抽象,3,抽象→抽象,121,0.6781,,,,,,,0.2713,,0.1492,1
xb_05159,深思熟虑的勇敢,一种只有少数人才拥有的品质,品质,勇敢,ST,结构,MR,机器,3,抽象→抽象,990,0.9738,,,,,,,0.3895,,0.2142,2
xb_05160,诵诗人的技艺,将军的技艺,技艺,技艺,AB,抽象,AB,抽象,3,抽象→抽象,515,0.8817,,,,,,,0.3527,,0.194,1
xb_05161,最真实的名字,快乐,快乐,名字,EM,情感,AB,抽象,3,抽象→抽象,134,0.6924,,,,,,,0.277,,0.1523,1
xb_05162,那个大海,真正的海洋,海洋,大海,NT,自然,NT,自然,1,具体→具体,184,0.7369,,,,,,,0.2948,,0.1621,1
xb_05163,随后,远远的尸体落地的响声,响声,随后,SN,感知,TM,时间,2,具体→抽象,146,0.7044,,,,,,,0.2818,,0.155,1
xb_05164,她,他为人类珍藏的一份优质标本,标本,她,OB,物体,HM,人体,1,具体→具体,1192,1.0,,,,,,,0.4,,0.22,2
xb_05165,（他/她）,世人敬重的君子,君子,他,HM,人体,HM,人体,1,具体→具体,1099,0.9885,,,,,,,0.3954,,0.2175,2
xb_05166,他,爱性行为而不是爱其人,爱其人,他,EV,事件,HM,人体,4,抽象→具体,121,0.6781,,,,,,,0.2713,,0.1492,1
xb_05167,它（性行为）,天下最大的乐趣,乐趣,性行为,EM,情感,AB,抽象,3,抽象→抽象,134,0.6924,,,,,,,0.277,,0.1523,1
xb_05168,我,瞎子,瞎子,我,HM,人体,HM,人体,1,具体→具体,1099,0.9885,,,,,,,0.3954,,0.2175,2
xb_05169,（他的神情）,残酷,残酷,神情,ST,结构,AB,抽象,3,抽象→抽象,990,0.9738,,,,,,,0.3895,,0.2142,2
xb_05170,它（深沟/障碍）,世界上最危险的障碍,障碍,障碍,OB,物体,AB,抽象,1,具体→具体,1192,1.0,,,,,,,0.4,,0.22,2
xb_05171,他,聪明人,聪明人,他,HM,人体,HM,人体,1,具体→具体,1099,0.9885,,,,,,,0.3954,,0.2175,2
xb_05172,他,生了一副鬼神庇护的命,命,他,AB,抽象,HM,人体,4,抽象→具体,515,0.8817,,,,,,,0.3527,,0.194,1
xb_05173,这个人的姓名,勇敢的象征,象征,姓名,AB,抽象,AB,抽象,3,抽象→抽象,515,0.8817,,,,,,,0.3527,,0.194,1
xb_05174,海棠树,一片嫣红,嫣红,树,SN,感知,LV,生命,4,抽象→具体,146,0.7044,,,,,,,0.2818,,0.155,1
xb_05175,脸上的表情,嫌恶,嫌恶,表情,EM,情感,BD,建筑,3,抽象→抽象,134,0.6924,,,,,,,0.277,,0.1523,1
xb_05176,唯一的笑,鼻子里发出的一声短促的哼笑,哼笑,笑,BD,建筑,EV,事件,1,具体→具体,221,0.7626,,,,,,,0.3051,,0.1678,1
xb_05177,一个,爱,爱,一个,EM,情感,AB,抽象,3,抽象→抽象,134,0.6924,,,,,,,0.277,,0.1523,1
xb_05178,您老,德国人的间谍,间谍,您老,HM,人体,HM,人体,1,具体→具体,1099,0.9885,,,,,,,0.3954,,0.2175,2
xb_05179,他,上帝,上帝,他,HM,人体,HM,人体,1,具体→具体,1099,0.9885,,,,,,,0.3954,,0.2175,2
xb_05180,这,人,人,这,HM,人体,AB,抽象,1,具体→具体,1099,0.9885,,,,,,,0.3954,,0.2175,2
xb_05181,这,一辈子的耻辱,耻辱,这,MR,机器,EV,事件,3,抽象→抽象,123,0.6804,,,,,,,0.2722,,0.1497,1
xb_05182,他,一种伟大思想的传递人,人,他,HM,人体,HM,人体,1,具体→具体,1099,0.9885,,,,,,,0.3954,,0.2175,2
xb_05183,早期白垩,个纪,个纪,早期,TM,时间,AB,抽象,3,抽象→抽象,40,0.5242,,,,,,,0.2097,,0.1153,1
xb_05184,紧缩自己,傻子做的事,事,自己,EV,事件,EV,事件,3,抽象→抽象,121,0.6781,,,,,,,0.2713,,0.1492,1
xb_05185,[隐含主语：他的克制],保障法律,法律,],EV,事件,AB,抽象,3,抽象→抽象,121,0.6781,,,,,,,0.2713,,0.1492,1
xb_05186,这,傻瓜做的事情,事情,这,EV,事件,EV,事件,3,抽象→抽象,121,0.6781,,,,,,,0.2713,,0.1492,1
xb_05187,你,头猪,头猪,你,LV,生命,HM,人体,1,具体→具体,263,0.7871,,,,,,,0.3148,,0.1732,1
xb_05188,修女,宫嫔,宫嫔,修女,HM,人体,HM,人体,1,具体→具体,1099,0.9885,,,,,,,0.3954,,0.2175,2
xb_05189,倒退对人类,一种暴行,暴行,人类,EV,事件,EV,事件,3,抽象→抽象,121,0.6781,,,,,,,0.2713,,0.1492,1
xb_05190,起义,真理的怒火的突发,真理,起义,EV,事件,EV,事件,2,具体→抽象,121,0.6781,,,,,,,0.2713,,0.1492,1
xb_05191,第一晚,一块烈焰飞腾的陨石在黑暗中燃烧,黑暗,晚,OB,物体,TM,时间,2,具体→抽象,1192,1.0,,,,,,,0.4,,0.22,2
xb_05192,它,一种精神上的骄傲,骄傲,它,EM,情感,AB,抽象,3,抽象→抽象,134,0.6924,,,,,,,0.277,,0.1523,1
xb_05193,他们,一些巨人,巨人,他们,HM,人体,HM,人体,1,具体→具体,1099,0.9885,,,,,,,0.3954,,0.2175,2
xb_05194,这,上帝给予的恩赐，也可能是个惩罚,惩罚,这,AB,抽象,AB,抽象,3,抽象→抽象,515,0.8817,,,,,,,0.3527,,0.194,1
xb_05195,科学的问题,使人发迹的问题,问题,问题,AB,抽象,AB,抽象,3,抽象→抽象,515,0.8817,,,,,,,0.3527,,0.194,1
xb_05196,这一切,神明编织的命线,命线,这一切,OB,物体,AB,抽象,2,具体→抽象,1192,1.0,,,,,,,0.4,,0.22,2
xb_05197,铁石心肠,正常的心肠,心肠,铁石心肠,ST,结构,ST,结构,3,抽象→抽象,990,0.9738,,,,,,,0.3895,,0.2142,2
xb_05198,大卫的脸,空白的,空白,脸,ST,结构,BD,建筑,4,抽象→具体,990,0.9738,,,,,,,0.3895,,0.2142,2
xb_05199,过失在他的处境,罪过,罪过,处境,MR,机器,MR,机器,3,抽象→抽象,123,0.6804,,,,,,,0.2722,,0.1497,1
xb_05200,眼下的情景,羊入虎口,羊入虎口,情景,OB,物体,AB,抽象,2,具体→抽象,1192,1.0,,,,,,,0.4,,0.22,2
xb_05201,友谊,大海中的灯塔，沙漠里的绿洲,绿洲,友谊,OB,物体,EM,情感,2,具体→抽象,1192,1.0,,,,,,,0.4,,0.22,2
xb_05202,超人,纯粹理想的结晶,结晶,超人,OB,物体,HM,人体,2,具体→抽象,1192,1.0,,,,,,,0.4,,0.22,2
xb_05203,家,一个可以挂长途电话的号码,号码,家,AB,抽象,SP,空间,2,具体→抽象,515,0.8817,,,,,,,0.3527,,0.194,1
xb_05204,歌声,炮声的兄弟,兄弟,歌声,HM,人体,SN,感知,1,具体→具体,1099,0.9885,,,,,,,0.3954,,0.2175,2
xb_05205,乳房,宝,宝,乳房,OB,物体,BD,建筑,1,具体→具体,1192,1.0,,,,,,,0.4,,0.22,2
xb_05206,耳朵,基督徒必需的器官,器官,耳朵,BD,建筑,BD,建筑,1,具体→具体,221,0.7626,,,,,,,0.3051,,0.1678,1
xb_05207,社会,晚娘,晚娘,社会,HM,人体,SC,社会,2,具体→抽象,1099,0.9885,,,,,,,0.3954,,0.2175,2
xb_05208,思想,生命里最贱的东西,东西,思想,OB,物体,TH,思维,3,抽象→抽象,1192,1.0,,,,,,,0.4,,0.22,2
xb_05209,前程,世界上所有资本中，最重要、最可靠的资本,资本,前程,AB,抽象,AB,抽象,3,抽象→抽象,515,0.8817,,,,,,,0.3527,,0.194,1
xb_05210,河,鱼和花的母亲,母亲,河,HM,人体,NT,自然,1,具体→具体,1099,0.9885,,,,,,,0.3954,,0.2175,2
xb_05212,嘴巴,媒体,媒体,嘴巴,OB,物体,BD,建筑,4,抽象→具体,1192,1.0,,,,,,,0.4,,0.22,2
xb_05213,汁液/这汁液,血液,血液,汁液,OB,物体,OB,物体,1,具体→具体,1192,1.0,,,,,,,0.4,,0.22,2
xb_05214,星星/这星星,宇宙间点灯的驿站,驿站,星星,OB,物体,NT,自然,1,具体→具体,1192,1.0,,,,,,,0.4,,0.22,2
xb_05215,佛门/佛门（武术流派）,脑袋上的功夫,功夫,佛门,AB,抽象,AB,抽象,3,抽象→抽象,515,0.8817,,,,,,,0.3527,,0.194,1
xb_05216,最巨大的价值/它最巨大的价值,最伟大的贡献,贡献,价值,AB,抽象,AB,抽象,3,抽象→抽象,515,0.8817,,,,,,,0.3527,,0.194,1
xb_05217,来路,归途,归途,来路,SP,空间,SP,空间,1,具体→具体,203,0.7507,,,,,,,0.3003,,0.1652,1
xb_05218,绒绒的草坡,祭坛,祭坛,草坡,OB,物体,NT,自然,1,具体→具体,1192,1.0,,,,,,,0.4,,0.22,2
xb_05219,人生/生命,一张白纸,白纸,生命,OB,物体,AB,抽象,2,具体→抽象,1192,1.0,,,,,,,0.4,,0.22,2
xb_05220,友谊,大海中的灯塔，沙漠里的绿洲,绿洲,友谊,OB,物体,EM,情感,2,具体→抽象,1192,1.0,,,,,,,0.4,,0.22,2
xb_05221,青年时代的文字,世界上最无用的东西,东西,文字,OB,物体,AB,抽象,3,抽象→抽象,1192,1.0,,,,,,,0.4,,0.22,2
xb_05222,那两岸的晕黄的灯影，和桥洞里暗黑的波光，两两相映,一幅图画,图画,波光,OB,物体,AB,抽象,1,具体→具体,1192,1.0,,,,,,,0.4,,0.22,2
xb_05223,水利,庄稼的生命,生命,水利,AB,抽象,SC,社会,2,具体→抽象,515,0.8817,,,,,,,0.3527,,0.194,1
xb_05224,老虎,好人,好人,老虎,HM,人体,HM,人体,1,具体→具体,1099,0.9885,,,,,,,0.3954,,0.2175,2
xb_05225,兵营,强者的天堂,天堂,兵营,SP,空间,SP,空间,1,具体→具体,203,0.7507,,,,,,,0.3003,,0.1652,1
xb_05226,这妈妈,祖国,祖国,妈妈,SC,社会,HM,人体,4,抽象→具体,81,0.622,,,,,,,0.2488,,0.1369,1
xb_05227,月亮,人人都欢喜的,人人,月亮,ST,结构,NT,自然,4,抽象→具体,990,0.9738,,,,,,,0.3895,,0.2142,2
xb_05228,你用愿望去追逐的东西,幻影,幻影,东西,AB,抽象,AB,抽象,3,抽象→抽象,515,0.8817,,,,,,,0.3527,,0.194,1
xb_05229,那激动你生命的琴弦的,音乐,音乐,琴弦,SN,感知,AB,抽象,3,抽象→抽象,146,0.7044,,,,,,,0.2818,,0.155,1
xb_05230,她的脸,太阳的脸,脸,脸,BD,建筑,BD,建筑,1,具体→具体,221,0.7626,,,,,,,0.3051,,0.1678,1
xb_05231,眼睛,心灵之窗,窗,眼睛,OB,物体,BD,建筑,1,具体→具体,1192,1.0,,,,,,,0.4,,0.22,2
xb_05232,完美的苍蝇,苍蝇,苍蝇,苍蝇,LV,生命,LV,生命,1,具体→具体,263,0.7871,,,,,,,0.3148,,0.1732,1
xb_05233,人民,教会的支柱,支柱,人民,OB,物体,HM,人体,1,具体→具体,1192,1.0,,,,,,,0.4,,0.22,2
xb_05234,真英雄,超人,超人,英雄,HM,人体,HM,人体,1,具体→具体,1099,0.9885,,,,,,,0.3954,,0.2175,2
xb_05235,大众语,毛坯,毛坯,语,OB,物体,AB,抽象,2,具体→抽象,1192,1.0,,,,,,,0.4,,0.22,2
xb_05236,青年,社会上最活泼的分子,分子,青年,AB,抽象,HM,人体,1,具体→具体,515,0.8817,,,,,,,0.3527,,0.194,1
xb_05237,好名声,金子都买不回来的,金子,名声,ST,结构,AB,抽象,3,抽象→抽象,990,0.9738,,,,,,,0.3895,,0.2142,2
xb_05238,生命,永恒的新生,新生,生命,AB,抽象,AB,抽象,3,抽象→抽象,515,0.8817,,,,,,,0.3527,,0.194,1
xb_05239,雪,麦苗的被子,被子,雪,OB,物体,NT,自然,1,具体→具体,1192,1.0,,,,,,,0.4,,0.22,2
xb_05240,人,世界上的一只大野鸡,鸡,人,LV,生命,HM,人体,1,具体→具体,263,0.7871,,,,,,,0.3148,,0.1732,1
xb_05241,社会新闻,报馆的生命,生命,新闻,AB,抽象,AB,抽象,2,具体→抽象,515,0.8817,,,,,,,0.3527,,0.194,1
xb_05242,母亲,孩子的第一个教师,教师,母亲,HM,人体,HM,人体,1,具体→具体,1099,0.9885,,,,,,,0.3954,,0.2175,2
xb_05243,人,软弱和无知,软弱,人,ST,结构,HM,人体,4,抽象→具体,990,0.9738,,,,,,,0.3895,,0.2142,2
xb_05244,海洋,生物起源的地方,地方,海洋,SP,空间,NT,自然,2,具体→抽象,203,0.7507,,,,,,,0.3003,,0.1652,1
xb_05245,一个窗子,阳光,阳光,窗子,NT,自然,OB,物体,1,具体→具体,184,0.7369,,,,,,,0.2948,,0.1621,1
xb_05246,益州的风物,天下之冠,冠,风物,AB,抽象,AB,抽象,3,抽象→抽象,515,0.8817,,,,,,,0.3527,,0.194,1
xb_05247,国民党,同志,同志,国民党,HM,人体,SC,社会,2,具体→抽象,1099,0.9885,,,,,,,0.3954,,0.2175,2
xb_05248,洋人,虎头虎口,虎口,洋人,BD,建筑,HM,人体,1,具体→具体,221,0.7626,,,,,,,0.3051,,0.1678,1
xb_05249,历史,人的足迹,足迹,历史,OB,物体,AB,抽象,2,具体→抽象,1192,1.0,,,,,,,0.4,,0.22,2
xb_05250,朋友,数字,数字,朋友,AB,抽象,HM,人体,4,抽象→具体,515,0.8817,,,,,,,0.3527,,0.194,1
xb_05251,梦,上帝的语言,语言,梦,AB,抽象,TH,思维,3,抽象→抽象,515,0.8817,,,,,,,0.3527,,0.194,1
xb_05252,女人,酒,酒,女人,OB,物体,HM,人体,1,具体→具体,1192,1.0,,,,,,,0.4,,0.22,2
xb_05253,三样东西,兄弟,兄弟,东西,HM,人体,OB,物体,2,具体→抽象,1099,0.9885,,,,,,,0.3954,,0.2175,2
xb_05254,高血压,人类的第一杀手,杀手,高血压,HM,人体,AB,抽象,2,具体→抽象,1099,0.9885,,,,,,,0.3954,,0.2175,2
xb_05255,爱情,毒药,毒药,爱情,OB,物体,EM,情感,2,具体→抽象,1192,1.0,,,,,,,0.4,,0.22,2
xb_05256,脑筋,铁打的,的,脑筋,OB,物体,BD,建筑,2,具体→抽象,1192,1.0,,,,,,,0.4,,0.22,2
xb_05257,姑娘,女王,女王,姑娘,HM,人体,HM,人体,1,具体→具体,1099,0.9885,,,,,,,0.3954,,0.2175,2
xb_05258,莱蒂丝,四个元素,元素,莱蒂丝,AB,抽象,HM,人体,4,抽象→具体,515,0.8817,,,,,,,0.3527,,0.194,1
xb_05259,坏书,罪恶的替身,替身,坏书,HM,人体,OB,物体,1,具体→具体,1099,0.9885,,,,,,,0.3954,,0.2175,2
xb_05260,一个烟囱,化工厂,化工厂,烟囱,OB,物体,OB,物体,1,具体→具体,1192,1.0,,,,,,,0.4,,0.22,2
xb_05261,饲养室,村里的闲话站,站,饲养室,SP,空间,SP,空间,1,具体→具体,203,0.7507,,,,,,,0.3003,,0.1652,1
xb_05262,李四妈,菩萨心肠,菩萨心肠,妈,ST,结构,HM,人体,1,具体→具体,990,0.9738,,,,,,,0.3895,,0.2142,2
xb_05263,爱情,小说的产儿,产儿,爱情,HM,人体,EM,情感,2,具体→抽象,1099,0.9885,,,,,,,0.3954,,0.2175,2
xb_05264,"""中""字",人生第一妙诀,诀,"""字",AB,抽象,AB,抽象,3,抽象→抽象,515,0.8817,,,,,,,0.3527,,0.194,1
xb_05265,没有文化的人,睁眼瞎,睁眼,人,HM,人体,HM,人体,1,具体→具体,1099,0.9885,,,,,,,0.3954,,0.2175,2
xb_05266,小孩子,祖国的花朵,花朵,小孩子,LV,生命,HM,人体,1,具体→具体,263,0.7871,,,,,,,0.3148,,0.1732,1
xb_05267,空间,时间的载体,载体,空间,OB,物体,SP,空间,2,具体→抽象,1192,1.0,,,,,,,0.4,,0.22,2
xb_05268,老婆,一枝花,花,老婆,LV,生命,HM,人体,1,具体→具体,263,0.7871,,,,,,,0.3148,,0.1732,1
xb_05269,香味,物质,物质,香味,OB,物体,SN,感知,3,抽象→抽象,1192,1.0,,,,,,,0.4,,0.22,2
xb_05270,人民,母亲,母亲,人民,HM,人体,HM,人体,2,具体→抽象,1099,0.9885,,,,,,,0.3954,,0.2175,2
xb_05273,晴天,香炉,香炉,晴天,OB,物体,NT,自然,2,具体→抽象,1192,1.0,,,,,,,0.4,,0.22,2
xb_05274,地,聚宝盆,聚宝盆,地,OB,物体,NT,自然,1,具体→具体,1192,1.0,,,,,,,0.4,,0.22,2
xb_05278,工件,女人,女人,工件,HM,人体,OB,物体,1,具体→具体,1099,0.9885,,,,,,,0.3954,,0.2175,2
xb_05279,墨迹,血迹,血迹,墨迹,BD,建筑,OB,物体,1,具体→具体,221,0.7626,,,,,,,0.3051,,0.1678,1
xb_05280,日子,天堂,天堂,日子,SP,空间,TM,时间,2,具体→抽象,203,0.7507,,,,,,,0.3003,,0.1652,1
xb_05281,爹,罪人,罪人,爹,HM,人体,HM,人体,1,具体→具体,1099,0.9885,,,,,,,0.3954,,0.2175,2
xb_05284,人才,神经病患者,患者,人才,HM,人体,HM,人体,1,具体→具体,1099,0.9885,,,,,,,0.3954,,0.2175,2
xb_05285,意志,信条,信条,意志,AB,抽象,TH,思维,3,抽象→抽象,515,0.8817,,,,,,,0.3527,,0.194,1
xb_05286,弟弟,英雄,英雄,弟弟,HM,人体,HM,人体,1,具体→具体,1099,0.9885,,,,,,,0.3954,,0.2175,2
xb_05288,品格,放浪不羁,放浪不羁,品格,ST,结构,MR,机器,3,抽象→抽象,990,0.9738,,,,,,,0.3895,,0.2142,2
xb_05271,细胞,上帝在物体内的工具和媒介,媒介,细胞,OB,物体,BD,建筑,1,具体→具体,1192,1.0,,,,,,,0.4,,0.22,2
xb_05272,母爱,酒泡过的,酒泡,母爱,FD,食物,EM,情感,2,具体→抽象,46,0.5435,,,,,,,0.2174,,0.1196,1
xb_05275,小丑,天使抑郁不欢,天使,小丑,HM,人体,HM,人体,1,具体→具体,1099,0.9885,,,,,,,0.3954,,0.2175,2
xb_05276,新人,吉兆,吉兆,新人,AB,抽象,HM,人体,4,抽象→具体,515,0.8817,,,,,,,0.3527,,0.194,1
xb_05277,手指,玻璃做的,玻璃,手指,OB,物体,BD,建筑,1,具体→具体,1192,1.0,,,,,,,0.4,,0.22,2
xb_05282,哲学,镜子,镜子,哲学,OB,物体,AB,抽象,2,具体→抽象,1192,1.0,,,,,,,0.4,,0.22,2
xb_05283,皮肤,羊皮纸,羊皮纸,皮肤,OB,物体,BD,建筑,1,具体→具体,1192,1.0,,,,,,,0.4,,0.22,2
xb_05287,作家,工程师,工程师,作家,HM,人体,HM,人体,1,具体→具体,1099,0.9885,,,,,,,0.3954,,0.2175,2
xb_05289,苦役营,象征,象征,营,AB,抽象,SP,空间,4,抽象→具体,515,0.8817,,,,,,,0.3527,,0.194,1
xb_05290,人民,主人,主人,人民,HM,人体,HM,人体,2,具体→抽象,1099,0.9885,,,,,,,0.3954,,0.2175,2
xb_05291,回忆录,死人的事情,事情,回忆录,EV,事件,AB,抽象,3,抽象→抽象,121,0.6781,,,,,,,0.2713,,0.1492,1
xb_05292,香水,炼金术,炼金术,香水,MC,医疗,OB,物体,4,抽象→具体,32,0.4936,,,,,,,0.1974,,0.1086,1
xb_05293,人,玩物,玩物,人,OB,物体,HM,人体,1,具体→具体,1192,1.0,,,,,,,0.4,,0.22,2
xb_05294,作家,战士,战士,作家,HM,人体,HM,人体,1,具体→具体,1099,0.9885,,,,,,,0.3954,,0.2175,2
xb_05295,音乐,养料,养料,音乐,FD,食物,SN,感知,2,具体→抽象,46,0.5435,,,,,,,0.2174,,0.1196,1
xb_05296,财产,抢掠,抢掠,财产,EV,事件,AB,抽象,3,抽象→抽象,121,0.6781,,,,,,,0.2713,,0.1492,1
xb_05297,女儿,家累,家累,女儿,AB,抽象,HM,人体,4,抽象→具体,515,0.8817,,,,,,,0.3527,,0.194,1
xb_05298,宗教,纽带,纽带,宗教,OB,物体,SC,社会,2,具体→抽象,1192,1.0,,,,,,,0.4,,0.22,2
xb_05299,友善的人,灯塔,灯塔,人,OB,物体,HM,人体,1,具体→具体,1192,1.0,,,,,,,0.4,,0.22,2
xb_05300,美德,花朵,花朵,美德,LV,生命,MR,机器,2,具体→抽象,263,0.7871,,,,,,,0.3148,,0.1732,1
xb_05301,狮子,觉悟,觉悟,狮子,TH,思维,LV,生命,4,抽象→具体,101,0.6529,,,,,,,0.2611,,0.1436,1
xb_05302,牛,命根子,命根子,牛,AB,抽象,LF,光线,1,具体→具体,515,0.8817,,,,,,,0.3527,,0.194,1
xb_05303,空间,感官,感官,空间,BD,建筑,SP,空间,2,具体→抽象,221,0.7626,,,,,,,0.3051,,0.1678,1
xb_05304,北平人,鳝鱼,鳝鱼,北平人,LV,生命,HM,人体,1,具体→具体,263,0.7871,,,,,,,0.3148,,0.1732,1
xb_05305,青菜,水布袋,布袋,青菜,OB,物体,LF,光线,1,具体→具体,1192,1.0,,,,,,,0.4,,0.22,2
xb_05306,小姐,宝石,宝石,小姐,OB,物体,HM,人体,1,具体→具体,1192,1.0,,,,,,,0.4,,0.22,2
xb_05307,财富,烟云,烟云,财富,NT,自然,AB,抽象,2,具体→抽象,184,0.7369,,,,,,,0.2948,,0.1621,1
xb_05308,祖国,花园,花园,祖国,SP,空间,SC,社会,2,具体→抽象,203,0.7507,,,,,,,0.3003,,0.1652,1
xb_05309,眼睛,窗子,窗子,眼睛,OB,物体,BD,建筑,1,具体→具体,1192,1.0,,,,,,,0.4,,0.22,2
xb_05310,夫妇,树,树,夫妇,LV,生命,HM,人体,1,具体→具体,263,0.7871,,,,,,,0.3148,,0.1732,1
xb_05311,日头,剑,剑,日头,OB,物体,NT,自然,1,具体→具体,1192,1.0,,,,,,,0.4,,0.22,2
xb_05312,铁路,国家的命脉,命脉,铁路,BD,建筑,SC,社会,1,具体→具体,221,0.7626,,,,,,,0.3051,,0.1678,1
xb_05313,共产党,先锋队,先锋队,共产党,HM,人体,SC,社会,2,具体→抽象,1099,0.9885,,,,,,,0.3954,,0.2175,2
xb_05314,政治,闹剧,闹剧,政治,EV,事件,AB,抽象,2,具体→抽象,121,0.6781,,,,,,,0.2713,,0.1492,1
xb_05315,单簧管,美人,美人,单簧管,HM,人体,OB,物体,1,具体→具体,1099,0.9885,,,,,,,0.3954,,0.2175,2
xb_05316,这女人,铁打的,的,女人,OB,物体,HM,人体,1,具体→具体,1192,1.0,,,,,,,0.4,,0.22,2
xb_05317,夜莺,音乐家,音乐家,夜莺,HM,人体,LF,光线,1,具体→具体,1099,0.9885,,,,,,,0.3954,,0.2175,2
xb_05318,燕子,巨人,巨人,燕子,HM,人体,LF,光线,1,具体→具体,1099,0.9885,,,,,,,0.3954,,0.2175,2
xb_05319,宇宙,镜子,镜子,宇宙,OB,物体,NT,自然,2,具体→抽象,1192,1.0,,,,,,,0.4,,0.22,2
xb_05320,日头,热带风暴,风暴,日头,NT,自然,NT,自然,1,具体→具体,184,0.7369,,,,,,,0.2948,,0.1621,1
xb_05321,人,世上的大野鸡,鸡,人,LV,生命,HM,人体,1,具体→具体,263,0.7871,,,,,,,0.3148,,0.1732,1
xb_05322,诗人,社会的宠儿,宠儿,诗人,HM,人体,HM,人体,1,具体→具体,1099,0.9885,,,,,,,0.3954,,0.2175,2
xb_05323,青春,无限的美丽,美丽,青春,ST,结构,AB,抽象,3,抽象→抽象,990,0.9738,,,,,,,0.3895,,0.2142,2
xb_05324,光明,真理,真理,光明,AB,抽象,AB,抽象,3,抽象→抽象,515,0.8817,,,,,,,0.3527,,0.194,1
xb_05325,乡土,民族历史的博物馆,博物馆,乡土,OB,物体,SP,空间,2,具体→抽象,1192,1.0,,,,,,,0.4,,0.22,2
xb_05326,爱情,生命中最崇高的目标,目标,爱情,AB,抽象,EM,情感,3,抽象→抽象,515,0.8817,,,,,,,0.3527,,0.194,1
xb_05327,人,瞎子,瞎子,人,HM,人体,HM,人体,1,具体→具体,1099,0.9885,,,,,,,0.3954,,0.2175,2
xb_05328,云,风的面貌,面貌,云,BD,建筑,NT,自然,1,具体→具体,221,0.7626,,,,,,,0.3051,,0.1678,1
xb_05329,诗人,时代的前驱,前驱,诗人,HM,人体,HM,人体,1,具体→具体,1099,0.9885,,,,,,,0.3954,,0.2175,2
xb_05330,泪水,露水的姐妹,姐妹,泪水,HM,人体,BD,建筑,1,具体→具体,1099,0.9885,,,,,,,0.3954,,0.2175,2
xb_05331,男人的理智,逻辑,逻辑,理智,AB,抽象,TH,思维,3,抽象→抽象,515,0.8817,,,,,,,0.3527,,0.194,1
xb_05332,人,铁,铁,人,OB,物体,HM,人体,1,具体→具体,1192,1.0,,,,,,,0.4,,0.22,2
xb_05333,饭,钢,钢,饭,OB,物体,FD,食物,1,具体→具体,1192,1.0,,,,,,,0.4,,0.22,2
xb_05334,社会,人们最好的教师,教师,社会,HM,人体,SC,社会,2,具体→抽象,1099,0.9885,,,,,,,0.3954,,0.2175,2
xb_05335,这心思,瓦斯,瓦斯,心思,OB,物体,TH,思维,2,具体→抽象,1192,1.0,,,,,,,0.4,,0.22,2
xb_05336,人,瑰宝,瑰宝,人,OB,物体,HM,人体,1,具体→具体,1192,1.0,,,,,,,0.4,,0.22,2
xb_05337,儿子,寄生虫,寄生虫,儿子,LV,生命,HM,人体,1,具体→具体,263,0.7871,,,,,,,0.3148,,0.1732,1
xb_05338,积怨,翅膀,翅膀,积怨,BD,建筑,EM,情感,2,具体→抽象,221,0.7626,,,,,,,0.3051,,0.1678,1
xb_05339,现代社会,牺牲品,牺牲品,社会,AB,抽象,SC,社会,2,具体→抽象,515,0.8817,,,,,,,0.3527,,0.194,1
xb_05340,数学,人类思想的锁链,锁链,数学,OB,物体,AB,抽象,2,具体→抽象,1192,1.0,,,,,,,0.4,,0.22,2
xb_05341,花序,老人的白发,白发,花序,BD,建筑,LF,光线,1,具体→具体,221,0.7626,,,,,,,0.3051,,0.1678,1
xb_05342,好主子,仆人的公仆,公仆,主子,HM,人体,HM,人体,1,具体→具体,1099,0.9885,,,,,,,0.3954,,0.2175,2
xb_05343,人生,一场梦,梦,人生,TH,思维,AB,抽象,3,抽象→抽象,101,0.6529,,,,,,,0.2611,,0.1436,1
xb_05344,老人,阳光下漂泊的影子,影子,老人,NT,自然,HM,人体,1,具体→具体,184,0.7369,,,,,,,0.2948,,0.1621,1
xb_05345,幽默,水做的,水,幽默,NT,自然,AB,抽象,2,具体→抽象,184,0.7369,,,,,,,0.2948,,0.1621,1
xb_05346,男人,女人的首领,首领,男人,HM,人体,HM,人体,1,具体→具体,1099,0.9885,,,,,,,0.3954,,0.2175,2
xb_05347,金戒指,妇道贞节的象征,象征,金戒,AB,抽象,OB,物体,4,抽象→具体,515,0.8817,,,,,,,0.3527,,0.194,1
xb_05348,血,熔岩,熔岩,血,NT,自然,BD,建筑,1,具体→具体,184,0.7369,,,,,,,0.2948,,0.1621,1
xb_05349,无谓的暴力,青春的特权,特权,暴力,AB,抽象,EV,事件,3,抽象→抽象,515,0.8817,,,,,,,0.3527,,0.194,1
xb_05350,魔鬼,天庭的首相,首相,魔鬼,HM,人体,HM,人体,1,具体→具体,1099,0.9885,,,,,,,0.3954,,0.2175,2
xb_05351,历史,谜语,谜语,历史,AB,抽象,AB,抽象,3,抽象→抽象,515,0.8817,,,,,,,0.3527,,0.194,1
xb_05352,炼狱,烈焰熊熊的火炉,火炉,炼狱,OB,物体,SP,空间,1,具体→具体,1192,1.0,,,,,,,0.4,,0.22,2
xb_05353,作家,人类灵魂的工程师,工程师,作家,HM,人体,HM,人体,2,具体→抽象,1099,0.9885,,,,,,,0.3954,,0.2175,2
xb_05354,人/饭,铁/钢,钢,饭,OB,物体,HM,人体,1,具体→具体,1192,1.0,,,,,,,0.4,,0.22,2
xb_05355,公民的尊严,精神的武装,武装,尊严,OB,物体,AB,抽象,2,具体→抽象,1192,1.0,,,,,,,0.4,,0.22,2
xb_05356,猫,机会主义者和叛徒,机会主义者,猫,HM,人体,LF,光线,1,具体→具体,1099,0.9885,,,,,,,0.3954,,0.2175,2
xb_05357,医生,人类生命的最高保护神,保护神,医生,HM,人体,HM,人体,1,具体→具体,1099,0.9885,,,,,,,0.3954,,0.2175,2
xb_05358,学问,光明,光明,学问,NT,自然,AB,抽象,2,具体→抽象,184,0.7369,,,,,,,0.2948,,0.1621,1
xb_05359,权力,目的,目的,权力,AB,抽象,AB,抽象,3,抽象→抽象,515,0.8817,,,,,,,0.3527,,0.194,1
xb_05360,对亲人生气,病人的特权,特权,亲人,AB,抽象,EV,事件,3,抽象→抽象,515,0.8817,,,,,,,0.3527,,0.194,1
xb_05361,猫,老虎的先生,先生,猫,HM,人体,LF,光线,1,具体→具体,1099,0.9885,,,,,,,0.3954,,0.2175,2
xb_05362,诗书,雨,雨,诗书,NT,自然,AB,抽象,1,具体→具体,184,0.7369,,,,,,,0.2948,,0.1621,1
xb_05363,孩子的世界,净土,净土,世界,SP,空间,AB,抽象,2,具体→抽象,203,0.7507,,,,,,,0.3003,,0.1652,1
xb_05364,山,老人,老人,山,HM,人体,NT,自然,1,具体→具体,1099,0.9885,,,,,,,0.3954,,0.2175,2
xb_05365,奥棠丝,天使,天使,奥棠丝,HM,人体,HM,人体,1,具体→具体,1099,0.9885,,,,,,,0.3954,,0.2175,2
xb_05366,我,一个魔鬼,魔鬼,我,HM,人体,HM,人体,1,具体→具体,1099,0.9885,,,,,,,0.3954,,0.2175,2
xb_05367,科学家的理性,黄铁矿,黄铁矿,理性,OB,物体,TH,思维,2,具体→抽象,1192,1.0,,,,,,,0.4,,0.22,2
xb_05368,丛林,上帝最早的圣殿,圣殿,丛林,SP,空间,NT,自然,1,具体→具体,203,0.7507,,,,,,,0.3003,,0.1652,1
xb_05369,我的嘴,我的机关枪,机关枪,嘴,OB,物体,BD,建筑,1,具体→具体,1192,1.0,,,,,,,0.4,,0.22,2
xb_05370,话,子弹,子弹,话,OB,物体,AB,抽象,2,具体→抽象,1192,1.0,,,,,,,0.4,,0.22,2
xb_05371,勇敢,动物强力的表现,表现,勇敢,EV,事件,MR,机器,3,抽象→抽象,121,0.6781,,,,,,,0.2713,,0.1492,1
xb_05372,艺术,感情的表露,表露,艺术,EV,事件,AB,抽象,3,抽象→抽象,121,0.6781,,,,,,,0.2713,,0.1492,1
xb_05373,人民,竞技场独一无二的主人,主人,人民,HM,人体,HM,人体,2,具体→抽象,1099,0.9885,,,,,,,0.3954,,0.2175,2
xb_05374,悖论,逻辑和知识的终结,终结,悖论,EV,事件,AB,抽象,3,抽象→抽象,121,0.6781,,,,,,,0.2713,,0.1492,1
xb_05375,责任,世界上最沉重的东西,东西,责任,OB,物体,AB,抽象,3,抽象→抽象,1192,1.0,,,,,,,0.4,,0.22,2
xb_05376,战争,英雄的交易,交易,战争,EV,事件,EV,事件,3,抽象→抽象,121,0.6781,,,,,,,0.2713,,0.1492,1
xb_05377,思想,智慧的活动,活动,思想,EV,事件,TH,思维,3,抽象→抽象,121,0.6781,,,,,,,0.2713,,0.1492,1
xb_05378,窗子,房屋最迷人的镜框,镜框,窗子,OB,物体,OB,物体,1,具体→具体,1192,1.0,,,,,,,0.4,,0.22,2
xb_05379,树木,大地写上天空中的诗,诗,树木,AB,抽象,LF,光线,4,抽象→具体,515,0.8817,,,,,,,0.3527,,0.194,1
xb_05380,女人,祸水,祸水,女人,NT,自然,HM,人体,1,具体→具体,184,0.7369,,,,,,,0.2948,,0.1621,1
xb_05381,海流,水里的风,风,海流,NT,自然,NT,自然,1,具体→具体,184,0.7369,,,,,,,0.2948,,0.1621,1
xb_05382,预言的本领,上帝的恩赐,恩赐,本领,AB,抽象,AB,抽象,3,抽象→抽象,515,0.8817,,,,,,,0.3527,,0.194,1
xb_05383,母亲的乳房,孩子的粮仓,粮仓,乳房,OB,物体,BD,建筑,1,具体→具体,1192,1.0,,,,,,,0.4,,0.22,2
xb_05384,眼睛,心灵的窗户,窗户,眼睛,OB,物体,BD,建筑,1,具体→具体,1192,1.0,,,,,,,0.4,,0.22,2
xb_05385,他的头,一口小布袋,布袋,头,OB,物体,BD,建筑,1,具体→具体,1192,1.0,,,,,,,0.4,,0.22,2
xb_05386,作家,人类灵魂的工程师,工程师,作家,HM,人体,HM,人体,2,具体→抽象,1099,0.9885,,,,,,,0.3954,,0.2175,2
xb_05387,字,艺术,艺术,字,AB,抽象,AB,抽象,4,抽象→具体,515,0.8817,,,,,,,0.3527,,0.194,1
xb_05388,生活,一个叹号和一个问号之间的犹豫,犹豫,生活,ST,结构,AB,抽象,3,抽象→抽象,990,0.9738,,,,,,,0.3895,,0.2142,2
xb_05389,断头台,处女,处女,断头台,HM,人体,OB,物体,1,具体→具体,1099,0.9885,,,,,,,0.3954,,0.2175,2
xb_05390,无瑕的名誉,世间最纯粹的珍宝,珍宝,名誉,OB,物体,AB,抽象,2,具体→抽象,1192,1.0,,,,,,,0.4,,0.22,2
xb_05391,好奇心,女人勇气的一种表现形式,形式,好奇心,AB,抽象,EM,情感,3,抽象→抽象,515,0.8817,,,,,,,0.3527,,0.194,1
xb_05392,她/男人,野兽/猎手,猎手,男人,LV,生命,HM,人体,1,具体→具体,263,0.7871,,,,,,,0.3148,,0.1732,1
xb_05393,我母亲,家中的主心骨,主心骨,母亲,OB,物体,HM,人体,1,具体→具体,1192,1.0,,,,,,,0.4,,0.22,2
xb_05394,女孩/男孩,发达国家/第三世界,国家,女孩,SC,社会,HM,人体,4,抽象→具体,81,0.622,,,,,,,0.2488,,0.1369,1
xb_05395,孩子,爱情的结晶,结晶,孩子,OB,物体,HM,人体,1,具体→具体,1192,1.0,,,,,,,0.4,,0.22,2
xb_05396,相貌/心灵,侏儒/巨人,巨人,相貌,HM,人体,BD,建筑,2,具体→抽象,1099,0.9885,,,,,,,0.3954,,0.2175,2
xb_05397,人,万物之灵,万物之灵,人,AB,抽象,HM,人体,4,抽象→具体,515,0.8817,,,,,,,0.3527,,0.194,1
xb_05398,老爷,人中之龙,人中之龙,老爷,LV,生命,HM,人体,1,具体→具体,263,0.7871,,,,,,,0.3148,,0.1732,1
xb_05399,老爷/奴,天/地,地,老爷,NT,自然,HM,人体,4,抽象→具体,184,0.7369,,,,,,,0.2948,,0.1621,1
xb_05400,好的家庭/坏的家庭,天堂/地狱,地狱,家庭,SP,空间,SC,社会,2,具体→抽象,203,0.7507,,,,,,,0.3003,,0.1652,1
xb_05401,水利,农业的命脉,命脉,水利,BD,建筑,SC,社会,2,具体→抽象,221,0.7626,,,,,,,0.3051,,0.1678,1
xb_05402,旧剧,他的一个影子,影子,旧剧,OB,物体,AB,抽象,2,具体→抽象,1192,1.0,,,,,,,0.4,,0.22,2
xb_05403,一楼/二楼,感性空间/知性空间,空间,二楼,TH,思维,SP,空间,4,抽象→具体,101,0.6529,,,,,,,0.2611,,0.1436,1
xb_05404,人,世上的大野鸡,鸡,人,LV,生命,HM,人体,1,具体→具体,263,0.7871,,,,,,,0.3148,,0.1732,1
xb_05405,事物/思想,一个点/另一个点,点,思想,SP,空间,AB,抽象,3,抽象→抽象,203,0.7507,,,,,,,0.3003,,0.1652,1
xb_05406,天才,世界上最奇妙的东西,东西,天才,OB,物体,AB,抽象,1,具体→具体,1192,1.0,,,,,,,0.4,,0.22,2
xb_05407,钱,人的血脉,血脉,钱,BD,建筑,AB,抽象,2,具体→抽象,221,0.7626,,,,,,,0.3051,,0.1678,1
xb_05408,钱/衣,人的胆/人的毛,毛,衣,BD,建筑,AB,抽象,2,具体→抽象,221,0.7626,,,,,,,0.3051,,0.1678,1
xb_05409,生活的书本,很厚很厚的,厚,书本,OB,物体,AB,抽象,3,抽象→抽象,1192,1.0,,,,,,,0.4,,0.22,2
xb_05410,男人/女人,泥做的/水做的,水,女人,OB,物体,HM,人体,1,具体→具体,1192,1.0,,,,,,,0.4,,0.22,2
xb_05411,灵魂,世界上我最宝贵的东西,东西,灵魂,OB,物体,AB,抽象,2,具体→抽象,1192,1.0,,,,,,,0.4,,0.22,2
xb_05412,人类,统治者,统治者,人类,HM,人体,HM,人体,1,具体→具体,1099,0.9885,,,,,,,0.3954,,0.2175,2
xb_05413,女人/男人,水/污浊的泥,水,男人,OB,物体,HM,人体,1,具体→具体,1192,1.0,,,,,,,0.4,,0.22,2
xb_05414,嗔恚,地狱道之业因,地,嗔恚,AB,抽象,MR,机器,3,抽象→抽象,515,0.8817,,,,,,,0.3527,,0.194,1
xb_05415,龙朱,狮子,狮子,龙朱,LV,生命,HM,人体,1,具体→具体,263,0.7871,,,,,,,0.3148,,0.1732,1
xb_05416,夜莺/燕子,音乐家/巨人,巨人,夜莺,HM,人体,LV,生命,1,具体→具体,1099,0.9885,,,,,,,0.3954,,0.2175,2
xb_05417,魔鬼,精神的傲慢,傲慢,魔鬼,MR,机器,AB,抽象,3,抽象→抽象,123,0.6804,,,,,,,0.2722,,0.1497,1
xb_05418,人心,妄念、贪欲和阴谋的污池,阴谋,人心,OB,物体,TH,思维,2,具体→抽象,1192,1.0,,,,,,,0.4,,0.22,2
xb_05419,白虱,人类的老朋友,老朋友,白虱,HM,人体,LV,生命,1,具体→具体,1099,0.9885,,,,,,,0.3954,,0.2175,2
xb_05420,耻辱/丑行,技巧/信誉,技巧,耻辱,AB,抽象,AB,抽象,3,抽象→抽象,515,0.8817,,,,,,,0.3527,,0.194,1
xb_05421,她脸上的笑容,玫瑰花瓣,花瓣,笑容,LV,生命,EM,情感,2,具体→抽象,263,0.7871,,,,,,,0.3148,,0.1732,1
xb_05422,人的大脑,魔鬼的作坊,作坊,大脑,SP,空间,BD,建筑,1,具体→具体,203,0.7507,,,,,,,0.3003,,0.1652,1
xb_05423,语言,哲学家的魔杖,魔杖,语言,OB,物体,AB,抽象,2,具体→抽象,1192,1.0,,,,,,,0.4,,0.22,2
xb_05424,星星,火把,火把,星星,OB,物体,NT,自然,1,具体→具体,1192,1.0,,,,,,,0.4,,0.22,2
xb_05425,母爱,世界上惟一兼备伟大与糊涂的激情,激情,母爱,EM,情感,EM,情感,3,抽象→抽象,134,0.6924,,,,,,,0.277,,0.1523,1
xb_05426,宇宙的灵魂,仁爱、慈悲的,慈悲,灵魂,MR,机器,AB,抽象,3,抽象→抽象,123,0.6804,,,,,,,0.2722,,0.1497,1
xb_05427,这些狮子,觉悟/思想,思想,狮子,TH,思维,LV,生命,4,抽象→具体,101,0.6529,,,,,,,0.2611,,0.1436,1
xb_05428,劳改队,天堂,天堂,劳改队,SP,空间,SP,空间,1,具体→具体,203,0.7507,,,,,,,0.3003,,0.1652,1
xb_05429,水獭,工人,工人,水獭,HM,人体,LV,生命,1,具体→具体,1099,0.9885,,,,,,,0.3954,,0.2175,2
xb_05430,食道,橡胶管做的,橡胶,食道,OB,物体,BD,建筑,1,具体→具体,1192,1.0,,,,,,,0.4,,0.22,2
xb_05431,宗教,人类最强大的动力之一,之一,宗教,AB,抽象,AB,抽象,3,抽象→抽象,515,0.8817,,,,,,,0.3527,,0.194,1
xb_05432,情欲,殉道的事业,事业,情欲,AB,抽象,EM,情感,3,抽象→抽象,515,0.8817,,,,,,,0.3527,,0.194,1
xb_05433,女人,人类的神经部分,部分,女人,BD,建筑,HM,人体,1,具体→具体,221,0.7626,,,,,,,0.3051,,0.1678,1
xb_05434,肉,有容貌的,容貌,肉,BD,建筑,BD,建筑,4,抽象→具体,221,0.7626,,,,,,,0.3051,,0.1678,1
xb_05435,城市,令人窒息的混凝土、钢铁、玻璃的坟墓,坟墓,城市,SP,空间,SP,空间,1,具体→具体,203,0.7507,,,,,,,0.3003,,0.1652,1
xb_05436,这口井,赌场/交易所,交易所,井,SP,空间,OB,物体,1,具体→具体,203,0.7507,,,,,,,0.3003,,0.1652,1
xb_05437,摩格尔的灵魂,面包,面包,灵魂,FD,食物,AB,抽象,2,具体→抽象,46,0.5435,,,,,,,0.2174,,0.1196,1
xb_05438,中国的艺术,太阳神的艺术,艺术,艺术,AB,抽象,AB,抽象,3,抽象→抽象,515,0.8817,,,,,,,0.3527,,0.194,1
xb_05439,恋爱,由精神上想不透，在肉体上可以享受或忍痛的东西,东西,恋爱,OB,物体,EM,情感,2,具体→抽象,1192,1.0,,,,,,,0.4,,0.22,2
xb_05440,江湖医生,人类的真正朋友,朋友,医生,HM,人体,HM,人体,1,具体→具体,1099,0.9885,,,,,,,0.3954,,0.2175,2
xb_05441,书,人类进步的阶梯,阶梯,书,SP,空间,OB,物体,1,具体→具体,203,0.7507,,,,,,,0.3003,,0.1652,1
xb_05442,男人,利益和野心的动物,动物,男人,LV,生命,HM,人体,1,具体→具体,263,0.7871,,,,,,,0.3148,,0.1732,1
xb_05443,我们的仇敌,制度,制度,仇敌,SC,社会,HM,人体,4,抽象→具体,81,0.622,,,,,,,0.2488,,0.1369,1
xb_05444,你最坏的部分,良心,良心,部分,MR,机器,MR,机器,3,抽象→抽象,123,0.6804,,,,,,,0.2722,,0.1497,1
xb_05445,机械,艺术的成果,成果,机械,AB,抽象,MC,医疗,4,抽象→具体,515,0.8817,,,,,,,0.3527,,0.194,1
xb_05446,楚歌,雨,雨,楚歌,NT,自然,EM,情感,2,具体→抽象,184,0.7369,,,,,,,0.2948,,0.1621,1
xb_05447,白日/夜晚,烟/火,火,白日,NT,自然,TM,时间,2,具体→抽象,184,0.7369,,,,,,,0.2948,,0.1621,1
xb_05448,灵魂,统治者和主宰,主宰,灵魂,HM,人体,AB,抽象,2,具体→抽象,1099,0.9885,,,,,,,0.3954,,0.2175,2
xb_05449,海洋,人类无价的宝库,宝库,海洋,OB,物体,NT,自然,1,具体→具体,1192,1.0,,,,,,,0.4,,0.22,2
xb_05450,编辑,作家与读者之间的桥梁,桥梁,编辑,SP,空间,HM,人体,1,具体→具体,203,0.7507,,,,,,,0.3003,,0.1652,1
xb_05451,男人/女人,太阳生的/大地生的,大地生,女人,NT,自然,HM,人体,1,具体→具体,184,0.7369,,,,,,,0.2948,,0.1621,1
xb_05452,人/饭,铁/钢,钢,饭,OB,物体,HM,人体,1,具体→具体,1192,1.0,,,,,,,0.4,,0.22,2
xb_05453,算命的人,江湖,江湖,人,SP,空间,HM,人体,4,抽象→具体,203,0.7507,,,,,,,0.3003,,0.1652,1
xb_05454,强权,公理,公理,强权,MR,机器,MR,机器,3,抽象→抽象,123,0.6804,,,,,,,0.2722,,0.1497,1
xb_05455,神枪手,用子弹喂出来的,子弹,神枪手,HM,人体,HM,人体,1,具体→具体,1099,0.9885,,,,,,,0.3954,,0.2175,2
xb_05456,爱情,罪过,罪过,爱情,MR,机器,EM,情感,3,抽象→抽象,123,0.6804,,,,,,,0.2722,,0.1497,1
xb_05457,原子弹,罪恶,罪恶,原子弹,MR,机器,WR,战争,4,抽象→具体,123,0.6804,,,,,,,0.2722,,0.1497,1
xb_05458,人间正道,沧桑,沧桑,正道,NT,自然,AB,抽象,3,抽象→抽象,184,0.7369,,,,,,,0.2948,,0.1621,1
xb_05459,流氓/事业,手段/目的,手段,事业,AB,抽象,HM,人体,3,抽象→抽象,515,0.8817,,,,,,,0.3527,,0.194,1
xb_05460,人,万物的尺度,尺度,人,OB,物体,HM,人体,4,抽象→具体,1192,1.0,,,,,,,0.4,,0.22,2
xb_05461,汉子,白昼土匪,土匪,汉子,HM,人体,HM,人体,1,具体→具体,1099,0.9885,,,,,,,0.3954,,0.2175,2
xb_05462,学生/教师,顾客/店员,店员,教师,HM,人体,HM,人体,1,具体→具体,1099,0.9885,,,,,,,0.3954,,0.2175,2
xb_05463,午夜/一点钟,零/公元后一百年,公元,午夜,AB,抽象,TM,时间,3,抽象→抽象,515,0.8817,,,,,,,0.3527,,0.194,1
xb_05464,上流阶层,寄生虫,寄生虫,阶层,LV,生命,SC,社会,2,具体→抽象,263,0.7871,,,,,,,0.3148,,0.1732,1
xb_05465,熊,人的兄弟,兄弟,熊,HM,人体,LV,生命,1,具体→具体,1099,0.9885,,,,,,,0.3954,,0.2175,2
xb_05466,秋月,纷飞的碎玉,碎玉,秋月,OB,物体,NT,自然,1,具体→具体,1192,1.0,,,,,,,0.4,,0.22,2
xb_05467,礼义廉耻,国之四维,国之四维,礼义,SP,空间,MR,机器,3,抽象→抽象,203,0.7507,,,,,,,0.3003,,0.1652,1
xb_05468,时间,世人的君王,君王,时间,HM,人体,TM,时间,2,具体→抽象,1099,0.9885,,,,,,,0.3954,,0.2175,2
xb_05469,历史,鬼打墙,墙,历史,EV,事件,AB,抽象,2,具体→抽象,121,0.6781,,,,,,,0.2713,,0.1492,1
xb_05470,电光,天的诙谐,诙谐,电光,EM,情感,NT,自然,4,抽象→具体,134,0.6924,,,,,,,0.277,,0.1523,1
xb_05471,人,世上的大野鸡,鸡,人,LV,生命,HM,人体,1,具体→具体,263,0.7871,,,,,,,0.3148,,0.1732,1
xb_05472,猫小孩,世界上最快活的小人们,人们,小孩,HM,人体,LV,生命,1,具体→具体,1099,0.9885,,,,,,,0.3954,,0.2175,2
xb_05473,这个世界,梦,梦,世界,TH,思维,AB,抽象,3,抽象→抽象,101,0.6529,,,,,,,0.2611,,0.1436,1
xb_05474,苹果,水果中的贵族,贵族,苹果,HM,人体,FD,食物,1,具体→具体,1099,0.9885,,,,,,,0.3954,,0.2175,2
xb_05475,国家,一个膨胀得很大的人性,人性,国家,AB,抽象,SC,社会,3,抽象→抽象,515,0.8817,,,,,,,0.3527,,0.194,1
xb_05476,坟墓,家园,家园,坟墓,SP,空间,SP,空间,1,具体→具体,203,0.7507,,,,,,,0.3003,,0.1652,1
xb_05477,未来的世界,银子的,银子,世界,OB,物体,TM,时间,2,具体→抽象,1192,1.0,,,,,,,0.4,,0.22,2
xb_05478,血,熔岩,熔岩,血,NT,自然,BD,建筑,1,具体→具体,184,0.7369,,,,,,,0.2948,,0.1621,1
xb_05479,爸爸,魔鬼,魔鬼,爸爸,HM,人体,HM,人体,1,具体→具体,1099,0.9885,,,,,,,0.3954,,0.2175,2
xb_05480,树叶,二十元的纸币,纸币,树叶,OB,物体,LV,生命,1,具体→具体,1192,1.0,,,,,,,0.4,,0.22,2
xb_05481,未婚妻,天使,天使,未婚妻,HM,人体,HM,人体,1,具体→具体,1099,0.9885,,,,,,,0.3954,,0.2175,2
xb_05482,灵魂,运动的源泉,源泉,灵魂,NT,自然,AB,抽象,2,具体→抽象,184,0.7369,,,,,,,0.2948,,0.1621,1
xb_05483,女儿,天仙,天仙,女儿,HM,人体,HM,人体,1,具体→具体,1099,0.9885,,,,,,,0.3954,,0.2175,2
xb_05484,我（饿了时）,头狮子,狮子,饿,LV,生命,HM,人体,1,具体→具体,263,0.7871,,,,,,,0.3148,,0.1732,1
xb_05485,生命,空幻的海市蜃楼,海市蜃楼,生命,NT,自然,AB,抽象,2,具体→抽象,184,0.7369,,,,,,,0.2948,,0.1621,1
xb_05486,斑鸠,常备兵,兵,斑鸠,HM,人体,LV,生命,1,具体→具体,1099,0.9885,,,,,,,0.3954,,0.2175,2
xb_05487,废墟,进化的长链,长链,废墟,OB,物体,SP,空间,1,具体→具体,1192,1.0,,,,,,,0.4,,0.22,2
xb_05488,世俗的金银,罪恶之源,源,世俗,MR,机器,OB,物体,1,具体→具体,123,0.6804,,,,,,,0.2722,,0.1497,1
xb_05489,爱情,上帝赐予的礼物,礼物,爱情,OB,物体,EM,情感,2,具体→抽象,1192,1.0,,,,,,,0.4,,0.22,2
xb_05490,云,风的面貌,面貌,云,BD,建筑,NT,自然,4,抽象→具体,221,0.7626,,,,,,,0.3051,,0.1678,1
xb_05491,勋章,命根子,命根子,勋章,BD,建筑,OB,物体,1,具体→具体,221,0.7626,,,,,,,0.3051,,0.1678,1
xb_05492,电视特权,肥缺中的肥缺,肥缺,特权,SC,社会,AB,抽象,2,具体→抽象,81,0.622,,,,,,,0.2488,,0.1369,1
xb_05493,这个教会,精心制作的神龛的天下,天下,教会,SP,空间,SC,社会,3,抽象→抽象,203,0.7507,,,,,,,0.3003,,0.1652,1
xb_05494,小作家,壮士,壮士,作家,HM,人体,HM,人体,1,具体→具体,1099,0.9885,,,,,,,0.3954,,0.2175,2
xb_05495,弗洛伊小姐,天使,天使,小姐,HM,人体,HM,人体,1,具体→具体,1099,0.9885,,,,,,,0.3954,,0.2175,2
xb_05496,她的心,铁打冰铸的,的,心,OB,物体,EM,情感,2,具体→抽象,1192,1.0,,,,,,,0.4,,0.22,2
xb_05497,那只五斗橱,纪念碑,纪念碑,橱,OB,物体,OB,物体,1,具体→具体,1192,1.0,,,,,,,0.4,,0.22,2
xb_05498,他的脸,判官合起来的,判,脸,HM,人体,BD,建筑,1,具体→具体,1099,0.9885,,,,,,,0.3954,,0.2175,2
xb_05499,泪,露水,露水,泪,NT,自然,BD,建筑,1,具体→具体,184,0.7369,,,,,,,0.2948,,0.1621,1
xb_05500,酒,万恶之源,万恶之源,酒,MR,机器,FD,食物,1,具体→具体,123,0.6804,,,,,,,0.2722,,0.1497,1
xb_05501,警察,共产党员有力的手臂,手臂,警察,BD,建筑,HM,人体,1,具体→具体,221,0.7626,,,,,,,0.3051,,0.1678,1
xb_05502,鸟的歌声,曙光从大地反响过去的回声,回声,歌声,SN,感知,AB,抽象,2,具体→抽象,146,0.7044,,,,,,,0.2818,,0.155,1
xb_05504,我们的公民,兄弟,兄弟,公民,HM,人体,HM,人体,1,具体→具体,1099,0.9885,,,,,,,0.3954,,0.2175,2
xb_05505,我,一座春山,春山,我,NT,自然,HM,人体,1,具体→具体,184,0.7369,,,,,,,0.2948,,0.1621,1
xb_05506,金钱,发光的宝物,宝物,金钱,OB,物体,OB,物体,1,具体→具体,1192,1.0,,,,,,,0.4,,0.22,2
xb_05507,他的声誉,爱情,爱情,声誉,EM,情感,AB,抽象,3,抽象→抽象,134,0.6924,,,,,,,0.277,,0.1523,1
xb_05508,废墟,课本,课本,废墟,OB,物体,SP,空间,1,具体→具体,1192,1.0,,,,,,,0.4,,0.22,2
xb_05509,那橘子树,摇钱树,摇钱树,树,OB,物体,LV,生命,1,具体→具体,1192,1.0,,,,,,,0.4,,0.22,2
xb_05510,那姑娘,杨柳,杨柳,姑娘,LV,生命,HM,人体,1,具体→具体,263,0.7871,,,,,,,0.3148,,0.1732,1
xb_05511,她的脸,空白的,空白,脸,ST,结构,BD,建筑,4,抽象→具体,990,0.9738,,,,,,,0.3895,,0.2142,2
xb_05512,上帝,理想,理想,上帝,AB,抽象,AB,抽象,3,抽象→抽象,515,0.8817,,,,,,,0.3527,,0.194,1
xb_05513,我爸,巨无霸,巨无霸,我爸,OB,物体,HM,人体,1,具体→具体,1192,1.0,,,,,,,0.4,,0.22,2
xb_05514,女人,贼,贼,女人,HM,人体,HM,人体,1,具体→具体,1099,0.9885,,,,,,,0.3954,,0.2175,2
xb_05515,直觉,灵魂的生命,生命,直觉,AB,抽象,TH,思维,2,具体→抽象,515,0.8817,,,,,,,0.3527,,0.194,1
xb_05516,学问,光明,光明,学问,SN,感知,AB,抽象,2,具体→抽象,146,0.7044,,,,,,,0.2818,,0.155,1
xb_05517,上帝,人民,人民,上帝,HM,人体,AB,抽象,3,抽象→抽象,1099,0.9885,,,,,,,0.3954,,0.2175,2
xb_05518,孩子,怀中的花束,花束,孩子,LV,生命,HM,人体,1,具体→具体,263,0.7871,,,,,,,0.3148,,0.1732,1
xb_05519,小的,国家养的一条狗,狗,小的,LV,生命,HM,人体,1,具体→具体,263,0.7871,,,,,,,0.3148,,0.1732,1
xb_05520,山,地的乳头,乳头,山,BD,建筑,NT,自然,1,具体→具体,221,0.7626,,,,,,,0.3051,,0.1678,1
xb_05521,他,一座冰冷雪白的阿尔卑斯山,阿尔卑斯山,他,NT,自然,HM,人体,1,具体→具体,184,0.7369,,,,,,,0.2948,,0.1621,1
xb_05522,酒,梦的母亲,母亲,酒,HM,人体,FD,食物,1,具体→具体,1099,0.9885,,,,,,,0.3954,,0.2175,2
xb_05523,人,环境的产物,产物,人,OB,物体,HM,人体,4,抽象→具体,1192,1.0,,,,,,,0.4,,0.22,2
xb_05524,心灵,箭,箭,心灵,OB,物体,EM,情感,2,具体→抽象,1192,1.0,,,,,,,0.4,,0.22,2
xb_05525,我的耳朵,木头做的,木头,耳朵,OB,物体,BD,建筑,1,具体→具体,1192,1.0,,,,,,,0.4,,0.22,2
xb_05526,女儿,母亲潜在的情敌,情敌,女儿,HM,人体,HM,人体,1,具体→具体,1099,0.9885,,,,,,,0.3954,,0.2175,2
xb_05527,文学,流亡者的巨大医院,医院,文学,SP,空间,AB,抽象,2,具体→抽象,203,0.7507,,,,,,,0.3003,,0.1652,1
xb_05528,女孩,麻雀,麻雀,女孩,LV,生命,HM,人体,1,具体→具体,263,0.7871,,,,,,,0.3148,,0.1732,1
xb_05529,美,真理的光,光,美,SN,感知,AB,抽象,2,具体→抽象,146,0.7044,,,,,,,0.2818,,0.155,1
xb_05530,她的心,陷阱和网,网,心,OB,物体,EM,情感,2,具体→抽象,1192,1.0,,,,,,,0.4,,0.22,2
xb_05531,女人,贱货,贱货,女人,OB,物体,HM,人体,1,具体→具体,1192,1.0,,,,,,,0.4,,0.22,2
xb_05532,有学问的人,瞎子,瞎子,人,HM,人体,HM,人体,1,具体→具体,1099,0.9885,,,,,,,0.3954,,0.2175,2
xb_05533,夜雨,行旅的大敌,大敌,夜雨,HM,人体,NT,自然,1,具体→具体,1099,0.9885,,,,,,,0.3954,,0.2175,2
xb_05534,女人,仙女下凡,仙女,女人,HM,人体,HM,人体,1,具体→具体,1099,0.9885,,,,,,,0.3954,,0.2175,2
xb_05535,水,旅行家,旅行家,水,HM,人体,NT,自然,1,具体→具体,1099,0.9885,,,,,,,0.3954,,0.2175,2
xb_05536,天鹅,姑娘的化身,化身,天鹅,HM,人体,LV,生命,4,抽象→具体,1099,0.9885,,,,,,,0.3954,,0.2175,2
xb_05537,房/地,招牌/累,招牌,地,OB,物体,SP,空间,1,具体→具体,1192,1.0,,,,,,,0.4,,0.22,2
xb_05538,人,动物的神,神,人,HM,人体,HM,人体,1,具体→具体,1099,0.9885,,,,,,,0.3954,,0.2175,2
xb_05539,肉欲,艺术的酵母,酵母,肉欲,OB,物体,AB,抽象,2,具体→抽象,1192,1.0,,,,,,,0.4,,0.22,2
xb_05540,姑娘,心病,心病,姑娘,ST,结构,HM,人体,4,抽象→具体,990,0.9738,,,,,,,0.3895,,0.2142,2
xb_05541,爸爸,魔鬼,魔鬼,爸爸,HM,人体,HM,人体,1,具体→具体,1099,0.9885,,,,,,,0.3954,,0.2175,2
xb_05542,他们的天地,爱情,爱情,天地,EM,情感,SP,空间,3,抽象→抽象,134,0.6924,,,,,,,0.277,,0.1523,1
xb_05543,人类永存的肉体,想象力,想象力,肉体,TH,思维,BD,建筑,4,抽象→具体,101,0.6529,,,,,,,0.2611,,0.1436,1
xb_05544,风和雷,神灵的本身,神灵,风和雷,HM,人体,NT,自然,4,抽象→具体,1099,0.9885,,,,,,,0.3954,,0.2175,2
xb_05545,露珠,昆虫的母亲,母亲,露珠,HM,人体,NT,自然,1,具体→具体,1099,0.9885,,,,,,,0.3954,,0.2175,2
xb_05546,女人,祸水,祸水,女人,OB,物体,HM,人体,1,具体→具体,1192,1.0,,,,,,,0.4,,0.22,2
xb_05547,爱情,罪恶,罪恶,爱情,MR,机器,EM,情感,3,抽象→抽象,123,0.6804,,,,,,,0.2722,,0.1497,1
xb_05548,人/国家,鱼/水,水,国家,LV,生命,HM,人体,1,具体→具体,263,0.7871,,,,,,,0.3148,,0.1732,1
xb_05549,水,万物之源,源,水,AB,抽象,NT,自然,1,具体→具体,515,0.8817,,,,,,,0.3527,,0.194,1
xb_05550,男人/女人,马/骑马的人,人,女人,LV,生命,HM,人体,1,具体→具体,263,0.7871,,,,,,,0.3148,,0.1732,1
xb_05551,梦想,消费品,消费品,梦想,OB,物体,AB,抽象,2,具体→抽象,1192,1.0,,,,,,,0.4,,0.22,2
xb_05552,爱情,人生的根本,根本,爱情,AB,抽象,EM,情感,3,抽象→抽象,515,0.8817,,,,,,,0.3527,,0.194,1
xb_05553,女人,恶魔,恶魔,女人,HM,人体,HM,人体,1,具体→具体,1099,0.9885,,,,,,,0.3954,,0.2175,2
xb_05554,眼睛,灵魂的窗户,窗户,眼睛,OB,物体,BD,建筑,2,具体→抽象,1192,1.0,,,,,,,0.4,,0.22,2
xb_05555,最高的法律,良心,良心,法律,MR,机器,AB,抽象,3,抽象→抽象,123,0.6804,,,,,,,0.2722,,0.1497,1
xb_05556,魔鬼,荣誉职位,职位,魔鬼,SC,社会,AB,抽象,4,抽象→具体,81,0.622,,,,,,,0.2488,,0.1369,1
xb_05557,那些小虫,龙卷风,龙卷风,小虫,NT,自然,LV,生命,1,具体→具体,184,0.7369,,,,,,,0.2948,,0.1621,1
xb_05558,钱,大水淌来的,淌来,钱,NT,自然,OB,物体,1,具体→具体,184,0.7369,,,,,,,0.2948,,0.1621,1
xb_05559,眼泪,气泡,气泡,眼泪,OB,物体,BD,建筑,1,具体→具体,1192,1.0,,,,,,,0.4,,0.22,2
xb_05560,水泥和饥饿天使,同谋犯,同谋犯,天使,HM,人体,AB,抽象,1,具体→具体,1099,0.9885,,,,,,,0.3954,,0.2175,2
xb_05561,战争,粗线条的事情,事情,战争,AB,抽象,EV,事件,3,抽象→抽象,515,0.8817,,,,,,,0.3527,,0.194,1
xb_05562,他的真正的母亲,教会,教会,母亲,SC,社会,HM,人体,4,抽象→具体,81,0.622,,,,,,,0.2488,,0.1369,1
xb_05563,改良执照,发明家的致命伤,致命伤,执照,BD,建筑,AB,抽象,1,具体→具体,221,0.7626,,,,,,,0.3051,,0.1678,1
xb_05564,她的心,陷阱和网,网,心,OB,物体,EM,情感,2,具体→抽象,1192,1.0,,,,,,,0.4,,0.22,2
xb_05565,她,魔鬼的器皿,器皿,她,OB,物体,HM,人体,1,具体→具体,1192,1.0,,,,,,,0.4,,0.22,2
xb_05566,雪,暖的,暖的,雪,SN,感知,NT,自然,4,抽象→具体,146,0.7044,,,,,,,0.2818,,0.155,1
xb_05567,风,最坏的东西,东西,风,OB,物体,NT,自然,1,具体→具体,1192,1.0,,,,,,,0.4,,0.22,2
xb_05568,艺术的天国,自由的殿堂,殿堂,天国,SP,空间,AB,抽象,2,具体→抽象,203,0.7507,,,,,,,0.3003,,0.1652,1
xb_05569,雪峰,伟大的,伟大,雪峰,ST,结构,NT,自然,4,抽象→具体,990,0.9738,,,,,,,0.3895,,0.2142,2
xb_05570,人生,伟大的,伟大,人生,ST,结构,AB,抽象,3,抽象→抽象,990,0.9738,,,,,,,0.3895,,0.2142,2
xb_05571,夜天,有限的,的,夜天,ST,结构,AB,抽象,4,抽象→具体,990,0.9738,,,,,,,0.3895,,0.2142,2
xb_05572,滋味,怪羞涩的,怪羞涩,滋味,EM,情感,SN,感知,3,抽象→抽象,134,0.6924,,,,,,,0.277,,0.1523,1
xb_05573,山水,美妙的俦侣,俦侣,山水,HM,人体,NT,自然,1,具体→具体,1099,0.9885,,,,,,,0.3954,,0.2175,2
xb_05574,真实的感情,弹性的,弹性,感情,OB,物体,EM,情感,3,抽象→抽象,1192,1.0,,,,,,,0.4,,0.22,2
xb_05575,这,精美的果酱,果酱,这,FD,食物,AB,抽象,2,具体→抽象,46,0.5435,,,,,,,0.2174,,0.1196,1
xb_05576,心灵的血液,透明的,透明,血液,ST,结构,EM,情感,3,抽象→抽象,990,0.9738,,,,,,,0.3895,,0.2142,2
xb_05577,夕阳的生命,有限的,的,生命,ST,结构,AB,抽象,3,抽象→抽象,990,0.9738,,,,,,,0.3895,,0.2142,2
xb_05578,民间艺术,生命之花,花,艺术,LV,生命,AB,抽象,2,具体→抽象,263,0.7871,,,,,,,0.3148,,0.1732,1
xb_05579,心,冷的,冷的,心,SN,感知,EM,情感,2,具体→抽象,146,0.7044,,,,,,,0.2818,,0.155,1
xb_05580,泪,热的,热的,泪,SN,感知,BD,建筑,4,抽象→具体,146,0.7044,,,,,,,0.2818,,0.155,1
xb_05581,儿童,大树的幼芽,幼芽,儿童,LV,生命,HM,人体,1,具体→具体,263,0.7871,,,,,,,0.3148,,0.1732,1
xb_05582,前途,光明的,光明,前途,SN,感知,AB,抽象,2,具体→抽象,146,0.7044,,,,,,,0.2818,,0.155,1
xb_05583,道路,曲折的,曲折,道路,SP,空间,AB,抽象,3,抽象→抽象,203,0.7507,,,,,,,0.3003,,0.1652,1
xb_05584,人民的力量,伟大的,伟大,力量,ST,结构,AB,抽象,3,抽象→抽象,990,0.9738,,,,,,,0.3895,,0.2142,2
xb_05585,这任务,神圣的,神圣,任务,MR,机器,AB,抽象,3,抽象→抽象,123,0.6804,,,,,,,0.2722,,0.1497,1
xb_05586,文章,从泥土里开出来的鲜花,鲜花,文章,LV,生命,AB,抽象,2,具体→抽象,263,0.7871,,,,,,,0.3148,,0.1732,1
xb_05587,我的岁月,有限了,有限,岁月,ST,结构,TM,时间,3,抽象→抽象,990,0.9738,,,,,,,0.3895,,0.2142,2
xb_05588,友情,最好的药物,药物,友情,OB,物体,EM,情感,2,具体→抽象,1192,1.0,,,,,,,0.4,,0.22,2
xb_05589,海,活泼的,活泼,海,ST,结构,NT,自然,4,抽象→具体,990,0.9738,,,,,,,0.3895,,0.2142,2
xb_05590,生命,黑暗的,黑暗,生命,SN,感知,AB,抽象,3,抽象→抽象,146,0.7044,,,,,,,0.2818,,0.155,1
xb_05591,它的日子,有数的,有数,日子,ST,结构,TM,时间,3,抽象→抽象,990,0.9738,,,,,,,0.3895,,0.2142,2
xb_05592,风,狂乱不宁的,狂乱不宁,风,EM,情感,NT,自然,4,抽象→具体,134,0.6924,,,,,,,0.277,,0.1523,1
xb_05593,文章,客观事物的反映,反映,文章,AB,抽象,AB,抽象,2,具体→抽象,515,0.8817,,,,,,,0.3527,,0.194,1
xb_05594,生命,虚空的,虚空,生命,SP,空间,AB,抽象,3,抽象→抽象,203,0.7507,,,,,,,0.3003,,0.1652,1
xb_05595,时间,短促的,短促,时间,ST,结构,TM,时间,3,抽象→抽象,990,0.9738,,,,,,,0.3895,,0.2142,2
xb_05596,你的前途,远大的,远大,前途,SP,空间,AB,抽象,3,抽象→抽象,203,0.7507,,,,,,,0.3003,,0.1652,1
xb_05597,我们的生命,热切的,热切,生命,SN,感知,AB,抽象,3,抽象→抽象,146,0.7044,,,,,,,0.2818,,0.155,1
xb_05598,我和北京的感情,深厚的,深厚,感情,SP,空间,EM,情感,3,抽象→抽象,203,0.7507,,,,,,,0.3003,,0.1652,1
xb_05599,生命的旅途,漫长的,漫长,旅途,SP,空间,AB,抽象,3,抽象→抽象,203,0.7507,,,,,,,0.3003,,0.1652,1
xb_05600,这个世界,甜柔的,甜柔,世界,SN,感知,AB,抽象,3,抽象→抽象,146,0.7044,,,,,,,0.2818,,0.155,1
xb_05601,心,无畏的,无畏,心,EM,情感,TH,思维,2,具体→抽象,134,0.6924,,,,,,,0.277,,0.1523,1
xb_05602,我的前途,美丽的,美丽,前途,SN,感知,AB,抽象,3,抽象→抽象,146,0.7044,,,,,,,0.2818,,0.155,1
xb_05603,世界的大路,拥挤的,的,大路,SP,空间,AB,抽象,4,抽象→具体,203,0.7507,,,,,,,0.3003,,0.1652,1
xb_05604,她的希望,微小的,微小,希望,SP,空间,EM,情感,3,抽象→抽象,203,0.7507,,,,,,,0.3003,,0.1652,1
xb_05605,这时间,安宁的,安宁,时间,ST,结构,TM,时间,3,抽象→抽象,990,0.9738,,,,,,,0.3895,,0.2142,2
xb_05606,真理,严酷的,的,真理,ST,结构,AB,抽象,3,抽象→抽象,990,0.9738,,,,,,,0.3895,,0.2142,2
xb_05607,自己走过的路,错误的,错误,路,ST,结构,AB,抽象,3,抽象→抽象,990,0.9738,,,,,,,0.3895,,0.2142,2
xb_05608,头上的屋顶,沉重的,沉重,屋顶,OB,物体,SP,空间,4,抽象→具体,1192,1.0,,,,,,,0.4,,0.22,2
xb_05609,形势,明朗的,明朗,形势,SN,感知,AB,抽象,3,抽象→抽象,146,0.7044,,,,,,,0.2818,,0.155,1
xb_05610,原来的体制,脆弱的,脆弱,体制,OB,物体,AB,抽象,3,抽象→抽象,1192,1.0,,,,,,,0.4,,0.22,2
xb_05611,语气,随便的、愉快的,随便,语气,EM,情感,AB,抽象,3,抽象→抽象,134,0.6924,,,,,,,0.277,,0.1523,1
xb_05612,语调,沉重而缓慢的,沉重,语调,OB,物体,AB,抽象,3,抽象→抽象,1192,1.0,,,,,,,0.4,,0.22,2
xb_05613,成绩,显著的,显著,成绩,SN,感知,AB,抽象,3,抽象→抽象,146,0.7044,,,,,,,0.2818,,0.155,1
xb_05614,赶山的力量,强大的,强大,力量,ST,结构,AB,抽象,3,抽象→抽象,990,0.9738,,,,,,,0.3895,,0.2142,2
xb_05615,他的声音,开朗的、柔和的,柔和,声音,ST,结构,SN,感知,4,抽象→具体,990,0.9738,,,,,,,0.3895,,0.2142,2
xb_05616,人民的铁扫帚,无情的,无情,铁扫帚,EM,情感,AB,抽象,4,抽象→具体,134,0.6924,,,,,,,0.277,,0.1523,1
xb_05617,晨光,清冷的,清冷,晨光,SN,感知,NT,自然,4,抽象→具体,146,0.7044,,,,,,,0.2818,,0.155,1
xb_05618,历史,严峻的,严峻,历史,ST,结构,AB,抽象,3,抽象→抽象,990,0.9738,,,,,,,0.3895,,0.2142,2
xb_05619,群众的眼睛,亮的,亮的,眼睛,SN,感知,BD,建筑,4,抽象→具体,146,0.7044,,,,,,,0.2818,,0.155,1
xb_05620,梦想,自私的,自私,梦想,MR,机器,AB,抽象,3,抽象→抽象,123,0.6804,,,,,,,0.2722,,0.1497,1
xb_05621,梦想,美好的,美好,梦想,ST,结构,AB,抽象,3,抽象→抽象,990,0.9738,,,,,,,0.3895,,0.2142,2
xb_05622,担心,多余的,多余,担心,ST,结构,EM,情感,3,抽象→抽象,990,0.9738,,,,,,,0.3895,,0.2142,2
xb_05623,声音,平静安详,安详,声音,ST,结构,SN,感知,4,抽象→具体,990,0.9738,,,,,,,0.3895,,0.2142,2
xb_05624,语调,沉重的,沉重,语调,OB,物体,AB,抽象,3,抽象→抽象,1192,1.0,,,,,,,0.4,,0.22,2
xb_05625,眼光,温和的,温和,眼光,ST,结构,SN,感知,3,抽象→抽象,990,0.9738,,,,,,,0.3895,,0.2142,2
xb_05626,景象,凄惨的,凄惨,景象,EM,情感,SN,感知,4,抽象→具体,134,0.6924,,,,,,,0.277,,0.1523,1
xb_05627,回音,奇幻的恐怖的,恐怖,回音,EM,情感,SN,感知,4,抽象→具体,134,0.6924,,,,,,,0.277,,0.1523,1
xb_05628,太明的心,孤独的,孤独,心,EM,情感,EM,情感,2,具体→抽象,134,0.6924,,,,,,,0.277,,0.1523,1
xb_05629,阿玉的泪,糊涂的泪,泪,泪,ST,结构,BD,建筑,1,具体→具体,990,0.9738,,,,,,,0.3895,,0.2142,2
xb_05630,主要的意思,真实的,真实,意思,ST,结构,AB,抽象,3,抽象→抽象,990,0.9738,,,,,,,0.3895,,0.2142,2
xb_05631,得到的印象,难言的,难言,印象,ST,结构,AB,抽象,3,抽象→抽象,990,0.9738,,,,,,,0.3895,,0.2142,2
xb_05632,院子里的空气,冷冽冽的,冽冽,空气,SN,感知,NT,自然,4,抽象→具体,146,0.7044,,,,,,,0.2818,,0.155,1
xb_05633,我所遭遇的苦难,特殊的,特殊,苦难,ST,结构,AB,抽象,3,抽象→抽象,990,0.9738,,,,,,,0.3895,,0.2142,2
xb_05634,苦难,寻常事,事,苦难,AB,抽象,AB,抽象,3,抽象→抽象,515,0.8817,,,,,,,0.3527,,0.194,1
xb_05635,那目光,超然的,超然,目光,ST,结构,SN,感知,3,抽象→抽象,990,0.9738,,,,,,,0.3895,,0.2142,2
xb_05636,父亲的称号,神圣的,神圣,称号,MR,机器,AB,抽象,3,抽象→抽象,123,0.6804,,,,,,,0.2722,,0.1497,1
xb_05637,检查结果,残酷的,残酷,结果,ST,结构,AB,抽象,3,抽象→抽象,990,0.9738,,,,,,,0.3895,,0.2142,2
xb_05638,她们的野心,纯洁的,纯洁,野心,MR,机器,AB,抽象,3,抽象→抽象,123,0.6804,,,,,,,0.2722,,0.1497,1
xb_05639,主要的感觉,窝囊,窝囊,感觉,EM,情感,EM,情感,3,抽象→抽象,134,0.6924,,,,,,,0.277,,0.1523,1
xb_05640,医学,落后的,落后,医学,ST,结构,AB,抽象,3,抽象→抽象,990,0.9738,,,,,,,0.3895,,0.2142,2
xb_05641,生命,神秘的,神秘,生命,ST,结构,AB,抽象,3,抽象→抽象,990,0.9738,,,,,,,0.3895,,0.2142,2
xb_05642,选择的权利,虚假的,虚假,权利,ST,结构,AB,抽象,3,抽象→抽象,990,0.9738,,,,,,,0.3895,,0.2142,2
xb_05643,痛恨和藐视细菌,愚蠢的,愚蠢,细菌,ST,结构,AB,抽象,3,抽象→抽象,990,0.9738,,,,,,,0.3895,,0.2142,2
xb_05644,黑海里的动物,贫乏的,贫乏,动物,ST,结构,LV,生命,4,抽象→具体,990,0.9738,,,,,,,0.3895,,0.2142,2
xb_05645,人,小狗,小狗,人,LV,生命,HM,人体,1,具体→具体,263,0.7871,,,,,,,0.3148,,0.1732,1
xb_05646,小孩子的头脑,幼稚的,幼稚,头脑,ST,结构,TH,思维,3,抽象→抽象,990,0.9738,,,,,,,0.3895,,0.2142,2
xb_05647,心,纯洁的,纯洁,心,MR,机器,TH,思维,2,具体→抽象,123,0.6804,,,,,,,0.2722,,0.1497,1
xb_05648,划船人,固执的,固执,划船人,HM,人体,HM,人体,4,抽象→具体,1099,0.9885,,,,,,,0.3954,,0.2175,2
xb_05649,思想的世界,广阔天垠的,天垠,世界,SP,空间,AB,抽象,3,抽象→抽象,203,0.7507,,,,,,,0.3003,,0.1652,1
xb_05650,上帝,仁慈的,仁慈,上帝,MR,机器,AB,抽象,3,抽象→抽象,123,0.6804,,,,,,,0.2722,,0.1497,1
xb_05651,娘们儿家的一生,短暂的,短暂,一生,ST,结构,TM,时间,3,抽象→抽象,990,0.9738,,,,,,,0.3895,,0.2142,2
xb_05652,智慧,快乐的唯一可能的源泉,源泉,智慧,NT,自然,AB,抽象,2,具体→抽象,184,0.7369,,,,,,,0.2948,,0.1621,1
xb_05653,疾病,无情的,无情,疾病,EM,情感,AB,抽象,3,抽象→抽象,134,0.6924,,,,,,,0.277,,0.1523,1
xb_05654,我的感情,幼稚而淳朴的,的,感情,ST,结构,EM,情感,3,抽象→抽象,990,0.9738,,,,,,,0.3895,,0.2142,2
xb_05655,他们这一伙人,大奸慝,慝,人,HM,人体,HM,人体,1,具体→具体,1099,0.9885,,,,,,,0.3954,,0.2175,2
xb_05656,峨心里的道路,崎岖的,崎岖,道路,SP,空间,EM,情感,3,抽象→抽象,203,0.7507,,,,,,,0.3003,,0.1652,1
xb_05657,年轻人执拗的梦,可怕的,可怕,梦,EM,情感,AB,抽象,3,抽象→抽象,134,0.6924,,,,,,,0.277,,0.1523,1
xb_05658,这愿望,空泛的,空泛,愿望,SP,空间,AB,抽象,3,抽象→抽象,203,0.7507,,,,,,,0.3003,,0.1652,1
xb_05659,你们的思想,新的,新的,思想,ST,结构,TH,思维,3,抽象→抽象,990,0.9738,,,,,,,0.3895,,0.2142,2
xb_05660,青春,美丽的东西,东西,青春,OB,物体,AB,抽象,3,抽象→抽象,1192,1.0,,,,,,,0.4,,0.22,2
xb_05661,你的前程,远大的,远大,前程,SP,空间,AB,抽象,3,抽象→抽象,203,0.7507,,,,,,,0.3003,,0.1652,1
xb_05662,她的心,平静的,平静,心,ST,结构,EM,情感,2,具体→抽象,990,0.9738,,,,,,,0.3895,,0.2142,2
xb_05663,他的爱情,纯洁的,纯洁,爱情,MR,机器,EM,情感,3,抽象→抽象,123,0.6804,,,,,,,0.2722,,0.1497,1
xb_05664,临行的情景,悲惨的,悲惨,情景,EM,情感,SN,感知,4,抽象→具体,134,0.6924,,,,,,,0.277,,0.1523,1
xb_05665,人类,残忍的东西,东西,人类,OB,物体,HM,人体,2,具体→抽象,1192,1.0,,,,,,,0.4,,0.22,2
xb_05666,话,美丽的,美丽,话,ST,结构,AB,抽象,3,抽象→抽象,990,0.9738,,,,,,,0.3895,,0.2142,2
xb_05667,他的心,热的,热的,心,SN,感知,EM,情感,2,具体→抽象,146,0.7044,,,,,,,0.2818,,0.155,1
xb_05668,眼泪,愚蠢的,愚蠢,眼泪,ST,结构,BD,建筑,4,抽象→具体,990,0.9738,,,,,,,0.3895,,0.2142,2
xb_05669,学问,死的,死的,学问,LV,生命,AB,抽象,3,抽象→抽象,263,0.7871,,,,,,,0.3148,,0.1732,1
xb_05670,革命的道路,宽广的,宽广,道路,SP,空间,AB,抽象,3,抽象→抽象,203,0.7507,,,,,,,0.3003,,0.1652,1
xb_05671,这笑容,模糊的,模糊,笑容,SN,感知,EM,情感,4,抽象→具体,146,0.7044,,,,,,,0.2818,,0.155,1
xb_05672,他的话,诚恳的,诚恳,的话,MR,机器,AB,抽象,3,抽象→抽象,123,0.6804,,,,,,,0.2722,,0.1497,1
xb_05673,他的眼光,温柔的,温柔,眼光,EM,情感,SN,感知,3,抽象→抽象,134,0.6924,,,,,,,0.277,,0.1523,1
xb_05674,这些声音,活的,活的,声音,ST,结构,SN,感知,4,抽象→具体,990,0.9738,,,,,,,0.3895,,0.2142,2
xb_05675,他的声音,年轻的、有力的,有力,声音,ST,结构,SN,感知,4,抽象→具体,990,0.9738,,,,,,,0.3895,,0.2142,2
xb_05676,我当时的感情,真挚的,真挚,感情,ST,结构,EM,情感,3,抽象→抽象,990,0.9738,,,,,,,0.3895,,0.2142,2
xb_05677,封建特权,丑恶的东西,东西,特权,OB,物体,AB,抽象,3,抽象→抽象,1192,1.0,,,,,,,0.4,,0.22,2
xb_05678,你的心,好的,好的,心,MR,机器,EM,情感,2,具体→抽象,123,0.6804,,,,,,,0.2722,,0.1497,1
xb_05679,门,活的,活的,门,ST,结构,OB,物体,4,抽象→具体,990,0.9738,,,,,,,0.3895,,0.2142,2
xb_05680,爱情,神秘的东西,东西,爱情,OB,物体,EM,情感,3,抽象→抽象,1192,1.0,,,,,,,0.4,,0.22,2
xb_05681,人的眼珠,势利的,势利,眼珠,MR,机器,BD,建筑,4,抽象→具体,123,0.6804,,,,,,,0.2722,,0.1497,1
xb_05682,脸皮,厚的,厚的,脸皮,ST,结构,BD,建筑,2,具体→抽象,990,0.9738,,,,,,,0.3895,,0.2142,2
xb_05683,金钱,好东西,东西,金钱,OB,物体,AB,抽象,2,具体→抽象,1192,1.0,,,,,,,0.4,,0.22,2
xb_05684,人生,空的,空的,人生,SP,空间,AB,抽象,3,抽象→抽象,203,0.7507,,,,,,,0.3003,,0.1652,1
xb_05685,态度,靠不住的,靠不住,态度,ST,结构,AB,抽象,3,抽象→抽象,990,0.9738,,,,,,,0.3895,,0.2142,2
xb_05686,人,斯文极了,极了,人,ST,结构,HM,人体,4,抽象→具体,990,0.9738,,,,,,,0.3895,,0.2142,2
xb_05687,前途,乐观的,乐观,前途,EM,情感,AB,抽象,3,抽象→抽象,134,0.6924,,,,,,,0.277,,0.1523,1
xb_05688,她两人,文明种子,种子,人,LF,光线,HM,人体,1,具体→具体,8,0.3102,,,,,,,0.1241,,0.0682,1
xb_05689,男子的心肠,靠不住,靠不住,心肠,ST,结构,AB,抽象,3,抽象→抽象,990,0.9738,,,,,,,0.3895,,0.2142,2
xb_05690,人生,空的,空的,人生,SP,空间,AB,抽象,3,抽象→抽象,203,0.7507,,,,,,,0.3003,,0.1652,1
xb_05691,女人对女人,苛刻而锐利的,苛刻,女人,ST,结构,AB,抽象,3,抽象→抽象,990,0.9738,,,,,,,0.3895,,0.2142,2
xb_05692,他的记忆力,惊人的,惊人,记忆力,ST,结构,TH,思维,3,抽象→抽象,990,0.9738,,,,,,,0.3895,,0.2142,2
xb_05693,叶莲子,辛苦的,的,叶莲子,ST,结构,HM,人体,4,抽象→具体,990,0.9738,,,,,,,0.3895,,0.2142,2
xb_05694,文化人,贱种,贱种,文化人,MR,机器,HM,人体,1,具体→具体,123,0.6804,,,,,,,0.2722,,0.1497,1
xb_05695,她的思想,新鲜的,新鲜,思想,SN,感知,TH,思维,3,抽象→抽象,146,0.7044,,,,,,,0.2818,,0.155,1
xb_05696,贺家彬的行为,幼稚可笑的,幼稚可笑,行为,ST,结构,EV,事件,3,抽象→抽象,990,0.9738,,,,,,,0.3895,,0.2142,2
xb_05697,做陈咏明的妻子,困难的,困难,妻子,ST,结构,AB,抽象,3,抽象→抽象,990,0.9738,,,,,,,0.3895,,0.2142,2
xb_05698,为这样的人担心,多余的,多余,人,ST,结构,EM,情感,3,抽象→抽象,990,0.9738,,,,,,,0.3895,,0.2142,2
xb_05699,只有这青草、这阳光,慷慨的,慷慨,阳光,MR,机器,NT,自然,4,抽象→具体,123,0.6804,,,,,,,0.2722,,0.1497,1
xb_05700,眼泪,奢侈品,奢侈品,眼泪,OB,物体,BD,建筑,1,具体→具体,1192,1.0,,,,,,,0.4,,0.22,2
xb_05701,眼睛里的情绪,复杂的,的,情绪,ST,结构,EM,情感,3,抽象→抽象,990,0.9738,,,,,,,0.3895,,0.2142,2
xb_05702,求人的滋味,难受的,难受,滋味,BD,建筑,AB,抽象,3,抽象→抽象,221,0.7626,,,,,,,0.3051,,0.1678,1
xb_05703,相思病,可怕的,可怕,相思病,EM,情感,AB,抽象,3,抽象→抽象,134,0.6924,,,,,,,0.277,,0.1523,1
xb_05704,没有大树的城市,自卑的城市,城市,城市,OB,物体,AB,抽象,1,具体→具体,1192,1.0,,,,,,,0.4,,0.22,2
xb_05705,道路,曲折的,曲折,道路,SP,空间,SP,空间,3,抽象→抽象,203,0.7507,,,,,,,0.3003,,0.1652,1
xb_05706,前途,光明的,光明,前途,SN,感知,TM,时间,3,抽象→抽象,146,0.7044,,,,,,,0.2818,,0.155,1
xb_05707,这些生灵和人,一样的,的,人,ST,结构,LF,光线,4,抽象→具体,990,0.9738,,,,,,,0.3895,,0.2142,2
xb_05708,总结的时间,缓慢而悠长的,缓慢,时间,MV,运动,TM,时间,3,抽象→抽象,6,0.2747,,,,,,,0.1099,,0.0604,1
xb_05709,礼拜天,红颜色的,颜色,礼拜天,SN,感知,TM,时间,3,抽象→抽象,146,0.7044,,,,,,,0.2818,,0.155,1
xb_05710,时间,残酷的,残酷,时间,ST,结构,TM,时间,3,抽象→抽象,990,0.9738,,,,,,,0.3895,,0.2142,2
xb_05711,人,活的,活的,人,ST,结构,HM,人体,4,抽象→具体,990,0.9738,,,,,,,0.3895,,0.2142,2
xb_05712,全身姿势,痛苦的询问,询问,全身,HM,人体,BD,建筑,4,抽象→具体,1099,0.9885,,,,,,,0.3954,,0.2175,2
xb_05713,给人的第一印象,笼统的白,笼统,印象,SN,感知,TH,思维,3,抽象→抽象,146,0.7044,,,,,,,0.2818,,0.155,1
xb_05714,心头的感觉,难堪的妒忌,妒忌,感觉,EM,情感,EM,情感,3,抽象→抽象,134,0.6924,,,,,,,0.277,,0.1523,1
xb_05715,眼白,白瓷,白瓷,眼白,OB,物体,BD,建筑,1,具体→具体,1192,1.0,,,,,,,0.4,,0.22,2
xb_05716,它第一个生命,青绿色的,青绿色,生命,SN,感知,AB,抽象,3,抽象→抽象,146,0.7044,,,,,,,0.2818,,0.155,1
xb_05717,一双眼睛,硬的,硬的,眼睛,ST,结构,BD,建筑,4,抽象→具体,990,0.9738,,,,,,,0.3895,,0.2142,2
xb_05718,情感,真的,真的,情感,ST,结构,EM,情感,3,抽象→抽象,990,0.9738,,,,,,,0.3895,,0.2142,2
xb_05719,年青人,自由的,自由,年青人,ST,结构,HM,人体,4,抽象→具体,990,0.9738,,,,,,,0.3895,,0.2142,2
xb_05720,他的思想,简单的,简单,思想,ST,结构,TH,思维,3,抽象→抽象,990,0.9738,,,,,,,0.3895,,0.2142,2
xb_05721,小孩,无辜的,无辜,小孩,MR,机器,HM,人体,4,抽象→具体,123,0.6804,,,,,,,0.2722,,0.1497,1
xb_05722,找个人,真的,真的,个人,ST,结构,AB,抽象,3,抽象→抽象,990,0.9738,,,,,,,0.3895,,0.2142,2
xb_05723,墙,死的颜色,颜色,墙,SN,感知,OB,物体,4,抽象→具体,146,0.7044,,,,,,,0.2818,,0.155,1
xb_05724,心里,空的,空的,心里,SP,空间,EM,情感,3,抽象→抽象,203,0.7507,,,,,,,0.3003,,0.1652,1
xb_05725,三十年前的月亮,欢愉的,欢愉,月亮,EM,情感,NT,自然,4,抽象→具体,134,0.6924,,,,,,,0.277,,0.1523,1
xb_05726,海的颜色,混沌的鸭蛋青,鸭蛋,颜色,NT,自然,ST,结构,2,具体→抽象,184,0.7369,,,,,,,0.2948,,0.1621,1
xb_05727,天,柔润的青色,青色,天,SN,感知,NT,自然,4,抽象→具体,146,0.7044,,,,,,,0.2818,,0.155,1
xb_05728,人,好的,好的,人,ST,结构,HM,人体,4,抽象→具体,990,0.9738,,,,,,,0.3895,,0.2142,2
xb_05729,皮肤,黯淡的泥土的颜色,颜色,皮肤,OB,物体,BD,建筑,1,具体→具体,1192,1.0,,,,,,,0.4,,0.22,2
xb_05730,金根的脸色,凄厉的,的,脸色,EM,情感,BD,建筑,4,抽象→具体,134,0.6924,,,,,,,0.277,,0.1523,1
xb_05731,溪水,苍白而明亮的,苍白,溪水,SN,感知,NT,自然,4,抽象→具体,146,0.7044,,,,,,,0.2818,,0.155,1
xb_05732,桥下那广阔的水面,苍白的,苍白,水面,SN,感知,NT,自然,4,抽象→具体,146,0.7044,,,,,,,0.2818,,0.155,1
xb_05733,窗外的天空,纯净的一色的浅灰,浅灰,天空,SN,感知,NT,自然,4,抽象→具体,146,0.7044,,,,,,,0.2818,,0.155,1
xb_05734,生命,廉价的,廉价,生命,EC,经济,AB,抽象,3,抽象→抽象,129,0.6871,,,,,,,0.2748,,0.1512,1
xb_05735,这条狗对主人的感情,真诚的,真诚,感情,MR,机器,EM,情感,3,抽象→抽象,123,0.6804,,,,,,,0.2722,,0.1497,1
xb_05736,世界,美好的,美好,世界,ST,结构,AB,抽象,3,抽象→抽象,990,0.9738,,,,,,,0.3895,,0.2142,2
xb_05737,房子,寂寞的,寂寞,房子,EM,情感,OB,物体,4,抽象→具体,134,0.6924,,,,,,,0.277,,0.1523,1
xb_05738,空气,寂寞的,寂寞,空气,EM,情感,NT,自然,4,抽象→具体,134,0.6924,,,,,,,0.277,,0.1523,1
xb_05739,天空,透明的,透明,天空,SN,感知,NT,自然,4,抽象→具体,146,0.7044,,,,,,,0.2818,,0.155,1
xb_05740,这个教训,沉重的,沉重,教训,ST,结构,AB,抽象,3,抽象→抽象,990,0.9738,,,,,,,0.3895,,0.2142,2
xb_05741,态度,殷勤的,殷勤,态度,ST,结构,AB,抽象,3,抽象→抽象,990,0.9738,,,,,,,0.3895,,0.2142,2
xb_05742,这个表情的含义,明白的,明白,含义,ST,结构,AB,抽象,3,抽象→抽象,990,0.9738,,,,,,,0.3895,,0.2142,2
xb_05743,意见,正确的,正确,意见,ST,结构,AB,抽象,3,抽象→抽象,990,0.9738,,,,,,,0.3895,,0.2142,2
xb_05744,词汇,尖刻的,尖刻,词汇,OB,物体,AB,抽象,3,抽象→抽象,1192,1.0,,,,,,,0.4,,0.22,2
xb_05745,动机,纯正的,纯正,动机,MR,机器,AB,抽象,3,抽象→抽象,123,0.6804,,,,,,,0.2722,,0.1497,1
xb_05746,感情,激昂的,激昂,感情,MV,运动,EM,情感,3,抽象→抽象,6,0.2747,,,,,,,0.1099,,0.0604,1
xb_05747,这种想法,悲壮的,悲壮,想法,EM,情感,TH,思维,3,抽象→抽象,134,0.6924,,,,,,,0.277,,0.1523,1
xb_05748,对象,坦率的,坦率,对象,ST,结构,HM,人体,4,抽象→具体,990,0.9738,,,,,,,0.3895,,0.2142,2
xb_05749,表情,深沉的,深沉,表情,ST,结构,BD,建筑,4,抽象→具体,990,0.9738,,,,,,,0.3895,,0.2142,2
xb_05750,态度,明朗、坚决的,明朗,态度,SN,感知,AB,抽象,3,抽象→抽象,146,0.7044,,,,,,,0.2818,,0.155,1
xb_05751,情况,良好的,良好,情况,ST,结构,AB,抽象,3,抽象→抽象,990,0.9738,,,,,,,0.3895,,0.2142,2
xb_05752,法律概念,模糊的,模糊,概念,SN,感知,AB,抽象,3,抽象→抽象,146,0.7044,,,,,,,0.2818,,0.155,1
xb_05753,世界,单纯的,单纯,世界,ST,结构,AB,抽象,3,抽象→抽象,990,0.9738,,,,,,,0.3895,,0.2142,2
xb_05754,信的调子,高昂的,高昂,调子,SN,感知,SN,感知,3,抽象→抽象,146,0.7044,,,,,,,0.2818,,0.155,1
xb_05755,皇后的意思,明白的,明白,意思,SN,感知,AB,抽象,3,抽象→抽象,146,0.7044,,,,,,,0.2818,,0.155,1
xb_05756,态度,明朗的,明朗,态度,SN,感知,AB,抽象,3,抽象→抽象,146,0.7044,,,,,,,0.2818,,0.155,1
xb_05757,"""忒里蹇""的眼泪",轻贱的,轻贱,眼泪,MR,机器,BD,建筑,4,抽象→具体,123,0.6804,,,,,,,0.2722,,0.1497,1
xb_05758,做个批评家,容易的,的,批评家,ST,结构,AB,抽象,3,抽象→抽象,990,0.9738,,,,,,,0.3895,,0.2142,2
xb_05759,成绩,惊人的,惊人,成绩,ST,结构,AB,抽象,3,抽象→抽象,990,0.9738,,,,,,,0.3895,,0.2142,2
xb_05760,他们追求的目标,明确的,明确,目标,ST,结构,AB,抽象,3,抽象→抽象,990,0.9738,,,,,,,0.3895,,0.2142,2
xb_05761,她的表情,严肃的,严肃,表情,ST,结构,BD,建筑,4,抽象→具体,990,0.9738,,,,,,,0.3895,,0.2142,2
xb_05762,他们的情绪,激昂的,激昂,情绪,ST,结构,EM,情感,3,抽象→抽象,990,0.9738,,,,,,,0.3895,,0.2142,2
xb_05763,他们的心,热的,热的,心,SN,感知,BD,建筑,2,具体→抽象,146,0.7044,,,,,,,0.2818,,0.155,1
xb_05764,酒菜,丰盛的,丰盛,酒菜,ST,结构,FD,食物,4,抽象→具体,990,0.9738,,,,,,,0.3895,,0.2142,2
xb_05765,那声音,亲切的,亲切,声音,SN,感知,SN,感知,4,抽象→具体,146,0.7044,,,,,,,0.2818,,0.155,1
xb_05766,他们的心境,沉重的,沉重,心境,ST,结构,EM,情感,3,抽象→抽象,990,0.9738,,,,,,,0.3895,,0.2142,2
xb_05767,历史的斧钺,森严的,森严,历史,ST,结构,OB,物体,4,抽象→具体,990,0.9738,,,,,,,0.3895,,0.2142,2
xb_05768,胜负,明显的,明显,胜负,ST,结构,AB,抽象,3,抽象→抽象,990,0.9738,,,,,,,0.3895,,0.2142,2
xb_05769,苦痛,短的,短的,苦痛,SP,空间,EM,情感,3,抽象→抽象,203,0.7507,,,,,,,0.3003,,0.1652,1
xb_05770,灯光,浑的,浑的,灯光,SN,感知,SN,感知,4,抽象→具体,146,0.7044,,,,,,,0.2818,,0.155,1
xb_05771,月色,清的,清的,月色,SN,感知,SN,感知,4,抽象→具体,146,0.7044,,,,,,,0.2818,,0.155,1
xb_05772,街道,直的,直的,街道,ST,结构,SP,空间,4,抽象→具体,990,0.9738,,,,,,,0.3895,,0.2142,2
xb_05773,墙,淡蓝色,色,墙,SN,感知,OB,物体,4,抽象→具体,146,0.7044,,,,,,,0.2818,,0.155,1
xb_05774,血,红的,红的,血,SN,感知,BD,建筑,4,抽象→具体,146,0.7044,,,,,,,0.2818,,0.155,1
xb_05775,血,热的,热的,血,SN,感知,BD,建筑,4,抽象→具体,146,0.7044,,,,,,,0.2818,,0.155,1
xb_05776,李凖的文笔,朴素的,朴素,文笔,ST,结构,AB,抽象,3,抽象→抽象,990,0.9738,,,,,,,0.3895,,0.2142,2
xb_05777,我的道路,正确的,正确,道路,ST,结构,AB,抽象,3,抽象→抽象,990,0.9738,,,,,,,0.3895,,0.2142,2
xb_05778,地,根本,根本,地,LF,光线,NT,自然,4,抽象→具体,8,0.3102,,,,,,,0.1241,,0.0682,1
xb_05779,青春,公平的,公平,青春,MR,机器,AB,抽象,3,抽象→抽象,123,0.6804,,,,,,,0.2722,,0.1497,1
xb_05780,春天的天空,晴朗的,晴朗,天空,SN,感知,NT,自然,4,抽象→具体,146,0.7044,,,,,,,0.2818,,0.155,1
xb_05781,老清老汉的鞭子,有名的,有名,鞭子,ST,结构,OB,物体,4,抽象→具体,990,0.9738,,,,,,,0.3895,,0.2142,2
xb_05782,他的笑声,假的,假的,笑声,ST,结构,SN,感知,4,抽象→具体,990,0.9738,,,,,,,0.3895,,0.2142,2
xb_05783,夜里的北风,凛冽的,凛冽,北风,SN,感知,NT,自然,4,抽象→具体,146,0.7044,,,,,,,0.2818,,0.155,1
xb_05784,她唱歌的声音,忧郁的,忧郁,声音,EM,情感,SN,感知,4,抽象→具体,134,0.6924,,,,,,,0.277,,0.1523,1
xb_05785,洛阳的气氛,紧张的,的,气氛,ST,结构,AB,抽象,3,抽象→抽象,990,0.9738,,,,,,,0.3895,,0.2142,2
xb_05786,泥土的气味,清香的,清香,气味,SN,感知,SN,感知,4,抽象→具体,146,0.7044,,,,,,,0.2818,,0.155,1
xb_05787,中国人民的忍耐力,惊人的,惊人,忍耐力,ST,结构,AB,抽象,3,抽象→抽象,990,0.9738,,,,,,,0.3895,,0.2142,2
xb_05788,命运,无情的,无情,命运,EM,情感,AB,抽象,3,抽象→抽象,134,0.6924,,,,,,,0.277,,0.1523,1
xb_05789,爱情,盲目的,盲目,爱情,SN,感知,EM,情感,3,抽象→抽象,146,0.7044,,,,,,,0.2818,,0.155,1
xb_05790,爱情,自私的,自私,爱情,MR,机器,EM,情感,3,抽象→抽象,123,0.6804,,,,,,,0.2722,,0.1497,1
xb_05791,声音,严厉的,的,声音,ST,结构,SN,感知,4,抽象→具体,990,0.9738,,,,,,,0.3895,,0.2142,2
xb_05792,前脚/后脚,阴/阳,阳,后脚,AB,抽象,BD,建筑,4,抽象→具体,515,0.8817,,,,,,,0.3527,,0.194,1
xb_05793,时间,最好的镇静剂,镇静剂,时间,OB,物体,TM,时间,2,具体→抽象,1192,1.0,,,,,,,0.4,,0.22,2
xb_05794,那声音,亲切的,亲切,声音,EM,情感,SN,感知,4,抽象→具体,134,0.6924,,,,,,,0.277,,0.1523,1
xb_05795,中心,全机关最肥的单位,单位,中心,ST,结构,SC,社会,1,具体→具体,990,0.9738,,,,,,,0.3895,,0.2142,2
xb_05796,旋律,热烈而又欢快的,热烈,旋律,EM,情感,SN,感知,4,抽象→具体,134,0.6924,,,,,,,0.277,,0.1523,1
xb_05797,醉眼,模糊的、深沉的,模糊,醉眼,SN,感知,BD,建筑,4,抽象→具体,146,0.7044,,,,,,,0.2818,,0.155,1
xb_05798,女人,好奇的动物,动物,女人,LV,生命,HM,人体,1,具体→具体,263,0.7871,,,,,,,0.3148,,0.1732,1
xb_05799,这一段生命,痛苦的,痛苦,生命,EM,情感,AB,抽象,3,抽象→抽象,134,0.6924,,,,,,,0.277,,0.1523,1
xb_05800,删除的用心,隐秘的,隐秘,用心,ST,结构,TH,思维,3,抽象→抽象,990,0.9738,,,,,,,0.3895,,0.2142,2
xb_05801,空间/时间,短的/长的,短,时间,SP,空间,SP,空间,3,抽象→抽象,203,0.7507,,,,,,,0.3003,,0.1652,1
xb_05802,灵/肉,清洁的/肮脏的,肮脏,肉,ST,结构,AB,抽象,2,具体→抽象,990,0.9738,,,,,,,0.3895,,0.2142,2
xb_05803,一滴血的恩情和一碗血的恩情,一样的,的,恩情,ST,结构,EM,情感,3,抽象→抽象,990,0.9738,,,,,,,0.3895,,0.2142,2
xb_05804,狼,狡猾的,狡猾,狼,ST,结构,LV,生命,4,抽象→具体,990,0.9738,,,,,,,0.3895,,0.2142,2
xb_05805,宴会,丰富的,丰富,宴会,ST,结构,EV,事件,3,抽象→抽象,990,0.9738,,,,,,,0.3895,,0.2142,2
xb_05806,獒王的责任,重大的,重大,责任,ST,结构,AB,抽象,3,抽象→抽象,990,0.9738,,,,,,,0.3895,,0.2142,2
xb_05807,风/星/月亮,冷的,冷的,月亮,SN,感知,NT,自然,4,抽象→具体,146,0.7044,,,,,,,0.2818,,0.155,1
xb_05808,人的劣根性,顽强的,顽强,劣根性,ST,结构,AB,抽象,3,抽象→抽象,990,0.9738,,,,,,,0.3895,,0.2142,2
xb_05809,情人的眼睛,瞎的,瞎的,眼睛,BD,建筑,BD,建筑,4,抽象→具体,221,0.7626,,,,,,,0.3051,,0.1678,1
xb_05811,中国人的美德,静的美德,美德,美德,ST,结构,MR,机器,3,抽象→抽象,990,0.9738,,,,,,,0.3895,,0.2142,2
xb_05812,英人,自重的民族,民族,英人,SC,社会,HM,人体,1,具体→具体,81,0.622,,,,,,,0.2488,,0.1369,1
xb_05813,方巾气道学气,幽默之魔敌,魔敌,学气,HM,人体,AB,抽象,3,抽象→抽象,1099,0.9885,,,,,,,0.3954,,0.2175,2
xb_05814,人类（在纪律方面）,拙劣的标本,标本,人类,OB,物体,HM,人体,1,具体→具体,1192,1.0,,,,,,,0.4,,0.22,2
xb_05816,人生,美妙的,美妙,人生,ST,结构,AB,抽象,3,抽象→抽象,990,0.9738,,,,,,,0.3895,,0.2142,2
xb_05817,道理参透,幽默,幽默,道理,ST,结构,AB,抽象,3,抽象→抽象,990,0.9738,,,,,,,0.3895,,0.2142,2
xb_05818,生活/政治/商业,艰辛的/肮脏的/卑鄙的,肮脏,商业,ST,结构,AB,抽象,3,抽象→抽象,990,0.9738,,,,,,,0.3895,,0.2142,2
xb_05819,心,孤独的猎手,猎手,心,HM,人体,EM,情感,2,具体→抽象,1099,0.9885,,,,,,,0.3954,,0.2175,2
xb_05820,穷人的心,赤裸的,赤裸,心,BD,建筑,BD,建筑,2,具体→抽象,221,0.7626,,,,,,,0.3051,,0.1678,1
xb_05821,战争,光荣事业,事业,战争,SC,社会,EV,事件,3,抽象→抽象,81,0.622,,,,,,,0.2488,,0.1369,1
xb_05822,祖先,幼稚的,幼稚,祖先,ST,结构,HM,人体,4,抽象→具体,990,0.9738,,,,,,,0.3895,,0.2142,2
xb_05823,生命,平等的，神圣的,神圣,生命,MR,机器,AB,抽象,3,抽象→抽象,123,0.6804,,,,,,,0.2722,,0.1497,1
xb_05824,病人,红绸子,红绸子,病人,OB,物体,HM,人体,1,具体→具体,1192,1.0,,,,,,,0.4,,0.22,2
xb_05825,京胡,自然之子,子,京胡,HM,人体,OB,物体,1,具体→具体,1099,0.9885,,,,,,,0.3954,,0.2175,2
xb_05826,他,雕塑家,雕塑家,他,HM,人体,HM,人体,1,具体→具体,1099,0.9885,,,,,,,0.3954,,0.2175,2
xb_05827,好奇心,有限的,的,好奇心,SP,空间,EM,情感,3,抽象→抽象,203,0.7507,,,,,,,0.3003,,0.1652,1
xb_05828,爱情,小蚂蚁,蚂蚁,爱情,LV,生命,EM,情感,2,具体→抽象,263,0.7871,,,,,,,0.3148,,0.1732,1
xb_05829,恋爱中的人,愚蠢的,愚蠢,人,ST,结构,HM,人体,4,抽象→具体,990,0.9738,,,,,,,0.3895,,0.2142,2
xb_05830,卖花的姑娘,宁静的象征,象征,姑娘,AB,抽象,HM,人体,4,抽象→具体,515,0.8817,,,,,,,0.3527,,0.194,1
xb_05831,目光,犀利的，思辨的，智慧的,智慧,目光,ST,结构,SN,感知,4,抽象→具体,990,0.9738,,,,,,,0.3895,,0.2142,2
xb_05832,卓雄洲的脸,苍劲的,苍劲,脸,ST,结构,BD,建筑,4,抽象→具体,990,0.9738,,,,,,,0.3895,,0.2142,2
xb_05833,钟声的振幅,圆的,圆的,振幅,SN,感知,AB,抽象,3,抽象→抽象,146,0.7044,,,,,,,0.2818,,0.155,1
xb_05834,天,无常的,无常,天,ST,结构,AB,抽象,2,具体→抽象,990,0.9738,,,,,,,0.3895,,0.2142,2
xb_05835,血,热的,热的,血,SN,感知,BD,建筑,4,抽象→具体,146,0.7044,,,,,,,0.2818,,0.155,1
xb_05836,神,聪明的,聪明,神,ST,结构,AB,抽象,3,抽象→抽象,990,0.9738,,,,,,,0.3895,,0.2142,2
xb_05837,战争的对方,愚蠢的,愚蠢,战争,ST,结构,HM,人体,4,抽象→具体,990,0.9738,,,,,,,0.3895,,0.2142,2
xb_05838,幸运,势利的,势利,幸运,MR,机器,AB,抽象,3,抽象→抽象,123,0.6804,,,,,,,0.2722,,0.1497,1
xb_05839,神,公正的,公正,神,MR,机器,AB,抽象,3,抽象→抽象,123,0.6804,,,,,,,0.2722,,0.1497,1
xb_05840,爱情,顽皮的,顽皮,爱情,ST,结构,EM,情感,3,抽象→抽象,990,0.9738,,,,,,,0.3895,,0.2142,2
xb_05841,人类,古怪的东西,东西,人类,OB,物体,HM,人体,1,具体→具体,1192,1.0,,,,,,,0.4,,0.22,2
xb_05842,心,好的,好的,心,ST,结构,BD,建筑,2,具体→抽象,990,0.9738,,,,,,,0.3895,,0.2142,2
xb_05843,钱,长河水,水,钱,NT,自然,AB,抽象,1,具体→具体,184,0.7369,,,,,,,0.2948,,0.1621,1
xb_05844,狮子,孤独兽物,兽物,狮子,LV,生命,LV,生命,1,具体→具体,263,0.7871,,,,,,,0.3148,,0.1732,1
xb_05845,心,受到拘禁的,拘禁,心,OB,物体,EM,情感,2,具体→抽象,1192,1.0,,,,,,,0.4,,0.22,2
xb_05846,水,老,老,水,ST,结构,NT,自然,4,抽象→具体,990,0.9738,,,,,,,0.3895,,0.2142,2
xb_05847,城市,黑不到底的,到底,城市,SN,感知,SP,空间,4,抽象→具体,146,0.7044,,,,,,,0.2818,,0.155,1
xb_05848,爱,崇高的,崇高,爱,MR,机器,EM,情感,3,抽象→抽象,123,0.6804,,,,,,,0.2722,,0.1497,1
xb_05849,灵魂,肮脏的,肮脏,灵魂,ST,结构,MR,机器,3,抽象→抽象,990,0.9738,,,,,,,0.3895,,0.2142,2
xb_05850,心灵,一片荒漠,荒漠,心灵,NT,自然,EM,情感,2,具体→抽象,184,0.7369,,,,,,,0.2948,,0.1621,1
xb_05851,海风,蓝的,蓝的,海风,SN,感知,NT,自然,4,抽象→具体,146,0.7044,,,,,,,0.2818,,0.155,1
xb_05852,天,紫的,紫的,天,SN,感知,NT,自然,4,抽象→具体,146,0.7044,,,,,,,0.2818,,0.155,1
xb_05853,风,蓝的,蓝的,风,SN,感知,NT,自然,4,抽象→具体,146,0.7044,,,,,,,0.2818,,0.155,1
xb_05854,人本性,恶的,恶的,人本性,MR,机器,AB,抽象,3,抽象→抽象,123,0.6804,,,,,,,0.2722,,0.1497,1
xb_05855,做不可思议的事情的人,英雄,英雄,人,HM,人体,HM,人体,1,具体→具体,1099,0.9885,,,,,,,0.3954,,0.2175,2
xb_05856,生命,美好的,美好,生命,ST,结构,AB,抽象,3,抽象→抽象,990,0.9738,,,,,,,0.3895,,0.2142,2
xb_05857,这个女孩,忙碌的中心,中心,女孩,SP,空间,HM,人体,4,抽象→具体,203,0.7507,,,,,,,0.3003,,0.1652,1
xb_05858,本心,善良的,善良,本心,MR,机器,AB,抽象,2,具体→抽象,123,0.6804,,,,,,,0.2722,,0.1497,1
xb_05859,雪片,甜的,甜的,雪片,SN,感知,NT,自然,4,抽象→具体,146,0.7044,,,,,,,0.2818,,0.155,1
xb_05860,红色,着急的颜色,颜色,红色,SN,感知,SN,感知,3,抽象→抽象,146,0.7044,,,,,,,0.2818,,0.155,1
xb_05861,梦,好的,好的,梦,ST,结构,TH,思维,3,抽象→抽象,990,0.9738,,,,,,,0.3895,,0.2142,2
xb_05862,四方形,圆的,圆的,四方形,SP,空间,AB,抽象,3,抽象→抽象,203,0.7507,,,,,,,0.3003,,0.1652,1
xb_05863,茶的主流,严酷的,的,主流,ST,结构,AB,抽象,3,抽象→抽象,990,0.9738,,,,,,,0.3895,,0.2142,2
xb_05864,伯父,沉重的,沉重,伯父,ST,结构,HM,人体,4,抽象→具体,990,0.9738,,,,,,,0.3895,,0.2142,2
xb_05865,佛,公正的,公正,佛,MR,机器,AB,抽象,3,抽象→抽象,123,0.6804,,,,,,,0.2722,,0.1497,1
xb_05866,年轻人,性急的,性急,年轻人,ST,结构,HM,人体,4,抽象→具体,990,0.9738,,,,,,,0.3895,,0.2142,2
xb_05867,她的信,忧郁的,忧郁,信,EM,情感,OB,物体,4,抽象→具体,134,0.6924,,,,,,,0.277,,0.1523,1
xb_05868,脸,坚毅的,坚毅,脸,ST,结构,BD,建筑,4,抽象→具体,990,0.9738,,,,,,,0.3895,,0.2142,2
xb_05869,他的心情,晦涩、阴暗的,晦涩,心情,SN,感知,EM,情感,3,抽象→抽象,146,0.7044,,,,,,,0.2818,,0.155,1
xb_05870,人生,苦,苦,人生,SN,感知,AB,抽象,3,抽象→抽象,146,0.7044,,,,,,,0.2818,,0.155,1
xb_05871,她的心,光明洁净的,洁净,心,SN,感知,MR,机器,2,具体→抽象,146,0.7044,,,,,,,0.2818,,0.155,1
xb_05872,风,热的,热的,风,SN,感知,NT,自然,4,抽象→具体,146,0.7044,,,,,,,0.2818,,0.155,1
xb_05873,生命,复杂的,的,生命,ST,结构,AB,抽象,3,抽象→抽象,990,0.9738,,,,,,,0.3895,,0.2142,2
xb_05874,爱情,神圣的,神圣,爱情,MR,机器,EM,情感,3,抽象→抽象,123,0.6804,,,,,,,0.2722,,0.1497,1
xb_05875,人类的天性,自私的,自私,天性,MR,机器,AB,抽象,3,抽象→抽象,123,0.6804,,,,,,,0.2722,,0.1497,1
xb_05876,光阴,值钱的东西,东西,光阴,OB,物体,TM,时间,2,具体→抽象,1192,1.0,,,,,,,0.4,,0.22,2
xb_05877,意志,钢铁的,钢铁,意志,OB,物体,AB,抽象,2,具体→抽象,1192,1.0,,,,,,,0.4,,0.22,2
xb_05878,他的心,臭的,臭的,心,SN,感知,MR,机器,2,具体→抽象,146,0.7044,,,,,,,0.2818,,0.155,1
xb_05879,有荣誉感,好的,好的,荣誉感,ST,结构,AB,抽象,3,抽象→抽象,990,0.9738,,,,,,,0.3895,,0.2142,2
xb_05880,红旗,胜利的象征,象征,红旗,AB,抽象,OB,物体,4,抽象→具体,515,0.8817,,,,,,,0.3527,,0.194,1
xb_05881,话,苦的,苦的,话,SN,感知,CM,通讯,4,抽象→具体,146,0.7044,,,,,,,0.2818,,0.155,1
xb_05882,人世,无情的,无情,人世,EM,情感,AB,抽象,3,抽象→抽象,134,0.6924,,,,,,,0.277,,0.1523,1
xb_05883,妈妈的心,狠的,狠的,心,ST,结构,AB,抽象,2,具体→抽象,990,0.9738,,,,,,,0.3895,,0.2142,2
xb_05884,我心中的天,蓝得近乎翠绿,蓝,天,SN,感知,EM,情感,2,具体→抽象,146,0.7044,,,,,,,0.2818,,0.155,1
xb_05885,战争,丑恶的,丑恶,战争,MR,机器,EV,事件,3,抽象→抽象,123,0.6804,,,,,,,0.2722,,0.1497,1
xb_05886,爱的滋味,苦的,苦的,滋味,SN,感知,SN,感知,3,抽象→抽象,146,0.7044,,,,,,,0.2818,,0.155,1
xb_05887,规矩,神圣的,神圣,规矩,MR,机器,AB,抽象,3,抽象→抽象,123,0.6804,,,,,,,0.2722,,0.1497,1
xb_05888,爱情,神秘的,神秘,爱情,ST,结构,EM,情感,3,抽象→抽象,990,0.9738,,,,,,,0.3895,,0.2142,2
xb_05889,杨树,神圣的,神圣,杨树,MR,机器,LF,光线,4,抽象→具体,123,0.6804,,,,,,,0.2722,,0.1497,1
xb_05890,钱,真的,真的,钱,ST,结构,AB,抽象,4,抽象→具体,990,0.9738,,,,,,,0.3895,,0.2142,2
xb_05891,风,热的,热的,风,SN,感知,NT,自然,4,抽象→具体,146,0.7044,,,,,,,0.2818,,0.155,1
xb_05892,道路,死的,死的,道路,ST,结构,SP,空间,4,抽象→具体,990,0.9738,,,,,,,0.3895,,0.2142,2
xb_05893,空气,凄惨而沉重,凄惨,空气,EM,情感,NT,自然,4,抽象→具体,134,0.6924,,,,,,,0.277,,0.1523,1
xb_05894,荪甫的野心,大的,大的,野心,SP,空间,AB,抽象,3,抽象→抽象,203,0.7507,,,,,,,0.3003,,0.1652,1
xb_05895,麻将,气闷的玩意儿,玩意儿,麻将,OB,物体,OB,物体,1,具体→具体,1192,1.0,,,,,,,0.4,,0.22,2
xb_05896,眼光,复杂的,的,眼光,ST,结构,SN,感知,3,抽象→抽象,990,0.9738,,,,,,,0.3895,,0.2142,2
xb_05897,心计,深的,深的,心计,SP,空间,TH,思维,3,抽象→抽象,203,0.7507,,,,,,,0.3003,,0.1652,1
xb_05898,人间,美丽的,美丽,人间,ST,结构,AB,抽象,3,抽象→抽象,990,0.9738,,,,,,,0.3895,,0.2142,2
xb_05899,社会,活的,活的,社会,ST,结构,SC,社会,3,抽象→抽象,990,0.9738,,,,,,,0.3895,,0.2142,2
xb_05900,纪律,神圣的,神圣,纪律,MR,机器,AB,抽象,3,抽象→抽象,123,0.6804,,,,,,,0.2722,,0.1497,1
xb_05901,人生,一幕悲剧,悲剧,人生,EV,事件,AB,抽象,3,抽象→抽象,121,0.6781,,,,,,,0.2713,,0.1492,1
xb_05902,理想,空的,空的,理想,SP,空间,AB,抽象,3,抽象→抽象,203,0.7507,,,,,,,0.3003,,0.1652,1
xb_05903,希望,假的,假的,希望,ST,结构,EM,情感,3,抽象→抽象,990,0.9738,,,,,,,0.3895,,0.2142,2
xb_05904,他的心,好的,好的,心,ST,结构,BD,建筑,2,具体→抽象,990,0.9738,,,,,,,0.3895,,0.2142,2
xb_05905,夜风,寒冷的,寒冷,夜风,SN,感知,NT,自然,4,抽象→具体,146,0.7044,,,,,,,0.2818,,0.155,1
xb_05906,情况,复杂的,的,情况,ST,结构,AB,抽象,3,抽象→抽象,990,0.9738,,,,,,,0.3895,,0.2142,2
xb_05907,形势,大好的,大好,形势,ST,结构,AB,抽象,3,抽象→抽象,990,0.9738,,,,,,,0.3895,,0.2142,2
xb_05908,英雄人物的胸怀,伟大的,伟大,胸怀,ST,结构,AB,抽象,3,抽象→抽象,990,0.9738,,,,,,,0.3895,,0.2142,2
xb_05909,爱情,甜蜜的,甜蜜,爱情,SN,感知,EM,情感,3,抽象→抽象,146,0.7044,,,,,,,0.2818,,0.155,1
xb_05910,婚姻,幸福的,幸福,婚姻,EM,情感,AB,抽象,3,抽象→抽象,134,0.6924,,,,,,,0.277,,0.1523,1
xb_05911,荣誉,杀人的慢药,慢药,荣誉,OB,物体,AB,抽象,2,具体→抽象,1192,1.0,,,,,,,0.4,,0.22,2
xb_05912,当状元,幸福的,幸福,当状,EM,情感,AB,抽象,3,抽象→抽象,134,0.6924,,,,,,,0.277,,0.1523,1
xb_05913,精神,饱满愉快的,饱满,精神,BD,建筑,AB,抽象,3,抽象→抽象,221,0.7626,,,,,,,0.3051,,0.1678,1
xb_05914,他的头,坚硬的,坚硬,头,ST,结构,BD,建筑,4,抽象→具体,990,0.9738,,,,,,,0.3895,,0.2142,2
xb_05915,她的性欲,旺盛的,旺盛,性欲,ST,结构,AB,抽象,3,抽象→抽象,990,0.9738,,,,,,,0.3895,,0.2142,2
xb_05916,屠小英的损失,惨重的,惨重,损失,ST,结构,AB,抽象,3,抽象→抽象,990,0.9738,,,,,,,0.3895,,0.2142,2
xb_05917,内心,沉痛的,的,内心,EM,情感,EM,情感,2,具体→抽象,134,0.6924,,,,,,,0.277,,0.1523,1
xb_05918,风格,高尚的,高尚,风格,MR,机器,AB,抽象,3,抽象→抽象,123,0.6804,,,,,,,0.2722,,0.1497,1
xb_05919,理想,坚定的,坚定,理想,ST,结构,AB,抽象,3,抽象→抽象,990,0.9738,,,,,,,0.3895,,0.2142,2
xb_05920,贞操,珍贵的,珍贵,贞操,ST,结构,MR,机器,3,抽象→抽象,990,0.9738,,,,,,,0.3895,,0.2142,2
xb_05921,费这么多功夫替耗子配制两碟子食物,愚蠢的举动,举动,食物,EV,事件,AB,抽象,3,抽象→抽象,121,0.6781,,,,,,,0.2713,,0.1492,1
xb_05922,你前来买烟,假,假,烟,ST,结构,AB,抽象,3,抽象→抽象,990,0.9738,,,,,,,0.3895,,0.2142,2
xb_05923,前途,光明的,光明,前途,SN,感知,AB,抽象,3,抽象→抽象,146,0.7044,,,,,,,0.2818,,0.155,1
xb_05924,臭味,绿的,绿的,臭味,SN,感知,SN,感知,4,抽象→具体,146,0.7044,,,,,,,0.2818,,0.155,1
xb_05925,他的嘴,贪婪的,的,嘴,MR,机器,BD,建筑,4,抽象→具体,123,0.6804,,,,,,,0.2722,,0.1497,1
xb_05926,头脑,清楚的,的,头脑,SN,感知,TH,思维,3,抽象→抽象,146,0.7044,,,,,,,0.2818,,0.155,1
xb_05927,站讲台,没出息的,没出息,讲台,ST,结构,AB,抽象,3,抽象→抽象,990,0.9738,,,,,,,0.3895,,0.2142,2
xb_05928,她的语调,悲伤的,悲伤,语调,EM,情感,SN,感知,4,抽象→具体,134,0.6924,,,,,,,0.277,,0.1523,1
xb_05929,我的肉体,真实的,真实,肉体,ST,结构,BD,建筑,4,抽象→具体,990,0.9738,,,,,,,0.3895,,0.2142,2
xb_05930,西装,高贵的名牌,名牌,西装,OB,物体,OB,物体,1,具体→具体,1192,1.0,,,,,,,0.4,,0.22,2
xb_05931,担心,多余的,多余,担心,ST,结构,EM,情感,3,抽象→抽象,990,0.9738,,,,,,,0.3895,,0.2142,2
xb_05932,肚子,有限的,的,肚子,SP,空间,BD,建筑,4,抽象→具体,203,0.7507,,,,,,,0.3003,,0.1652,1
xb_05933,大哥的脸,青的,青的,脸,SN,感知,BD,建筑,4,抽象→具体,146,0.7044,,,,,,,0.2818,,0.155,1
xb_05934,钱,死的,死的,钱,ST,结构,AB,抽象,4,抽象→具体,990,0.9738,,,,,,,0.3895,,0.2142,2
xb_05935,男人的血,灼热的,灼热,血,SN,感知,BD,建筑,4,抽象→具体,146,0.7044,,,,,,,0.2818,,0.155,1
xb_05936,感情,深厚的,深厚,感情,ST,结构,EM,情感,3,抽象→抽象,990,0.9738,,,,,,,0.3895,,0.2142,2
xb_05937,太阳,黑的,黑的,太阳,SN,感知,NT,自然,4,抽象→具体,146,0.7044,,,,,,,0.2818,,0.155,1
xb_05938,我的老婆,白蛇,白蛇,老婆,LV,生命,HM,人体,1,具体→具体,263,0.7871,,,,,,,0.3148,,0.1732,1
xb_05939,他,白面团,白面团,他,FD,食物,HM,人体,1,具体→具体,46,0.5435,,,,,,,0.2174,,0.1196,1
xb_05940,俺,一只老山羊,羊,俺,LV,生命,HM,人体,1,具体→具体,263,0.7871,,,,,,,0.3148,,0.1732,1
xb_05941,爹的本相,黑豹子,黑豹子,本相,LV,生命,HM,人体,1,具体→具体,263,0.7871,,,,,,,0.3148,,0.1732,1
xb_05942,猫,懒惰的动物,动物,猫,LV,生命,LV,生命,1,具体→具体,263,0.7871,,,,,,,0.3148,,0.1732,1
xb_05943,父亲,大蓝脸,脸,父亲,BD,建筑,HM,人体,1,具体→具体,221,0.7626,,,,,,,0.3051,,0.1678,1
xb_05944,它的血,黑的,黑的,血,SN,感知,BD,建筑,4,抽象→具体,146,0.7044,,,,,,,0.2818,,0.155,1
xb_05945,我的血,神圣的,神圣,血,MR,机器,BD,建筑,4,抽象→具体,123,0.6804,,,,,,,0.2722,,0.1497,1
xb_05946,他那两只眼睛,冷的,冷的,眼睛,SN,感知,BD,建筑,4,抽象→具体,146,0.7044,,,,,,,0.2818,,0.155,1
xb_05947,地瓜,好东西,东西,地瓜,OB,物体,FD,食物,1,具体→具体,1192,1.0,,,,,,,0.4,,0.22,2
xb_05948,党和人民的眼睛,亮的,亮的,眼睛,SN,感知,BD,建筑,3,抽象→抽象,146,0.7044,,,,,,,0.2818,,0.155,1
xb_05949,语言,笨拙的,笨拙,语言,ST,结构,AB,抽象,3,抽象→抽象,990,0.9738,,,,,,,0.3895,,0.2142,2
xb_05950,酒,耶稣的血液,血液,酒,BD,建筑,FD,食物,1,具体→具体,221,0.7626,,,,,,,0.3051,,0.1678,1
xb_05951,这样的爱情,虚假的,虚假,爱情,ST,结构,EM,情感,3,抽象→抽象,990,0.9738,,,,,,,0.3895,,0.2142,2
xb_05952,人类,丑恶无比的东西,东西,人类,OB,物体,HM,人体,2,具体→抽象,1192,1.0,,,,,,,0.4,,0.22,2
xb_05953,黑沙滩,迷人的,的,黑沙滩,ST,结构,NT,自然,4,抽象→具体,990,0.9738,,,,,,,0.3895,,0.2142,2
xb_05954,爱情,盲目的,盲目,爱情,BD,建筑,EM,情感,3,抽象→抽象,221,0.7626,,,,,,,0.3051,,0.1678,1
xb_05955,海,生疏的,生疏,海,ST,结构,NT,自然,4,抽象→具体,990,0.9738,,,,,,,0.3895,,0.2142,2
xb_05956,精神,好的,好的,精神,ST,结构,AB,抽象,3,抽象→抽象,990,0.9738,,,,,,,0.3895,,0.2142,2
xb_05957,飞鸟的生涯,美丽的,美丽,生涯,SN,感知,AB,抽象,3,抽象→抽象,146,0.7044,,,,,,,0.2818,,0.155,1
xb_05958,人间,全然呆板的,呆板,人间,ST,结构,AB,抽象,3,抽象→抽象,990,0.9738,,,,,,,0.3895,,0.2142,2
xb_05959,这磨房,简单、寂静、呆板,简单,磨房,ST,结构,OB,物体,4,抽象→具体,990,0.9738,,,,,,,0.3895,,0.2142,2
xb_05960,心境,寂寞的,寂寞,心境,EM,情感,EM,情感,3,抽象→抽象,134,0.6924,,,,,,,0.277,,0.1523,1
xb_05961,他们的本质,良善的,良善,本质,MR,机器,AB,抽象,3,抽象→抽象,123,0.6804,,,,,,,0.2722,,0.1497,1
xb_05962,河,馋的,馋的,河,EM,情感,NT,自然,4,抽象→具体,134,0.6924,,,,,,,0.277,,0.1523,1
xb_05963,我家的院子,荒凉的,荒凉,院子,ST,结构,SP,空间,4,抽象→具体,990,0.9738,,,,,,,0.3895,,0.2142,2
xb_05964,大人,大耗子,大耗子,大人,LV,生命,HM,人体,1,具体→具体,263,0.7871,,,,,,,0.3148,,0.1732,1
xb_05965,小孩,小耗子,耗子,小孩,LV,生命,HM,人体,1,具体→具体,263,0.7871,,,,,,,0.3148,,0.1732,1
xb_05966,时间,快的,快的,时间,MV,运动,TM,时间,3,抽象→抽象,6,0.2747,,,,,,,0.1099,,0.0604,1
xb_05967,人间,温存而愉快,温存,人间,EM,情感,AB,抽象,3,抽象→抽象,134,0.6924,,,,,,,0.277,,0.1523,1
xb_05968,男人,严凉的人类,人类,男人,HM,人体,HM,人体,1,具体→具体,1099,0.9885,,,,,,,0.3954,,0.2175,2
xb_05969,人,残酷的东西,东西,人,OB,物体,HM,人体,3,抽象→抽象,1192,1.0,,,,,,,0.4,,0.22,2
xb_05970,世界,可怕的,可怕,世界,EM,情感,AB,抽象,3,抽象→抽象,134,0.6924,,,,,,,0.277,,0.1523,1
xb_05971,情感,深刻的,深刻,情感,SP,空间,EM,情感,3,抽象→抽象,203,0.7507,,,,,,,0.3003,,0.1652,1
xb_05972,梗妈,大老虎,大老虎,梗妈,LV,生命,HM,人体,1,具体→具体,263,0.7871,,,,,,,0.3148,,0.1732,1
xb_05973,断念,好的,好的,断念,ST,结构,TH,思维,3,抽象→抽象,990,0.9738,,,,,,,0.3895,,0.2142,2
xb_05974,人生,幸福的,幸福,人生,EM,情感,AB,抽象,3,抽象→抽象,134,0.6924,,,,,,,0.277,,0.1523,1
xb_05975,人生,痛苦的,痛苦,人生,EM,情感,AB,抽象,3,抽象→抽象,134,0.6924,,,,,,,0.277,,0.1523,1
xb_05976,生命,值钱的,值钱,生命,EC,经济,AB,抽象,3,抽象→抽象,129,0.6871,,,,,,,0.2748,,0.1512,1
xb_05977,笑声,明朗的,明朗,笑声,SN,感知,SN,感知,4,抽象→具体,146,0.7044,,,,,,,0.2818,,0.155,1
xb_05978,女人,悲哀的萌蘖,萌蘖,女人,NT,自然,HM,人体,1,具体→具体,184,0.7369,,,,,,,0.2948,,0.1621,1
xb_05979,典籍与艺术,连续文化的线,线,艺术,OB,物体,AB,抽象,2,具体→抽象,1192,1.0,,,,,,,0.4,,0.22,2
xb_05980,这勇士,瞎的,瞎的,勇士,BD,建筑,HM,人体,4,抽象→具体,221,0.7626,,,,,,,0.3051,,0.1678,1
xb_05981,母亲,最好的心理医师,医师,母亲,HM,人体,HM,人体,1,具体→具体,1099,0.9885,,,,,,,0.3954,,0.2175,2
xb_05982,雨,黄汤,黄汤,雨,FD,食物,NT,自然,1,具体→具体,46,0.5435,,,,,,,0.2174,,0.1196,1
xb_05983,这块石头,一个冲天的惊叹号,惊叹号,石头,AB,抽象,OB,物体,1,具体→具体,515,0.8817,,,,,,,0.3527,,0.194,1
xb_05984,老鼠,富裕的象征,象征,老鼠,AB,抽象,LV,生命,4,抽象→具体,515,0.8817,,,,,,,0.3527,,0.194,1
xb_05985,杏胡和种猪,老江湖,老江湖,种猪,SC,社会,HM,人体,1,具体→具体,81,0.622,,,,,,,0.2488,,0.1369,1
xb_05987,人,苦虫,苦虫,人,LV,生命,HM,人体,2,具体→抽象,263,0.7871,,,,,,,0.3148,,0.1732,1
xb_05988,民事主任,封建脑筋,脑筋,主任,TH,思维,HM,人体,4,抽象→具体,101,0.6529,,,,,,,0.2611,,0.1436,1
xb_05989,母土,热的,热的,母土,SN,感知,NT,自然,3,抽象→抽象,146,0.7044,,,,,,,0.2818,,0.155,1
xb_05990,这思绪,散乱而飘浮的,飘浮,思绪,SP,空间,TH,思维,3,抽象→抽象,203,0.7507,,,,,,,0.3003,,0.1652,1
